discussion_id,message_id,discussion_source
d_parent_3dfdd1042c30,m_bd2b3893ac12,parent_link_segment
d_parent_1eda41850690,m_cca254004df5,parent_link_segment
d_parent_07425a5b730e,m_4ea0de4fd378,parent_link_segment
d_parent_902e791f75e3,m_0a181f1c90c6,parent_link_segment
d_parent_1a447e23b152,m_4eebad673f7c,parent_link_segment
d_parent_d25011246b34,m_e43a0f0f7b75,parent_link_segment
d_parent_63524ddc02c6,m_f9959cdd8a6b,parent_link_segment
d_parent_3029777c254c,m_78115a31dd44,parent_link_segment
d_parent_3029777c254c,m_e495d4c7720e,parent_link_segment
d_parent_6fe629798b92,m_8b1eac94b225,parent_link_segment
d_parent_6fe629798b92,m_f8b60a3119af,parent_link_segment
d_parent_8d5dd4acee87,m_f81270d74ab6,parent_link_segment
d_parent_947667befad0,m_1f2c31289a0a,parent_link_segment
d_parent_947667befad0,m_7463c480556a,parent_link_segment
d_parent_84defb700dc6,m_9e60344ce41e,parent_link_segment
d_parent_cf8101f249f9,m_b549517ca97a,parent_link_segment
d_parent_4d8e2724a318,m_f6e275219bec,parent_link_segment
d_parent_224c16ce241a,m_5e4dc795dfc3,parent_link_segment
d_parent_224c16ce241a,m_06bdc15bc1a8,parent_link_segment
d_parent_224c16ce241a,m_277f56e4ca8a,parent_link_segment
d_parent_224c16ce241a,m_2efa117f10db,parent_link_segment
d_parent_224c16ce241a,m_9f7b7af0e9de,parent_link_segment
d_parent_e93a999cea26,m_00af4827c7cc,parent_link_segment
d_parent_f89f65b5b616,m_78645dacd981,parent_link_segment
d_parent_261382411bb8,m_4abd11d9a4a2,parent_link_segment
d_parent_8f23743f8c2d,m_b360a58fe60b,parent_link_segment
d_parent_0736daa0b206,m_52ecaf90abb4,parent_link_segment
d_parent_0736daa0b206,m_f24dcecdbea3,parent_link_segment
d_parent_0736daa0b206,m_7d33d94b2014,parent_link_segment
d_parent_a7e2e18eb1be,m_9d69810a1c5d,parent_link_segment
d_parent_a7e2e18eb1be,m_c3d886073d14,parent_link_segment
d_parent_5c72c647efd1,m_471a44db9549,parent_link_segment
d_parent_5c72c647efd1,m_64ec51c9727f,parent_link_segment
d_parent_aadf3168f6bb,m_66843cbfc375,parent_link_segment
d_parent_4d716463c099,m_3a96fba3faba,parent_link_segment
d_parent_de62fff97711,m_2492a740a227,parent_link_segment
d_parent_1d4536924206,m_e122ba2e75bf,parent_link_segment
d_parent_223562f64596,m_4d91fa1045d5,parent_link_segment
d_parent_223562f64596,m_6b1a20ace0c1,parent_link_segment
d_parent_9a17a545cf08,m_eec66ec62ad8,parent_link_segment
d_parent_9a17a545cf08,m_1dea85e27259,parent_link_segment
d_parent_9a17a545cf08,m_db3089b24d85,parent_link_segment
d_parent_2e360f2c22f1,m_df13aa08448e,parent_link_segment
d_parent_fd7a871112f4,m_611beefa7c16,parent_link_segment
d_parent_933fc0afbfd6,m_32ff3b611bba,parent_link_segment
d_parent_933fc0afbfd6,m_4061dd7b89cd,parent_link_segment
d_parent_933fc0afbfd6,m_9fd6d4bf5502,parent_link_segment
d_parent_933fc0afbfd6,m_f63a114003e9,parent_link_segment
d_parent_933fc0afbfd6,m_d6e83b12d32e,parent_link_segment
d_parent_933fc0afbfd6,m_0468760932c5,parent_link_segment
d_parent_30a95fa3dda5,m_bda46a9c15a1,parent_link_segment
d_parent_eac4e027ad2a,m_edefc9ac8f22,parent_link_segment
d_parent_8e769a9d0ecd,m_96f9a93d61c4,parent_link_segment
d_parent_0dc8f1662d70,m_f234b9ba20c7,parent_link_segment
d_parent_4cd446339210,m_c2f1284a4f30,parent_link_segment
d_parent_c2d8b51d75bb,m_35307cdf6aa5,parent_link_segment
d_parent_67f1d6c6243b,m_99d69f5d3fbb,parent_link_segment
d_parent_67f1d6c6243b,m_ce9d01641fd5,parent_link_segment
d_parent_67f1d6c6243b,m_9970ddbde12f,parent_link_segment
d_parent_97e656fc3669,m_a66411802f73,parent_link_segment
d_parent_3dcc510f2a9d,m_3129e4125832,parent_link_segment
d_parent_a07f0cd0ce0f,m_c45e57663fd0,parent_link_segment
d_parent_5ba99d2a7a84,m_43cae075516c,parent_link_segment
d_parent_3ff0d870a08a,m_9b0cd4d62964,parent_link_segment
d_parent_9648e069376e,m_81548c6b0fcb,parent_link_segment
d_parent_bbd3c9199999,m_4ece2c6410f0,parent_link_segment
d_parent_bbd3c9199999,m_1b1ac14e815b,parent_link_segment
d_parent_9d9a1df6e95a,m_d708b36be4fa,parent_link_segment
d_parent_d6cc2db990aa,m_4678d37704c0,parent_link_segment
d_parent_3e961f54d60f,m_714fb17bfd0d,parent_link_segment
d_parent_12c33ed2139b,m_20f9731c7402,parent_link_segment
d_parent_12c33ed2139b,m_2cf60a7aeccb,parent_link_segment
d_parent_12c33ed2139b,m_604105a833cb,parent_link_segment
d_parent_12c33ed2139b,m_c47b0e4c1b17,parent_link_segment
d_parent_51ff49992540,m_e6e4a979a301,parent_link_segment
d_parent_51ff49992540,m_c4e970462775,parent_link_segment
d_parent_51ff49992540,m_ed27e066009d,parent_link_segment
d_parent_123521ea11d7,m_2981189d3121,parent_link_segment
d_parent_88a78343d2c5,m_6d579adb280c,parent_link_segment
d_parent_fdc4575ae0aa,m_f734f9980fc6,parent_link_segment
d_parent_275be2013493,m_234d0a2378c7,parent_link_segment
d_parent_1bf85a3e28b1,m_0242f99f3ee0,parent_link_segment
d_parent_1bf85a3e28b1,m_5d3667dfd0b1,parent_link_segment
d_parent_6e2b56f53356,m_7faf7a644f68,parent_link_segment
d_parent_c8ff6bfcd0dc,m_1c5e6e0da497,parent_link_segment
d_parent_d9a0046ef62c,m_77de7d96850c,parent_link_segment
d_parent_77d14d7ce38e,m_d9775a681580,parent_link_segment
d_parent_464b966fc5b7,m_2f74e2489668,parent_link_segment
d_parent_f59505ba23a2,m_88a1dd5bd775,parent_link_segment
d_parent_3f2ba3b0d284,m_c5481b47bc98,parent_link_segment
d_parent_3f2ba3b0d284,m_3f590c6959e3,parent_link_segment
d_parent_3f2ba3b0d284,m_73fffdebf71d,parent_link_segment
d_parent_e4a6a036cca5,m_f20125ea727c,parent_link_segment
d_parent_4aef368876e5,m_a485f75bbd56,parent_link_segment
d_parent_95ddf8770033,m_fb142357344a,parent_link_segment
d_parent_cba6c246b8fa,m_338eb9bdcd30,parent_link_segment
d_parent_1589b49e5705,m_52a21fd9a201,parent_link_segment
d_parent_1589b49e5705,m_36830063c5b1,parent_link_segment
d_parent_41b08f3d2c31,m_c8d368b0c3d3,parent_link_segment
d_parent_d395b257e30c,m_d5add07cb3ce,parent_link_segment
d_parent_45103c8b5642,m_2c5cdb7d0e5c,parent_link_segment
d_parent_5e5b52e183a8,m_5d16596915d1,parent_link_segment
d_parent_5e5b52e183a8,m_69cadeb56c9b,parent_link_segment
d_parent_43ef4cc1ddf7,m_a7cc0b2bb2b9,parent_link_segment
d_parent_13c798bf2d2e,m_2889d9511740,parent_link_segment
d_parent_6687fa61ded4,m_14501f9a574c,parent_link_segment
d_parent_449ce213fed1,m_95f4b42e0dc4,parent_link_segment
d_parent_1006fb8e7451,m_f11f38985c96,parent_link_segment
d_parent_87ec4b07b1d9,m_50b2fd7bd87d,parent_link_segment
d_parent_889df917c876,m_5f7e21ed5e82,parent_link_segment
d_parent_af6126541fa2,m_ae22bad6ba8d,parent_link_segment
d_parent_b3cb3133aa1e,m_1cdfae3931f5,parent_link_segment
d_parent_b3cb3133aa1e,m_480f9be2a0e6,parent_link_segment
d_parent_b3cb3133aa1e,m_e8d28074f2c7,parent_link_segment
d_parent_b3cb3133aa1e,m_db875306f51d,parent_link_segment
d_parent_40adfde7c081,m_719ee23c097b,parent_link_segment
d_parent_dfe9281f9e05,m_e06ffa247c55,parent_link_segment
d_parent_dfe9281f9e05,m_7462678df069,parent_link_segment
d_parent_dfe9281f9e05,m_a62ea40cd847,parent_link_segment
d_parent_b318d7262c82,m_f4895ae3921d,parent_link_segment
d_parent_aa41bb28def6,m_0144a88acce0,parent_link_segment
d_parent_64c03f74e527,m_06e376db818e,parent_link_segment
d_parent_bd048ee633b0,m_c411f82dcef6,parent_link_segment
d_parent_2a92acf55c4f,m_953edc1ff690,parent_link_segment
d_parent_ebbb6b30da7c,m_42ebc0eed708,parent_link_segment
d_parent_ed3104aa6d8c,m_b985be9e9a7a,parent_link_segment
d_parent_9d8c697e1ba7,m_521cdca72b34,parent_link_segment
d_parent_9939388e5e56,m_c8a3e7b51518,parent_link_segment
d_parent_84b1ea3b5601,m_019d56e4f2f9,parent_link_segment
d_parent_664542b50f21,m_01b6fe265486,parent_link_segment
d_parent_a802feda7e0c,m_ebd57b313c76,parent_link_segment
d_parent_bccba9d06b6f,m_1525863ac529,parent_link_segment
d_parent_bccba9d06b6f,m_5226162fba52,parent_link_segment
d_parent_6974fdf2cfe8,m_8a8a948e10c7,parent_link_segment
d_parent_955f3c021acc,m_7cfd33ec9b50,parent_link_segment
d_parent_b403b41f077b,m_3ed8cf769af8,parent_link_segment
d_parent_d69d77527908,m_865ff33af415,parent_link_segment
d_parent_2c87e7c3e19a,m_6d81504e8402,parent_link_segment
d_parent_c95275ac2a4b,m_628f75a9ab2a,parent_link_segment
d_parent_484e4757886f,m_a2cc92fb88a6,parent_link_segment
d_parent_430df2f9f42a,m_475bdb55a5e0,parent_link_segment
d_parent_ce4d61c5cf66,m_a0d24b9eb96c,parent_link_segment
d_parent_ce4d61c5cf66,m_da8869efc230,parent_link_segment
d_parent_e34908a4cec9,m_bbeb7a2ca00f,parent_link_segment
d_parent_9bab272f60a4,m_c2259f55e272,parent_link_segment
d_parent_9ccc1f2b936d,m_172d49aa27ae,parent_link_segment
d_parent_001c5ec17774,m_0d9678598bf5,parent_link_segment
d_parent_79b849290f59,m_50b8a0227ffe,parent_link_segment
d_parent_ae697688ecfb,m_e53b1e6f2933,parent_link_segment
d_parent_9565852cf939,m_ae86074ce306,parent_link_segment
d_parent_c94ca50b4b4e,m_c99806a2f7d7,parent_link_segment
d_parent_d678bade979d,m_9511a1af6e06,parent_link_segment
d_parent_73ccd20e73e8,m_8290f2a7e4fe,parent_link_segment
d_parent_07a0fc5c075d,m_e6b6db3bbd45,parent_link_segment
d_parent_07a0fc5c075d,m_0474ef07ab1a,parent_link_segment
d_parent_4d2d78bcf732,m_ff3b87f61eaa,parent_link_segment
d_parent_e5ed7da33d9f,m_e2ed9cc4db73,parent_link_segment
d_parent_234c87ed01ee,m_282131d9bf97,parent_link_segment
d_parent_ab303bd20b19,m_2efca03dbb33,parent_link_segment
d_parent_4190438c50b5,m_f58ef277c0f2,parent_link_segment
d_parent_a3384d8595e4,m_f14629d80e33,parent_link_segment
d_parent_b2f315b8d6ad,m_606464a759d2,parent_link_segment
d_parent_044272d8ed55,m_4106368ebd99,parent_link_segment
d_parent_873176d2b211,m_fa6ea8e40be1,parent_link_segment
d_parent_988f3aafb12c,m_ac24bfeb809c,parent_link_segment
d_parent_d20667b868dc,m_d133ba7bbcaa,parent_link_segment
d_parent_2f25a8f412e7,m_c3fae2dcf19b,parent_link_segment
d_parent_2f25a8f412e7,m_f5cf2961e759,parent_link_segment
d_parent_e71f15283358,m_794b3334f352,parent_link_segment
d_parent_66013a70044e,m_8a65e9802cdb,parent_link_segment
d_parent_dba1d0d1c239,m_5c8b29a026d5,parent_link_segment
d_parent_699a7965438b,m_ff00b9287de1,parent_link_segment
d_parent_699a7965438b,m_8ad707ad5fb1,parent_link_segment
d_parent_a7525e883036,m_7325558ca62a,parent_link_segment
d_parent_34dba4405cb9,m_ef8b98c370da,parent_link_segment
d_parent_c03b19d2a70a,m_9f6bf253e472,parent_link_segment
d_parent_419a66f0d470,m_726d72023dbc,parent_link_segment
d_parent_3ae798358ac5,m_1e124601042b,parent_link_segment
d_parent_c8253359b62c,m_f9fc243b2178,parent_link_segment
d_parent_5712ab27a1d8,m_61426210231b,parent_link_segment
d_parent_97e25ed70ae8,m_cdebde107a0c,parent_link_segment
d_parent_79dded29dfa9,m_1cf60fbc91b5,parent_link_segment
d_parent_79dded29dfa9,m_e336e9f823b5,parent_link_segment
d_parent_a5c2c39c2aa3,m_6e6f384b9bf0,parent_link_segment
d_parent_2c9017d0dfe8,m_6436d6142055,parent_link_segment
d_parent_2c9017d0dfe8,m_58789883cd0f,parent_link_segment
d_parent_265cc5f68fc2,m_11a07830ed66,parent_link_segment
d_parent_7fc5388aa26d,m_44f5a492bbb0,parent_link_segment
d_parent_9ad54172ab37,m_8f99e90dc719,parent_link_segment
d_parent_710a2d996b9b,m_34ca63df070d,parent_link_segment
d_parent_40b2b92134b3,m_3d3601e5ac60,parent_link_segment
d_parent_40b2b92134b3,m_172f3c6ef8f4,parent_link_segment
d_parent_6e0268c121a9,m_0da119547f72,parent_link_segment
d_parent_d935f8bc9773,m_f2df1315b1a8,parent_link_segment
d_parent_d935f8bc9773,m_f71102bffb34,parent_link_segment
d_parent_d935f8bc9773,m_fe0c3ff8e24b,parent_link_segment
d_parent_73c09aa94e13,m_9c856fa6b66e,parent_link_segment
d_parent_282c1b0cf798,m_bb09d282093c,parent_link_segment
d_parent_6162451cc2a6,m_5b08de3bf5ac,parent_link_segment
d_parent_6162451cc2a6,m_96769d649af6,parent_link_segment
d_parent_b05e3f583d05,m_338de0c4a74f,parent_link_segment
d_parent_23fb09df28ed,m_6ddae9fe0379,parent_link_segment
d_parent_23fb09df28ed,m_4c419d77b982,parent_link_segment
d_parent_591bec0d39f2,m_f3689da1bbfe,parent_link_segment
d_parent_7dedfd2b4d75,m_7964f6527d0e,parent_link_segment
d_parent_4bee4f832466,m_10d6e9948fbc,parent_link_segment
d_parent_4bee4f832466,m_9ec5e1b779ce,parent_link_segment
d_parent_4bee4f832466,m_b19870a23c6d,parent_link_segment
d_parent_4bee4f832466,m_6e322c73be05,parent_link_segment
d_parent_4bee4f832466,m_164eb0db2417,parent_link_segment
d_parent_4bee4f832466,m_b94c4e68d7f0,parent_link_segment
d_parent_4bee4f832466,m_54b15e12b1e5,parent_link_segment
d_parent_4bee4f832466,m_eec5d8ef2c44,parent_link_segment
d_parent_58d0a9dfb316,m_727d6a7bc743,parent_link_segment
d_parent_afdb97c899e2,m_4d36adc4752e,parent_link_segment
d_parent_7dd81dd56907,m_46b80b7646f9,parent_link_segment
d_parent_7dd81dd56907,m_80f7e2368003,parent_link_segment
d_parent_c88de22a84d1,m_0dfb51dff00c,parent_link_segment
d_parent_c88de22a84d1,m_a7da926106c7,parent_link_segment
d_parent_c88de22a84d1,m_eb73265852cf,parent_link_segment
d_parent_c88de22a84d1,m_c6025f52b99f,parent_link_segment
d_parent_5222f1afccfa,m_9de3276b6705,parent_link_segment
d_parent_5222f1afccfa,m_b57f2cc30362,parent_link_segment
d_parent_bec8d7e4700a,m_b8da706602c3,parent_link_segment
d_parent_bec8d7e4700a,m_65d493f6237a,parent_link_segment
d_parent_c2604adda9c3,m_22969cb17ad4,parent_link_segment
d_parent_360c470abe95,m_eaa5981379dd,parent_link_segment
d_parent_360c470abe95,m_ca855d0f7b22,parent_link_segment
d_parent_be5013e14066,m_8646ec50d38e,parent_link_segment
d_parent_501b7834618e,m_620d61abfa9f,parent_link_segment
d_parent_182969769b0b,m_e4d5d8980bff,parent_link_segment
d_parent_4c624d054e83,m_7b26bcd18f6b,parent_link_segment
d_parent_bc569df795d5,m_af31247e1a39,parent_link_segment
d_parent_bc569df795d5,m_de90fdec02d4,parent_link_segment
d_parent_5ae6c57011dd,m_bf9e6e3fa99e,parent_link_segment
d_parent_822e67fe000b,m_190b4faea91a,parent_link_segment
d_parent_afbb98cc6893,m_37e51f8e43b0,parent_link_segment
d_parent_58ad28f35392,m_8a9ab1e06e5b,parent_link_segment
d_parent_4cb6f5d09723,m_6e789585b46a,parent_link_segment
d_parent_f4d2235dff88,m_d3a2b2e8054d,parent_link_segment
d_parent_1c164e4805be,m_ec474ad7e01d,parent_link_segment
d_parent_b158830fc62b,m_a8058ca41ffb,parent_link_segment
d_parent_dce419584cbd,m_fe935c16e36c,parent_link_segment
d_parent_dce419584cbd,m_1ec237255c1f,parent_link_segment
d_parent_a81f05b674f6,m_650bbbd56a64,parent_link_segment
d_parent_fbcb085ea57a,m_655e0e1b1434,parent_link_segment
d_parent_f3b20206e3ec,m_54836c43e79e,parent_link_segment
d_parent_f3b20206e3ec,m_67ae98fc5bcf,parent_link_segment
d_parent_e6427b522597,m_a9af3452811a,parent_link_segment
d_parent_d8b58531a6e8,m_de60d38fdb4b,parent_link_segment
d_parent_73d24bd0dd8e,m_fb89238af596,parent_link_segment
d_parent_e482b33de693,m_b95df9d0f9f1,parent_link_segment
d_parent_cb94f68f3ef5,m_13ae41964513,parent_link_segment
d_parent_92b550fa14f8,m_6f28cacd7f41,parent_link_segment
d_parent_4f89de830cd9,m_7bbc9707e377,parent_link_segment
d_parent_a7edae333f5c,m_c5d067fae7d5,parent_link_segment
d_parent_a7edae333f5c,m_f8bab125feec,parent_link_segment
d_parent_616c54d20a39,m_54a9ce8e91e2,parent_link_segment
d_parent_057dc83e5c0a,m_8f96a9bb7405,parent_link_segment
d_parent_64f3dad5d128,m_4bc198b273db,parent_link_segment
d_parent_3aff0d24ee80,m_fb915c0bec52,parent_link_segment
d_parent_44dd91ae249c,m_95754a15d0f9,parent_link_segment
d_parent_b351049706a1,m_421fdbd232e7,parent_link_segment
d_parent_eb93999e3aa9,m_2c50b61b707e,parent_link_segment
d_parent_b7b3fd5928b1,m_41c45373161c,parent_link_segment
d_parent_5e711a78cf54,m_91fcc0dd7ffc,parent_link_segment
d_parent_5e711a78cf54,m_5c913adf267a,parent_link_segment
d_parent_5e711a78cf54,m_32a351b4f0c7,parent_link_segment
d_parent_5e711a78cf54,m_0ad751df2d5c,parent_link_segment
d_parent_94ed7d3e8807,m_ec30080c6fa5,parent_link_segment
d_parent_4a619eab78b4,m_e23ae16829f1,parent_link_segment
d_parent_4a619eab78b4,m_f93bba964340,parent_link_segment
d_parent_1b2692eda2cd,m_29b4e0d83871,parent_link_segment
d_parent_d7062455aad4,m_d3a5f48a2033,parent_link_segment
d_parent_27b4a5a4f707,m_6b6cbeb0c909,parent_link_segment
d_parent_0f0f85e1c4fd,m_f18cc45b2c51,parent_link_segment
d_parent_0f0f85e1c4fd,m_354dc2fedd82,parent_link_segment
d_parent_52cbbb6233ac,m_eca932b7d789,parent_link_segment
d_parent_562091ab4526,m_b6b82affd486,parent_link_segment
d_parent_c2cc53941354,m_802cb20d6ad6,parent_link_segment
d_parent_57f80c0cef43,m_3a6ed85ba14e,parent_link_segment
d_parent_81cdae25f392,m_d5f31ae36c40,parent_link_segment
d_parent_81cdae25f392,m_b8588413593a,parent_link_segment
d_parent_63342efde007,m_f85a505aaee3,parent_link_segment
d_parent_e30b636b1270,m_282a7406a822,parent_link_segment
d_parent_2a7dce67a98e,m_fd06fb177329,parent_link_segment
d_parent_2a7dce67a98e,m_8efc572c2af6,parent_link_segment
d_parent_14329fe48b9b,m_c3065a916cec,parent_link_segment
d_parent_c339302f189f,m_da5146102c8d,parent_link_segment
d_parent_562f712043aa,m_bd0b70fbe349,parent_link_segment
d_parent_b2f8866cf872,m_684ec6e3860f,parent_link_segment
d_parent_786a45c09ee6,m_345dcffaa7a3,parent_link_segment
d_parent_5ec2717f3371,m_8d18dcd2a807,parent_link_segment
d_parent_dba208a4c9f6,m_e595ca7e2fae,parent_link_segment
d_parent_980f50c9bcd4,m_82c80cc52241,parent_link_segment
d_parent_980f50c9bcd4,m_acaa19534969,parent_link_segment
d_parent_a3d8c8d4ad6f,m_68d76398f4e3,parent_link_segment
d_parent_2fa98c605d1e,m_6fb49b661df1,parent_link_segment
d_parent_7524df6929b4,m_ce5cf59504e1,parent_link_segment
d_parent_c6eccbf2623f,m_bf332db2f63b,parent_link_segment
d_parent_e172cc424528,m_6511e7e3af07,parent_link_segment
d_parent_4ca4d6230c02,m_76a01f521ef9,parent_link_segment
d_parent_76ba6f99f740,m_63d2ebce5051,parent_link_segment
d_parent_2708221d80af,m_831730d52b28,parent_link_segment
d_parent_5819c6f3d91f,m_adf372443122,parent_link_segment
d_parent_419163da5c3f,m_32bcba0c8da7,parent_link_segment
d_parent_60070e6955dd,m_2db2e7179359,parent_link_segment
d_parent_b260c9dd6f27,m_d461161c9387,parent_link_segment
d_parent_ba47d87b09a5,m_2f1d9642538f,parent_link_segment
d_parent_ba1247375531,m_6188c7a26581,parent_link_segment
d_parent_b8b53877e447,m_b6b6eaedb0d4,parent_link_segment
d_parent_d79a8a2f7dd4,m_e889130a0a73,parent_link_segment
d_parent_d79a8a2f7dd4,m_b04ae214e2b9,parent_link_segment
d_parent_d79a8a2f7dd4,m_09368da6e11f,parent_link_segment
d_parent_2790201bb99e,m_6b0eae2a7938,parent_link_segment
d_parent_0af9910b858d,m_1acbe5e7fc32,parent_link_segment
d_parent_0b8b8d266e21,m_aa1d37519afe,parent_link_segment
d_parent_9d7c3533cceb,m_8c92f73a1084,parent_link_segment
d_parent_9d7c3533cceb,m_f2687a63961a,parent_link_segment
d_parent_60a046be9a80,m_a2c3330ace81,parent_link_segment
d_parent_eb2119982a24,m_8ff50cecd0c3,parent_link_segment
d_parent_c88674ef4ee9,m_92b84d4fb343,parent_link_segment
d_parent_43dc50fdd8eb,m_e23860353360,parent_link_segment
d_parent_2a2041fa1355,m_3d15f51fd6ac,parent_link_segment
d_parent_7e3e7d21acf6,m_e86650b08509,parent_link_segment
d_parent_fb9cc20861bf,m_b35c080ba0a7,parent_link_segment
d_parent_3e94a36f056d,m_9028239e7c9e,parent_link_segment
d_parent_9d5a2d4c1965,m_c8b7a6add9c4,parent_link_segment
d_parent_2d6c1390b03a,m_9ac030bac3be,parent_link_segment
d_parent_23104d2c35dd,m_e41a627497fb,parent_link_segment
d_parent_464f4a2eaf7a,m_3a61d3a3e1df,parent_link_segment
d_parent_1b0a7ea220ed,m_33530bd3c99a,parent_link_segment
d_parent_5ae11bf8aba0,m_fea795424031,parent_link_segment
d_parent_cb2bb74951a5,m_aaffdb280393,parent_link_segment
d_parent_0bf60baf8e78,m_ccc3975cb96d,parent_link_segment
d_parent_f30dbf2699c3,m_1f149ecf3397,parent_link_segment
d_parent_38d1b7df9afc,m_c62232cb443f,parent_link_segment
d_parent_62d70e5b0b9c,m_185ebd35a5a9,parent_link_segment
d_parent_c10d56db628e,m_e9d4ec45c1a4,parent_link_segment
d_parent_cbe8c6bf65d5,m_edb360f0040c,parent_link_segment
d_parent_30611bcb2a7b,m_b0081709309c,parent_link_segment
d_parent_471f6fe1af17,m_af79b80d0b56,parent_link_segment
d_parent_471f6fe1af17,m_22d8b229b15b,parent_link_segment
d_parent_471f6fe1af17,m_9b255d4f6779,parent_link_segment
d_parent_0bf83959637d,m_ae7ec73e8b5c,parent_link_segment
d_parent_0bf83959637d,m_d43955c518be,parent_link_segment
d_parent_4e8691ce06eb,m_4890baaf5ec7,parent_link_segment
d_parent_ff56c629b7a3,m_781d7dd04829,parent_link_segment
d_parent_df35394203e5,m_72a799b06e36,parent_link_segment
d_parent_6136d446bc66,m_762964502266,parent_link_segment
d_parent_eae7cad91dc2,m_51ad9ca16a9a,parent_link_segment
d_parent_9dd6a7eae815,m_e81f57fbaae1,parent_link_segment
d_parent_6830888c3948,m_481629f6b853,parent_link_segment
d_parent_ddd670500eeb,m_22d3a1a8bc4b,parent_link_segment
d_parent_916fdae9dff4,m_b262b0986705,parent_link_segment
d_parent_1208fdd0d38f,m_c97375f31fcf,parent_link_segment
d_parent_716896a7071a,m_9107cb711517,parent_link_segment
d_parent_555b5914c202,m_7f865d6fedc8,parent_link_segment
d_parent_01c44cd468ab,m_8d187456e5be,parent_link_segment
d_parent_1c81f539a351,m_ee28442af82e,parent_link_segment
d_parent_2030acdae613,m_58c2f08d55b1,parent_link_segment
d_parent_d623d9f7097e,m_0e592a6b60a0,parent_link_segment
d_parent_2cb3a3883b3a,m_4cd19a9d844d,parent_link_segment
d_parent_5e4e268eec0f,m_838956cbd88a,parent_link_segment
d_parent_9ee289437bdf,m_feffe3d7c6d5,parent_link_segment
d_parent_40217818ff19,m_8a3199f5c820,parent_link_segment
d_parent_a3525f4eac87,m_f39bec92ac5d,parent_link_segment
d_parent_4875d5b03ed0,m_2a5d2ce62107,parent_link_segment
d_parent_a0eedf966a02,m_c0d81980e428,parent_link_segment
d_parent_b5f7cf04c8c9,m_6c090c404a3b,parent_link_segment
d_parent_ad464d2161a9,m_e8d5703e3939,parent_link_segment
d_parent_fa52d68dd2e2,m_29679d986a6f,parent_link_segment
d_parent_2de49ffdb5d6,m_f9b2cfc39e64,parent_link_segment
d_parent_acf15e5690d0,m_11c0a2d17f38,parent_link_segment
d_parent_123e083fdb6f,m_0a01c8483b4b,parent_link_segment
d_parent_123e083fdb6f,m_7b972dceffe5,parent_link_segment
d_parent_123e083fdb6f,m_cfa1f306cf96,parent_link_segment
d_parent_4c14d982c997,m_0f61ff1355aa,parent_link_segment
d_parent_f6051d423871,m_d498cb9c27d7,parent_link_segment
d_parent_f6051d423871,m_373208783f93,parent_link_segment
d_parent_52e2954f0d11,m_e8c797a4d484,parent_link_segment
d_parent_66ed15798be5,m_f7290041c0f9,parent_link_segment
d_parent_66ed15798be5,m_b78fc3c36683,parent_link_segment
d_parent_5f490eb3fd69,m_78c55d559d0c,parent_link_segment
d_parent_d785f71ff754,m_991fcc5cd571,parent_link_segment
d_parent_a934284926a9,m_d4d3f839c800,parent_link_segment
d_parent_64186c440611,m_3c8bdb1fd351,parent_link_segment
d_parent_31ce4cabee01,m_be6f4a11cca9,parent_link_segment
d_parent_08e81dee75db,m_01f5e4cfe2d9,parent_link_segment
d_parent_08e81dee75db,m_34b1165fa84f,parent_link_segment
d_parent_ac5d1ec6a48e,m_c68265ad2f2d,parent_link_segment
d_parent_a580e8935be6,m_829762692337,parent_link_segment
d_parent_32885b882ff3,m_3836a29544d6,parent_link_segment
d_parent_5e29c575ed8d,m_fb8ff714e2ba,parent_link_segment
d_parent_2cec94168794,m_c85a1c36b696,parent_link_segment
d_parent_bc7dc51df926,m_9da2ee0a240f,parent_link_segment
d_parent_6d7298f168f8,m_0737fe053ae0,parent_link_segment
d_parent_6d7298f168f8,m_65735ceea178,parent_link_segment
d_parent_6d7298f168f8,m_ab38388965e6,parent_link_segment
d_parent_6d7298f168f8,m_d840af9a5d50,parent_link_segment
d_parent_506d7616a006,m_80886d65a316,parent_link_segment
d_parent_506d7616a006,m_2194fb19a8cc,parent_link_segment
d_parent_87dbc81d0276,m_7d1da13be889,parent_link_segment
d_parent_ac82b91f8bbf,m_627215eb2b33,parent_link_segment
d_parent_f0f3a99e13b7,m_8788000596ca,parent_link_segment
d_parent_4ce69c3a2d08,m_5fffba6f13ac,parent_link_segment
d_parent_a2e309a2cb3b,m_3db1e336d37c,parent_link_segment
d_parent_a2e309a2cb3b,m_5822d33f8006,parent_link_segment
d_parent_a2e309a2cb3b,m_af127eea3913,parent_link_segment
d_parent_1bc8d4a27b72,m_5705ef2a73a1,parent_link_segment
d_parent_1bc8d4a27b72,m_fa35d56cf011,parent_link_segment
d_parent_1bc8d4a27b72,m_a67a50eab3aa,parent_link_segment
d_parent_570d7fb5e153,m_cbe75e151168,parent_link_segment
d_parent_b86877a5e80a,m_89c45125ed27,parent_link_segment
d_parent_cae2c6c0ec22,m_af9b8055556c,parent_link_segment
d_parent_cae2c6c0ec22,m_750e73845872,parent_link_segment
d_parent_211195be1b7b,m_dd893aea45e2,parent_link_segment
d_parent_211195be1b7b,m_ba9d77d293d5,parent_link_segment
d_parent_9e45604942db,m_1a3ca53301ca,parent_link_segment
d_parent_4576983563f0,m_0e8dc991e985,parent_link_segment
d_parent_4aafbbb58ff3,m_acefbe8eed4b,parent_link_segment
d_parent_b3e4e21dd22d,m_320b03e13e30,parent_link_segment
d_parent_6df734ff5c66,m_6d1a11d13e1b,parent_link_segment
d_parent_a1cec528249b,m_84872538f00b,parent_link_segment
d_parent_a7e4b56b0c4c,m_5a332bf24ecd,parent_link_segment
d_parent_bc061afab569,m_03e5e95b4122,parent_link_segment
d_parent_efb4353a0d43,m_7d36565a71f5,parent_link_segment
d_parent_efb4353a0d43,m_790219a8848c,parent_link_segment
d_parent_64df0cfed572,m_5950f0f71d78,parent_link_segment
d_parent_f61380d8c3df,m_323e52ba6501,parent_link_segment
d_parent_b9e3f8ffe3c2,m_00a06a166d19,parent_link_segment
d_parent_b9e3f8ffe3c2,m_57f03d86c267,parent_link_segment
d_parent_934c2c2e1f0f,m_0640bdc5ed9f,parent_link_segment
d_parent_fee0c75f00e5,m_0933ce0634d2,parent_link_segment
d_parent_f07f7000695d,m_bca2c53e8885,parent_link_segment
d_parent_c53b8a7661d3,m_b641a6747ecf,parent_link_segment
d_parent_05616fef9523,m_8e32105bdb51,parent_link_segment
d_parent_f82f09ebfd77,m_899398f6e34a,parent_link_segment
d_parent_f82f09ebfd77,m_3c939e1ec758,parent_link_segment
d_parent_f82f09ebfd77,m_f2ccc1e3d50d,parent_link_segment
d_parent_d70465b15828,m_69ca61a24f77,parent_link_segment
d_parent_d16cc18a3283,m_0a9b9da3a457,parent_link_segment
d_parent_1891975e7f81,m_4e2e5dfb98bb,parent_link_segment
d_parent_fb49c95aa751,m_0998e93256cc,parent_link_segment
d_parent_fb49c95aa751,m_0a8439fdaefe,parent_link_segment
d_parent_bdce666613f0,m_872fe298a38f,parent_link_segment
d_parent_8264a5434806,m_56e531117579,parent_link_segment
d_parent_24199fd3e594,m_cf355fcecc9a,parent_link_segment
d_parent_37f61471af4d,m_64da94fd078c,parent_link_segment
d_parent_93d925fcf394,m_41655adaa28b,parent_link_segment
d_parent_6dcdfc73624a,m_65d6567a2070,parent_link_segment
d_parent_ec03475f0dac,m_d0384dc90bcc,parent_link_segment
d_parent_ec03475f0dac,m_81ec38e836a1,parent_link_segment
d_parent_a5ffed7c03e3,m_89a0f151fef5,parent_link_segment
d_parent_1571d7a655f6,m_e2c6ee517d0f,parent_link_segment
d_parent_178de4c04108,m_c7b4f3b3f3c8,parent_link_segment
d_parent_f22bc0d306e6,m_9ed5a7e2958a,parent_link_segment
d_parent_f22bc0d306e6,m_e79b5dbf2ddd,parent_link_segment
d_parent_fd47ce52f069,m_b79024e071c5,parent_link_segment
d_parent_fd47ce52f069,m_10d1bdfcaa86,parent_link_segment
d_parent_599f9dcbc6f2,m_ac338a334e3e,parent_link_segment
d_parent_77407f97b163,m_df34d1894a6e,parent_link_segment
d_parent_79495ca7d506,m_714a8be75d85,parent_link_segment
d_parent_79495ca7d506,m_f7ffb9890ecd,parent_link_segment
d_parent_79495ca7d506,m_f8fb09548d0b,parent_link_segment
d_parent_ef1c538ae77c,m_889ee78a262b,parent_link_segment
d_parent_ef1c538ae77c,m_5a9f92755f49,parent_link_segment
d_parent_ef1c538ae77c,m_00e8c91b246f,parent_link_segment
d_parent_ef1c538ae77c,m_a64472da17bd,parent_link_segment
d_parent_2d7440c6eb82,m_5ad77f6794b6,parent_link_segment
d_parent_6819f844eff7,m_34e5a2c054c6,parent_link_segment
d_parent_0a7d3649c9a1,m_1062264a5271,parent_link_segment
d_parent_f698bf9402a8,m_4302dccddaa9,parent_link_segment
d_parent_f698bf9402a8,m_e0466a00992c,parent_link_segment
d_parent_e8478d6d6115,m_48b859acb69b,parent_link_segment
d_parent_25104033796e,m_ad917134a7ae,parent_link_segment
d_parent_2c9e769a07c0,m_5bcc21cf6cbe,parent_link_segment
d_parent_e9f039d58681,m_ad697e0d69b8,parent_link_segment
d_parent_bd79e9ecd518,m_05bcf4953f13,parent_link_segment
d_parent_e859a9ecabba,m_4e8d2b492ba6,parent_link_segment
d_parent_8e07267613e7,m_c164a1690304,parent_link_segment
d_parent_7eb9c8a36077,m_f50f8c209db3,parent_link_segment
d_parent_8f2a4eed49ac,m_604a64ba25a4,parent_link_segment
d_parent_fe1466a437ef,m_68c623d20d41,parent_link_segment
d_parent_fe1466a437ef,m_df21de1755cb,parent_link_segment
d_parent_638e30460d64,m_858ac8c01442,parent_link_segment
d_parent_fd703fdb6632,m_6d68987329b4,parent_link_segment
d_parent_aec6cd5c2185,m_fd2b206de957,parent_link_segment
d_parent_00f1f9ac7b91,m_be7ea3ab531d,parent_link_segment
d_parent_59e05d43f6b4,m_c0358c32ffa1,parent_link_segment
d_parent_ad6e6a2a5578,m_de071b4006fc,parent_link_segment
d_parent_c111e8fd2099,m_df1d1796b658,parent_link_segment
d_parent_4e10eba95d83,m_ae94c6d9ced4,parent_link_segment
d_parent_6bd6c5b86664,m_2b83362c641f,parent_link_segment
d_parent_349110da57fa,m_3992fde1ff9f,parent_link_segment
d_parent_349110da57fa,m_d1f463d41675,parent_link_segment
d_parent_3f82df404c87,m_6a349e717aa3,parent_link_segment
d_parent_82d92a2d2590,m_6bcd62098080,parent_link_segment
d_parent_33a8181fece2,m_830029d6c656,parent_link_segment
d_parent_6c33540ce543,m_8aec7d8f8a83,parent_link_segment
d_parent_71de14920e9d,m_eb360a3c150d,parent_link_segment
d_parent_ee2518150d5a,m_4a09b48d2ada,parent_link_segment
d_parent_94e06c2815e7,m_1dcd1d73f906,parent_link_segment
d_parent_175659a4648a,m_13d90622d37b,parent_link_segment
d_parent_5132d5d05619,m_95c665a2795a,parent_link_segment
d_parent_539948345b3e,m_01c84e434ec0,parent_link_segment
d_parent_539948345b3e,m_831d4183ee25,parent_link_segment
d_parent_18e6a69ad755,m_5d854ed72e45,parent_link_segment
d_parent_18e6a69ad755,m_d5fd731b7ba2,parent_link_segment
d_parent_d87244a598ea,m_73bb24d88f20,parent_link_segment
d_parent_7fda670ce107,m_edf731426eee,parent_link_segment
d_parent_9cbc3c468685,m_ce830f5e7abb,parent_link_segment
d_parent_5e72194d0b59,m_b368e3fa899d,parent_link_segment
d_parent_b9f0883e92fc,m_46fe48c73eee,parent_link_segment
d_parent_ea73843493fb,m_2aed958256f6,parent_link_segment
d_parent_7122c8ec36f9,m_2427403c98a0,parent_link_segment
d_parent_7122c8ec36f9,m_bde464e1a776,parent_link_segment
d_parent_7122c8ec36f9,m_2f7a65690718,parent_link_segment
d_parent_7122c8ec36f9,m_d58c468b5f55,parent_link_segment
d_parent_688c9e1fe4ec,m_9c6c3a13bc67,parent_link_segment
d_parent_b47675e24533,m_158e6749cdab,parent_link_segment
d_parent_831c801eba20,m_d81f82841ee9,parent_link_segment
d_parent_1f3d22fa7dd1,m_e3adb4e6cdd7,parent_link_segment
d_parent_1f3d22fa7dd1,m_c34506a91741,parent_link_segment
d_parent_0fe52c93e67d,m_921e43669ecf,parent_link_segment
d_parent_19657c853b43,m_a972331049f9,parent_link_segment
d_parent_19657c853b43,m_7980e2127097,parent_link_segment
d_parent_fda646918ab3,m_ded257a40351,parent_link_segment
d_parent_b417589e7dc0,m_c09d2e615c60,parent_link_segment
d_parent_268c942dcd61,m_a9ca9ba61732,parent_link_segment
d_parent_826ea1a561de,m_d40329b0043e,parent_link_segment
d_parent_08e9d90fcccb,m_1252f214a2ba,parent_link_segment
d_parent_3db537e9a25e,m_b1c307ef4523,parent_link_segment
d_parent_c45217ff923f,m_a8c534b7db5e,parent_link_segment
d_parent_bd30a8ef5f4c,m_3c5b530d5e69,parent_link_segment
d_parent_b27296e336d2,m_20458f8bcdac,parent_link_segment
d_parent_7e9de0ed539a,m_b363cd1646ef,parent_link_segment
d_parent_7b966c35daa7,m_1edc36169b7e,parent_link_segment
d_parent_9bde1542942a,m_a55d618f887e,parent_link_segment
d_parent_4f5f2dc99d41,m_bf5bf44e6246,parent_link_segment
d_parent_5502951f83c6,m_53eb77f9bab2,parent_link_segment
d_parent_43bd7df7da90,m_74751dae3a93,parent_link_segment
d_parent_3f7cff2f1ed7,m_f342f2fa506d,parent_link_segment
d_parent_54e84f3154d5,m_c1c44808c510,parent_link_segment
d_parent_438e9305cf53,m_dcb138087fec,parent_link_segment
d_parent_5b02e93f5d87,m_29e3dfde15dc,parent_link_segment
d_parent_d06106963051,m_2f1f5246d793,parent_link_segment
d_parent_7daa8fd4d8a5,m_bfa67793200c,parent_link_segment
d_parent_526a53d616bd,m_f1332a08d8c8,parent_link_segment
d_parent_9e551004c0db,m_d4981547a3af,parent_link_segment
d_parent_5d739941232b,m_18d61e76e89a,parent_link_segment
d_parent_8b01bd55c823,m_be10afc7a9b2,parent_link_segment
d_parent_2212956fb650,m_43cc72b02279,parent_link_segment
d_parent_f25af864ba91,m_bfa6e05a5ee4,parent_link_segment
d_parent_023ee089f61c,m_999dd1691b56,parent_link_segment
d_parent_076f49e89b43,m_24ef4557f857,parent_link_segment
d_parent_65c1fd1fbbc5,m_369be70373d1,parent_link_segment
d_parent_27c718e8d7cc,m_57c7d28d7a1f,parent_link_segment
d_parent_f8f759f873a3,m_e4528bc32139,parent_link_segment
d_parent_16c575a6401f,m_50d36b779c64,parent_link_segment
d_parent_c5b22dc8de81,m_0b9c26ecf640,parent_link_segment
d_parent_ca6828d50769,m_780a34099a03,parent_link_segment
d_parent_bce133aa1995,m_b62584c9c5cb,parent_link_segment
d_parent_77bb959b3c23,m_e21692b79a33,parent_link_segment
d_parent_77bb959b3c23,m_6a6dca654882,parent_link_segment
d_parent_9fd98403adc8,m_b49f753627ee,parent_link_segment
d_parent_db9a7b56f552,m_dcf54b091b09,parent_link_segment
d_parent_a94fa7add515,m_4dc9a1ad95f0,parent_link_segment
d_parent_a1d9e68905a5,m_972e33eb439f,parent_link_segment
d_parent_3406321986c2,m_a4f83baa4632,parent_link_segment
d_parent_297f55009ff2,m_cee304893c87,parent_link_segment
d_parent_297f55009ff2,m_1e7a00c3d7ee,parent_link_segment
d_parent_5ddaa92d2f00,m_8d84ab5e4d83,parent_link_segment
d_parent_bc34498541e8,m_18929c0fd027,parent_link_segment
d_parent_2bfa66f5a6c3,m_469b14ef69e7,parent_link_segment
d_parent_08ec94fa393e,m_4e72318867d8,parent_link_segment
d_parent_0b75ecfdb4e3,m_ba4896f48518,parent_link_segment
d_parent_fba352e73da9,m_d3d37c0253f2,parent_link_segment
d_parent_5052056c9966,m_3890a9a28ae1,parent_link_segment
d_parent_279b46ad3a22,m_55d437c8b7f2,parent_link_segment
d_parent_c7c5267df4a5,m_9fdc60ea7adc,parent_link_segment
d_parent_c0685980a40f,m_5bb6cbdd09bc,parent_link_segment
d_parent_dfaef5bff66f,m_5ab18131ebfd,parent_link_segment
d_parent_457e5f9b55dc,m_cf86911493d5,parent_link_segment
d_parent_1912377b6885,m_c4e1512b2fe0,parent_link_segment
d_parent_1912377b6885,m_7ca6011283d1,parent_link_segment
d_parent_c4041694b57a,m_ce2b6afe1b20,parent_link_segment
d_parent_23c45d6b8cc0,m_274232b85e0d,parent_link_segment
d_parent_ff38427ba7f6,m_451ea375484c,parent_link_segment
d_parent_e8b2d95822b4,m_4a1938916ab4,parent_link_segment
d_parent_709fd1348d2b,m_a400427e9bb1,parent_link_segment
d_parent_32218cf6dbd7,m_cbc422269d15,parent_link_segment
d_parent_3c04f8483cf1,m_3474f17f930f,parent_link_segment
d_parent_3c04f8483cf1,m_ec6a5a136f26,parent_link_segment
d_parent_da5ecfbd5027,m_e71a023a1aa0,parent_link_segment
d_parent_403c229aab32,m_e97ab2336e94,parent_link_segment
d_parent_6eb2c3b6f26b,m_6aad37021bef,parent_link_segment
d_parent_35f569b1e883,m_bbd7a87e2a7e,parent_link_segment
d_parent_34a3f4562057,m_d38486246a0c,parent_link_segment
d_parent_a2b40bf47f1c,m_815460bb1d82,parent_link_segment
d_parent_3cfcc0040a12,m_ce92cce08a84,parent_link_segment
d_parent_7db4a3a7c54c,m_a0065e5f1077,parent_link_segment
d_parent_ec693c6b1378,m_21b77c40fa54,parent_link_segment
d_parent_a202acaddc83,m_6843ef15e7b4,parent_link_segment
d_parent_0aba789cbfa8,m_b207a63c6ac3,parent_link_segment
d_parent_d669818afcb5,m_3c18a723fd89,parent_link_segment
d_parent_ea8e642102b6,m_fffc31b8ed36,parent_link_segment
d_parent_1a85bc33e8f8,m_3f8e8104510d,parent_link_segment
d_parent_d52c133473b9,m_bc8f0004d9df,parent_link_segment
d_parent_b869339e1bd0,m_c430b969be59,parent_link_segment
d_parent_6319d3b1c58e,m_a08f9a0d2d26,parent_link_segment
d_parent_634c0640b00d,m_cc71ecbcd47d,parent_link_segment
d_parent_2a3ccd1a562b,m_24dd818ffe69,parent_link_segment
d_parent_f5fd6f68cca4,m_1ea8a6408bd1,parent_link_segment
d_parent_f5fd6f68cca4,m_b2a3f26e47e2,parent_link_segment
d_parent_32a35980bac7,m_b998ad4cfa7b,parent_link_segment
d_parent_03360ceb6260,m_6b4eb697053f,parent_link_segment
d_parent_864c0dccb6dc,m_6e270aca7a05,parent_link_segment
d_parent_293ae0c11452,m_8bc7437bcb21,parent_link_segment
d_parent_db035b602854,m_fa2d1f1b4da9,parent_link_segment
d_parent_041bf973bc27,m_d955f878062c,parent_link_segment
d_parent_78a81b294500,m_4810072d58a5,parent_link_segment
d_parent_1d7d6a162532,m_692aabfdaf3d,parent_link_segment
d_parent_04525538f46e,m_fad21868ddfc,parent_link_segment
d_parent_04525538f46e,m_3b2c87539306,parent_link_segment
d_parent_04525538f46e,m_8baa9ba30469,parent_link_segment
d_parent_04525538f46e,m_14b0c7b3b576,parent_link_segment
d_parent_7776a6918fba,m_3a037ef52020,parent_link_segment
d_parent_b01c15f38e2d,m_2eeb3f660b75,parent_link_segment
d_parent_b01c15f38e2d,m_361c021171c1,parent_link_segment
d_parent_12788f5e9162,m_368f7669f149,parent_link_segment
d_parent_9e9a479b4125,m_fab4547fd5e4,parent_link_segment
d_parent_5b92799d0f0a,m_21f9408158c0,parent_link_segment
d_parent_eb2d44bc3811,m_816c244c8697,parent_link_segment
d_parent_dbdad610f217,m_8fc338cf7b55,parent_link_segment
d_parent_ad305bd6b928,m_8136f72d7e0e,parent_link_segment
d_parent_36cd9c799b71,m_9316406575b4,parent_link_segment
d_parent_7a07ea9a2d72,m_91d39ce9ef07,parent_link_segment
d_parent_dd71bec1e730,m_e09a1e9d8473,parent_link_segment
d_parent_94af4a45ba9b,m_20795943bf9b,parent_link_segment
d_parent_6022c3c9b288,m_18c5493fb6ae,parent_link_segment
d_parent_b78391f388b4,m_22b7872de8f5,parent_link_segment
d_parent_2b5fa5d137a7,m_aee2db330bc3,parent_link_segment
d_parent_64ce6d20681b,m_4ceda9f7172d,parent_link_segment
d_parent_31608eb797d1,m_8a91512fff9e,parent_link_segment
d_parent_953a0e2393a1,m_e300a66c0079,parent_link_segment
d_parent_953a0e2393a1,m_c0d0fb2dca96,parent_link_segment
d_parent_d888f046020f,m_e66befe963d0,parent_link_segment
d_parent_74c16d51b4e8,m_0d235fb91d20,parent_link_segment
d_parent_6a0da8867955,m_0aa560941770,parent_link_segment
d_parent_52eb3047fb33,m_f235da316a76,parent_link_segment
d_parent_82b403e6aa7f,m_989d7edbe83e,parent_link_segment
d_parent_f36f56f1a970,m_37a67fd102f9,parent_link_segment
d_parent_39c7e2b3b48b,m_1dab08c13954,parent_link_segment
d_parent_066b5402f7fb,m_6cca68572dbc,parent_link_segment
d_parent_d68a616f36b7,m_f5fbfd9aeb27,parent_link_segment
d_parent_079244c5fdec,m_0be2235f9b97,parent_link_segment
d_parent_0376d7e79e03,m_443408727027,parent_link_segment
d_parent_58d763a5df66,m_29cc82771703,parent_link_segment
d_parent_c16d5e38fc42,m_7196bff765ba,parent_link_segment
d_parent_08065c1881ec,m_fa571b68b7a7,parent_link_segment
d_parent_ae9d03c9f48c,m_4d68b278120b,parent_link_segment
d_parent_6f06e7b8f624,m_5bc8115c5ce9,parent_link_segment
d_parent_1cff6e5a94f3,m_69f199f87633,parent_link_segment
d_parent_e3c6891d0a22,m_d077839d6cf3,parent_link_segment
d_parent_6e0d69c109fd,m_534e06b308d3,parent_link_segment
d_parent_dd9bad3cbaab,m_c4e5bad2ed11,parent_link_segment
d_parent_dd9bad3cbaab,m_ffeb1bd4332b,parent_link_segment
d_parent_e05ad6b43dec,m_8958e44d81a7,parent_link_segment
d_parent_e572a20f3c34,m_30b5c52030f3,parent_link_segment
d_parent_8fddd8772038,m_26fef16debde,parent_link_segment
d_parent_1a1aac7e1127,m_02b755376ad4,parent_link_segment
d_parent_9a4cfb46d1a8,m_71e76917a5b0,parent_link_segment
d_parent_a81cd8958f80,m_c680cc831d06,parent_link_segment
d_parent_030c09baea60,m_742ee517bd3b,parent_link_segment
d_parent_8cc2d4452013,m_8ec776d51141,parent_link_segment
d_parent_a65336e0bce6,m_a04af0b4faaf,parent_link_segment
d_parent_b7223b42fa94,m_e75b4b56b9b4,parent_link_segment
d_parent_887ed274e71a,m_696909a2a97c,parent_link_segment
d_parent_62ed60258f5e,m_5690ce172d28,parent_link_segment
d_parent_2ea79306466c,m_f0cabe23ccff,parent_link_segment
d_parent_947268753b7b,m_961a6935770a,parent_link_segment
d_parent_7214ab18b631,m_b3c361ebe6ea,parent_link_segment
d_parent_e5032bee5db2,m_83cc1b898b13,parent_link_segment
d_parent_673c33e04edd,m_b14c574abed3,parent_link_segment
d_parent_062e05b967f3,m_2949b90b6b2b,parent_link_segment
d_parent_0766aa009d91,m_078f099793b4,parent_link_segment
d_parent_02019c656089,m_7b81cc51c364,parent_link_segment
d_parent_5b138b8279a3,m_39fc2aeac742,parent_link_segment
d_parent_5b138b8279a3,m_3adecf2df6e3,parent_link_segment
d_parent_53b03bc68e11,m_d3b8634e31b2,parent_link_segment
d_parent_53b03bc68e11,m_c2a928722acc,parent_link_segment
d_parent_53b03bc68e11,m_63013ff19344,parent_link_segment
d_parent_e6a00aabae02,m_c3d1bfce9929,parent_link_segment
d_parent_aec579527026,m_7687b7f2deb2,parent_link_segment
d_parent_d15c1b1e8f34,m_271f40f70329,parent_link_segment
d_parent_a484ffed7aed,m_f9ec28e5eafb,parent_link_segment
d_parent_333085056856,m_21bed3871770,parent_link_segment
d_parent_af9cf5f75aa0,m_b4d0147c8929,parent_link_segment
d_parent_b4ff8a5def8a,m_a79e4eb775ce,parent_link_segment
d_parent_f099a6865f2e,m_1b52a6f67b79,parent_link_segment
d_parent_6b841c31d6bf,m_b9220ffef875,parent_link_segment
d_parent_542f50ff3ef1,m_226536bc57e0,parent_link_segment
d_parent_d0d25bfce3ed,m_057f39a0dc4d,parent_link_segment
d_parent_61c789bbae36,m_8b8b3eb6ce3f,parent_link_segment
d_parent_d9ea4e18fdbf,m_0b65fb3179d0,parent_link_segment
d_parent_72312337ef84,m_70c86c654eba,parent_link_segment
d_parent_2835f81bc930,m_cc6fef61748b,parent_link_segment
d_parent_990f6c71a107,m_18c4f3f20458,parent_link_segment
d_parent_291f7bd43321,m_217f77bdc071,parent_link_segment
d_parent_abe79a73598e,m_07553d67a27d,parent_link_segment
d_parent_68d40e747604,m_f23457a05beb,parent_link_segment
d_parent_68d40e747604,m_bc78091363db,parent_link_segment
d_parent_03bd4aac3189,m_03a6fb6e6020,parent_link_segment
d_parent_14ee05e09bf3,m_e9429fea3319,parent_link_segment
d_parent_3f03dbec15ed,m_c2d440656042,parent_link_segment
d_parent_3f03dbec15ed,m_fc22c5f32223,parent_link_segment
d_parent_d81016cb4b6d,m_040247b09752,parent_link_segment
d_parent_2e4f14f6834d,m_e986bc1db991,parent_link_segment
d_parent_0846beb0f5e9,m_28cbefc91216,parent_link_segment
d_parent_bdcbbe683d4d,m_ddba5a3ebb8e,parent_link_segment
d_parent_67c692a3310c,m_4fbe3566dd4d,parent_link_segment
d_parent_5fba4fb94360,m_70f9693c64f5,parent_link_segment
d_parent_182e89ead61c,m_0f26e468cf43,parent_link_segment
d_parent_16d77f16db8f,m_b052ecaddc23,parent_link_segment
d_parent_8dedbb878226,m_aacf7ba1b998,parent_link_segment
d_parent_0050a3497646,m_cd419cb89aa0,parent_link_segment
d_parent_e35700f5666c,m_8edbae8ab6da,parent_link_segment
d_parent_4f6fbb541353,m_78f97b20d049,parent_link_segment
d_parent_ee484108bf78,m_57f5868bf27e,parent_link_segment
d_parent_dee9c6c2dd28,m_5c4689e62f3b,parent_link_segment
d_parent_c0e68cf68bc9,m_2bae3543dd8b,parent_link_segment
d_parent_c0e68cf68bc9,m_de0708d37b83,parent_link_segment
d_parent_245e19c88500,m_3b4da40ec8c0,parent_link_segment
d_parent_5d2a4b1f6e26,m_479edf166cf1,parent_link_segment
d_parent_afe06fbfe1ce,m_182117b58995,parent_link_segment
d_parent_e15a298d50b5,m_3648d5f4a6ba,parent_link_segment
d_parent_bc83c95ff387,m_3247ddc57ea6,parent_link_segment
d_parent_79540786845c,m_7a51a1599e9f,parent_link_segment
d_parent_f2e66e96fb68,m_c8fb264a32e2,parent_link_segment
d_parent_57a26571e708,m_5f62f76fb43d,parent_link_segment
d_parent_5455cdb05709,m_400ca95bf153,parent_link_segment
d_parent_413e2552ae53,m_f27a5916ba52,parent_link_segment
d_parent_235c0756e30c,m_c0bcfd57a6c7,parent_link_segment
d_parent_e6ee2e5aa893,m_bb636542bd44,parent_link_segment
d_parent_ee6fa3e8fcd1,m_a84130b91753,parent_link_segment
d_parent_9474abc3e612,m_1da3616c38fd,parent_link_segment
d_parent_b3893cbf7b1b,m_3fc7b1118cb6,parent_link_segment
d_parent_09dc9a56de51,m_5700860a9eb1,parent_link_segment
d_parent_8f9ce712040f,m_edadc5a77980,parent_link_segment
d_parent_379ab5e14095,m_c7238a1016fd,parent_link_segment
d_parent_dc62928524a6,m_bf175615670a,parent_link_segment
d_parent_8c13908c5a98,m_d337680a3090,parent_link_segment
d_parent_b26c3b042971,m_5390db53a15c,parent_link_segment
d_parent_b26c3b042971,m_98ba5a3bc196,parent_link_segment
d_parent_b26c3b042971,m_7e8c9f77906e,parent_link_segment
d_parent_b26c3b042971,m_0c0f92409cf2,parent_link_segment
d_parent_b26c3b042971,m_8167f28d2907,parent_link_segment
d_parent_b26c3b042971,m_9e6ed98b21ed,parent_link_segment
d_parent_54b964e2e887,m_792c4540a2d2,parent_link_segment
d_parent_dddb051fcf93,m_737b5e1bdb61,parent_link_segment
d_parent_d9eba4695eb8,m_de275bf02de9,parent_link_segment
d_parent_e5cc6d49507d,m_34a42136884a,parent_link_segment
d_parent_1a10db7bc2eb,m_7f6a820c677a,parent_link_segment
d_parent_0b898e25d6ab,m_86627bf685af,parent_link_segment
d_parent_ca6f00a99375,m_fba28c425983,parent_link_segment
d_parent_bfebe59f36d8,m_dc76e2decd8a,parent_link_segment
d_parent_32518324d288,m_b4f8963105b5,parent_link_segment
d_parent_6b76bb644e77,m_06aa5636d438,parent_link_segment
d_parent_c8f9c1619078,m_6d59bc6a2806,parent_link_segment
d_parent_c5268a07eb09,m_42027a4d070e,parent_link_segment
d_parent_534f59f4e4ce,m_263224c35cf8,parent_link_segment
d_parent_1557b401d96a,m_fad5f60acf35,parent_link_segment
d_parent_442be87fdc8e,m_10587b95179c,parent_link_segment
d_parent_62da1a076d60,m_49a68fe443af,parent_link_segment
d_parent_0fef547176e6,m_25d9103d6f1c,parent_link_segment
d_parent_0fef547176e6,m_49819d62ac8d,parent_link_segment
d_parent_6421ead611c2,m_d59d1e5dc3e7,parent_link_segment
d_parent_332776129672,m_de30c819ec61,parent_link_segment
d_parent_a739e8f39a0e,m_ef6b15948fa2,parent_link_segment
d_parent_6fb182fc370a,m_2b9c3372329a,parent_link_segment
d_parent_89c72f0ace2a,m_89a151b14fe9,parent_link_segment
d_parent_7c55bddeb8ca,m_2d7a5a6033b6,parent_link_segment
d_parent_3b1d5f3f3a23,m_3050d623bbe5,parent_link_segment
d_parent_dafe082d816f,m_92dca570888f,parent_link_segment
d_parent_119f24bfbcac,m_4ff295a62b24,parent_link_segment
d_parent_5fe6cba8db72,m_536347fbdbaf,parent_link_segment
d_parent_57593572e34a,m_2c77f793a861,parent_link_segment
d_parent_7625b1c0eac2,m_dbd5aaf22afa,parent_link_segment
d_parent_6dda90e2884b,m_9d12128a0fdb,parent_link_segment
d_parent_fa9b90617150,m_574e64312a84,parent_link_segment
d_parent_40d96541d011,m_5980e8b13159,parent_link_segment
d_parent_f778f44e7b1d,m_440a6d0aa8fb,parent_link_segment
d_parent_39a95cf737ad,m_dd8f439f62d8,parent_link_segment
d_parent_15e30b97b44c,m_d3ec00aad0c0,parent_link_segment
d_parent_80cbbcb25601,m_97bb23725d8f,parent_link_segment
d_parent_4c5346eeeb49,m_41cce972a94f,parent_link_segment
d_parent_3fefee45985d,m_c21f17216edc,parent_link_segment
d_parent_f8821462c924,m_5243e1e58bc4,parent_link_segment
d_parent_f1eca7e0ddfb,m_c59f2875a1e7,parent_link_segment
d_parent_bd39aa526ea4,m_b3f08b25d54a,parent_link_segment
d_parent_3b6d7e234a50,m_353241fa71ed,parent_link_segment
d_parent_fe4ed634ad8f,m_a9bb0fbfe67e,parent_link_segment
d_parent_9a22ddc8dde9,m_ca4c0d1fb3b6,parent_link_segment
d_parent_ed0c0fc1a29e,m_4f18ba2a2168,parent_link_segment
d_parent_0591d41283b9,m_f5372431d96a,parent_link_segment
d_parent_0f15ce3fc996,m_33e3f3ffaf8e,parent_link_segment
d_parent_65d808005b7b,m_853e25aa794d,parent_link_segment
d_parent_eb06e3a07ab2,m_8fd71c5494f1,parent_link_segment
d_parent_3da7785c5b4c,m_e8ba6fb9b385,parent_link_segment
d_parent_d50b34373493,m_61cbaaa5cccb,parent_link_segment
d_parent_d845ccdd0d4e,m_585338b3901b,parent_link_segment
d_parent_1ca5861d0a16,m_66b64e38f0a1,parent_link_segment
d_parent_40fdcff726cc,m_62505f327a2b,parent_link_segment
d_parent_6c207ea3d91d,m_c1fe382c3bc4,parent_link_segment
d_parent_c214bd66d540,m_578a132051dc,parent_link_segment
d_parent_b060b76a2d6b,m_2134bbe0c606,parent_link_segment
d_parent_c5f4a625f55a,m_e8f7f15fcf26,parent_link_segment
d_parent_dc73d369a3e7,m_13f5d49b25d8,parent_link_segment
d_parent_5cfe7cac83d7,m_55c964638f74,parent_link_segment
d_parent_73e009dcb2cd,m_f5e71892f4d9,parent_link_segment
d_parent_3ba68cf6ecd1,m_ca6d33d690f1,parent_link_segment
d_parent_6ab90b2dd9df,m_f0c091dc2fe8,parent_link_segment
d_parent_145054fe9fc2,m_7632452f8819,parent_link_segment
d_parent_f625c2bf09af,m_d3009bf19d67,parent_link_segment
d_parent_c780ff50b0db,m_e91f0362b82a,parent_link_segment
d_parent_af33ac3d2438,m_a9d684bcd783,parent_link_segment
d_parent_f00f9e5e89c0,m_61846daec164,parent_link_segment
d_parent_513c4eaaa983,m_e124563e9423,parent_link_segment
d_parent_9fb52cfea7b6,m_275f98fa25eb,parent_link_segment
d_parent_2d46c993ab37,m_183c68827ab1,parent_link_segment
d_parent_4148b6e86240,m_aef6576a1ea1,parent_link_segment
d_parent_a8d78ae0179e,m_33f5f9a73b6f,parent_link_segment
d_parent_d63cdf48aaea,m_e8c835deed3d,parent_link_segment
d_parent_656fb0c511b9,m_faf2e0879266,parent_link_segment
d_parent_5ae33914be29,m_288b4e5e627b,parent_link_segment
d_parent_2215eb0f196a,m_0f6b6733ef69,parent_link_segment
d_parent_a3e151dcd823,m_abd566fdf58e,parent_link_segment
d_parent_1dedfcd99c85,m_06322cb21065,parent_link_segment
d_parent_118456e74488,m_6cc43fe1566b,parent_link_segment
d_parent_be7069e78d14,m_2096ccda6a8d,parent_link_segment
d_parent_9cd0c1b429b0,m_b5b95e0f6d40,parent_link_segment
d_parent_86225a0aeb17,m_2a7645550c9e,parent_link_segment
d_parent_bd3e2cd3d346,m_6d5058aa420d,parent_link_segment
d_parent_433756dd9a09,m_66875b033179,parent_link_segment
d_parent_71d232791f9b,m_3440456ee511,parent_link_segment
d_parent_0c3b8fa518c8,m_4a5a6d58a28e,parent_link_segment
d_parent_d178c9f3ebe6,m_cb34868fdf8b,parent_link_segment
d_parent_cd4ff58bed71,m_7231fd301cec,parent_link_segment
d_parent_8f75421bb3bc,m_90fb6f9fff45,parent_link_segment
d_parent_c60a2a2be872,m_0e91162f473d,parent_link_segment
d_parent_80ece9de9ba0,m_122709cabaf7,parent_link_segment
d_parent_5a9980bf9122,m_9036a947b20b,parent_link_segment
d_parent_a5a0d9e55f79,m_f576ccdaabda,parent_link_segment
d_parent_a5a0d9e55f79,m_940bf3046904,parent_link_segment
d_parent_563e2f7eec88,m_3fd75867959b,parent_link_segment
d_parent_8478efdc757d,m_4b1ee73f8c2c,parent_link_segment
d_parent_7d8244ce924f,m_96098692ccd9,parent_link_segment
d_parent_b22ba536276c,m_f36f44c14189,parent_link_segment
d_parent_12afac98217c,m_7d57cef13e16,parent_link_segment
d_parent_df5a0b4a0f30,m_3b64f8f5124f,parent_link_segment
d_parent_a0b68e1d3349,m_80e9c9fd3e5d,parent_link_segment
d_parent_d496ff829580,m_d3c194a5cb28,parent_link_segment
d_parent_a1b3dc10acdd,m_8e18d7fefbcb,parent_link_segment
d_parent_6370e59ba279,m_1e8a8b352ad0,parent_link_segment
d_parent_62c6df18d162,m_bae54911030b,parent_link_segment
d_parent_fe9d1092cbf5,m_2ae91d2676d6,parent_link_segment
d_parent_864f25fb9989,m_8e9dac65c79b,parent_link_segment
d_parent_95b2511595ad,m_f98fb0247837,parent_link_segment
d_parent_5299e830f3e7,m_1e61c823badc,parent_link_segment
d_parent_66e3ba5e31f8,m_18ce0a20132a,parent_link_segment
d_parent_953f71de4786,m_6508de56d8e6,parent_link_segment
d_parent_6f503cd58bec,m_77f821e4ca31,parent_link_segment
d_parent_9a152bb8bcff,m_4c6264a38de9,parent_link_segment
d_parent_0744fe1d3a9a,m_3c41d748e8dc,parent_link_segment
d_parent_f224810f360c,m_114a7915d42f,parent_link_segment
d_parent_e27070fd454d,m_20d3a7354ccc,parent_link_segment
d_parent_33c3a28c0479,m_c8921b9e60fa,parent_link_segment
d_parent_98a92509954b,m_d922a2abf1d5,parent_link_segment
d_parent_133f692e6e93,m_b9d70479b91b,parent_link_segment
d_parent_ef75483a0a51,m_248ced0b8c9b,parent_link_segment
d_parent_f6eb48726f53,m_c05df311786d,parent_link_segment
d_parent_9096025a010b,m_a6811cd0f4d1,parent_link_segment
d_parent_2f5edc7dede3,m_15963be269d5,parent_link_segment
d_parent_fc6143cbfb9b,m_8d501b0ad22d,parent_link_segment
d_parent_5aca85595968,m_cf37a9d8b8f4,parent_link_segment
d_parent_29bf189098c9,m_3763b74ad15f,parent_link_segment
d_parent_4a91c60e022b,m_c8d969063e5d,parent_link_segment
d_parent_ffb2cc1f8cdf,m_2fba489bb18e,parent_link_segment
d_parent_4dbcd5470d00,m_dc5060ffac06,parent_link_segment
d_parent_a6765c3881d2,m_c047fe737d33,parent_link_segment
d_parent_71eb2c44a5c4,m_3ac30f28cf3f,parent_link_segment
d_parent_1edcc80b7972,m_c864a8109f4a,parent_link_segment
d_parent_bcffa40e5711,m_b718be9010b0,parent_link_segment
d_parent_ccb818192449,m_74775a06c3ef,parent_link_segment
d_parent_e173ebd4cbf0,m_e22fe161aa35,parent_link_segment
d_parent_bcd025fcfaf3,m_9c4e1cda038b,parent_link_segment
d_parent_dcaf359ec8d4,m_c5a2f543c469,parent_link_segment
d_parent_413ecb25a7e3,m_a9d04f56d73b,parent_link_segment
d_parent_413ecb25a7e3,m_157a50c0120f,parent_link_segment
d_parent_fc9f1e3f2fd7,m_ba00b5fcadcb,parent_link_segment
d_parent_de6e794add2f,m_df61c83668cc,parent_link_segment
d_parent_35308bdc8428,m_1c68c40db4eb,parent_link_segment
d_parent_4d7849c2f083,m_e740aa78c814,parent_link_segment
d_parent_7720cc529020,m_82a9d9293b5d,parent_link_segment
d_parent_070487050128,m_a5071f64ebe6,parent_link_segment
d_parent_3717f360e9a7,m_6b87d7550169,parent_link_segment
d_parent_20e51ccd5739,m_1f4d44b07011,parent_link_segment
d_parent_3b0746153af3,m_eb60da7ec1da,parent_link_segment
d_parent_d7443dc4b339,m_4b0ccb742a17,parent_link_segment
d_parent_72b261c3c1ad,m_4e18c7aba756,parent_link_segment
d_parent_c7152ea3f8d1,m_6b7ee414e62b,parent_link_segment
d_parent_69c814143e88,m_f9e1393f9117,parent_link_segment
d_parent_f16c33abd482,m_ba205b65ad6b,parent_link_segment
d_parent_a7f42723ea30,m_9b20df4ca175,parent_link_segment
d_parent_9f01dfacc2d2,m_8588b5c5ae6e,parent_link_segment
d_parent_1b89cd459ef1,m_4dab13e6cc69,parent_link_segment
d_parent_cfe9cc6641e9,m_43f173d1052e,parent_link_segment
d_parent_27b1182f4c7d,m_e53da8839f55,parent_link_segment
d_parent_69b2001b8e38,m_750b7538a2c6,parent_link_segment
d_parent_4917e625078f,m_740757b5ac4f,parent_link_segment
d_parent_eb934ae9f65b,m_1bbee58c24de,parent_link_segment
d_parent_2010378c8221,m_09eb54ca399d,parent_link_segment
d_parent_1373ee013d31,m_7582db599221,parent_link_segment
d_parent_bf250571dddc,m_afb8296f7aa0,parent_link_segment
d_parent_7125e01abafb,m_155bd5963d47,parent_link_segment
d_parent_24f40e0c7236,m_e87962fc4049,parent_link_segment
d_parent_cb240a42a2e0,m_7d2ab6079f8e,parent_link_segment
d_parent_5260f725e476,m_2cb2b1c8bcfa,parent_link_segment
d_parent_c6ccc8a3b9d0,m_24f0fcd9f926,parent_link_segment
d_parent_2173203a2417,m_11836e67a1af,parent_link_segment
d_parent_3f4a625a031a,m_c8b1e39b2e13,parent_link_segment
d_parent_58124575ac50,m_983109c86e0a,parent_link_segment
d_parent_9f519bacf79a,m_f0d4e73abbc4,parent_link_segment
d_parent_f3761c2ad843,m_54cceb690a2b,parent_link_segment
d_parent_dbca22cbbc27,m_28f1b02e5af8,parent_link_segment
d_parent_fabd62314a48,m_3bf095577444,parent_link_segment
d_parent_8407f7a474ce,m_d168b2e7247c,parent_link_segment
d_parent_b37212e6c4b9,m_eab66c838432,parent_link_segment
d_parent_728ffc884dce,m_fd44aa6c6181,parent_link_segment
d_parent_eefbd11bf538,m_a7daaec8f0ea,parent_link_segment
d_parent_1deacc5cc122,m_7fa503ea7661,parent_link_segment
d_parent_3b624aeba70f,m_fc1383271a3a,parent_link_segment
d_parent_786cab204d35,m_c09a739be99b,parent_link_segment
d_parent_3c0ad120fdce,m_bc3c06288640,parent_link_segment
d_parent_e2850cd73644,m_08c1edfde3f7,parent_link_segment
d_parent_e5babb4d9c4e,m_87c25e05ab4c,parent_link_segment
d_parent_404eadab0318,m_5d47524860be,parent_link_segment
d_parent_50797dcfdd45,m_a014827d5df3,parent_link_segment
d_parent_28ea86691257,m_448461829448,parent_link_segment
d_parent_96b8d196c629,m_4e33279859e9,parent_link_segment
d_parent_c0c36a8048f8,m_453f07389a8b,parent_link_segment
d_parent_5a626f59cdf7,m_f7dbdaca5b8b,parent_link_segment
d_parent_faac33550d6e,m_1497f8ac9e3e,parent_link_segment
d_parent_4d32278f98ef,m_dd659720c10a,parent_link_segment
d_parent_e4bfdfc811ae,m_24e7e9a4538f,parent_link_segment
d_parent_bb071e6b3541,m_26d9b7e1bc57,parent_link_segment
d_parent_5d1a2893edf9,m_a65c90ee4b3a,parent_link_segment
d_parent_5d1a2893edf9,m_cd6df5b35566,parent_link_segment
d_parent_abdc68830860,m_0440198408ca,parent_link_segment
d_parent_a107ffc90ff0,m_abf01e28349b,parent_link_segment
d_parent_4ffe5032de65,m_0bbfa2bebe37,parent_link_segment
d_parent_45a3a1e80617,m_c9dcbfd905c4,parent_link_segment
d_parent_428fa27ba99d,m_77b772bdbfc4,parent_link_segment
d_parent_d4730805a5a0,m_95af5e8a1e23,parent_link_segment
d_parent_597e07e0cb3b,m_613962f20141,parent_link_segment
d_parent_7c85018b926a,m_3435fc787e04,parent_link_segment
d_parent_8aaf9e9b9e46,m_d598c4a0fd99,parent_link_segment
d_parent_d583fb8e8e15,m_5467a97865a6,parent_link_segment
d_parent_3fda7ba16a5c,m_632daf634415,parent_link_segment
d_parent_b2b8e3e3098d,m_c43e6077a52b,parent_link_segment
d_parent_c01684f1f96b,m_87797f3172ca,parent_link_segment
d_parent_57645a3b5562,m_e1fe3d82a396,parent_link_segment
d_parent_e0420b949ea5,m_ccbbe3b2b9b7,parent_link_segment
d_parent_1fdea854c85d,m_194fed2a9cf2,parent_link_segment
d_parent_ac9d619c0384,m_14cde48f1881,parent_link_segment
d_parent_b8ff8d710ce5,m_8be7993ec547,parent_link_segment
d_parent_2121e34a002e,m_16feb915d867,parent_link_segment
d_parent_ffb9b94c9e3a,m_78881c5ad189,parent_link_segment
d_parent_1f77d4b4f6c1,m_84f5f584c66e,parent_link_segment
d_parent_1a27efca3cf2,m_161191d080a1,parent_link_segment
d_parent_e5bfe9ee2f5d,m_55ed5642edee,parent_link_segment
d_parent_c07afc277de4,m_a6e6ba540f94,parent_link_segment
d_parent_e226d5dc0a48,m_2538767c8a6a,parent_link_segment
d_parent_76ec983bd829,m_9c6990536646,parent_link_segment
d_parent_4de763949fa4,m_13c5f3243b53,parent_link_segment
d_parent_48457861effd,m_fb1ac01e1fa5,parent_link_segment
d_parent_15fa8c611080,m_8056763c1109,parent_link_segment
d_parent_bb1d130a41c3,m_b324b4ee9f8e,parent_link_segment
d_parent_4bf0df51105b,m_954fa8975f0d,parent_link_segment
d_parent_8bd49e13fec8,m_ccea5c81b759,parent_link_segment
d_parent_e6ea4e3228f0,m_548fa57291fb,parent_link_segment
d_parent_6ca2ab2bbd0a,m_96bb244cb8d7,parent_link_segment
d_parent_c4719f954f10,m_02caff7978bf,parent_link_segment
d_parent_cede9c01120e,m_7e3966a4dac7,parent_link_segment
d_parent_70e5aa7dc4a1,m_0de72d48f5f6,parent_link_segment
d_parent_97c57332d0f4,m_152c91777292,parent_link_segment
d_parent_bf0c90074ce3,m_50fd32adc2b8,parent_link_segment
d_parent_2f58ba24e58d,m_ad2bf88b3036,parent_link_segment
d_parent_cb84b1391742,m_dca1eeb14ba7,parent_link_segment
d_parent_856370d3af05,m_9597fc96d571,parent_link_segment
d_parent_301098ef8318,m_944bd4b49fd4,parent_link_segment
d_parent_d016fb951746,m_91b26535c4b1,parent_link_segment
d_parent_edf0ea1f7399,m_9c0eac646203,parent_link_segment
d_parent_be9c2e1b1cc7,m_a5c25e4bb5dc,parent_link_segment
d_parent_49317581f38c,m_50afe9367491,parent_link_segment
d_parent_170cc4d3e5ad,m_e2995931e8d9,parent_link_segment
d_parent_2437b503345c,m_7a23d07e31bf,parent_link_segment
d_parent_1ffcdc8b2c01,m_bbbd69d50aa6,parent_link_segment
d_parent_7ff2f2005983,m_2442ff0aba2c,parent_link_segment
d_parent_e8d01735cd04,m_62c0519dcc15,parent_link_segment
d_parent_35a0ec4371c9,m_bd3f581c70cc,parent_link_segment
d_parent_a69ed3ca3687,m_6bfbff067aa3,parent_link_segment
d_parent_1d63acd56f46,m_1e02851efba4,parent_link_segment
d_parent_9781aaa0c0cf,m_5c93217aa5fe,parent_link_segment
d_parent_25193fd4112f,m_7fb07f322477,parent_link_segment
d_parent_6946b827f6da,m_1e708a818044,parent_link_segment
d_parent_6afeeb31973e,m_738ed46e2be2,parent_link_segment
d_parent_ffccf65a9a63,m_cfacdde09023,parent_link_segment
d_parent_9e1857d7e39a,m_1942ad7ea06e,parent_link_segment
d_parent_ea57c3a73347,m_f85dd3562388,parent_link_segment
d_parent_d3170e279a5d,m_5a2e58847c08,parent_link_segment
d_parent_bf70bc68ff01,m_d528192b2208,parent_link_segment
d_parent_27fc87693411,m_6cb01f69c828,parent_link_segment
d_parent_e5f8182ac1ac,m_e4d9832aecb9,parent_link_segment
d_parent_c27009c4fac1,m_a28e43c9e026,parent_link_segment
d_parent_b26fcefeeb29,m_6bee4cc5504e,parent_link_segment
d_parent_ccdd2f84bcc6,m_924c1992c010,parent_link_segment
d_parent_9551bd7d6884,m_a7fb88fc03b2,parent_link_segment
d_parent_7dc8c6231a9c,m_179b92a4a12b,parent_link_segment
d_parent_084869741b65,m_b2f8e368e06f,parent_link_segment
d_parent_a81abac7ede0,m_e9b5caee6c69,parent_link_segment
d_parent_92e54006ea41,m_30f0a6dd2c9d,parent_link_segment
d_parent_f609c3f5a801,m_a5a536731b6e,parent_link_segment
d_parent_4d3a48fa4c68,m_ee8b9b39c61c,parent_link_segment
d_parent_96d953207d5d,m_186729e500d4,parent_link_segment
d_parent_72611a28c649,m_b2a2c710469f,parent_link_segment
d_parent_7c688282d5e3,m_66ec19e67466,parent_link_segment
d_parent_c1ad95aff995,m_af0bb163d733,parent_link_segment
d_parent_971701d6280a,m_86743a37fc7c,parent_link_segment
d_parent_b85b166400f6,m_2a86f0799b00,parent_link_segment
d_parent_7faaa48b205e,m_56feb6cc40be,parent_link_segment
d_parent_2ad68460d01f,m_761b6f649895,parent_link_segment
d_parent_9f85b43d0efe,m_e14695bccaf0,parent_link_segment
d_parent_a72335149e17,m_1ca17c29d736,parent_link_segment
d_parent_0cbd151788a9,m_5441b60b8821,parent_link_segment
d_parent_f07394b00419,m_7a746e74548f,parent_link_segment
d_parent_2b0aaa4a1b51,m_2490a70322ca,parent_link_segment
d_parent_e3b7d6379a13,m_978bb4c2caf4,parent_link_segment
d_parent_e8f99253b0d9,m_aaa5b76b7681,parent_link_segment
d_parent_0947919def19,m_0b8e8474187b,parent_link_segment
d_parent_82c23d3a5fee,m_48b5de4f05f8,parent_link_segment
d_parent_fd5b34d92a8e,m_008decd440a0,parent_link_segment
d_parent_fd7ab56e4318,m_445196f8e3a3,parent_link_segment
d_parent_244a6b8b5f47,m_b7f0b03eb640,parent_link_segment
d_parent_9ef3199b9ef2,m_527ca20e83c1,parent_link_segment
d_parent_b38aab0b5871,m_2a154730c854,parent_link_segment
d_parent_3f42c954c3db,m_c55a1dbc60d6,parent_link_segment
d_parent_4e8e937efcff,m_1d1411441988,parent_link_segment
d_parent_07e7ca471b1e,m_4de17004bf67,parent_link_segment
d_parent_c0f878480770,m_2e31b8295af1,parent_link_segment
d_parent_e02fc880ad16,m_8724cc050d3e,parent_link_segment
d_parent_19fbb554f191,m_1b6b16d13069,parent_link_segment
d_parent_677f4ef04c24,m_1e3f469d4704,parent_link_segment
d_parent_dd6b62444a51,m_ed05b0e41235,parent_link_segment
d_parent_7d358d816a5b,m_0200dc943225,parent_link_segment
d_parent_7b58e7688896,m_891b4cef8c0f,parent_link_segment
d_parent_35e9f6945a6a,m_6c54f9728a6b,parent_link_segment
d_parent_407c1421752c,m_84301b711a77,parent_link_segment
d_parent_82a5b184d540,m_62c756de69e2,parent_link_segment
d_parent_8e8df4ad74c0,m_be78378f5008,parent_link_segment
d_parent_658e3ca57998,m_3516d3e4b841,parent_link_segment
d_parent_de8be58f6c9e,m_9ae3ae51db0b,parent_link_segment
d_parent_8ee035a81166,m_71c2ea95efa4,parent_link_segment
d_parent_8ee035a81166,m_ffea75f502bf,parent_link_segment
d_parent_8ee035a81166,m_e5c16147596d,parent_link_segment
d_parent_cfec54bc9b32,m_33f6d995bd09,parent_link_segment
d_parent_3829d90dfe32,m_adced49cae9c,parent_link_segment
d_parent_97aaebd8a1b0,m_3b45c457abed,parent_link_segment
d_parent_ae6c2af43993,m_3d03bce264e7,parent_link_segment
d_parent_ae6c2af43993,m_04c48dd5cdbd,parent_link_segment
d_parent_5aa0e7858f7a,m_d71124dcf273,parent_link_segment
d_parent_b1469a252a95,m_65993fa97fab,parent_link_segment
d_parent_b1469a252a95,m_03624b10bea1,parent_link_segment
d_parent_e96a1ad5dbbf,m_5bf54e1f7dd7,parent_link_segment
d_parent_e96a1ad5dbbf,m_74537fd4b9c3,parent_link_segment
d_parent_b7725e5c765f,m_734fb09fafdf,parent_link_segment
d_parent_b78688025858,m_c4eeefb08263,parent_link_segment
d_parent_6b8b80106eef,m_0232907051ff,parent_link_segment
d_parent_4a795892cd60,m_06e1a8c1c468,parent_link_segment
d_parent_e5844f60cb99,m_5ba3c1eed752,parent_link_segment
d_parent_a67aa381257b,m_6165457f3d68,parent_link_segment
d_parent_195253574aec,m_8443672f1dc9,parent_link_segment
d_parent_31342ed27dbc,m_ba4e9b5f0592,parent_link_segment
d_parent_92c2ed9408c7,m_22e31a780ee2,parent_link_segment
d_parent_ca13175dd089,m_7ae8c66c2ec6,parent_link_segment
d_parent_bf4a1f7e8bc9,m_dbbec497f0fe,parent_link_segment
d_parent_627af117cb87,m_9c59f6c1a418,parent_link_segment
d_parent_a22ff02a50b8,m_e16b5ead85dd,parent_link_segment
d_parent_e12b17dbc998,m_56373fe6ad26,parent_link_segment
d_parent_c4efaade46f5,m_6d742171e867,parent_link_segment
d_parent_b2fe03c506b8,m_711b2fd902de,parent_link_segment
d_parent_086b8a4f2d5a,m_d49692867ac6,parent_link_segment
d_parent_ae02a3e02829,m_a97e5edf6a25,parent_link_segment
d_parent_90526fd9b519,m_b0f0fa9890ce,parent_link_segment
d_parent_4f448246b09d,m_4aaca052945e,parent_link_segment
d_parent_fb5beabb7d54,m_1bdb01bac892,parent_link_segment
d_parent_3d00d12fedf8,m_94a3bd01b6d6,parent_link_segment
d_parent_49327e959355,m_45f35d2619a4,parent_link_segment
d_parent_785612f57c95,m_b390384845d8,parent_link_segment
d_parent_bc68783d9c65,m_ffb08cf2aeeb,parent_link_segment
d_parent_8ffc1f54766a,m_ff88189f73e9,parent_link_segment
d_parent_c9f7f48d6973,m_63790b45d72e,parent_link_segment
d_parent_df60ad07cc11,m_59908d0cea10,parent_link_segment
d_parent_9a2dde15df0b,m_83e3235dccd3,parent_link_segment
d_parent_c7c084713cf0,m_70c68ba03eef,parent_link_segment
d_parent_c80775beb9b3,m_320966f60244,parent_link_segment
d_parent_8af55dc2ba2e,m_a6be6445c60c,parent_link_segment
d_parent_d0055aad2ead,m_636a90288cf2,parent_link_segment
d_parent_30f5ecf8130a,m_0782635a68a8,parent_link_segment
d_parent_0c2e313954ba,m_0536bd4a74b4,parent_link_segment
d_parent_0fa3bb5c031a,m_646ab02a1ab5,parent_link_segment
d_parent_bfef010ff117,m_3e96ef55eb04,parent_link_segment
d_parent_900b5f7b4e93,m_82360bee3f94,parent_link_segment
d_parent_f40faec06f48,m_e93851a79715,parent_link_segment
d_parent_720566681cc0,m_7497abc07a3d,parent_link_segment
d_parent_63b43334efed,m_5afc9c8a2c83,parent_link_segment
d_parent_63b43334efed,m_9d2302fca72e,parent_link_segment
d_parent_61eae3c864a1,m_21fdd5bb15e3,parent_link_segment
d_parent_191942270ac0,m_1be7f4e47701,parent_link_segment
d_parent_ae1bc8a2d984,m_5b93b8693fdc,parent_link_segment
d_parent_fdc32c15a8dd,m_26ef03fe8b87,parent_link_segment
d_parent_389fe20ff45f,m_6f91c65d2c17,parent_link_segment
d_parent_a085ff14f652,m_e12e907e14c3,parent_link_segment
d_parent_2d4e538d984a,m_5b0d2859df64,parent_link_segment
d_parent_ca0ce3a624b1,m_b29912205c61,parent_link_segment
d_parent_582e1598665d,m_961cfdf95716,parent_link_segment
d_parent_94f7c9e4792e,m_00757db0bdb1,parent_link_segment
d_parent_d05305a5fca9,m_7a6ef5894b33,parent_link_segment
d_parent_901129777963,m_8bff202d8076,parent_link_segment
d_parent_2c7180a2ec73,m_83751bb2ef0f,parent_link_segment
d_parent_386ee5e0bc09,m_c1059d34b4c8,parent_link_segment
d_parent_1b478ffca0d1,m_bb29281ffaab,parent_link_segment
d_parent_d0120b62f00b,m_7bf0448ead62,parent_link_segment
d_parent_bfee320f9681,m_e3959c515355,parent_link_segment
d_parent_1b7a1972074d,m_9ed34794da98,parent_link_segment
d_parent_83e3981fb02a,m_b540d2b4ab1f,parent_link_segment
d_parent_c7f609348e19,m_369d7d64a668,parent_link_segment
d_parent_56f83fbfe017,m_c63af0e9dee7,parent_link_segment
d_parent_271306cc6ff9,m_faafa785fffd,parent_link_segment
d_parent_abac35868169,m_9b655493f9fc,parent_link_segment
d_parent_37e6145cec0d,m_1027c8094e95,parent_link_segment
d_parent_a567d5f418ff,m_b343549ca917,parent_link_segment
d_parent_288f3966f739,m_919b61d774d1,parent_link_segment
d_parent_1a24bf9adcb6,m_699b0f359c8b,parent_link_segment
d_parent_968f0eb8b7b6,m_e852f93650be,parent_link_segment
d_parent_943bdc948d9e,m_06a767dca2d6,parent_link_segment
d_parent_924e53e9d3ab,m_9bd428ee9e44,parent_link_segment
d_parent_de5ecee50dea,m_157b82334a81,parent_link_segment
d_parent_eee6498f741d,m_d6dc10fe695d,parent_link_segment
d_parent_eee6498f741d,m_bd0bf27caa7c,parent_link_segment
d_parent_05e2aa023388,m_7645bae45ac9,parent_link_segment
d_parent_05e2aa023388,m_e217fd2a9029,parent_link_segment
d_parent_65678e10680d,m_c2ab1e6ba201,parent_link_segment
d_parent_2891729de2f6,m_25e993877482,parent_link_segment
d_parent_fbb6ea9d2d67,m_923086d40eb9,parent_link_segment
d_parent_1df55abe358f,m_a2e29f4cd085,parent_link_segment
d_parent_a2908512a601,m_e2adaf5d9522,parent_link_segment
d_parent_107eb6643810,m_770b89ae62cb,parent_link_segment
d_parent_f02f7ed5377a,m_120fc2790bca,parent_link_segment
d_parent_6b2032139a37,m_2eafa443ee8c,parent_link_segment
d_parent_79e139837e2c,m_1e7fc4dadc1f,parent_link_segment
d_parent_9a51c83c3779,m_1f91732c0e9c,parent_link_segment
d_parent_987450dd85cd,m_4733dc4019c1,parent_link_segment
d_parent_237481db4919,m_0a359a90ce77,parent_link_segment
d_parent_1ec3cedfcbd4,m_02148c7825e9,parent_link_segment
d_parent_2ede422ee2e2,m_6c73f409621f,parent_link_segment
d_parent_8e285d293628,m_784391a25697,parent_link_segment
d_parent_8d78c20fac6d,m_08dc754e0a75,parent_link_segment
d_parent_02ebae0aa658,m_4b88602c54bc,parent_link_segment
d_parent_b9174fbed056,m_49ca672c7028,parent_link_segment
d_parent_2b50f2ea635f,m_127bda092b84,parent_link_segment
d_parent_3a98005b5fc4,m_eab4ce79adb7,parent_link_segment
d_parent_70e744abfb9d,m_04bee3993e6e,parent_link_segment
d_parent_def1d4703dc6,m_d24646cd4ca8,parent_link_segment
d_parent_382d929b9e8c,m_3597f96b02f1,parent_link_segment
d_parent_4f47d9b3b17f,m_b15d2fb183ef,parent_link_segment
d_parent_9b06042d73d2,m_6ce81355a270,parent_link_segment
d_parent_ac094a73224c,m_4ef167c7e1fa,parent_link_segment
d_parent_8a62703ee55c,m_0b39a0d65573,parent_link_segment
d_parent_4e4f43014e10,m_fca719e3387a,parent_link_segment
d_parent_a6614337dd31,m_13ce844ff5cc,parent_link_segment
d_parent_f4a5aa8e2349,m_efbf8491bf26,parent_link_segment
d_parent_ea2e78078c47,m_b78261207b21,parent_link_segment
d_parent_5d68397c06e2,m_47719c33ed77,parent_link_segment
d_parent_7d3b36284049,m_37d5c27f4803,parent_link_segment
d_parent_aa9d437396c5,m_101d9644f51a,parent_link_segment
d_parent_551dd1ede3a4,m_5ab5be83e82f,parent_link_segment
d_parent_7be109d31ef5,m_ffabbfa72f1f,parent_link_segment
d_parent_3ce5f8dc8432,m_821e184cff65,parent_link_segment
d_parent_a1d588a6f151,m_3ae7d9137e7a,parent_link_segment
d_parent_68829e81d8a7,m_a7e05aabb222,parent_link_segment
d_parent_10625bb973fa,m_3692ed6e8159,parent_link_segment
d_parent_10625bb973fa,m_50184bcbee71,parent_link_segment
d_parent_3f92ab631605,m_1f92676a1676,parent_link_segment
d_parent_ff10dc1a923f,m_24987494e537,parent_link_segment
d_parent_ff10dc1a923f,m_64789ba74ff6,parent_link_segment
d_parent_984685639818,m_ed54a75319de,parent_link_segment
d_parent_81dec50613a4,m_51a225264f52,parent_link_segment
d_parent_c87f77f93622,m_8ce8b9d8774b,parent_link_segment
d_parent_734c57fa6383,m_27b0c39121cd,parent_link_segment
d_parent_664b3db86a31,m_c40d2a4ccb13,parent_link_segment
d_parent_8fe40cb3811d,m_bc29c16cc798,parent_link_segment
d_parent_1b8b7b3b58a9,m_dbefb0798c04,parent_link_segment
d_parent_dbc92625688f,m_ec8094f61281,parent_link_segment
d_parent_d14b2e5835d8,m_1106a29dd147,parent_link_segment
d_parent_7e91d9c74e0f,m_f344f89aa9cf,parent_link_segment
d_parent_963e1b2ec791,m_4ecac3a0ae2d,parent_link_segment
d_parent_963e1b2ec791,m_5fae844e6852,parent_link_segment
d_parent_c2b2ba76575b,m_ef41ff499e74,parent_link_segment
d_parent_82969a36a67b,m_bd3aca40629f,parent_link_segment
d_parent_0f676763c33a,m_2574ec9872e2,parent_link_segment
d_parent_b9032bba8441,m_28bcb9ab407f,parent_link_segment
d_parent_d5ba3d9adda9,m_4ca5535780d6,parent_link_segment
d_parent_d5ba3d9adda9,m_24657661f318,parent_link_segment
d_parent_d5ba3d9adda9,m_40b9e815f1df,parent_link_segment
d_parent_a89876cb63b3,m_debd5352c09a,parent_link_segment
d_parent_6239286a7ac3,m_9c6ee9a08356,parent_link_segment
d_parent_6239286a7ac3,m_7b5d5a33d8ce,parent_link_segment
d_parent_6239286a7ac3,m_da6daa6dcc6d,parent_link_segment
d_parent_6239286a7ac3,m_046572897381,parent_link_segment
d_parent_11dba5c0e8ac,m_b1b946cab870,parent_link_segment
d_parent_ca087edec997,m_ce901bd47ab0,parent_link_segment
d_parent_6ebc49bc1fb2,m_9f6aa4d95b95,parent_link_segment
d_parent_faec99f991ae,m_e4e036b9c1ed,parent_link_segment
d_parent_faec99f991ae,m_61e9a4eb66bf,parent_link_segment
d_parent_faec99f991ae,m_0ac6250b2744,parent_link_segment
d_parent_faec99f991ae,m_f8c4151f68fa,parent_link_segment
d_parent_25ca1d096fe5,m_68cfd5a3e925,parent_link_segment
d_parent_25ca1d096fe5,m_e1256c084194,parent_link_segment
d_parent_94b1fff8fb0f,m_aac0489e18c0,parent_link_segment
d_parent_1066ac2dc3ce,m_2518c9b1902e,parent_link_segment
d_parent_63e6577fcc0f,m_a4882e98fd5c,parent_link_segment
d_parent_51418aff8364,m_fd5c069e5af5,parent_link_segment
d_parent_a84499261839,m_f1eaf896401c,parent_link_segment
d_parent_0c49fa88794a,m_fd41a1485967,parent_link_segment
d_parent_1c1023667203,m_63c13fa64d3c,parent_link_segment
d_parent_a1358286f94f,m_4e77af5bf708,parent_link_segment
d_parent_a1358286f94f,m_65469c0343a1,parent_link_segment
d_parent_9c49ce44de2c,m_e03686c4356a,parent_link_segment
d_parent_9e97f26d2810,m_9cbdc0e316f3,parent_link_segment
d_parent_2977cbb7f701,m_8dac57afdbb2,parent_link_segment
d_parent_d76890f957a8,m_94e5e880ded5,parent_link_segment
d_parent_034c758be2b7,m_609aa761c7ee,parent_link_segment
d_parent_2599f3ea8f8c,m_4610d1a6b8a6,parent_link_segment
d_parent_00bb62ed36ed,m_6fd5c6c7acd0,parent_link_segment
d_parent_776d410df2a9,m_c958fe440220,parent_link_segment
d_parent_776d410df2a9,m_6ee9d8d685f2,parent_link_segment
d_parent_98bff0cea080,m_bc37203f062b,parent_link_segment
d_parent_bb88a9f7d730,m_07dbfc4e5a4a,parent_link_segment
d_parent_d8edafc3a26f,m_647ca0d23e2d,parent_link_segment
d_parent_978294097007,m_832f3e117d22,parent_link_segment
d_parent_978294097007,m_63d1b2495017,parent_link_segment
d_parent_b319062d159b,m_75d010911ca5,parent_link_segment
d_parent_b319062d159b,m_cfaaa2ea4dfa,parent_link_segment
d_parent_f7d5a9be85a1,m_7caa9757a511,parent_link_segment
d_parent_5332982d0c34,m_65bd0f5c8f7c,parent_link_segment
d_parent_5332982d0c34,m_8c8396406118,parent_link_segment
d_parent_5332982d0c34,m_04efc572fbcf,parent_link_segment
d_parent_5332982d0c34,m_86acacf43dce,parent_link_segment
d_parent_5332982d0c34,m_636aa5495002,parent_link_segment
d_parent_5332982d0c34,m_ce6cee7c22c3,parent_link_segment
d_parent_fd8f60473c09,m_c4b41a0ade92,parent_link_segment
d_parent_24220271aa81,m_49c1ddd67274,parent_link_segment
d_parent_df684ea9b925,m_ee0ccf5d6e5c,parent_link_segment
d_parent_3896f1cc5f55,m_01886a77f485,parent_link_segment
d_parent_39fac31ee1e2,m_b328fc2ae5c2,parent_link_segment
d_parent_38e7c4a3911f,m_082152c9b746,parent_link_segment
d_parent_e89ce594127e,m_5f09d34f5f00,parent_link_segment
d_parent_82fb842ce333,m_342bfc55ca39,parent_link_segment
d_parent_82fb842ce333,m_2369d7c8f3b3,parent_link_segment
d_parent_82fb842ce333,m_f1d5182b693f,parent_link_segment
d_parent_82fb842ce333,m_fad008c1e37d,parent_link_segment
d_parent_025d3ac310bf,m_0b85f5086b22,parent_link_segment
d_parent_08cbe40d46bf,m_c890f99aac8a,parent_link_segment
d_parent_696ed705fec7,m_f8b9a155b7b3,parent_link_segment
d_parent_d95d0601c6f7,m_aaa42318a4f8,parent_link_segment
d_parent_d95d0601c6f7,m_fa9e32cb3b26,parent_link_segment
d_parent_a05c8ecf928f,m_6f3cfc54d1c6,parent_link_segment
d_parent_9abe16112b35,m_ca1b558ca8c1,parent_link_segment
d_parent_1fd5f7cfac0f,m_b7175fafa95e,parent_link_segment
d_parent_cdc6186b258d,m_8daf1beb6c38,parent_link_segment
d_parent_a34db0ab6893,m_3a1dd12ba281,parent_link_segment
d_parent_db298387cad7,m_934a6c068a64,parent_link_segment
d_parent_d05264db1332,m_c956d055c84a,parent_link_segment
d_parent_22851cc50697,m_70985f1ce04d,parent_link_segment
d_parent_1bec13d2113b,m_cb339c4ee06a,parent_link_segment
d_parent_1bec13d2113b,m_cd3b4115e373,parent_link_segment
d_parent_1bec13d2113b,m_debac257ea99,parent_link_segment
d_parent_1bec13d2113b,m_b32d97909158,parent_link_segment
d_parent_4791da2efdd1,m_4c6b54eab33b,parent_link_segment
d_parent_4791da2efdd1,m_dae198960b4f,parent_link_segment
d_parent_bbdbb16fca2a,m_28365db421b6,parent_link_segment
d_parent_3d3973c3fe15,m_5cb7d52f024f,parent_link_segment
d_parent_2fe59a3b5b97,m_45a6db23e1e5,parent_link_segment
d_parent_c731c7060189,m_c7af8ba413d0,parent_link_segment
d_parent_a9a1742d5679,m_4f2810ce7d75,parent_link_segment
d_parent_a9a1742d5679,m_e5d1bea668a4,parent_link_segment
d_parent_a9a1742d5679,m_3dae04ae4908,parent_link_segment
d_parent_a9a1742d5679,m_09372243f672,parent_link_segment
d_parent_597ad8b89c38,m_8b51c939417c,parent_link_segment
d_parent_8c98dba6e025,m_00ccc2ee6f21,parent_link_segment
d_parent_8d1e9cca93c3,m_3312800eb739,parent_link_segment
d_parent_8d1e9cca93c3,m_605a1712b8c9,parent_link_segment
d_parent_c28c78ae9940,m_6b98bb26463c,parent_link_segment
d_parent_c28c78ae9940,m_6aea2dd5f886,parent_link_segment
d_parent_d779a4c49004,m_1838428600e5,parent_link_segment
d_parent_a4b52661cc7d,m_12873c692f9d,parent_link_segment
d_parent_6f20d33b9536,m_0bdc0931b1ab,parent_link_segment
d_parent_681bd07ea4fe,m_2870afb36e0f,parent_link_segment
d_parent_a55dd4c73ff2,m_4923447e63ff,parent_link_segment
d_parent_ed6019b28d99,m_cce0be56976e,parent_link_segment
d_parent_18282e3637c6,m_bf36bbae6eb8,parent_link_segment
d_parent_f794651b19a0,m_c255fc23f80c,parent_link_segment
d_parent_949dc7da5a35,m_a757d1edc46f,parent_link_segment
d_parent_32a6ab4e04e1,m_1980a0a597cb,parent_link_segment
d_parent_438d1fe9e11d,m_f7c8edb0957f,parent_link_segment
d_parent_438d1fe9e11d,m_d1c749d08dd7,parent_link_segment
d_parent_7c6a3da3d130,m_c65f1463352c,parent_link_segment
d_parent_7c6a3da3d130,m_079e66bfc807,parent_link_segment
d_parent_4f7ed2e7bca2,m_3d6d9961bd77,parent_link_segment
d_parent_d4b00107e59e,m_7c7a2bbcaf99,parent_link_segment
d_parent_196f6dccb27e,m_35d4b0c2ddf0,parent_link_segment
d_parent_58a89910214c,m_ff99119ac8da,parent_link_segment
d_parent_b368f98ab21f,m_5e131c972b51,parent_link_segment
d_parent_123571bedd82,m_056380a646dc,parent_link_segment
d_parent_c0175b81c2f2,m_cb04a5ddd464,parent_link_segment
d_parent_8c9963b295a0,m_59f41ff98cb8,parent_link_segment
d_parent_6ca5023af153,m_f02566f8fd08,parent_link_segment
d_parent_642d3d1e00b5,m_df8e3ce21ab5,parent_link_segment
d_parent_e1f4f5c33ea2,m_388c7ae4ea86,parent_link_segment
d_parent_15c969624c53,m_5aea546ccfde,parent_link_segment
d_parent_ddea34a94bb0,m_889d30a1ae95,parent_link_segment
d_parent_ddea34a94bb0,m_b8fb68fc0f7f,parent_link_segment
d_parent_ddea34a94bb0,m_7cbf94236243,parent_link_segment
d_parent_fd636a5baa7d,m_b5f328f90e46,parent_link_segment
d_parent_f302967fb459,m_5386f4b20c7d,parent_link_segment
d_parent_1db26e08e1fb,m_b75d60958882,parent_link_segment
d_parent_30e1eaa5c005,m_913581aa1821,parent_link_segment
d_parent_ffff610e7d4b,m_577f6e9a298d,parent_link_segment
d_parent_ca973f429825,m_33208f6700e4,parent_link_segment
d_parent_c5708f243516,m_2dae284d8a79,parent_link_segment
d_parent_74325bb112d6,m_c26eff9bc05f,parent_link_segment
d_parent_124f2c8f0cc5,m_2614922b2e09,parent_link_segment
d_parent_124f2c8f0cc5,m_d40c0e75096a,parent_link_segment
d_parent_3faf67877427,m_fe062164feca,parent_link_segment
d_parent_a790a468e944,m_375db431328b,parent_link_segment
d_parent_a790a468e944,m_c389cf02c267,parent_link_segment
d_parent_a5ed299c6455,m_e6e831e55cf5,parent_link_segment
d_parent_a5ed299c6455,m_92b482daabcf,parent_link_segment
d_parent_a5ed299c6455,m_92086921be24,parent_link_segment
d_parent_a5ed299c6455,m_08694d3f1c97,parent_link_segment
d_parent_a5ed299c6455,m_38b5fbaf0d5c,parent_link_segment
d_parent_a5ed299c6455,m_b802071a5d95,parent_link_segment
d_parent_8e36b4b2d6da,m_15ffd9f67b2f,parent_link_segment
d_parent_f38ef82401fc,m_31206235409e,parent_link_segment
d_parent_f38ef82401fc,m_8d2e9f2cde90,parent_link_segment
d_parent_f38ef82401fc,m_430bde7ae0eb,parent_link_segment
d_parent_e243a34d5795,m_620fc3f2cc90,parent_link_segment
d_parent_e243a34d5795,m_987f444c5513,parent_link_segment
d_parent_0a9137958580,m_851c1b648d50,parent_link_segment
d_parent_73ed815ac2c8,m_937d97c480e3,parent_link_segment
d_parent_b3485fca344c,m_e545ae267222,parent_link_segment
d_parent_70c29ff490e4,m_5b01c6156891,parent_link_segment
d_parent_42720d89f16c,m_45b775871372,parent_link_segment
d_parent_42720d89f16c,m_5c3004529f90,parent_link_segment
d_parent_42720d89f16c,m_439a50f520ab,parent_link_segment
d_parent_42720d89f16c,m_52bfc58b9a6c,parent_link_segment
d_parent_42720d89f16c,m_a44f2f851428,parent_link_segment
d_parent_42720d89f16c,m_3847dde1b198,parent_link_segment
d_parent_42720d89f16c,m_cf2aa8c02b91,parent_link_segment
d_parent_b22a4da42c09,m_19e00e3936b5,parent_link_segment
d_parent_6d6427248f91,m_429da846d0c0,parent_link_segment
d_parent_6d6427248f91,m_8a5ff7be2ccb,parent_link_segment
d_parent_8efb897e9b3a,m_630eb2fb1fab,parent_link_segment
d_parent_022984e91340,m_1079ef0c78d1,parent_link_segment
d_parent_c27c677e962c,m_2c1bbf37b039,parent_link_segment
d_parent_6aed29686d27,m_66107c7f678c,parent_link_segment
d_parent_23e04037b995,m_6fa9a1ef1465,parent_link_segment
d_parent_c3822adba226,m_750447901d21,parent_link_segment
d_parent_c3822adba226,m_65262bc85492,parent_link_segment
d_parent_665e1db8a922,m_3b7292217c68,parent_link_segment
d_parent_665e1db8a922,m_bdda2dd7a256,parent_link_segment
d_parent_7189518595d3,m_7ebd596d200a,parent_link_segment
d_parent_7189518595d3,m_d106390e4427,parent_link_segment
d_parent_eb4dc2719da1,m_71fdff03da68,parent_link_segment
d_parent_fa95ebfba5fd,m_d12ff8c57d51,parent_link_segment
d_parent_e2d1beab6ebe,m_8125898b7d37,parent_link_segment
d_parent_52e30b2226c1,m_197017b6c149,parent_link_segment
d_parent_4ff7883425c8,m_dee221e0e5c1,parent_link_segment
d_parent_97b465e8201e,m_8e79b3269f6a,parent_link_segment
d_parent_08c2990b9856,m_df9a145a6bbc,parent_link_segment
d_parent_4dabcd04c7e5,m_c7c8ad7f43d2,parent_link_segment
d_parent_034749a8b01d,m_da6fe6661e22,parent_link_segment
d_parent_af51b306f918,m_5f7b325eb105,parent_link_segment
d_parent_eb11311716e3,m_25ffb7ba8a0f,parent_link_segment
d_parent_7282fc2c59f8,m_870dfd7a26cd,parent_link_segment
d_parent_c0f22377e101,m_3157f879a4e0,parent_link_segment
d_parent_1f266f3b229d,m_74e24beb8be1,parent_link_segment
d_parent_1ba1ea773810,m_989c6874e123,parent_link_segment
d_parent_67323d59832c,m_96a12080a3d9,parent_link_segment
d_parent_3498a7de91fe,m_c9a369abfb68,parent_link_segment
d_parent_e73ba0c0a7ae,m_23f364113eb6,parent_link_segment
d_parent_016905076647,m_35a05337af33,parent_link_segment
d_parent_a7b6e16e49e4,m_422aeeb707e5,parent_link_segment
d_parent_28369654a151,m_ba1d64a7edd7,parent_link_segment
d_parent_f9b833e9d97b,m_bd38e420809e,parent_link_segment
d_parent_5ed2a514e99a,m_cf9b04473ebc,parent_link_segment
d_parent_3a2096eb4565,m_eae5b1ded86a,parent_link_segment
d_parent_d3db2bec965a,m_79892d000aaf,parent_link_segment
d_parent_f3e3dabc1ef5,m_880906c89d99,parent_link_segment
d_parent_f3e3dabc1ef5,m_0445d591a316,parent_link_segment
d_parent_9b3d17919688,m_88ab175e4f59,parent_link_segment
d_parent_302ba3a027f1,m_e4f3371e404a,parent_link_segment
d_parent_302ba3a027f1,m_49908617fe14,parent_link_segment
d_parent_5893f69e1a98,m_0144e30e4fef,parent_link_segment
d_parent_f598db6a26df,m_658816cb1cf2,parent_link_segment
d_parent_cf5a90729a4d,m_a70723752f7b,parent_link_segment
d_parent_290c5183ea34,m_94f142cf0587,parent_link_segment
d_parent_8e33280829d9,m_ca32abb02030,parent_link_segment
d_parent_8e33280829d9,m_94e0a4ec90e2,parent_link_segment
d_parent_d92988aec7a0,m_e227ad5ce5e7,parent_link_segment
d_parent_08896a878c5d,m_18392e6c10a5,parent_link_segment
d_parent_036a6975f751,m_f16d06aca1e9,parent_link_segment
d_parent_389a833d89f6,m_4e05c84a4566,parent_link_segment
d_parent_7fc55d483fa9,m_2a82e6aed0f3,parent_link_segment
d_parent_7fc55d483fa9,m_6f1ee15caea0,parent_link_segment
d_parent_7fc55d483fa9,m_1125219f3705,parent_link_segment
d_parent_7fc55d483fa9,m_b5bbb696d1d8,parent_link_segment
d_parent_d15882161d83,m_24a046cf0105,parent_link_segment
d_parent_0fe69931d2ff,m_495a5cd21b1c,parent_link_segment
d_parent_c09baaee8577,m_c18c872c008b,parent_link_segment
d_parent_c4a1d5711ab7,m_2ee891520ac9,parent_link_segment
d_parent_a66254ee2e72,m_db11c9ee65f0,parent_link_segment
d_parent_c91f719ae95a,m_f84a7dda227c,parent_link_segment
d_parent_c91f719ae95a,m_83ecf968cbbf,parent_link_segment
d_parent_99138c62092d,m_a30915e89f06,parent_link_segment
d_parent_e2ffcc957b68,m_3897d84ddbad,parent_link_segment
d_parent_e2ffcc957b68,m_a58ffe448b21,parent_link_segment
d_parent_e2ffcc957b68,m_f8953fe1ba72,parent_link_segment
d_parent_28681ddb94f0,m_1619dbafd0b8,parent_link_segment
d_parent_28681ddb94f0,m_9ebac99e965a,parent_link_segment
d_parent_28681ddb94f0,m_ab4d673e6d3c,parent_link_segment
d_parent_2f0d731dcf24,m_090102af9c62,parent_link_segment
d_parent_2f0d731dcf24,m_8edb8ce0f7c2,parent_link_segment
d_parent_8d2e630dd506,m_628c02c1da62,parent_link_segment
d_parent_8d2e630dd506,m_be132f92238e,parent_link_segment
d_parent_742641d100e3,m_809472521cdc,parent_link_segment
d_parent_742641d100e3,m_98226a22df5c,parent_link_segment
d_parent_487cf86095a5,m_a96c6d619824,parent_link_segment
d_parent_ed56c2f7c675,m_049fea8e1689,parent_link_segment
d_parent_08fd5d9fd90d,m_fec1a449bdbf,parent_link_segment
d_parent_6a6c2a41fc71,m_0801b4a0e8e5,parent_link_segment
d_parent_d2526ecc4313,m_076d8d6c9f45,parent_link_segment
d_parent_3d84690a7f79,m_84a533994575,parent_link_segment
d_parent_0736428d8d38,m_c4868cfce66f,parent_link_segment
d_parent_0736428d8d38,m_617a5102aaa2,parent_link_segment
d_parent_0736428d8d38,m_44000af7a82c,parent_link_segment
d_parent_0736428d8d38,m_ab535178cd9b,parent_link_segment
d_parent_0736428d8d38,m_cbb6e796ec02,parent_link_segment
d_parent_df26386ebcdd,m_14893b2bcd68,parent_link_segment
d_parent_1af5a70e9aba,m_18df5529008a,parent_link_segment
d_parent_1af5a70e9aba,m_d3e925e73353,parent_link_segment
d_parent_409d31a7a23b,m_c955ac525635,parent_link_segment
d_parent_409d31a7a23b,m_6dd54e035dee,parent_link_segment
d_parent_671be76e3804,m_5dc5817b0109,parent_link_segment
d_parent_27f506cb3350,m_c504427ca746,parent_link_segment
d_parent_8a70fd3bbabf,m_54871e4b5cb7,parent_link_segment
d_parent_8a70fd3bbabf,m_6be827874a12,parent_link_segment
d_parent_aba8e0a32ffd,m_be34ab08939f,parent_link_segment
d_parent_cd36c3c8bb61,m_1bd3c8c8491a,parent_link_segment
d_parent_ededf755ab0a,m_9e9a2377871d,parent_link_segment
d_parent_9f59fb28ec8e,m_bc88a1c06fbc,parent_link_segment
d_parent_53a1d28e23e5,m_5daf4c2fe71c,parent_link_segment
d_parent_91337eaee933,m_b8896b183311,parent_link_segment
d_parent_a4d9ac1a29a5,m_e68c03292f5a,parent_link_segment
d_parent_64a756d3905a,m_0a0b89a8c0de,parent_link_segment
d_parent_b2e16e8f0c6e,m_968e373635dc,parent_link_segment
d_parent_6c74b668a47b,m_4fac9aa4d870,parent_link_segment
d_parent_8e089c229b20,m_16f8f3de9ecf,parent_link_segment
d_parent_2c10ff67146a,m_0792762986fb,parent_link_segment
d_parent_582799346856,m_de4337410d0d,parent_link_segment
d_parent_4ca529df68f0,m_02e30cd841a5,parent_link_segment
d_parent_2f5ef6b95d13,m_f0c401e445d8,parent_link_segment
d_parent_72c389f1c63a,m_82ee4d13cb9c,parent_link_segment
d_parent_9eb63191c29e,m_6b3b299a0f31,parent_link_segment
d_parent_381ad3407160,m_9efea1becb39,parent_link_segment
d_parent_542d71aafd86,m_bd476f8cc717,parent_link_segment
d_parent_446dd04cc731,m_f58a756bf018,parent_link_segment
d_parent_61b913d5b267,m_e58cb78c4dc4,parent_link_segment
d_parent_ce965d004f24,m_81a18da5d720,parent_link_segment
d_parent_2f3f1bfcc8ad,m_2b50bcf79fab,parent_link_segment
d_parent_559cd06b5317,m_ca09c15c6291,parent_link_segment
d_parent_a9d410ff708e,m_2cd527039bc7,parent_link_segment
d_parent_676b3f44a19d,m_a878d023271e,parent_link_segment
d_parent_ea314dcd987c,m_3fb2bd9878c0,parent_link_segment
d_parent_569570da7554,m_9526f80d118a,parent_link_segment
d_parent_569570da7554,m_9865e1d13e0c,parent_link_segment
d_parent_2692b0c3e8e4,m_85b582aa8a94,parent_link_segment
d_parent_8262957bf1b1,m_739c74a1082d,parent_link_segment
d_parent_87d28f31ae85,m_71e4adf51556,parent_link_segment
d_parent_0e5dc3d4cb3c,m_24e21e3357df,parent_link_segment
d_parent_5c4e4b2daaf3,m_08b13a76bb8f,parent_link_segment
d_parent_7692cec07e3a,m_28f976d5ecf3,parent_link_segment
d_parent_2ee7c382408c,m_715b7f921bd2,parent_link_segment
d_parent_687f91e327f2,m_2a8410fb055d,parent_link_segment
d_parent_89668605544a,m_10889778113a,parent_link_segment
d_parent_3cc66f7b5dbb,m_d115ae4cbf7b,parent_link_segment
d_parent_1ea89191253f,m_3203f5fc86e9,parent_link_segment
d_parent_701e6ff5755d,m_40e5fcb58bd4,parent_link_segment
d_parent_92c4325a4632,m_993cb70f42ea,parent_link_segment
d_parent_d18f8161e047,m_a41e44451d3a,parent_link_segment
d_parent_48c4162daf4a,m_ea3ac5cb6724,parent_link_segment
d_parent_c82de22f536d,m_423f532af3f0,parent_link_segment
d_parent_87e31c47968f,m_5307b3424d46,parent_link_segment
d_parent_a86ce1d45555,m_73825eae1ad5,parent_link_segment
d_parent_32bae5eebadf,m_3c267ddeb996,parent_link_segment
d_parent_5f131128d739,m_168a55558cf7,parent_link_segment
d_parent_ac608825dd4d,m_bf9a7750efa8,parent_link_segment
d_parent_f0767ef55f3f,m_6c089e376b6b,parent_link_segment
d_parent_6590d384a661,m_2049f024282e,parent_link_segment
d_parent_fd00b47b540f,m_45e04046148b,parent_link_segment
d_parent_97c637b2407f,m_69eb4f7f7cd0,parent_link_segment
d_parent_372d86f23f61,m_f18dad16b948,parent_link_segment
d_parent_a71556f88da7,m_fe786ec79ef2,parent_link_segment
d_parent_eefe9e7c6c43,m_d43421b4e829,parent_link_segment
d_parent_72f2060e9e88,m_1ad94ffbfaa3,parent_link_segment
d_parent_11de8d90e6b0,m_3668e7d9e8b6,parent_link_segment
d_parent_ad24f475397f,m_6819fda8a795,parent_link_segment
d_parent_1a9ae5fb943d,m_afb99dec1a71,parent_link_segment
d_parent_462c1a382c33,m_6090e64d00ec,parent_link_segment
d_parent_bd34bea314b4,m_01847acf5073,parent_link_segment
d_parent_5b4130dda68b,m_33c5353f9517,parent_link_segment
d_parent_7c3a62ed5991,m_287eff395907,parent_link_segment
d_parent_f28d7918b3ef,m_6680c8401954,parent_link_segment
d_parent_f28d7918b3ef,m_8dd58f079a1f,parent_link_segment
d_parent_90124062ac18,m_9654ab216dc6,parent_link_segment
d_parent_9d960e680bbf,m_e392af8cb416,parent_link_segment
d_parent_68dc7d404d7b,m_d4d7c2a102e8,parent_link_segment
d_parent_75157b45ba34,m_037056380612,parent_link_segment
d_parent_0a57a3fbc2c2,m_4a035a2f8aad,parent_link_segment
d_parent_87ea058722a7,m_8e5746ca4ad9,parent_link_segment
d_parent_1ed5097ae914,m_2c6b16a7db3b,parent_link_segment
d_parent_788d63d27fbf,m_c73aea65f609,parent_link_segment
d_parent_127e6d3501c1,m_fca0c06badb2,parent_link_segment
d_parent_b4d95b4b572b,m_6952ba9193f3,parent_link_segment
d_parent_48dd688e76e7,m_902ec8865e38,parent_link_segment
d_parent_df7c6ccdfee6,m_5760359fef62,parent_link_segment
d_parent_192b70f2f940,m_5c8c3f4aab1d,parent_link_segment
d_parent_184134f2dc9f,m_a9282f41fe01,parent_link_segment
d_parent_b5f2adf0a95b,m_e9c6f6fda851,parent_link_segment
d_parent_0bade4fdd08c,m_0e8155e6dbd2,parent_link_segment
d_parent_cbed55804f74,m_cdd536a32a2c,parent_link_segment
d_parent_cbed55804f74,m_186eed1097ae,parent_link_segment
d_parent_da36f5676e44,m_a77573f7833f,parent_link_segment
d_parent_da36f5676e44,m_6cf33b17997b,parent_link_segment
d_parent_9fdfe1525d06,m_310828a37221,parent_link_segment
d_parent_1a6148735986,m_c6dee386e2b8,parent_link_segment
d_parent_87e86ca3741a,m_402a84995e85,parent_link_segment
d_parent_420fe912e184,m_4a1d55fc561e,parent_link_segment
d_parent_420fe912e184,m_5301058ff977,parent_link_segment
d_parent_87668ad96e96,m_b9552165009d,parent_link_segment
d_parent_75ac777e810f,m_9c9ef10518a3,parent_link_segment
d_parent_75ac777e810f,m_270b5d1cf719,parent_link_segment
d_parent_75ac777e810f,m_d90073bb7197,parent_link_segment
d_parent_75ac777e810f,m_39584b87f91d,parent_link_segment
d_parent_75ac777e810f,m_ed11393a5b15,parent_link_segment
d_parent_75ac777e810f,m_e31f9cf23783,parent_link_segment
d_parent_75ac777e810f,m_8335ff0b2db1,parent_link_segment
d_parent_65b31f0a6a62,m_0fa243eb8ce0,parent_link_segment
d_parent_262e063502f2,m_36faca69d984,parent_link_segment
d_parent_df0a432a3ca2,m_d83b04233b15,parent_link_segment
d_parent_5f2ae9c45df8,m_b6d4e57b0f73,parent_link_segment
d_parent_9449369d5a96,m_71d6eb64926f,parent_link_segment
d_parent_9449369d5a96,m_f8f65f430978,parent_link_segment
d_parent_7283af9b2791,m_ff1bfd3e7564,parent_link_segment
d_parent_7283af9b2791,m_3b85f450d65d,parent_link_segment
d_parent_7283af9b2791,m_2badf56a2d5e,parent_link_segment
d_parent_f1763c5fa556,m_7d4518f089ec,parent_link_segment
d_parent_d29b4ae6a714,m_50cf4ae8d2e5,parent_link_segment
d_parent_fbe3aab95a7e,m_cbae924b81ac,parent_link_segment
d_parent_fbe3aab95a7e,m_08b870d579c7,parent_link_segment
d_parent_7a89b531299b,m_06617ad7b834,parent_link_segment
d_parent_54a8322f926d,m_c8be50e7f8ab,parent_link_segment
d_parent_d9be4cf36c3a,m_2a04f3678328,parent_link_segment
d_parent_28e5c227e104,m_504fc60856a8,parent_link_segment
d_parent_c6baf5ab8be1,m_b9a503fd89a9,parent_link_segment
d_parent_9965237aab28,m_06b63b53faaf,parent_link_segment
d_parent_db99973482d2,m_663a24a4ea59,parent_link_segment
d_parent_d989d18938c3,m_84ffdc0ccc5c,parent_link_segment
d_parent_49b4c2aaa7ce,m_9e589b2a34db,parent_link_segment
d_parent_e946ce493df5,m_3d836cb18c6c,parent_link_segment
d_parent_d4b6f4fd7f25,m_91660c7e8a2d,parent_link_segment
d_parent_29ad2b90cd6d,m_60bbbe270a44,parent_link_segment
d_parent_4175c3c8c17e,m_837c50b2a21c,parent_link_segment
d_parent_a829f614aeab,m_40d20c09f146,parent_link_segment
d_parent_57b013364147,m_0877fdad4a8b,parent_link_segment
d_parent_0356b6120015,m_98afee29d009,parent_link_segment
d_parent_16825fd35d8b,m_f2d3a6c25636,parent_link_segment
d_parent_139716551360,m_9cdd4c7bd5bc,parent_link_segment
d_parent_c71942a621c6,m_acc25f0e108e,parent_link_segment
d_parent_3dd9acca097d,m_fec06fa07084,parent_link_segment
d_parent_35175c77d058,m_95ed36b2877b,parent_link_segment
d_parent_51652ee6e7ad,m_3e5e98804603,parent_link_segment
d_parent_2b456411da1e,m_9041c622a959,parent_link_segment
d_parent_a8cd43e16d70,m_e15ac3d31506,parent_link_segment
d_parent_9f10617505ae,m_f68f4d5f0733,parent_link_segment
d_parent_3beba91d1771,m_34e17dcb8a7c,parent_link_segment
d_parent_e41cdadb2784,m_546db7fcf1bd,parent_link_segment
d_parent_3fc361c3e6b3,m_dc61bae3e7a1,parent_link_segment
d_parent_71a6100b0e5d,m_149566c2daeb,parent_link_segment
d_parent_40651d822138,m_65da7a7eafe0,parent_link_segment
d_parent_adb242aa3d5b,m_04e363fd3fd8,parent_link_segment
d_parent_d9d2c062aeae,m_a7b56603fa01,parent_link_segment
d_parent_63936868595c,m_c979533beeac,parent_link_segment
d_parent_fb9b20a764af,m_14b49cc14e2f,parent_link_segment
d_parent_9880964ab521,m_c65f223b6c97,parent_link_segment
d_parent_4c1eed16cea9,m_606de85ce774,parent_link_segment
d_parent_c9643d14a36b,m_a67835e0d076,parent_link_segment
d_parent_ad990f837d68,m_ce65cd37f265,parent_link_segment
d_parent_fd2f1baa5ef3,m_abaf1545159b,parent_link_segment
d_parent_0f33c6e0fb33,m_c8d95feeeb10,parent_link_segment
d_parent_dcf72bb6bf4e,m_3b257f9fa21f,parent_link_segment
d_parent_aa81b9ff5527,m_c70736deacd3,parent_link_segment
d_parent_b0da0f744707,m_d6f17c0043f4,parent_link_segment
d_parent_d35b0881a0c0,m_a8f14a7f2d2d,parent_link_segment
d_parent_cac6ab847ad3,m_80e45d6b4901,parent_link_segment
d_parent_e24184bf6b69,m_e09916f5c288,parent_link_segment
d_parent_c13a3e8d4446,m_5ea5979783a7,parent_link_segment
d_parent_5eae8aba3097,m_469f9ba226d0,parent_link_segment
d_parent_958aa1d5e8e7,m_5f12a068b761,parent_link_segment
d_parent_958aa1d5e8e7,m_ad29083eb199,parent_link_segment
d_parent_958aa1d5e8e7,m_9f1d1ff49e9b,parent_link_segment
d_parent_849b8db61a86,m_e74c29e5364c,parent_link_segment
d_parent_c6b449761c60,m_4a28def4215d,parent_link_segment
d_parent_1c2bbe34601d,m_afd2c78c6394,parent_link_segment
d_parent_a78661facc3d,m_50255742e5c9,parent_link_segment
d_parent_b129b201979d,m_d2c4495b5327,parent_link_segment
d_parent_594235294bd9,m_73ff5d9977ef,parent_link_segment
d_parent_266e9c2869e6,m_d0b6f3d19b18,parent_link_segment
d_parent_31242b322072,m_63dd56c1838b,parent_link_segment
d_parent_8827b312b435,m_37abb8cda47f,parent_link_segment
d_parent_7dccd6a4b216,m_4ae64808822a,parent_link_segment
d_parent_d1dc80451069,m_4c509e70083b,parent_link_segment
d_parent_dd2d264e1a37,m_3b3135eb6535,parent_link_segment
d_parent_5c0813897d64,m_78855bd8bf35,parent_link_segment
d_parent_181fd8e3449e,m_6194f9a95400,parent_link_segment
d_parent_d8f90f887a94,m_983882da7ee0,parent_link_segment
d_parent_d2f98d0c1a6e,m_d849116b0a32,parent_link_segment
d_parent_122f78e43243,m_bf28ee7753ca,parent_link_segment
d_parent_09b00228219c,m_f4b19f305fa4,parent_link_segment
d_parent_ba4e7c29a267,m_9de3bd30acd2,parent_link_segment
d_parent_97ec3476e568,m_6da76b963e87,parent_link_segment
d_parent_ee68afe248d0,m_f0e2ffbd9ae5,parent_link_segment
d_parent_b62a0d97f5a3,m_9aa7c5534cb6,parent_link_segment
d_parent_fbd287b7b8c0,m_a92cd11018c5,parent_link_segment
d_parent_afbc55b89c62,m_c7804abc15f6,parent_link_segment
d_parent_1790e166e6d9,m_9407b29a1ee4,parent_link_segment
d_parent_ffb836c15832,m_692649e07c47,parent_link_segment
d_parent_ff1b3bdef2ba,m_9f50d1cd2fd4,parent_link_segment
d_parent_9adb10222d4f,m_bbe4fa440464,parent_link_segment
d_parent_ad14946deed9,m_212dcdfdaf76,parent_link_segment
d_parent_c02fc079bfb1,m_68f45ebfaa20,parent_link_segment
d_parent_87b2e9bef13b,m_ecabfc77abdd,parent_link_segment
d_parent_9d941a4914fb,m_738dec7eb771,parent_link_segment
d_parent_eda002abdb41,m_0d97c7748122,parent_link_segment
d_parent_bdddbdd98dfc,m_1045e1f5073a,parent_link_segment
d_parent_8d210c1930c3,m_ede156af6a52,parent_link_segment
d_parent_31fb5a2b3e3b,m_cc676cef98f7,parent_link_segment
d_parent_5a0a615a684f,m_6b8ba10d8e42,parent_link_segment
d_parent_44fb3e11e9ca,m_37551946bfd4,parent_link_segment
d_parent_58d1d86e245d,m_933e912a6e36,parent_link_segment
d_parent_7ffbf9c74bd7,m_36e4f7807d26,parent_link_segment
d_parent_d867508bd722,m_8f5ecd13b501,parent_link_segment
d_parent_ac07dc1600b0,m_8888d6891e5b,parent_link_segment
d_parent_3cd745b3104e,m_ef4ddd294f65,parent_link_segment
d_parent_3cd745b3104e,m_da71c9b31714,parent_link_segment
d_parent_c3eae863177c,m_2e5d53ced398,parent_link_segment
d_parent_be7bb080418d,m_eb2b4c9c247b,parent_link_segment
d_parent_dda785b52576,m_7eb761a19806,parent_link_segment
d_parent_6b873b8c7c3a,m_c70f9dd31e23,parent_link_segment
d_parent_fcc1589af287,m_eacff69c2be1,parent_link_segment
d_parent_19c25eb87231,m_b36ad576c3ea,parent_link_segment
d_parent_347e862aeb7b,m_2d7d55466a6c,parent_link_segment
d_parent_d2e5c47d677d,m_5b04f89721dd,parent_link_segment
d_parent_c58488247fbf,m_efc22f79eb40,parent_link_segment
d_parent_c58488247fbf,m_d5cbee9a3e88,parent_link_segment
d_parent_74e2b04aa379,m_3b4689207c35,parent_link_segment
d_parent_edf2529719f9,m_8a571c9b1c19,parent_link_segment
d_parent_e192b27f01f6,m_c393cfab5ae8,parent_link_segment
d_parent_296bc4f622c7,m_ebdeb3c48c68,parent_link_segment
d_parent_b15112c808f5,m_175abe54e1a3,parent_link_segment
d_parent_a76356a5d979,m_22757e77e270,parent_link_segment
d_parent_c3f3fcf77714,m_aeaf124518f4,parent_link_segment
d_parent_f032824d7749,m_dc932a369da1,parent_link_segment
d_parent_a3461b5bc852,m_bfeac7bd5af3,parent_link_segment
d_parent_2a042ef84c7b,m_d6b142cf8900,parent_link_segment
d_parent_44386e5210c5,m_95ce3f44e4e1,parent_link_segment
d_parent_8ba0c403abe3,m_c05aa1a79924,parent_link_segment
d_parent_650e08a0a69a,m_2c58b0510c26,parent_link_segment
d_parent_e838495f6336,m_a7db23b5fe22,parent_link_segment
d_parent_932284b43457,m_6f0648899c6a,parent_link_segment
d_parent_5f6a2a0a7617,m_a68cba59cf04,parent_link_segment
d_parent_5f6a2a0a7617,m_5c6269967e80,parent_link_segment
d_parent_fcf4d624334c,m_2735d8084bd4,parent_link_segment
d_parent_fcf4d624334c,m_fa4e811bdb1f,parent_link_segment
d_parent_30d6598334e5,m_363788e1d9e3,parent_link_segment
d_parent_1eb08e5d5049,m_f7b0374fc7c3,parent_link_segment
d_parent_1eb08e5d5049,m_8f5c1f1bf7c5,parent_link_segment
d_parent_5a94a18312cd,m_8a8406849c4a,parent_link_segment
d_parent_8d212ca8681a,m_827227856e88,parent_link_segment
d_parent_e0bc0b3810e8,m_ce7a34c8b07c,parent_link_segment
d_parent_14f87b26de71,m_f747c0d88796,parent_link_segment
d_parent_abaa30827861,m_b2e264f5075d,parent_link_segment
d_parent_da537170ec92,m_b63d111cedef,parent_link_segment
d_parent_f13c6e28ab31,m_72e35a5fe577,parent_link_segment
d_parent_f13c6e28ab31,m_1bc09e55ff94,parent_link_segment
d_parent_82c16a8dc96c,m_ba32356e0863,parent_link_segment
d_parent_601bd4282dda,m_fc487d98d811,parent_link_segment
d_parent_ff9ec3eaf8c8,m_0ebd7b64ba27,parent_link_segment
d_parent_62bdd0dd5e51,m_6c5250ac16b5,parent_link_segment
d_parent_976bc9abb027,m_ebf484350967,parent_link_segment
d_parent_98a8eb29994d,m_bf2379b2dbc3,parent_link_segment
d_parent_81d3c2cbd90b,m_d9fa07e4213c,parent_link_segment
d_parent_d73fa36b297e,m_11b81b9abec7,parent_link_segment
d_parent_d73fa36b297e,m_1ece7ab1674c,parent_link_segment
d_parent_5b73673032bc,m_da6ed3690d65,parent_link_segment
d_parent_5b73673032bc,m_eaf8ef88a707,parent_link_segment
d_parent_ecf9d5b8bf02,m_326666fbd20c,parent_link_segment
d_parent_4e4437c0dc9c,m_1064bb4eb596,parent_link_segment
d_parent_743bf562f2f5,m_9c2a540125e3,parent_link_segment
d_parent_d9d6c0fcfdf3,m_799b768c1b4e,parent_link_segment
d_parent_f767c4079be5,m_bffa3249c775,parent_link_segment
d_parent_c4fa9ded6325,m_9b506f212c7e,parent_link_segment
d_parent_8684a87aea86,m_71541044d67f,parent_link_segment
d_parent_cfa6c0506ac4,m_58bd03e28ae8,parent_link_segment
d_parent_d6dbbdd00706,m_46885cf66f92,parent_link_segment
d_parent_bd238ad711ec,m_4fbf7518442f,parent_link_segment
d_parent_81022ddbf1fc,m_ed8b3fb1ffc6,parent_link_segment
d_parent_0f0d58c82d17,m_86aa0b84f59d,parent_link_segment
d_parent_ed03522c9e7b,m_bf5aa5c7fc97,parent_link_segment
d_parent_1b6a920612bc,m_1a0960529062,parent_link_segment
d_parent_8651bfff261c,m_569d8b1ecfef,parent_link_segment
d_parent_39c839917979,m_aba0aafe16cd,parent_link_segment
d_parent_18b1fab4ba59,m_0b840f9942cd,parent_link_segment
d_parent_959bdcf628cf,m_ddfeb31277c7,parent_link_segment
d_parent_9f29060229dd,m_665c309146b0,parent_link_segment
d_parent_446f8bc63fac,m_b9be78a6176f,parent_link_segment
d_parent_91060780948b,m_7b2b54359dba,parent_link_segment
d_parent_54346fdf440c,m_e032a0711fe0,parent_link_segment
d_parent_002b0ae290b4,m_6b966ced587c,parent_link_segment
d_parent_4865f33f14e9,m_af06caaa3150,parent_link_segment
d_parent_7e84c3e499df,m_b4fc802b57c8,parent_link_segment
d_parent_7f6696de47c5,m_c4c5ce20a161,parent_link_segment
d_parent_11589f459f46,m_13697999512b,parent_link_segment
d_parent_c3b45385c94a,m_dd142082c0e6,parent_link_segment
d_parent_61b62dc52958,m_de6e5e405549,parent_link_segment
d_parent_7744ed0e26d1,m_6ab51c176a15,parent_link_segment
d_parent_146090acbc15,m_3de560fb3fdc,parent_link_segment
d_parent_7118610f024e,m_ce36491830be,parent_link_segment
d_parent_7118610f024e,m_91fc61f7eb09,parent_link_segment
d_parent_2ace1c04210c,m_9b78eca0e5ab,parent_link_segment
d_parent_a10dfe9b7280,m_a3ba44d8301e,parent_link_segment
d_parent_92732b9dfd0e,m_28039e7afd3a,parent_link_segment
d_parent_e847a0ac83b1,m_e37f3b6ab7a6,parent_link_segment
d_parent_b184dab26855,m_74b84d7a20ce,parent_link_segment
d_parent_831151aede24,m_8b82437e02fb,parent_link_segment
d_parent_df21f903ab25,m_aaefa67210b3,parent_link_segment
d_parent_df21f903ab25,m_2d3de93181c3,parent_link_segment
d_parent_df21f903ab25,m_c7c900f7927d,parent_link_segment
d_parent_cd89a1d1aa67,m_827acfa4d85c,parent_link_segment
d_parent_f7e26da6e3af,m_3666a87c3f5e,parent_link_segment
d_parent_031783374839,m_db85be9985ac,parent_link_segment
d_parent_9cda9af5cff9,m_2c7a38503951,parent_link_segment
d_parent_39d87fa470fc,m_3ea4a6ba33c8,parent_link_segment
d_parent_87d3354d8015,m_b2f0a9c2336f,parent_link_segment
d_parent_e8c1d7251fdd,m_686d14b60445,parent_link_segment
d_parent_25cb24c0627f,m_b46a5ae0fe33,parent_link_segment
d_parent_25cb24c0627f,m_bfe0cab2c8c1,parent_link_segment
d_parent_b617d5fb04a6,m_166e5721e726,parent_link_segment
d_parent_aa624c2f3ee7,m_87c4bf9d5e1a,parent_link_segment
d_parent_aa624c2f3ee7,m_09b819666d4a,parent_link_segment
d_parent_1129c3edf6f7,m_5cad2b14b464,parent_link_segment
d_parent_cce6955b5324,m_6b1f5bce94a4,parent_link_segment
d_parent_568bddf5934f,m_71f26c79bb8e,parent_link_segment
d_parent_568bddf5934f,m_4c3de0740f3b,parent_link_segment
d_parent_568bddf5934f,m_d7282d2b4928,parent_link_segment
d_parent_774f001c04e1,m_aa276419c5db,parent_link_segment
d_parent_776ab0e4787a,m_bf4c6807da30,parent_link_segment
d_parent_5c4bd1e9048a,m_15b9847d1369,parent_link_segment
d_parent_9dead2cf91b1,m_f7d3fb70bd03,parent_link_segment
d_parent_9dead2cf91b1,m_aff7875eb476,parent_link_segment
d_parent_9dead2cf91b1,m_b938d3a58bcf,parent_link_segment
d_parent_6093e18679b1,m_2f0293e20bbd,parent_link_segment
d_parent_81a5459e764b,m_819944981b2b,parent_link_segment
d_parent_81a5459e764b,m_c9c0129b0d8c,parent_link_segment
d_parent_81a5459e764b,m_6b7ed88e0057,parent_link_segment
d_parent_81a5459e764b,m_059ed5a43d7d,parent_link_segment
d_parent_95b3821f7aeb,m_03dc3c057f14,parent_link_segment
d_parent_d17744e9942b,m_88104da3feac,parent_link_segment
d_parent_1b3b3d846776,m_876b5c8b67c0,parent_link_segment
d_parent_3e52d177acd6,m_edcd53192381,parent_link_segment
d_parent_42ebe754bb12,m_e2e399cbd1f8,parent_link_segment
d_parent_d7c417790672,m_9399a8e93c0d,parent_link_segment
d_parent_2691730cefa7,m_fe64d934479a,parent_link_segment
d_parent_1e365d3e8928,m_8229d1284ece,parent_link_segment
d_parent_1e365d3e8928,m_ce67f79e9e72,parent_link_segment
d_parent_e926cf106a54,m_57afd2039edb,parent_link_segment
d_parent_ae709c4adf14,m_a1199bb4f9b2,parent_link_segment
d_parent_ae709c4adf14,m_8b64faea0a30,parent_link_segment
d_parent_ae709c4adf14,m_293db8af8824,parent_link_segment
d_parent_0d747c0416ad,m_74f0203d4f57,parent_link_segment
d_parent_0d747c0416ad,m_dad2b07fb295,parent_link_segment
d_parent_778e48ea41c4,m_e17a837938dd,parent_link_segment
d_parent_fee49423ef8d,m_2190a13a5f54,parent_link_segment
d_parent_2c794087963a,m_738394b4dff7,parent_link_segment
d_parent_f4f6fe38fb9c,m_bfabfbbd39d3,parent_link_segment
d_parent_20f37a346a8e,m_61446faba2c9,parent_link_segment
d_parent_20f37a346a8e,m_815a18fc8f30,parent_link_segment
d_parent_0c266ee0a7d1,m_f9ced59fc12c,parent_link_segment
d_parent_0c266ee0a7d1,m_f013e0cf7462,parent_link_segment
d_parent_02eb77b913b6,m_a4d4b109b977,parent_link_segment
d_parent_02eb77b913b6,m_b5829b0ae4d2,parent_link_segment
d_parent_095ef4bfbd32,m_061b44d88a84,parent_link_segment
d_parent_04a45011578f,m_8f8e2dec9cc7,parent_link_segment
d_parent_7673b44f4362,m_114e54151ea6,parent_link_segment
d_parent_8c1687b3c591,m_ac9771f9da24,parent_link_segment
d_parent_8c1687b3c591,m_b489e4cec128,parent_link_segment
d_parent_03a1b6fbb0c9,m_3a461b1a2170,parent_link_segment
d_parent_03a1b6fbb0c9,m_f083f847430a,parent_link_segment
d_parent_03a1b6fbb0c9,m_b24c99c59e51,parent_link_segment
d_parent_03a1b6fbb0c9,m_c78b0cd844d8,parent_link_segment
d_parent_03a1b6fbb0c9,m_5a45a21b9c94,parent_link_segment
d_parent_c2e2ad6c90ae,m_d781da1af1ce,parent_link_segment
d_parent_c35007695b45,m_f365e088f8db,parent_link_segment
d_parent_c35007695b45,m_ad12f222fb63,parent_link_segment
d_parent_3303ae5b66af,m_015db5b7db42,parent_link_segment
d_parent_fd8d7f96cd92,m_896b4559cc28,parent_link_segment
d_parent_fd8d7f96cd92,m_50e1ee98b32d,parent_link_segment
d_parent_a576622b73e1,m_a2d8ff463b3b,parent_link_segment
d_parent_8b6bebaf6205,m_19ab808fdf4c,parent_link_segment
d_parent_eef95f504d2c,m_e9885226a488,parent_link_segment
d_parent_d1e30416846c,m_663c76e5b1e1,parent_link_segment
d_parent_d1e30416846c,m_d7b253edbc45,parent_link_segment
d_parent_d1e30416846c,m_eed9197a9136,parent_link_segment
d_parent_d1e30416846c,m_1455c0f0b1d3,parent_link_segment
d_parent_d1e30416846c,m_7e80784d9374,parent_link_segment
d_parent_d1e30416846c,m_89c91a6632cc,parent_link_segment
d_parent_d1e30416846c,m_66b1f1b8ce52,parent_link_segment
d_parent_d1e30416846c,m_3d807a817a86,parent_link_segment
d_parent_d1e30416846c,m_ca0df52edad2,parent_link_segment
d_parent_d1e30416846c,m_f4ad2d76bb6a,parent_link_segment
d_parent_d1e30416846c,m_6782c91d9744,parent_link_segment
d_parent_d1e30416846c,m_7018d65af3b2,parent_link_segment
d_parent_26f5454ec06f,m_3ade25a89858,parent_link_segment
d_parent_79c5ed63c405,m_9389e1b9cfae,parent_link_segment
d_parent_1f84dc8c7b1f,m_dfc8074d87d1,parent_link_segment
d_parent_1f84dc8c7b1f,m_8764603727d6,parent_link_segment
d_parent_1f84dc8c7b1f,m_58122295065d,parent_link_segment
d_parent_1f84dc8c7b1f,m_f58685170dca,parent_link_segment
d_parent_1f84dc8c7b1f,m_0581e8798df5,parent_link_segment
d_parent_1f84dc8c7b1f,m_98813b4eea45,parent_link_segment
d_parent_46b72a0a1f34,m_b2ee1f0bb4cf,parent_link_segment
d_parent_bfa483e12e4a,m_00fbdec9e8c9,parent_link_segment
d_parent_bfa483e12e4a,m_8e6199ffa180,parent_link_segment
d_parent_f8ad9302a1d6,m_18ba84196043,parent_link_segment
d_parent_df172d1ea03b,m_561673ab9aec,parent_link_segment
d_parent_50635dfd4838,m_ff517b2df31e,parent_link_segment
d_parent_50635dfd4838,m_d21a816abb98,parent_link_segment
d_parent_821a3fa09ff8,m_bb357ab5b45a,parent_link_segment
d_parent_dc463c87a2c1,m_cc1051dd103c,parent_link_segment
d_parent_dc463c87a2c1,m_56a4e0f8414d,parent_link_segment
d_parent_581d4cfa27e7,m_ad4838b44402,parent_link_segment
d_parent_581d4cfa27e7,m_29b38dd583d1,parent_link_segment
d_parent_ee69d046dd6f,m_1ff06bd1d2ee,parent_link_segment
d_parent_b8b8725f089b,m_92d3a58452f1,parent_link_segment
d_parent_0587120a0cee,m_9d91a4ad860d,parent_link_segment
d_parent_e4b02d100afc,m_0c3ddabeb6f8,parent_link_segment
d_parent_1fca7c2070ed,m_55020a4183c0,parent_link_segment
d_parent_ab4f4889928e,m_81dd2bae5425,parent_link_segment
d_parent_f55eb07b9483,m_5346be11f55f,parent_link_segment
d_parent_54afa36128e9,m_9b8e968db4ec,parent_link_segment
d_parent_27dc18a73266,m_0e4f9c3e6755,parent_link_segment
d_parent_7d075e4ee53c,m_c6226708ab2b,parent_link_segment
d_parent_8d70137181f9,m_b4664e5adea6,parent_link_segment
d_parent_5cc132ecabde,m_67a5d62b32db,parent_link_segment
d_parent_5cc132ecabde,m_4014899c9d75,parent_link_segment
d_parent_5cc132ecabde,m_e652775e09e1,parent_link_segment
d_parent_ee6ab5c44220,m_4679656255a6,parent_link_segment
d_parent_1cb06a0ff75b,m_b38c098f5385,parent_link_segment
d_parent_c1297f2c9876,m_7fd67e503899,parent_link_segment
d_parent_85842758a6b8,m_f5d493333d26,parent_link_segment
d_parent_6b1dd670da8c,m_cc6f39be91e8,parent_link_segment
d_parent_67d3d23ee1b9,m_854dcc21248e,parent_link_segment
d_parent_22ac624a4298,m_df514eb7b968,parent_link_segment
d_parent_e8bcebc28d6d,m_4c0ebf54b260,parent_link_segment
d_parent_ba323e5d9f91,m_33aba0d6a076,parent_link_segment
d_parent_d7c19323abb3,m_226c445fbd9b,parent_link_segment
d_parent_8d639bb9878a,m_06420b2f54b1,parent_link_segment
d_parent_ee59158bec33,m_87f60dac6b07,parent_link_segment
d_parent_a99beec0aea3,m_b9a3ecb59d5c,parent_link_segment
d_parent_16962904e8a5,m_3cbc86cd14af,parent_link_segment
d_parent_ec06cd0333c3,m_e25541dd7d1c,parent_link_segment
d_parent_71f1fe036a4d,m_5e0ceab4165f,parent_link_segment
d_parent_e270b34a06d7,m_81e68aad6773,parent_link_segment
d_parent_84a941000404,m_e5b68c8d03a9,parent_link_segment
d_parent_8d950a69ef86,m_fd6ed9e6a691,parent_link_segment
d_parent_8d950a69ef86,m_87f5f68d2168,parent_link_segment
d_parent_ec7a829a87e6,m_4500b25764fc,parent_link_segment
d_parent_1f59a204f11b,m_294a2f85cb94,parent_link_segment
d_parent_1f59a204f11b,m_3ad6ebdd8f81,parent_link_segment
d_parent_cf5404ea0246,m_12a1cf463002,parent_link_segment
d_parent_cf5404ea0246,m_9576079aacf5,parent_link_segment
d_parent_67630a09c0e8,m_86d772505172,parent_link_segment
d_parent_67630a09c0e8,m_7f114bfdbffe,parent_link_segment
d_parent_99f49c233893,m_989b0b7636c1,parent_link_segment
d_parent_bb90e84c48c5,m_ec7bd7311852,parent_link_segment
d_parent_792719664324,m_2b3ced316f7f,parent_link_segment
d_parent_b49accb25f58,m_3b7e64a84d28,parent_link_segment
d_parent_7a89d7cd94b7,m_5801c32b7bac,parent_link_segment
d_parent_7a89d7cd94b7,m_6d51fb95ff9b,parent_link_segment
d_parent_7a89d7cd94b7,m_de201952942d,parent_link_segment
d_parent_48cee26f3807,m_94ee4f979f02,parent_link_segment
d_parent_15e134c06477,m_5620404bbba6,parent_link_segment
d_parent_4ad213fb8926,m_866c86683b4f,parent_link_segment
d_parent_40403def5fa0,m_9fe498205d36,parent_link_segment
d_parent_9c43ae5f9ef9,m_001d5465d054,parent_link_segment
d_parent_9c43ae5f9ef9,m_b7d88eaf4b37,parent_link_segment
d_parent_1b7b26c12b15,m_a99ff5c48caa,parent_link_segment
d_parent_e9bf2b7d6ba7,m_6710b00bf16c,parent_link_segment
d_parent_0789c730bb30,m_bc5c4ef06186,parent_link_segment
d_parent_23c78a523208,m_093e07eeffaf,parent_link_segment
d_parent_4e5b16223c0e,m_a28a3b9ef1b4,parent_link_segment
d_parent_caf79dcf43a2,m_586d50ad92a5,parent_link_segment
d_parent_caf79dcf43a2,m_8686a11a9755,parent_link_segment
d_parent_caf79dcf43a2,m_b964c9cc14d1,parent_link_segment
d_parent_caf79dcf43a2,m_5e41fe5dd8f9,parent_link_segment
d_parent_b688bc2fc326,m_c76897b7539d,parent_link_segment
d_parent_9abced35efb2,m_c611058f3a23,parent_link_segment
d_parent_7c8cd0421a2e,m_bb6255e82e51,parent_link_segment
d_parent_ddf331ccd8bb,m_3769d1fe4738,parent_link_segment
d_parent_cb7a73c85a75,m_c61f6c591aff,parent_link_segment
d_parent_4b9fcc5483d7,m_6819b70a6310,parent_link_segment
d_parent_4b9fcc5483d7,m_8454df5ac8af,parent_link_segment
d_parent_4b9fcc5483d7,m_dc222e67b34a,parent_link_segment
d_parent_1daf8260d2ad,m_4ab006be36fa,parent_link_segment
d_parent_1daf8260d2ad,m_193e7254848b,parent_link_segment
d_parent_1daf8260d2ad,m_ef81e1349595,parent_link_segment
d_parent_1daf8260d2ad,m_e300287f8731,parent_link_segment
d_parent_1daf8260d2ad,m_892b64f0b9f6,parent_link_segment
d_parent_1daf8260d2ad,m_20c31c82e45c,parent_link_segment
d_parent_212f795c65ce,m_f46977deabed,parent_link_segment
d_parent_212f795c65ce,m_561db9cbcb76,parent_link_segment
d_parent_9d5d9129a552,m_3e05ce9671f4,parent_link_segment
d_parent_ab44bb12270a,m_fb9e56fe41c0,parent_link_segment
d_parent_ab44bb12270a,m_51d4ef2071e6,parent_link_segment
d_parent_6d053bd93d58,m_6e4449dcfc88,parent_link_segment
d_parent_8a13bf56f7da,m_340e31f9a8ac,parent_link_segment
d_parent_8a13bf56f7da,m_904c813b7678,parent_link_segment
d_parent_8a13bf56f7da,m_fa6edb246741,parent_link_segment
d_parent_8a13bf56f7da,m_43f6ec6dce3e,parent_link_segment
d_parent_0f624c1c5720,m_b0d0eb3d13b1,parent_link_segment
d_parent_ed59e5df5cf9,m_70d8c2423fa1,parent_link_segment
d_parent_232db3f3bc40,m_47f0e10a3eb0,parent_link_segment
d_parent_8aa32b9c19c6,m_c09540d12f31,parent_link_segment
d_parent_27d4a7b2db40,m_cb2967e66002,parent_link_segment
d_parent_be0f5f5cb1ac,m_d3cde0d6ca28,parent_link_segment
d_parent_6eb9f78970c5,m_def44aa7942d,parent_link_segment
d_parent_a0466669bd6e,m_7d7f6024537b,parent_link_segment
d_parent_a0466669bd6e,m_32cb5581d6ae,parent_link_segment
d_parent_a0466669bd6e,m_de06977c5199,parent_link_segment
d_parent_a0466669bd6e,m_bf12611ed188,parent_link_segment
d_parent_afb3cf4b0a1d,m_20db2f666de0,parent_link_segment
d_parent_c1c4cceeb666,m_c0097eeace64,parent_link_segment
d_parent_c1c4cceeb666,m_b58292ecefbb,parent_link_segment
d_parent_426b1d307290,m_1381baf831f2,parent_link_segment
d_parent_426b1d307290,m_179bb7ba5d89,parent_link_segment
d_parent_1386049af666,m_513b9070750d,parent_link_segment
d_parent_84af44c48435,m_a7861a3a787d,parent_link_segment
d_parent_d5c369c5ca9c,m_943a13c3e14b,parent_link_segment
d_parent_ddc39d283a50,m_0ae3cdcca758,parent_link_segment
d_parent_e39587061dd3,m_23b15423919d,parent_link_segment
d_parent_484d1e862f90,m_ab28b9c824a9,parent_link_segment
d_parent_ef9a3f12ceae,m_b945c047ced9,parent_link_segment
d_parent_ff4082e31136,m_0b4afc6ae47c,parent_link_segment
d_parent_40bbe7d27243,m_200d579091bf,parent_link_segment
d_parent_4d245515238d,m_3ec99fb5f519,parent_link_segment
d_parent_4d245515238d,m_e110a69a87de,parent_link_segment
d_parent_001cc4c8043b,m_37b85444e8f7,parent_link_segment
d_parent_5f50223a0122,m_4e1b7b62d8d2,parent_link_segment
d_parent_d90ab75b00ce,m_0889967dbaf7,parent_link_segment
d_parent_923c8ba18066,m_08063a1f0c09,parent_link_segment
d_parent_33395abc4e71,m_7f6e0824c269,parent_link_segment
d_parent_33cabff5b820,m_83cf4e783a5a,parent_link_segment
d_parent_747f1270ab84,m_ad2371b3a8c5,parent_link_segment
d_parent_7fb73720446e,m_abc7eddea4e5,parent_link_segment
d_parent_6db1c1642580,m_17d1ab234e88,parent_link_segment
d_parent_8bb0fda5e8a9,m_39ee6957ba20,parent_link_segment
d_parent_9df1a4d4d409,m_d74d66d86e46,parent_link_segment
d_parent_297654799542,m_55674d1f4b45,parent_link_segment
d_parent_a57138c66e4d,m_045b10a86e04,parent_link_segment
d_parent_a57138c66e4d,m_68b25d23e0a8,parent_link_segment
d_parent_a57138c66e4d,m_e6e1017b0ebb,parent_link_segment
d_parent_4a8f35429efa,m_3d20d0d216b0,parent_link_segment
d_parent_6d1d83bcebe6,m_d0c478a8b3bb,parent_link_segment
d_parent_97292bd104df,m_5719aa42b551,parent_link_segment
d_parent_18169a8cf6b9,m_30ae0f6c46eb,parent_link_segment
d_parent_d9b402ed5fac,m_e72f92733856,parent_link_segment
d_parent_a736a8c09125,m_4d389a58a699,parent_link_segment
d_parent_64f515ba9369,m_e0da907bd35a,parent_link_segment
d_parent_9061f31bffb6,m_d51b30693847,parent_link_segment
d_parent_7a5a29866d42,m_e52f0195fb28,parent_link_segment
d_parent_cfeec69b5ed4,m_f64a0d54415e,parent_link_segment
d_parent_bd339e914ac8,m_7b6aac6dce88,parent_link_segment
d_parent_e7eaac20e25f,m_f96722b0a437,parent_link_segment
d_parent_a726f0f2cc6f,m_3632c3795dd1,parent_link_segment
d_parent_b1a62490b429,m_51810c961a6a,parent_link_segment
d_parent_277fef12d858,m_d40b9b445760,parent_link_segment
d_parent_277fef12d858,m_e70db0b1b398,parent_link_segment
d_parent_1b26b45d2351,m_cbc34ab8d1ac,parent_link_segment
d_parent_436259140a64,m_3df623989455,parent_link_segment
d_parent_39cffcff543b,m_408d1ce47d23,parent_link_segment
d_parent_7ee673d3341b,m_888eff8800b4,parent_link_segment
d_parent_37fb88041fae,m_b296bef22ee2,parent_link_segment
d_parent_37fb88041fae,m_6a36c4fce7c5,parent_link_segment
d_parent_8a4eae7a597d,m_48ea9be6dbeb,parent_link_segment
d_parent_8a4eae7a597d,m_1d3880d4efa3,parent_link_segment
d_parent_8a4eae7a597d,m_ff035a3da731,parent_link_segment
d_parent_8a4eae7a597d,m_ebc5e1b6632d,parent_link_segment
d_parent_5de6e8229286,m_9ce6fa2bd7e6,parent_link_segment
d_parent_c1bf7f375dcc,m_c998856f5609,parent_link_segment
d_parent_c1bf7f375dcc,m_f3d3618c4665,parent_link_segment
d_parent_3704f6a28d15,m_dfecbf9d1c6f,parent_link_segment
d_parent_7a539c4ee548,m_f3d3cea997bd,parent_link_segment
d_parent_8cf9a2544169,m_4c6840b181b6,parent_link_segment
d_parent_8cf9a2544169,m_bc74e275b5d5,parent_link_segment
d_parent_8cf9a2544169,m_43380f8cdb34,parent_link_segment
d_parent_8cf9a2544169,m_48309889222e,parent_link_segment
d_parent_8cf9a2544169,m_87281eff9fa6,parent_link_segment
d_parent_8cf9a2544169,m_1b86cb08a1f8,parent_link_segment
d_parent_8cf9a2544169,m_3d1028a17fc6,parent_link_segment
d_parent_06cb856210ba,m_868584e7269c,parent_link_segment
d_parent_06cb856210ba,m_3b9cdb13dfbb,parent_link_segment
d_parent_2b021522c523,m_8e0be1d80b78,parent_link_segment
d_parent_5cd508ff5ff2,m_42c4790a91ec,parent_link_segment
d_parent_436bbb45ce8c,m_fc348d250f8a,parent_link_segment
d_parent_25662ac5a6db,m_2b40ae323ede,parent_link_segment
d_parent_471daac298d7,m_9cc1b110bd9d,parent_link_segment
d_parent_dbc46a1cbfa7,m_002e5bda4854,parent_link_segment
d_parent_ce313568394b,m_fcd01b34deea,parent_link_segment
d_parent_9bba0892531f,m_460011065f4f,parent_link_segment
d_parent_58764a94ccd9,m_e2f70128e5d3,parent_link_segment
d_parent_2269a119d370,m_c9449ee992ba,parent_link_segment
d_parent_2269a119d370,m_6c4cd3f4e807,parent_link_segment
d_parent_ee79d0180adb,m_12bcedd45a01,parent_link_segment
d_parent_1b1acbf3c765,m_98e416462f44,parent_link_segment
d_parent_aeb51fe36285,m_85a36a75be32,parent_link_segment
d_parent_c2c3467578bc,m_f9ec4ad29199,parent_link_segment
d_parent_ca4504f98724,m_eba3c5094c57,parent_link_segment
d_parent_d96128c7b839,m_b3125b3158f5,parent_link_segment
d_parent_194e82f7c9f9,m_b2fc8035b0e4,parent_link_segment
d_parent_3d2048d551e1,m_608a899136c7,parent_link_segment
d_parent_6ee8049d0faa,m_951f6dc0250f,parent_link_segment
d_parent_6ee8049d0faa,m_acccb14bd2d5,parent_link_segment
d_parent_6ee8049d0faa,m_cffdbb20a1bb,parent_link_segment
d_parent_9093de486a49,m_999535782308,parent_link_segment
d_parent_53bc5b0c464f,m_beb650691043,parent_link_segment
d_parent_c4a8fdfdd0a7,m_abe54d07de2e,parent_link_segment
d_parent_651d00f58e94,m_92eaf0519dca,parent_link_segment
d_parent_dd115f20564f,m_2546d8e4384f,parent_link_segment
d_parent_dd115f20564f,m_ae6d5a005385,parent_link_segment
d_parent_dd115f20564f,m_8e63cf804394,parent_link_segment
d_parent_df4ec8fc0b97,m_f0e68d2c9984,parent_link_segment
d_parent_8116d69dcf25,m_24ce778b7d62,parent_link_segment
d_parent_df947022ebd2,m_aa99a8a8bc28,parent_link_segment
d_parent_df947022ebd2,m_195822a38cd0,parent_link_segment
d_parent_5b3b6446e302,m_8cb60e0e610f,parent_link_segment
d_parent_5b3b6446e302,m_c9ab83fc8e67,parent_link_segment
d_parent_fa3637f4a88b,m_8ff8e94c7062,parent_link_segment
d_parent_f4c46e40e6ea,m_8203222b3a22,parent_link_segment
d_parent_f4c46e40e6ea,m_99391a81a2b9,parent_link_segment
d_parent_0d48fe35439a,m_955cf573866c,parent_link_segment
d_parent_840e0ddf3d28,m_458c5e2ff941,parent_link_segment
d_parent_5d09f56888d2,m_391374c20bfb,parent_link_segment
d_parent_5d09f56888d2,m_ef0a84d23a3e,parent_link_segment
d_parent_490d1b0f17df,m_266d1f0d0160,parent_link_segment
d_parent_f418fcc85194,m_a1b48e1d1e83,parent_link_segment
d_parent_378d11ff77ff,m_38ccf9ddaafb,parent_link_segment
d_parent_3363aa43ed7b,m_b0c72ba0fb45,parent_link_segment
d_parent_e2317ae8a608,m_a4fd23d6fcc9,parent_link_segment
d_parent_1a8d9f8b2216,m_363eda322269,parent_link_segment
d_parent_f6b3806483ce,m_15a15e7f335b,parent_link_segment
d_parent_f6b3806483ce,m_0c8f59961d4e,parent_link_segment
d_parent_f6b3806483ce,m_20d45f54cd8e,parent_link_segment
d_parent_62940e66c2b7,m_c7835684afe4,parent_link_segment
d_parent_cd07a451c399,m_c74ec58088c8,parent_link_segment
d_parent_cd07a451c399,m_3d7b02370f0b,parent_link_segment
d_parent_073212f90789,m_33b205d43e64,parent_link_segment
d_parent_c646f8af1093,m_ca3ab260d092,parent_link_segment
d_parent_eb34b35e93d1,m_4a3bdda250e1,parent_link_segment
d_parent_82a11347adc4,m_4310c55a8b50,parent_link_segment
d_parent_22016c648ff6,m_c00c4e22e062,parent_link_segment
d_parent_22016c648ff6,m_6c7b302ed387,parent_link_segment
d_parent_22016c648ff6,m_b1884d705a83,parent_link_segment
d_parent_22016c648ff6,m_402b3a59ba4f,parent_link_segment
d_parent_22016c648ff6,m_d07fb2350d27,parent_link_segment
d_parent_d4eb1564b480,m_e648242a1f20,parent_link_segment
d_parent_9b77dd9cff96,m_07195aa1650a,parent_link_segment
d_parent_9b77dd9cff96,m_f2e5c1d12d47,parent_link_segment
d_parent_9b77dd9cff96,m_7ad613071470,parent_link_segment
d_parent_9b77dd9cff96,m_7d543eb45931,parent_link_segment
d_parent_15afa25a4c6e,m_68099092de11,parent_link_segment
d_parent_15afa25a4c6e,m_9b0415bbaf62,parent_link_segment
d_parent_33a43af7ee00,m_24275375ef02,parent_link_segment
d_parent_b4796cbcd31a,m_7d07c717d59f,parent_link_segment
d_parent_b7499649baa9,m_ddd5ee6865d5,parent_link_segment
d_parent_1f9f30a0db73,m_1b9d8080bfa5,parent_link_segment
d_parent_867e127da958,m_fd76977b69d2,parent_link_segment
d_parent_1981c482f83b,m_768d56576932,parent_link_segment
d_parent_8da5fa10e02a,m_dfd752a1936d,parent_link_segment
d_parent_4d1cf4e1ec81,m_42544b332a57,parent_link_segment
d_parent_541fa025f5ae,m_d670d224024b,parent_link_segment
d_parent_01df96ecf0ac,m_e10b829a7558,parent_link_segment
d_parent_01df96ecf0ac,m_46d68c364a46,parent_link_segment
d_parent_a718c314becb,m_fedae8026dab,parent_link_segment
d_parent_877195b444e8,m_4b2050ef22a6,parent_link_segment
d_parent_9a08e524241e,m_2d14a9a1172b,parent_link_segment
d_parent_49cda47bad44,m_b80d902b4220,parent_link_segment
d_parent_49cda47bad44,m_391f815197b6,parent_link_segment
d_parent_d484f1d74a3e,m_41d278498921,parent_link_segment
d_parent_0421863d3287,m_b618a8f4da49,parent_link_segment
d_parent_2935b0d9a2bd,m_c8d2e338bd35,parent_link_segment
d_parent_b28be7ac4e72,m_1bc4582c8d03,parent_link_segment
d_parent_bf3907d02b05,m_5216d3610b24,parent_link_segment
d_parent_1f1ea13014d5,m_e12a408d4581,parent_link_segment
d_parent_1f1ea13014d5,m_b06b58b0773d,parent_link_segment
d_parent_1f1ea13014d5,m_d6a4344a7693,parent_link_segment
d_parent_1f1ea13014d5,m_f49780e4c7cf,parent_link_segment
d_parent_a795bf2006f5,m_91fbd67915c2,parent_link_segment
d_parent_a795bf2006f5,m_98eeaca5f25d,parent_link_segment
d_parent_6e4d99006cd8,m_1eb982942d2c,parent_link_segment
d_parent_f54896357ccd,m_768d48f2200a,parent_link_segment
d_parent_f54896357ccd,m_59ad278dc64b,parent_link_segment
d_parent_f54896357ccd,m_a635ab2c3843,parent_link_segment
d_parent_93e1d1832362,m_35da8754aaf2,parent_link_segment
d_parent_93e1d1832362,m_999669f19d44,parent_link_segment
d_parent_cf6d5b3f1bf0,m_9ea409ce67bd,parent_link_segment
d_parent_6c6fac31d5ea,m_8e2ab01ac314,parent_link_segment
d_parent_959e14395f7b,m_9abcb8bb3c3d,parent_link_segment
d_parent_183a252473e9,m_0677f880730f,parent_link_segment
d_parent_183a252473e9,m_353a94603dbe,parent_link_segment
d_parent_e4f4954fc448,m_30e56ced4985,parent_link_segment
d_parent_e4f4954fc448,m_b0579911cc47,parent_link_segment
d_parent_96b365e4565f,m_ca64246d38e9,parent_link_segment
d_parent_19b81e1c93b6,m_1b06e7de2767,parent_link_segment
d_parent_4150c9780e46,m_0458e4209106,parent_link_segment
d_parent_4150c9780e46,m_b971d8f7658c,parent_link_segment
d_parent_5492e025eb40,m_ed6b4a5affbb,parent_link_segment
d_parent_0775ef12fa73,m_79bc7adc7edf,parent_link_segment
d_parent_1f2f05b55c7d,m_09a781c9f3fd,parent_link_segment
d_parent_cf938cf58004,m_e64fc0978ef5,parent_link_segment
d_parent_1e28dd544346,m_ed2627f74942,parent_link_segment
d_parent_856818d3a19a,m_24b24cdc22e6,parent_link_segment
d_parent_6f2febed1520,m_968e23c632fe,parent_link_segment
d_parent_1a8c26933bec,m_793c7173dec6,parent_link_segment
d_parent_ce8e70836487,m_38b05a349b3b,parent_link_segment
d_parent_7f128d838062,m_ed1ab449f5da,parent_link_segment
d_parent_ec8b9b6aea72,m_27f0a91006af,parent_link_segment
d_parent_1545daab6001,m_fa6a7321ad3a,parent_link_segment
d_parent_1545daab6001,m_361bf9dd2c11,parent_link_segment
d_parent_6b25bc5e3293,m_427db80f4711,parent_link_segment
d_parent_6b25bc5e3293,m_920bef90dd50,parent_link_segment
d_parent_6b25bc5e3293,m_c04cc448ca4a,parent_link_segment
d_parent_a02c1e7fee6a,m_f6a1986d4c4e,parent_link_segment
d_parent_7fdde0c785b0,m_ad4978b9706f,parent_link_segment
d_parent_4116698ed8cd,m_7ba9e267c75d,parent_link_segment
d_parent_932015d892e1,m_f65966741ff2,parent_link_segment
d_parent_a83cba1f77c9,m_66ad16991db5,parent_link_segment
d_parent_a83cba1f77c9,m_dcd8c9827f5a,parent_link_segment
d_parent_a83cba1f77c9,m_b345cecbb4c8,parent_link_segment
d_parent_a83cba1f77c9,m_dc186a387a19,parent_link_segment
d_parent_a83cba1f77c9,m_071c00a845b0,parent_link_segment
d_parent_35be96aacb6d,m_d33314fda5b2,parent_link_segment
d_parent_5b0ad9f45c8c,m_7d00fd9e40a3,parent_link_segment
d_parent_6fb2b5020caf,m_087be968e2dc,parent_link_segment
d_parent_6fb2b5020caf,m_519d00d7c712,parent_link_segment
d_parent_020a1440aa16,m_6f6a267ac140,parent_link_segment
d_parent_6c8bdb439fce,m_2b75574d6545,parent_link_segment
d_parent_81a349f7501d,m_ba92f350a5f6,parent_link_segment
d_parent_81a349f7501d,m_63696166ae19,parent_link_segment
d_parent_81a349f7501d,m_c3b131b08c83,parent_link_segment
d_parent_e575154f0ed9,m_61cacb88eabe,parent_link_segment
d_parent_b9cc1be43a59,m_5a6e42731946,parent_link_segment
d_parent_b9cc1be43a59,m_ad3ada26aa79,parent_link_segment
d_parent_b9cc1be43a59,m_835db926d6f9,parent_link_segment
d_parent_b9cc1be43a59,m_2df297622009,parent_link_segment
d_parent_b9cc1be43a59,m_919d658d5d0e,parent_link_segment
d_parent_b9cc1be43a59,m_b6983ac1316b,parent_link_segment
d_parent_b9cc1be43a59,m_a72c3126e8a8,parent_link_segment
d_parent_2cdbf24ee355,m_626871daa036,parent_link_segment
d_parent_2cdbf24ee355,m_6341ea975d13,parent_link_segment
d_parent_4a912117d298,m_ce8f4817b909,parent_link_segment
d_parent_e0ddd6e6015d,m_024313850c11,parent_link_segment
d_parent_e0ddd6e6015d,m_ab49a19a2487,parent_link_segment
d_parent_e0ddd6e6015d,m_d97580bb7217,parent_link_segment
d_parent_e0ddd6e6015d,m_6ac1396ad652,parent_link_segment
d_parent_e0ddd6e6015d,m_f90ef6113dc6,parent_link_segment
d_parent_f6a8b0660352,m_6940716916ac,parent_link_segment
d_parent_f6a8b0660352,m_bbc84da67f91,parent_link_segment
d_parent_cb742e63d901,m_f6b47ee09c23,parent_link_segment
d_parent_cb742e63d901,m_9112c8ee6e96,parent_link_segment
d_parent_cb742e63d901,m_7438b90375da,parent_link_segment
d_parent_cb742e63d901,m_48597253a708,parent_link_segment
d_parent_39c126016bb5,m_fc05c099c01c,parent_link_segment
d_parent_cab6517c9472,m_af1bf2265e8c,parent_link_segment
d_parent_686731046153,m_91ca3454ca3b,parent_link_segment
d_parent_7004a2ec3303,m_7a55d8022be8,parent_link_segment
d_parent_7004a2ec3303,m_c14b5d0a08a1,parent_link_segment
d_parent_97a07f28f7af,m_95a4b6574131,parent_link_segment
d_parent_f53e42c1a2d5,m_2f199317021a,parent_link_segment
d_parent_f53e42c1a2d5,m_f9c4615f1290,parent_link_segment
d_parent_f53e42c1a2d5,m_31ddb5ccb061,parent_link_segment
d_parent_cfa7b64615fa,m_099970eb631f,parent_link_segment
d_parent_b46512e54267,m_1093b128e2d7,parent_link_segment
d_parent_b46512e54267,m_c13cf68f042f,parent_link_segment
d_parent_b46512e54267,m_00646e870d18,parent_link_segment
d_parent_0cedce3d354c,m_d237b816aa38,parent_link_segment
d_parent_0cedce3d354c,m_85b79773d643,parent_link_segment
d_parent_1179d5775a52,m_497ce909bc88,parent_link_segment
d_parent_1179d5775a52,m_247c2ebf14a8,parent_link_segment
d_parent_1179d5775a52,m_20bb4b1e4a6d,parent_link_segment
d_parent_70a3fc6d4784,m_6ebdee4d8dd9,parent_link_segment
d_parent_04c1f9c36562,m_9c98ee11bc6a,parent_link_segment
d_parent_04c1f9c36562,m_f2a33f4810b0,parent_link_segment
d_parent_ef1a656de046,m_567b58dfd0b1,parent_link_segment
d_parent_ef1a656de046,m_9a3a0f3e24e2,parent_link_segment
d_parent_71ce488159d1,m_c191d5d96bc6,parent_link_segment
d_parent_4650e3f51d04,m_cc4ba314206f,parent_link_segment
d_parent_4a87f66e40c0,m_cd313cbd0421,parent_link_segment
d_parent_ac9216e07d51,m_75e01502a896,parent_link_segment
d_parent_33ec6c0d3094,m_bb5a6522d6e1,parent_link_segment
d_parent_7f0f7913c6f3,m_6a7ca022896a,parent_link_segment
d_parent_ec3a01c8d695,m_ac4bc2611da2,parent_link_segment
d_parent_c80c26a70674,m_c68c0eb3b48e,parent_link_segment
d_parent_c80c26a70674,m_7d472dfb57fe,parent_link_segment
d_parent_c80c26a70674,m_7fdab5d97343,parent_link_segment
d_parent_c80c26a70674,m_83097827e368,parent_link_segment
d_parent_d0dece511533,m_f3c719cc5c7b,parent_link_segment
d_parent_68af7174deaa,m_e5b937415223,parent_link_segment
d_parent_56a90b90dc2f,m_75c70e530ede,parent_link_segment
d_parent_56a90b90dc2f,m_0a71dac86485,parent_link_segment
d_parent_56a90b90dc2f,m_5d3a26cae8a1,parent_link_segment
d_parent_56a90b90dc2f,m_fa2393684057,parent_link_segment
d_parent_56a90b90dc2f,m_2503feb3e598,parent_link_segment
d_parent_fe1851639e0c,m_f8e763711767,parent_link_segment
d_parent_8783de58a54f,m_c8d5ab2a7074,parent_link_segment
d_parent_a3d7a2643bd5,m_b59419cdcffd,parent_link_segment
d_parent_ca6f13e492a3,m_2041892d64d0,parent_link_segment
d_parent_ca6f13e492a3,m_4d176a61331e,parent_link_segment
d_parent_06458672eebe,m_b151de3c3c12,parent_link_segment
d_parent_29e4992afc5f,m_3b94c13a9a92,parent_link_segment
d_parent_29e4992afc5f,m_f7ed539cae13,parent_link_segment
d_parent_29e4992afc5f,m_032c7cba9a02,parent_link_segment
d_parent_29e4992afc5f,m_02c51fd066f1,parent_link_segment
d_parent_29e4992afc5f,m_2c428416afdb,parent_link_segment
d_parent_29e4992afc5f,m_483301299d17,parent_link_segment
d_parent_29e4992afc5f,m_d0460205597b,parent_link_segment
d_parent_7f916bf586d4,m_bac85661528b,parent_link_segment
d_parent_7bc5508a285b,m_c727da85bcfb,parent_link_segment
d_parent_1166354129aa,m_c27a8cc53862,parent_link_segment
d_parent_1166354129aa,m_14aa96cfcb3a,parent_link_segment
d_parent_e00c961b7df9,m_6a38ed96d2a7,parent_link_segment
d_parent_c1d02ed0a853,m_02c8dc333d8b,parent_link_segment
d_parent_a5bd28aaab20,m_bf06c83043ff,parent_link_segment
d_parent_9fd3c91a733e,m_b359f2c3d344,parent_link_segment
d_parent_dd8160e8a2eb,m_7e2e93bafd87,parent_link_segment
d_parent_16b5090225b2,m_d905dd875aaf,parent_link_segment
d_parent_4326eea43b65,m_9fb208bd0f6c,parent_link_segment
d_parent_987872d4ac46,m_f325c501eb7d,parent_link_segment
d_parent_b9ead150d003,m_bf25473a314f,parent_link_segment
d_parent_c0f9206e46a7,m_c07f4d891d09,parent_link_segment
d_parent_a3ac920c0cc4,m_bfb98c8d0e0b,parent_link_segment
d_parent_13866c4d2edf,m_14137c218d6c,parent_link_segment
d_parent_49d42c6ed2e8,m_b93fa4cb2cc5,parent_link_segment
d_parent_a2dde5ce7302,m_865979474f7e,parent_link_segment
d_parent_6b5912a2e804,m_bc86aa5b537d,parent_link_segment
d_parent_6b5912a2e804,m_9e84ab02ab50,parent_link_segment
d_parent_6b5912a2e804,m_4df56d5ac50c,parent_link_segment
d_parent_20d8558e37b5,m_6a1d5859b1bd,parent_link_segment
d_parent_20d8558e37b5,m_6e0373140898,parent_link_segment
d_parent_20d8558e37b5,m_c71cb242dded,parent_link_segment
d_parent_051604626137,m_539e2233f1b1,parent_link_segment
d_parent_051604626137,m_24650fe38f13,parent_link_segment
d_parent_4bf4c8bda9fb,m_e70a8e0b6b8e,parent_link_segment
d_parent_05561b07b03d,m_c67b1042e708,parent_link_segment
d_parent_7e368104779d,m_4f7bc9a490e4,parent_link_segment
d_parent_a3435c13a2be,m_a7c2e7b8c678,parent_link_segment
d_parent_30eb3cfbdbc3,m_c8f4db695f47,parent_link_segment
d_parent_258e4a9d7647,m_9e935178c429,parent_link_segment
d_parent_4b1d32836f3d,m_69b21761c3f8,parent_link_segment
d_parent_65a232e19cce,m_435705c12b01,parent_link_segment
d_parent_77cd61e33726,m_e02d03027564,parent_link_segment
d_parent_77cd61e33726,m_e2aabc36e78d,parent_link_segment
d_parent_77cd61e33726,m_6f65a229953b,parent_link_segment
d_parent_35442318cb36,m_f2fe4f744bea,parent_link_segment
d_parent_35442318cb36,m_9ba3a3f9b9f1,parent_link_segment
d_parent_35442318cb36,m_8de88baa6747,parent_link_segment
d_parent_f2fc53848b73,m_b3d3a76eaf67,parent_link_segment
d_parent_f2fc53848b73,m_72455e438168,parent_link_segment
d_parent_ae94d75d885e,m_5cdb37fd1389,parent_link_segment
d_parent_73bb30e2f5c4,m_dd9d1bcd8002,parent_link_segment
d_parent_72a0c203ab13,m_4cc2bf21e3fc,parent_link_segment
d_parent_3e010de08c2f,m_1e7a3b5e2074,parent_link_segment
d_parent_35c7e6b4c722,m_8da8385544a6,parent_link_segment
d_parent_18b997bad9d4,m_573f9f7d28df,parent_link_segment
d_parent_f573c1b4702a,m_6663add6ff00,parent_link_segment
d_parent_69ff810ce5f7,m_db50d814b85b,parent_link_segment
d_parent_69ff810ce5f7,m_0345a590930f,parent_link_segment
d_parent_69ff810ce5f7,m_9a7fc6d2f019,parent_link_segment
d_parent_69ff810ce5f7,m_837428d582d2,parent_link_segment
d_parent_69ff810ce5f7,m_9a1b77f9092a,parent_link_segment
d_parent_69ff810ce5f7,m_e75326c97a8f,parent_link_segment
d_parent_69ff810ce5f7,m_bdc4c85fed6b,parent_link_segment
d_parent_ef25ecdac57e,m_aaa41669f10a,parent_link_segment
d_parent_0133af0d525a,m_9815b6978200,parent_link_segment
d_parent_ff0040d90f6a,m_6a129b0435fc,parent_link_segment
d_parent_302fd1b86a89,m_20a7ccba220d,parent_link_segment
d_parent_a3cf36da59cb,m_0557cee47527,parent_link_segment
d_parent_adcf75f75fa6,m_2a20c7173c54,parent_link_segment
d_parent_8df46846ba87,m_1fb5b7a72c52,parent_link_segment
d_parent_8df46846ba87,m_93a639126f84,parent_link_segment
d_parent_847f0e2f3ad7,m_7119ab51cf03,parent_link_segment
d_parent_6af46bcc0388,m_ac5f496b8519,parent_link_segment
d_parent_e0c1f9c99c91,m_f72fee76a862,parent_link_segment
d_parent_db5378198c43,m_da28442b8daf,parent_link_segment
d_parent_136f50b3aa25,m_e1fe790341e1,parent_link_segment
d_parent_136f50b3aa25,m_757439f41bf6,parent_link_segment
d_parent_136f50b3aa25,m_c10777c6e74c,parent_link_segment
d_parent_09094ee1f75b,m_1eac003670b7,parent_link_segment
d_parent_749ba3bd7410,m_a16f09478d7e,parent_link_segment
d_parent_fa5e1ec934f4,m_c80e03c40fbf,parent_link_segment
d_parent_98c4fcd1d5f4,m_9bc781865c18,parent_link_segment
d_parent_368516b2b5ed,m_e54a95da7d91,parent_link_segment
d_parent_b672fa167a3c,m_5d570633748a,parent_link_segment
d_parent_c93d06193ea4,m_91a11f82bfba,parent_link_segment
d_parent_2e56a8605890,m_30f8b5a64c40,parent_link_segment
d_parent_a46311b3c5f4,m_e43c53453f95,parent_link_segment
d_parent_a46311b3c5f4,m_4e630b765d33,parent_link_segment
d_parent_a46311b3c5f4,m_c5ad2d1dcd69,parent_link_segment
d_parent_a46311b3c5f4,m_3d4739717c4f,parent_link_segment
d_parent_a46311b3c5f4,m_3d1a94e0b027,parent_link_segment
d_parent_6aecff39532a,m_ff3535fb8357,parent_link_segment
d_parent_6aecff39532a,m_684f6a90d7c1,parent_link_segment
d_parent_c64f73e11b9a,m_e7c5b78d71d5,parent_link_segment
d_parent_75f0d837a449,m_3f84ea3552a9,parent_link_segment
d_parent_672ba41447bb,m_7257eccbfd93,parent_link_segment
d_parent_672ba41447bb,m_677d3a9d5f94,parent_link_segment
d_parent_672ba41447bb,m_26b4179d1800,parent_link_segment
d_parent_83dab28126d3,m_9d510eaec043,parent_link_segment
d_parent_91a06d92e0b4,m_abda409e0ad6,parent_link_segment
d_parent_559a8621f26e,m_f18ab0ff1365,parent_link_segment
d_parent_80a7eea31eec,m_964742fa8bd7,parent_link_segment
d_parent_80a7eea31eec,m_813770bf4cc8,parent_link_segment
d_parent_68fc27b0ef88,m_bedc7a3839c6,parent_link_segment
d_parent_91274b4373be,m_f1f414fe65c4,parent_link_segment
d_parent_881de46cfd87,m_c1ee56bb1b8f,parent_link_segment
d_parent_e4b357217e16,m_c3fad94c666b,parent_link_segment
d_parent_e4b357217e16,m_b45543314c56,parent_link_segment
d_parent_92fa17faa84a,m_ca22b2a226fe,parent_link_segment
d_parent_92fa17faa84a,m_48a7cb8c66a7,parent_link_segment
d_parent_5b6fe73fee4d,m_2f609b08e040,parent_link_segment
d_parent_38b96f917e6f,m_11fd882cc6ae,parent_link_segment
d_parent_e60a3c521e87,m_e8e43a517c88,parent_link_segment
d_parent_ac5d8c6617bd,m_645d835d75a5,parent_link_segment
d_parent_03135f3f74e7,m_f9849c024f02,parent_link_segment
d_parent_fc89879af449,m_b4a5ecb67637,parent_link_segment
d_parent_f35563e4a437,m_808257ed6fa5,parent_link_segment
d_parent_96d013b240fd,m_1819a981e1ff,parent_link_segment
d_parent_aaa6ec2fbf71,m_1ee07b9efa59,parent_link_segment
d_parent_aaa6ec2fbf71,m_40bbfbfa0ecd,parent_link_segment
d_parent_7d17282e5213,m_800baff1d2e1,parent_link_segment
d_parent_e1dd57042821,m_5545b4aad694,parent_link_segment
d_parent_b83714c0af0a,m_e686187961a4,parent_link_segment
d_parent_de6686a1532e,m_b510676573ed,parent_link_segment
d_parent_4aea51e350f5,m_1f067bc261f2,parent_link_segment
d_parent_eb743d65d6de,m_72a8e7db482f,parent_link_segment
d_parent_0f65ce973ba3,m_a175ff1ae313,parent_link_segment
d_parent_02fc8f6d5af0,m_38571eec3b13,parent_link_segment
d_parent_02fc8f6d5af0,m_528940fb331e,parent_link_segment
d_parent_02fc8f6d5af0,m_8f7d0efef09e,parent_link_segment
d_parent_b4a0ebf747e3,m_a249eb9f25e3,parent_link_segment
d_parent_b4a0ebf747e3,m_e74fc9d9a7f5,parent_link_segment
d_parent_0d3abcf65847,m_14988ed03f01,parent_link_segment
d_parent_b0c4a1c620ef,m_e927f10406e9,parent_link_segment
d_parent_b08aa5b37285,m_fafc06afc580,parent_link_segment
d_parent_e73a3e33f084,m_84cb0594ca39,parent_link_segment
d_parent_51ee8f62beb3,m_1a8a59cdac5c,parent_link_segment
d_parent_5021b3bb4cee,m_97499c10013b,parent_link_segment
d_parent_41c55b98462b,m_e24a3a11462d,parent_link_segment
d_parent_061f92c90b04,m_248fc52ce458,parent_link_segment
d_parent_4762de2fb7bb,m_327cdac1e64c,parent_link_segment
d_parent_6a83ddda5b8d,m_72b29d0af9ae,parent_link_segment
d_parent_6a83ddda5b8d,m_cb862ae25836,parent_link_segment
d_parent_39f5156116ea,m_ac94769ce748,parent_link_segment
d_parent_d52c1cee4844,m_39bec6ce75aa,parent_link_segment
d_parent_3182e3cfddf1,m_662a8a8111e7,parent_link_segment
d_parent_30d2f8f75de1,m_2caa124e5999,parent_link_segment
d_parent_ca3a59e07f04,m_cb5a48c1bc14,parent_link_segment
d_parent_cc5424766b85,m_b56458112140,parent_link_segment
d_parent_c3a84b486acd,m_5e22aad5c83a,parent_link_segment
d_parent_df3d8917047a,m_6b086837623c,parent_link_segment
d_parent_cf12566bf144,m_db29fca938e0,parent_link_segment
d_parent_5eb4cb1baac8,m_27d3d93cdd4d,parent_link_segment
d_parent_482c2aae2059,m_8246b54589a1,parent_link_segment
d_parent_ed018a2f887a,m_80224220ee42,parent_link_segment
d_parent_91ac889e647a,m_5e23c0d54ff7,parent_link_segment
d_parent_43e762ae7624,m_ddecbabb6b48,parent_link_segment
d_parent_e5e2cca22411,m_b4543a5b885b,parent_link_segment
d_parent_008872138a35,m_021733933378,parent_link_segment
d_parent_794c34343427,m_3ba87a512573,parent_link_segment
d_parent_794c34343427,m_3947919bd994,parent_link_segment
d_parent_f511fb149840,m_e943f026dab1,parent_link_segment
d_parent_dab6e52e882f,m_42e5fdf4027a,parent_link_segment
d_parent_2e7322d6f5cc,m_df734092b75a,parent_link_segment
d_parent_9a970b0b0850,m_f555bd7ea0da,parent_link_segment
d_parent_80fb27f8d62d,m_f7c05340cc7f,parent_link_segment
d_parent_3759f5d4c091,m_f46c26f40888,parent_link_segment
d_parent_46ded8eeccde,m_c8c236a36421,parent_link_segment
d_parent_d751fb198d53,m_ff700fc5c6f5,parent_link_segment
d_parent_6ab5866bd64b,m_6b41da0f6c17,parent_link_segment
d_parent_4e289be13143,m_a7e1f34de760,parent_link_segment
d_parent_d0a69964c875,m_a3afbf72bd1a,parent_link_segment
d_parent_6604b61d83bd,m_2a2362f4e31e,parent_link_segment
d_parent_14601a5be772,m_864995496608,parent_link_segment
d_parent_14601a5be772,m_fd608d24f5a2,parent_link_segment
d_parent_121ab67bdcb2,m_86917d2e9479,parent_link_segment
d_parent_d7d34d5f3658,m_5dffef8251d2,parent_link_segment
d_parent_1d0a0b2ff011,m_18a0416ae9b0,parent_link_segment
d_parent_c498026d8b7e,m_88250e06afe0,parent_link_segment
d_parent_7c97c2d1c0be,m_7a482b0c8df4,parent_link_segment
d_parent_68a1e6e27ce8,m_73fa55f2f105,parent_link_segment
d_parent_1294656dd940,m_a1bc05a6bd3e,parent_link_segment
d_parent_7eeea95b6396,m_a0ef8282b645,parent_link_segment
d_parent_69df1a9512e1,m_422ac2937751,parent_link_segment
d_parent_805e8986cef3,m_12d7417fd58a,parent_link_segment
d_parent_247c496baa18,m_812638c4396d,parent_link_segment
d_parent_040561b7fddd,m_8e121a39d681,parent_link_segment
d_parent_3b471390c359,m_d7839515255d,parent_link_segment
d_parent_d9d6080c55c3,m_b29a7794695b,parent_link_segment
d_parent_ab61e3db785d,m_068ab8db3f16,parent_link_segment
d_parent_f339e6388f7f,m_40726d7b39a8,parent_link_segment
d_parent_d34be926c5db,m_8284f321b27c,parent_link_segment
d_parent_396104077379,m_62b2516d6971,parent_link_segment
d_parent_61e5d500362e,m_e8a9e3748bb1,parent_link_segment
d_parent_421e70743408,m_9e784d162653,parent_link_segment
d_parent_45e52e7cbf2d,m_31d55d9a89e7,parent_link_segment
d_parent_45e52e7cbf2d,m_c4aa13751c79,parent_link_segment
d_parent_63f138502d99,m_b9697f2ecee3,parent_link_segment
d_parent_a3839c0dbf2c,m_816b4d04a671,parent_link_segment
d_parent_731874cd4736,m_f35ef5229304,parent_link_segment
d_parent_e36b099c3fa1,m_4b9682a9f575,parent_link_segment
d_parent_19cf72e72ad6,m_38f9e0d8c6bc,parent_link_segment
d_parent_52379eef1d2e,m_cc83e422a8a1,parent_link_segment
d_parent_f0c2028e8565,m_1e780e8df642,parent_link_segment
d_parent_b0f678cf605b,m_1f0fd8137c94,parent_link_segment
d_parent_1fd2f52447f5,m_77166518e204,parent_link_segment
d_parent_07c57d4f7560,m_d2174e5f3374,parent_link_segment
d_parent_885736e5209b,m_4316b052232e,parent_link_segment
d_parent_431b87d9e7bf,m_257791657bce,parent_link_segment
d_parent_2cf27d0404e3,m_2dc6c627e906,parent_link_segment
d_parent_584b0cd76f12,m_801411765dc5,parent_link_segment
d_parent_c380e186cdea,m_cf1dccabed22,parent_link_segment
d_parent_86197cba48c1,m_0c5b640df509,parent_link_segment
d_parent_321a9d4ccb19,m_cf9b40c8be5b,parent_link_segment
d_parent_4fed4001e160,m_0ee1084c03a0,parent_link_segment
d_parent_2eb5c3019f5f,m_bd4dead1771f,parent_link_segment
d_parent_369bab149e8c,m_45e741f05e61,parent_link_segment
d_parent_5c7d3ecefb90,m_aa7b0d20d9a1,parent_link_segment
d_parent_9b998a1d67d3,m_1a10b4108b25,parent_link_segment
d_parent_3eb29d396b42,m_5eec622cde92,parent_link_segment
d_parent_511f75b15049,m_f32bad3402aa,parent_link_segment
d_parent_5a20db83a819,m_598751dc6150,parent_link_segment
d_parent_9abde4263326,m_2aaaad05a191,parent_link_segment
d_parent_9d5c289f81fa,m_4e576f729720,parent_link_segment
d_parent_70225f754b3c,m_e22ce9021206,parent_link_segment
d_parent_13c14b74e82f,m_9b5b9deb6f39,parent_link_segment
d_parent_dda097362a31,m_6798dc0ae12a,parent_link_segment
d_parent_dda097362a31,m_3453b30e810c,parent_link_segment
d_parent_00521a197c98,m_bb76eb14675f,parent_link_segment
d_parent_89ad9602249b,m_eb90dae036c2,parent_link_segment
d_parent_89ad9602249b,m_9781787175b5,parent_link_segment
d_parent_89ad9602249b,m_0166b94c192f,parent_link_segment
d_parent_89ad9602249b,m_4e586ba644c1,parent_link_segment
d_parent_2f2a2d804e6c,m_97770ad8a518,parent_link_segment
d_parent_e202f329b2f2,m_9bd3e6e03aa1,parent_link_segment
d_parent_59f494df1db5,m_ece1cf2bf05d,parent_link_segment
d_parent_e49646820ea0,m_0342b8496b26,parent_link_segment
d_parent_ce2ff914b363,m_e96c23039d1c,parent_link_segment
d_parent_ce2ff914b363,m_f7ad131e3138,parent_link_segment
d_parent_ce2ff914b363,m_13a51fb07739,parent_link_segment
d_parent_363655c2cf9c,m_dcb73bae3e60,parent_link_segment
d_parent_363655c2cf9c,m_409df359845d,parent_link_segment
d_parent_6ab6b59f4458,m_cda7c30fe1b9,parent_link_segment
d_parent_6ab6b59f4458,m_82db6561f745,parent_link_segment
d_parent_bb31fa7b81f4,m_1e5147c56b59,parent_link_segment
d_parent_1806c16a14aa,m_e6ab25b1a291,parent_link_segment
d_parent_60e30d469ac3,m_2107f774131d,parent_link_segment
d_parent_6498a2f65029,m_24a96d60ee62,parent_link_segment
d_parent_08b18d495943,m_2a3c2ec07b6c,parent_link_segment
d_parent_08b18d495943,m_681a71c4bbc7,parent_link_segment
d_parent_08b18d495943,m_aa4d272d1858,parent_link_segment
d_parent_a701d2cf24c8,m_34fe7f130b04,parent_link_segment
d_parent_80ee3959f3f4,m_52af059848d5,parent_link_segment
d_parent_18851f4da2e4,m_af98553bb93b,parent_link_segment
d_parent_8ff12421f731,m_b7f07ae83796,parent_link_segment
d_parent_dfd919095af9,m_c89b5152c99a,parent_link_segment
d_parent_6fd8c8cc40e7,m_c7c444e9f1f3,parent_link_segment
d_parent_0f05255d19e5,m_5a7cb47e074e,parent_link_segment
d_parent_b313151b60f1,m_17bde7a594ca,parent_link_segment
d_parent_b313151b60f1,m_70c217a951cd,parent_link_segment
d_parent_b313151b60f1,m_289f0d808f21,parent_link_segment
d_parent_8faa68b88634,m_669ae3802789,parent_link_segment
d_parent_d020d3de499a,m_5c46b7be8c88,parent_link_segment
d_parent_cec6441dc041,m_dadf2c26fa29,parent_link_segment
d_parent_7983f493393e,m_cd97fed4c1a5,parent_link_segment
d_parent_8f99265583dc,m_93062f69d839,parent_link_segment
d_parent_8b1090738d9b,m_833370c41a50,parent_link_segment
d_parent_6d5a3ddfac7b,m_2d40ae2ea8ca,parent_link_segment
d_parent_551b5ab1bf22,m_73b93b35e2a2,parent_link_segment
d_parent_368ad4d182ab,m_d04eb22d2bd0,parent_link_segment
d_parent_97c21731c243,m_0e4960909602,parent_link_segment
d_parent_97c21731c243,m_f4313d0417f8,parent_link_segment
d_parent_46cdfd15126d,m_94239a6bb15f,parent_link_segment
d_parent_46cdfd15126d,m_4bbdf79f2231,parent_link_segment
d_parent_731b3a821315,m_83a780053791,parent_link_segment
d_parent_0e130e94b405,m_9ab324b99381,parent_link_segment
d_parent_c91836518fb2,m_56f7ea364854,parent_link_segment
d_parent_a1ee7c938468,m_9c180f3b1804,parent_link_segment
d_parent_4e1f2f65dfe8,m_f99a0ac2422b,parent_link_segment
d_parent_e10a2ee77e06,m_2f47c12e2e51,parent_link_segment
d_parent_bcdef2dc0931,m_a193c40a2bae,parent_link_segment
d_parent_941a641c5e2f,m_94bd392f5a87,parent_link_segment
d_parent_941a641c5e2f,m_9a99edeb02bf,parent_link_segment
d_parent_c81a584758d5,m_5d77f2d0eb94,parent_link_segment
d_parent_c81a584758d5,m_6abe1718bd4f,parent_link_segment
d_parent_c81a584758d5,m_a06f4a2b09b7,parent_link_segment
d_parent_9a7917b350d3,m_b41e02fdcc03,parent_link_segment
d_parent_151552a9ed0e,m_733fe1faeead,parent_link_segment
d_parent_7eb160f70bac,m_14b0bfbcf71a,parent_link_segment
d_parent_a79dbfbc1cb4,m_69f085cdda13,parent_link_segment
d_parent_678e31b13133,m_8d70b9f8c8e8,parent_link_segment
d_parent_ff6da5b84c78,m_947c11ab68eb,parent_link_segment
d_parent_ff6da5b84c78,m_7b913524323d,parent_link_segment
d_parent_a273eb896666,m_f3ca1074bc43,parent_link_segment
d_parent_a273eb896666,m_ddcbaca8a5f0,parent_link_segment
d_parent_5e09dc0ddb11,m_4d739c002daf,parent_link_segment
d_parent_dc2121d5dd46,m_7d8b6411b552,parent_link_segment
d_parent_77ff8dfdecc5,m_cef12008e23f,parent_link_segment
d_parent_bf622b788a7f,m_44e49a6b6adf,parent_link_segment
d_parent_03244c468eee,m_ee32fdfdff35,parent_link_segment
d_parent_7e9146a12fd7,m_a595290ffde2,parent_link_segment
d_parent_f8986c0b08cb,m_ee7195149ac0,parent_link_segment
d_parent_b0c587e8e35b,m_0c408f0f96e5,parent_link_segment
d_parent_81d8e7830d34,m_3fe13d0fb036,parent_link_segment
d_parent_296209527ea5,m_778c4ff10830,parent_link_segment
d_parent_2d7b67f05352,m_ad0fff3e0e9e,parent_link_segment
d_parent_2d7b67f05352,m_14b8bd9b6002,parent_link_segment
d_parent_cfa457667589,m_18cc098fb9d1,parent_link_segment
d_parent_9820689ae3c2,m_c8c50f81dc65,parent_link_segment
d_parent_72fecc891075,m_599b425e2865,parent_link_segment
d_parent_dffb819f638d,m_4a39c9cbd8d1,parent_link_segment
d_parent_f2e0a8eb3249,m_1a929581ce4a,parent_link_segment
d_parent_3c666bb72c31,m_91f137835249,parent_link_segment
d_parent_d6090669490c,m_8084784578a9,parent_link_segment
d_parent_f649215d8809,m_3df6b7d76778,parent_link_segment
d_parent_f649215d8809,m_0da2e43431f2,parent_link_segment
d_parent_dbd68d98eb50,m_5cb8e9b00ac0,parent_link_segment
d_parent_34f1445827cb,m_21bd3d7d38eb,parent_link_segment
d_parent_c555148780af,m_702106f748b1,parent_link_segment
d_parent_bf15d9b3eebb,m_85307f2f3715,parent_link_segment
d_parent_03847a4e6256,m_1646fa1609c2,parent_link_segment
d_parent_7ff8bf951140,m_1064db0b8c61,parent_link_segment
d_parent_6938183dd340,m_fe35ccad75da,parent_link_segment
d_parent_cf130d6f2b83,m_429a9a9091e7,parent_link_segment
d_parent_c4edd91a977f,m_3770a58bfe0c,parent_link_segment
d_parent_7f8c4f5321ed,m_8d5007245b76,parent_link_segment
d_parent_26a5fa9a1654,m_635095ab05f6,parent_link_segment
d_parent_5d6d010be7c9,m_3ea0034b14cd,parent_link_segment
d_parent_d873d3d5e185,m_95ba914ade1b,parent_link_segment
d_parent_e11bdc5a2102,m_b31fead79672,parent_link_segment
d_parent_3896e526c523,m_3b20b82c59ed,parent_link_segment
d_parent_0f2716a2bd6f,m_ed8f2c9cf2b8,parent_link_segment
d_parent_74bca910bfd5,m_5ceb123f0da6,parent_link_segment
d_parent_b3077f645e9f,m_141233f64fc7,parent_link_segment
d_parent_d95e48290279,m_d73bbd4ec813,parent_link_segment
d_parent_881d8fb05601,m_893fec71d238,parent_link_segment
d_parent_2ab0ba14e52d,m_57b37799fb70,parent_link_segment
d_parent_298bd0fe62f4,m_bb07f70278d5,parent_link_segment
d_parent_8676d4e27d1a,m_0388edc5862e,parent_link_segment
d_parent_77e42c46c1f8,m_c7a89042d9ce,parent_link_segment
d_parent_cb86eacfea69,m_3c5ec3a394be,parent_link_segment
d_parent_617ad220eed9,m_4dbe4af0688a,parent_link_segment
d_parent_98094da7ea6c,m_a6e8a3b78682,parent_link_segment
d_parent_beeabdc323f6,m_3a7d5fb7ecc1,parent_link_segment
d_parent_396ae4c4e6a8,m_3601e2029dab,parent_link_segment
d_parent_26da8be1e877,m_d56055709fc8,parent_link_segment
d_parent_01da7449705c,m_9174c39fc371,parent_link_segment
d_parent_b5d1c793363c,m_20050ec3a709,parent_link_segment
d_parent_b3a2602fb9d8,m_12202880aef4,parent_link_segment
d_parent_2c13f931b9b3,m_0392a6e67f6f,parent_link_segment
d_parent_7d599ae002f2,m_3c90758bc036,parent_link_segment
d_parent_836ed70bf3f0,m_c5d8859d3242,parent_link_segment
d_parent_6cb58d5b673c,m_5d7ff0823426,parent_link_segment
d_parent_bd1df3b43eef,m_f08f0a9c420e,parent_link_segment
d_parent_fb802e572592,m_e9acf4193b67,parent_link_segment
d_parent_29a9832b28f9,m_e7c59d8e9c9d,parent_link_segment
d_parent_887680314c84,m_4f2dc62306fc,parent_link_segment
d_parent_a30c57c2973c,m_5dc43025e54b,parent_link_segment
d_parent_da346531c3e4,m_75357462af7a,parent_link_segment
d_parent_309fe6e06c98,m_c45b4b6d457c,parent_link_segment
d_parent_2aa75111bde6,m_bc15a26c6028,parent_link_segment
d_parent_ee4ecd0eb914,m_a872422c75f2,parent_link_segment
d_parent_ee4ecd0eb914,m_34b4b5b4ca47,parent_link_segment
d_parent_ee4ecd0eb914,m_8858c0b5fd69,parent_link_segment
d_parent_b62b39122a72,m_9e0a2525d65e,parent_link_segment
d_parent_ec16f3918112,m_03db111ed10c,parent_link_segment
d_parent_ad697b5f69e2,m_ea196523e577,parent_link_segment
d_parent_05429945a188,m_28e50f521c2f,parent_link_segment
d_parent_f5301d729175,m_cafc464b3ab9,parent_link_segment
d_parent_b7e7c7f8481f,m_0b6c222e52ce,parent_link_segment
d_parent_354cc713c884,m_d5dfe49ad238,parent_link_segment
d_parent_d5d5101d9b00,m_0e979c9cb39c,parent_link_segment
d_parent_58477146bd22,m_cb8ca9b620d6,parent_link_segment
d_parent_d27de1ad5e71,m_3f55d6474a3b,parent_link_segment
d_parent_0eb7f731de0c,m_8f8e0237378f,parent_link_segment
d_parent_a5a70f92a817,m_ecabc72784d8,parent_link_segment
d_parent_35769b95edd5,m_b3eced790804,parent_link_segment
d_parent_f966751be3c4,m_8724b2ae5eae,parent_link_segment
d_parent_b7532fd7bae3,m_00676c4f8795,parent_link_segment
d_parent_9314d9642518,m_a76b375252f1,parent_link_segment
d_parent_8a4cbdba09b3,m_20edec44e931,parent_link_segment
d_parent_709f14cb1c2d,m_da5508dac120,parent_link_segment
d_parent_e8de8da51637,m_441b5797784d,parent_link_segment
d_parent_e8de8da51637,m_40ac502c17cc,parent_link_segment
d_parent_6d04932c4d77,m_98bf33f9fa5d,parent_link_segment
d_parent_6d04932c4d77,m_28143be962f8,parent_link_segment
d_parent_6d04932c4d77,m_8bda7d211109,parent_link_segment
d_parent_2e035e5f7724,m_3e91cd6e822c,parent_link_segment
d_parent_7c2cc6740ee4,m_dc55d788629c,parent_link_segment
d_parent_9fe0535e771c,m_b37fc2ca40c3,parent_link_segment
d_parent_9fe0535e771c,m_9600d99b3b05,parent_link_segment
d_parent_f3cde70c931a,m_6e265e6d0e95,parent_link_segment
d_parent_63bb6c0b253b,m_9b00962259d5,parent_link_segment
d_parent_10b37521686e,m_890f9d4b87b7,parent_link_segment
d_parent_de55b07f3e52,m_982366d894aa,parent_link_segment
d_parent_c44ef8d4f40a,m_d470d1d875ab,parent_link_segment
d_parent_6f43270321d6,m_5786e42737ec,parent_link_segment
d_parent_eb55396ecd0a,m_cb4507847bfd,parent_link_segment
d_parent_eb55396ecd0a,m_3b85d535641d,parent_link_segment
d_parent_d3f34d65acd6,m_43f616f32774,parent_link_segment
d_parent_25dd3a5cd558,m_5363bf78fd88,parent_link_segment
d_parent_f6c19de7ed55,m_a55d56e3541a,parent_link_segment
d_parent_7d2103c0a1b9,m_d8a81dfbc3ef,parent_link_segment
d_parent_7d2103c0a1b9,m_896e2953f0f6,parent_link_segment
d_parent_bd981b73b583,m_1eebe9ac8f98,parent_link_segment
d_parent_30a8ebd8bfb1,m_61452e6fb120,parent_link_segment
d_parent_30a8ebd8bfb1,m_d0237bb99719,parent_link_segment
d_parent_9db6b2ccf5e7,m_ad0c7d520d79,parent_link_segment
d_parent_9db6b2ccf5e7,m_4b8680f65319,parent_link_segment
d_parent_d4be75935206,m_01953ef03e8b,parent_link_segment
d_parent_c3a329775704,m_b61fabaebd76,parent_link_segment
d_parent_ebb48abf5b81,m_c95f368b7d1d,parent_link_segment
d_parent_54690ea7b414,m_d0984ab53731,parent_link_segment
d_parent_d14104dd8e2d,m_f81a86854af4,parent_link_segment
d_parent_b963cb87d140,m_725af3670339,parent_link_segment
d_parent_0ed816167952,m_664e33fe3df0,parent_link_segment
d_parent_2365c3a15da2,m_65eb6ca47259,parent_link_segment
d_parent_5bf1fb1eb4a0,m_c3faf258f7e5,parent_link_segment
d_parent_c9b002adaa2d,m_dca5e567b7a6,parent_link_segment
d_parent_58332de2e4c3,m_2b343393398f,parent_link_segment
d_parent_58332de2e4c3,m_90e4b38f8e2c,parent_link_segment
d_parent_d246e8ad3327,m_12ef0fabddc3,parent_link_segment
d_parent_4acc19476254,m_78ef37584ba8,parent_link_segment
d_parent_9004363fa661,m_1fc94c89319f,parent_link_segment
d_parent_665d600e579b,m_065b923d200b,parent_link_segment
d_parent_074a543d20de,m_b13506eebf48,parent_link_segment
d_parent_074a543d20de,m_684248257441,parent_link_segment
d_parent_074a543d20de,m_fd9bd7bfb1ab,parent_link_segment
d_parent_074a543d20de,m_c89b5ef4002d,parent_link_segment
d_parent_803ad9c31245,m_e0fdad89b625,parent_link_segment
d_parent_bd99940ee3b6,m_82142b051941,parent_link_segment
d_parent_f5d3e17c6831,m_4a2c14d9f0ee,parent_link_segment
d_parent_4f6acebf8706,m_a5e7da4bb95a,parent_link_segment
d_parent_0640fc3ce635,m_291a22b1a3c6,parent_link_segment
d_parent_551d6adbb0f1,m_05ffa56d4784,parent_link_segment
d_parent_551d6adbb0f1,m_ce00b960219c,parent_link_segment
d_parent_a7009f653f54,m_ed56275076ec,parent_link_segment
d_parent_e31cc818605c,m_c1a7a0fc31cc,parent_link_segment
d_parent_f2aa9e469092,m_03340df769d3,parent_link_segment
d_parent_2eb8c8706ad1,m_79b44e207cfc,parent_link_segment
d_parent_f3366f1d7070,m_f181a9dc405e,parent_link_segment
d_parent_2fc7ad648e4f,m_537780d26584,parent_link_segment
d_parent_31e31ec57f52,m_35b040c22924,parent_link_segment
d_parent_a726ee1c44d4,m_36f01782ad85,parent_link_segment
d_parent_012f7aef049d,m_4b3dc453031b,parent_link_segment
d_parent_012f7aef049d,m_674a3a0b33c1,parent_link_segment
d_parent_b4ed7afc5552,m_97202a803850,parent_link_segment
d_parent_b4ed7afc5552,m_cc7b33ae784e,parent_link_segment
d_parent_b4ed7afc5552,m_dd2d814e6ece,parent_link_segment
d_parent_b4ed7afc5552,m_b108a31faf87,parent_link_segment
d_parent_e37c5d78fdf1,m_7c08ef314a68,parent_link_segment
d_parent_21885d94245c,m_d1b1b056e9ff,parent_link_segment
d_parent_21885d94245c,m_07f94f2b6592,parent_link_segment
d_parent_6a698218e6a6,m_25f601477d05,parent_link_segment
d_parent_6a698218e6a6,m_48d6f84861bc,parent_link_segment
d_parent_230ff13b6537,m_da1b7cd60fd3,parent_link_segment
d_parent_71a053ca2128,m_3267a37949ac,parent_link_segment
d_parent_3648b6547884,m_3b5cda7182cb,parent_link_segment
d_parent_f3dda6f3b5d7,m_0fd383afdd65,parent_link_segment
d_parent_f3dda6f3b5d7,m_15d01138e291,parent_link_segment
d_parent_f37c4d72baef,m_7737423c9c52,parent_link_segment
d_parent_78516b302e47,m_b2028421343e,parent_link_segment
d_parent_0cb9e2a5c5fb,m_2d0b7cc4eaf6,parent_link_segment
d_parent_b6eeccefda75,m_875462273f47,parent_link_segment
d_parent_08edf7169f74,m_746180815f04,parent_link_segment
d_parent_91b974a1a3d6,m_db7761319e40,parent_link_segment
d_parent_e063b5bdc6d0,m_31be48d121dc,parent_link_segment
d_parent_e063b5bdc6d0,m_d12e25a4f65d,parent_link_segment
d_parent_3d8d500c7f6e,m_199c6c0b9f4f,parent_link_segment
d_parent_fe28825734d0,m_c1a469bf411a,parent_link_segment
d_parent_1bdc717c1559,m_6f070e6ee92a,parent_link_segment
d_parent_6199969a3b9b,m_e2bb7c0d9697,parent_link_segment
d_parent_6199969a3b9b,m_057ae2a69f39,parent_link_segment
d_parent_56d383a76329,m_f9e6da9c1847,parent_link_segment
d_parent_1144e7d5cddb,m_ba69ec5499f0,parent_link_segment
d_parent_1144e7d5cddb,m_35a337944159,parent_link_segment
d_parent_1c6a03890a55,m_f0d5a6dd0be3,parent_link_segment
d_parent_3d2c0d25076a,m_25822bdd1c44,parent_link_segment
d_parent_2e73cc98e2e7,m_17e742d37578,parent_link_segment
d_parent_42121c54a87c,m_85a39cd61115,parent_link_segment
d_parent_ef8206a1fa31,m_ce95a9e5e58a,parent_link_segment
d_parent_5170d7c12658,m_616b9be80503,parent_link_segment
d_parent_c06e07d7a555,m_2109cc129f07,parent_link_segment
d_parent_0b74a5ef0a77,m_9c8bd6b1b963,parent_link_segment
d_parent_fde5b2db78c7,m_f1b7bc409b0b,parent_link_segment
d_parent_309792915994,m_ce667dbce3e9,parent_link_segment
d_parent_309792915994,m_bbd86efb6435,parent_link_segment
d_parent_69e48fec895e,m_e7031f36a15a,parent_link_segment
d_parent_eda01c7d02e7,m_1a1f7c331090,parent_link_segment
d_parent_d10df4c932f0,m_d92f01faa2eb,parent_link_segment
d_parent_316dd3c00c48,m_2d552cfe39db,parent_link_segment
d_parent_286ba41289c4,m_53fee11904fe,parent_link_segment
d_parent_df4d69b6e74a,m_2891079cab4e,parent_link_segment
d_parent_befa8cf02b3d,m_336cdb85b3bb,parent_link_segment
d_parent_118964309eb9,m_000324c14026,parent_link_segment
d_parent_63d7ae552a17,m_7af8c2624950,parent_link_segment
d_parent_13e662a8e10b,m_958590fb04f2,parent_link_segment
d_parent_13e662a8e10b,m_1925c8d5669a,parent_link_segment
d_parent_f37dafcfaab2,m_e73992cdd415,parent_link_segment
d_parent_7047db8fbee3,m_c722b7ba5831,parent_link_segment
d_parent_f6d39f2ce636,m_02284e22310b,parent_link_segment
d_parent_78eb3302eb94,m_e710828c9990,parent_link_segment
d_parent_6f4896b9abbe,m_494fefb95282,parent_link_segment
d_parent_17cd0053ffd8,m_614b70856ea8,parent_link_segment
d_parent_0ffe31737295,m_52dc1d83e1f3,parent_link_segment
d_parent_ff40ec4e141e,m_8ea3f5f25d50,parent_link_segment
d_parent_ff40ec4e141e,m_7a0fbf4cdc81,parent_link_segment
d_parent_ff40ec4e141e,m_85f3a35e6980,parent_link_segment
d_parent_03e435b7a33b,m_c7419fbcd736,parent_link_segment
d_parent_8c6d32060ef7,m_f5b7e386f819,parent_link_segment
d_parent_8c6d32060ef7,m_3fcb0e54263c,parent_link_segment
d_parent_8c6d32060ef7,m_871fc3bb6f59,parent_link_segment
d_parent_8c6d32060ef7,m_c73c2861fe7d,parent_link_segment
d_parent_099a0419d2f2,m_192dc6f7a0dd,parent_link_segment
d_parent_481319535d3d,m_c7126dfbceb1,parent_link_segment
d_parent_04ed2b6e6d06,m_740fd6456e01,parent_link_segment
d_parent_b8b30aa0003e,m_488b299f3138,parent_link_segment
d_parent_f96b2776b449,m_32a56da48c1b,parent_link_segment
d_parent_57cf74a16a0a,m_70632bbd7588,parent_link_segment
d_parent_562e5547f6a0,m_1a5a72b6c647,parent_link_segment
d_parent_96838c56caa3,m_291100e622c3,parent_link_segment
d_parent_7a549f3a8bd2,m_16ad2bf595e0,parent_link_segment
d_parent_a3a04f3541e6,m_00c6451b5c68,parent_link_segment
d_parent_d61c3a5b1a46,m_1af4ebabc3bd,parent_link_segment
d_parent_d61c3a5b1a46,m_71712457c76f,parent_link_segment
d_parent_d61c3a5b1a46,m_2f954923a7e0,parent_link_segment
d_parent_d61c3a5b1a46,m_817f5a1bcd9e,parent_link_segment
d_parent_d61c3a5b1a46,m_e197e937d10a,parent_link_segment
d_parent_d61c3a5b1a46,m_b196dc308b0b,parent_link_segment
d_parent_d61c3a5b1a46,m_945385f16976,parent_link_segment
d_parent_e5e55a398e80,m_f8e19e09f6cf,parent_link_segment
d_parent_5f695075bfac,m_b2a12ddef28f,parent_link_segment
d_parent_5f695075bfac,m_b5b3fec3e6cf,parent_link_segment
d_parent_13b5efbfbf9f,m_2a7481175ee8,parent_link_segment
d_parent_7eb1aafcc7c9,m_3b8eb1e901ca,parent_link_segment
d_parent_89c836b8aed4,m_8864f0273101,parent_link_segment
d_parent_2b0aa05aee9d,m_d45167eea064,parent_link_segment
d_parent_47005bb91968,m_5a2d6f378a1b,parent_link_segment
d_parent_70b8bca0329b,m_d4e8e9228076,parent_link_segment
d_parent_9af19dca6b40,m_13a6f6a680f2,parent_link_segment
d_parent_6bb156b41b05,m_164ed7dcc9a1,parent_link_segment
d_parent_6bb156b41b05,m_883b8af43e3d,parent_link_segment
d_parent_6bb156b41b05,m_8c34d0b28bf2,parent_link_segment
d_parent_6bb156b41b05,m_055f1dfec3fd,parent_link_segment
d_parent_363a4e2205ff,m_6a6f4b968270,parent_link_segment
d_parent_9919720ba311,m_c10c50d0cb9b,parent_link_segment
d_parent_000fc452ae7e,m_bcc37456305b,parent_link_segment
d_parent_714585490ecc,m_19d6aad33df9,parent_link_segment
d_parent_064a3447410c,m_05606af3842e,parent_link_segment
d_parent_064a3447410c,m_d11034ab6706,parent_link_segment
d_parent_16a30d61f986,m_6d3dc92a50a4,parent_link_segment
d_parent_ce9babbdd199,m_1507baf3a0a7,parent_link_segment
d_parent_ce9babbdd199,m_36f4a79627cb,parent_link_segment
d_parent_a341ad525652,m_ef80db793982,parent_link_segment
d_parent_b4bde9fe9510,m_57deda044954,parent_link_segment
d_parent_3d552ebcad91,m_af8bca1dd413,parent_link_segment
d_parent_9910011eb82c,m_11325b7dc0d8,parent_link_segment
d_parent_9910011eb82c,m_d27b55c1be4f,parent_link_segment
d_parent_6c809d0b766d,m_b7ca570dec09,parent_link_segment
d_parent_6c809d0b766d,m_e37d52ef8c47,parent_link_segment
d_parent_3f2ecd05285f,m_c79544f121aa,parent_link_segment
d_parent_3f2ecd05285f,m_ab6a0c777f82,parent_link_segment
d_parent_3f2ecd05285f,m_fbb708af177a,parent_link_segment
d_parent_55f3c5d2862f,m_2bfc5e2e2e10,parent_link_segment
d_parent_235bb4e22c18,m_098205197f15,parent_link_segment
d_parent_235bb4e22c18,m_c2635192195b,parent_link_segment
d_parent_235bb4e22c18,m_9726c6e44c9a,parent_link_segment
d_parent_25ce12af3e3e,m_b974e8293a07,parent_link_segment
d_parent_51d557e6fd45,m_ec400602efcd,parent_link_segment
d_parent_51d557e6fd45,m_7bb4054e4bd6,parent_link_segment
d_parent_67e177e00f72,m_76f1fd178108,parent_link_segment
d_parent_34b8014f441c,m_ed2eab4f8aa2,parent_link_segment
d_parent_34b8014f441c,m_316fab2d275a,parent_link_segment
d_parent_34b8014f441c,m_de5bccd62e80,parent_link_segment
d_parent_329538680819,m_0df6f8791e0b,parent_link_segment
d_parent_329538680819,m_6e4cfc33395b,parent_link_segment
d_parent_888e21ef33f9,m_bede209d9db3,parent_link_segment
d_parent_99107aa9cf09,m_ae262e519388,parent_link_segment
d_parent_1807a153c5ba,m_481d93448f17,parent_link_segment
d_parent_787a6e22c5ca,m_4cb6e7fc85df,parent_link_segment
d_parent_322c6c5395ac,m_e5c6cb4707bb,parent_link_segment
d_parent_24316f204d9e,m_945516856ae3,parent_link_segment
d_parent_f15050efd869,m_b49559fea2eb,parent_link_segment
d_parent_5a7dbfb94309,m_54772864b1e4,parent_link_segment
d_parent_e3393d6f7406,m_80ccae67df56,parent_link_segment
d_parent_198fcc7c8acd,m_54453f431964,parent_link_segment
d_parent_10f0a12db07e,m_e326df841f99,parent_link_segment
d_parent_6c356bc43246,m_16016dfdc6cf,parent_link_segment
d_parent_6c356bc43246,m_bfed470eb36b,parent_link_segment
d_parent_328d1149a13f,m_e5bd3ffb0439,parent_link_segment
d_parent_958e4dde26d1,m_456748f216ae,parent_link_segment
d_parent_809f4058ce1b,m_724e79a3494f,parent_link_segment
d_parent_8accf264034e,m_393fb2ee3c2a,parent_link_segment
d_parent_e565ff2ee949,m_8baf292c490f,parent_link_segment
d_parent_de1dfbc561dc,m_54cd8b7c0ef6,parent_link_segment
d_parent_3bd1f290f920,m_50fad2f7248b,parent_link_segment
d_parent_488a31690d6d,m_ac7e834147ba,parent_link_segment
d_parent_ea04671ff37c,m_7724e8767079,parent_link_segment
d_parent_ea04671ff37c,m_a7c5236de756,parent_link_segment
d_parent_7d9de17b2989,m_7df04068b9cf,parent_link_segment
d_parent_4c4e80b65615,m_8fab7b306898,parent_link_segment
d_parent_ad5a4df9e045,m_2e7d0f45bfef,parent_link_segment
d_parent_53848a995ed9,m_71cc0c744359,parent_link_segment
d_parent_8348418505a7,m_04e2513848da,parent_link_segment
d_parent_7f49bed52061,m_d18fdae66d4c,parent_link_segment
d_parent_fdc9a8e520c5,m_063cd14c6d66,parent_link_segment
d_parent_10c01975dfe7,m_8b1cc05cc7b9,parent_link_segment
d_parent_10c01975dfe7,m_0290390b2949,parent_link_segment
d_parent_10c01975dfe7,m_8b25b1e45f04,parent_link_segment
d_parent_995477ae937b,m_f632dc6c6674,parent_link_segment
d_parent_1ea65296c21f,m_4b7411b5b798,parent_link_segment
d_parent_28221d595ca0,m_95f74e71cdd5,parent_link_segment
d_parent_28221d595ca0,m_e648792bb354,parent_link_segment
d_parent_616301e42fc3,m_9ca578d26801,parent_link_segment
d_parent_40d9ea96f210,m_db449fedd021,parent_link_segment
d_parent_e674634e4fba,m_8d435ba1412a,parent_link_segment
d_parent_23525555f6b0,m_0be5e966c221,parent_link_segment
d_parent_2588d04205be,m_9f1a38d33446,parent_link_segment
d_parent_2588d04205be,m_34df2e4b6b45,parent_link_segment
d_parent_8c9269aff745,m_ff8b998fc48f,parent_link_segment
d_parent_6778f840b0f6,m_c24faec53a0f,parent_link_segment
d_parent_6778f840b0f6,m_cc7933e14476,parent_link_segment
d_parent_a5dd4e7b3acc,m_90c18fdee66f,parent_link_segment
d_parent_a5dd4e7b3acc,m_4571defa830d,parent_link_segment
d_parent_04f44b35b688,m_d00b0b25cc3e,parent_link_segment
d_parent_c0af17bdbf91,m_6e40f2ba3839,parent_link_segment
d_parent_3560bd2b445a,m_db48beb26394,parent_link_segment
d_parent_3560bd2b445a,m_abe2061808f4,parent_link_segment
d_parent_3560bd2b445a,m_4522c66eeb57,parent_link_segment
d_parent_3560bd2b445a,m_f426d96773b4,parent_link_segment
d_parent_d82eaf0ce711,m_4dd8c72b7f92,parent_link_segment
d_parent_d82eaf0ce711,m_67abc4bc1b7e,parent_link_segment
d_parent_d82eaf0ce711,m_ee4c8c3dd7bc,parent_link_segment
d_parent_5dd2a223512a,m_d06632108455,parent_link_segment
d_parent_5dd2a223512a,m_3ab93d0be3dd,parent_link_segment
d_parent_db0c6719e2a1,m_8350a3e53d5a,parent_link_segment
d_parent_1abd92b535a6,m_2e58c3380ec4,parent_link_segment
d_parent_a05c3cc00fb8,m_e5c6d1938140,parent_link_segment
d_parent_a05c3cc00fb8,m_bd868b3235c2,parent_link_segment
d_parent_309cf906ffb0,m_166c30bbe816,parent_link_segment
d_parent_b5c9870588c0,m_ff1df5d67550,parent_link_segment
d_parent_b5c9870588c0,m_26e7e410dc2e,parent_link_segment
d_parent_a73170435d06,m_f8e2094fb812,parent_link_segment
d_parent_2741f1581952,m_90a947bd97d0,parent_link_segment
d_parent_ea38d641017f,m_b3e7d8678d9c,parent_link_segment
d_parent_ea38d641017f,m_5351218cffea,parent_link_segment
d_parent_ea38d641017f,m_b6fe6d76427c,parent_link_segment
d_parent_ea38d641017f,m_252f8b5c256a,parent_link_segment
d_parent_ea38d641017f,m_b1908192cb1b,parent_link_segment
d_parent_803afccd7a71,m_36b6101cba9b,parent_link_segment
d_parent_09e008ded57f,m_ad19ea03f55d,parent_link_segment
d_parent_09e008ded57f,m_bce0e1976f58,parent_link_segment
d_parent_09e008ded57f,m_5791919f24b1,parent_link_segment
d_parent_09e008ded57f,m_c1611b46c40f,parent_link_segment
d_parent_54d59950cfc7,m_59b525b3308c,parent_link_segment
d_parent_54d59950cfc7,m_2629dc1ceecb,parent_link_segment
d_parent_54d59950cfc7,m_b6a37257a5b2,parent_link_segment
d_parent_bccfad26c3d9,m_35534827988f,parent_link_segment
d_parent_bccfad26c3d9,m_e377d6e019c9,parent_link_segment
d_parent_20d0605f2aa7,m_c891c322382f,parent_link_segment
d_parent_014ed8b55868,m_3579e23bef67,parent_link_segment
d_parent_c207a2441156,m_1feecc7e03ae,parent_link_segment
d_parent_ed2e3c5f1988,m_01d904de1fcb,parent_link_segment
d_parent_ed2e3c5f1988,m_3fa843591ce4,parent_link_segment
d_parent_8b6f147fd279,m_1aad127bb4fb,parent_link_segment
d_parent_f005fb6bd1e4,m_055d2971bdfd,parent_link_segment
d_parent_b470e1acf3e1,m_0148ebf8206a,parent_link_segment
d_parent_69d1bf0f07ea,m_a4660cc10d40,parent_link_segment
d_parent_0e93060e9954,m_49f7cd819183,parent_link_segment
d_parent_0e93060e9954,m_456d0261375f,parent_link_segment
d_parent_0e93060e9954,m_dd8654017d61,parent_link_segment
d_parent_d273fe7ba061,m_875988873885,parent_link_segment
d_parent_8e9fd1058fef,m_639d77373586,parent_link_segment
d_parent_b64fe791cf4c,m_14169768da31,parent_link_segment
d_parent_7f76b36267d6,m_ecf55779491c,parent_link_segment
d_parent_a59dc6b35c7c,m_264a7c169cff,parent_link_segment
d_parent_8c08e30e91ef,m_db2053abba3b,parent_link_segment
d_parent_22a9b418ef0d,m_f85d41cb17b6,parent_link_segment
d_parent_e761f00c045e,m_024ade26b7c1,parent_link_segment
d_parent_0032296dea92,m_0439c372474b,parent_link_segment
d_parent_ded18a71b9d6,m_0c3c54743099,parent_link_segment
d_parent_64371620d464,m_8e37880dee08,parent_link_segment
d_parent_0c4656b47e5d,m_72416b3d0503,parent_link_segment
d_parent_0c4656b47e5d,m_e4d39629e145,parent_link_segment
d_parent_3e3da6b2fe89,m_2feb650187de,parent_link_segment
d_parent_24027ae47a21,m_06cfdae40653,parent_link_segment
d_parent_5a255e5d2164,m_fb2b2ddf0289,parent_link_segment
d_parent_e8d6addfcfd5,m_25defb866dae,parent_link_segment
d_parent_9a7217868381,m_7c9fa4bcaf1f,parent_link_segment
d_parent_ecd630095963,m_c05c4a712156,parent_link_segment
d_parent_87ef82381661,m_fbbda9ce4256,parent_link_segment
d_parent_61da99ee2d32,m_db314613b06e,parent_link_segment
d_parent_61da99ee2d32,m_941d825350e8,parent_link_segment
d_parent_12812ad1692c,m_0b370703abf2,parent_link_segment
d_parent_1d0305f1dfa9,m_3d0ff2c7797a,parent_link_segment
d_parent_8c621232c256,m_ea150e24d0fd,parent_link_segment
d_parent_8c621232c256,m_4b01702722bc,parent_link_segment
d_parent_f6dc6458aeff,m_d2bc91ff1c89,parent_link_segment
d_parent_f6dc6458aeff,m_32de592f51dd,parent_link_segment
d_parent_dfb8c038fa0b,m_5a97b4c29fe5,parent_link_segment
d_parent_e4460487f0dd,m_978e1c5e3e35,parent_link_segment
d_parent_e4460487f0dd,m_a71c3267f742,parent_link_segment
d_parent_00ab320ce9e2,m_1296592d0010,parent_link_segment
d_parent_d3350b65bdf8,m_cd463068205e,parent_link_segment
d_parent_12ebfee2598c,m_9d84b1e4481b,parent_link_segment
d_parent_a30fcadb7053,m_16afef787e8c,parent_link_segment
d_parent_891324c8035d,m_8823aa52acfc,parent_link_segment
d_parent_4183901b4809,m_328f30086f06,parent_link_segment
d_parent_7860605ff20d,m_7e2d86760fbb,parent_link_segment
d_parent_a3b13881ba71,m_1489e234331e,parent_link_segment
d_parent_a3b13881ba71,m_273b6844d259,parent_link_segment
d_parent_889af6ed6bae,m_a0342e33b3cd,parent_link_segment
d_parent_f4cc2ac33c1c,m_4fc21eccaad9,parent_link_segment
d_parent_de91c1f3bee2,m_98e5ae652d21,parent_link_segment
d_parent_031d21e8055d,m_1b48ee3feb2b,parent_link_segment
d_parent_031d21e8055d,m_d05e8a4c2486,parent_link_segment
d_parent_031d21e8055d,m_47702c2e1e73,parent_link_segment
d_parent_969faf6e6620,m_f6b0dbe84f29,parent_link_segment
d_parent_c957357b8fe1,m_b6d7eb84f1f9,parent_link_segment
d_parent_ea8ce7710fa4,m_f9b051ae8363,parent_link_segment
d_parent_ea8ce7710fa4,m_1cc2faac4e04,parent_link_segment
d_parent_ea8ce7710fa4,m_8fe59bd3a844,parent_link_segment
d_parent_ff31f5534969,m_86cffb176f06,parent_link_segment
d_parent_f1974e4b7105,m_3c457363c547,parent_link_segment
d_parent_6c7661ba170a,m_3c2359e450ff,parent_link_segment
d_parent_6c7661ba170a,m_114eae76ee29,parent_link_segment
d_parent_f22bda385acf,m_f1e818995337,parent_link_segment
d_parent_f22bda385acf,m_76af28093a05,parent_link_segment
d_parent_2bd92da4c043,m_a2193312fc0c,parent_link_segment
d_parent_ba2565abaceb,m_055adcddef4d,parent_link_segment
d_parent_0bf91a4218da,m_20b5b8742c3a,parent_link_segment
d_parent_dcd29d3b47a8,m_11b3952f34c0,parent_link_segment
d_parent_dcd29d3b47a8,m_223a071b2c62,parent_link_segment
d_parent_dcd29d3b47a8,m_c8082c15d6c2,parent_link_segment
d_parent_849fee0b3a54,m_e3d3a30c50f0,parent_link_segment
d_parent_849fee0b3a54,m_2fad02a3ec42,parent_link_segment
d_parent_849fee0b3a54,m_2f9048b2e1e7,parent_link_segment
d_parent_3c88a57dbf14,m_57d4f9d9742c,parent_link_segment
d_parent_f5db1daaec13,m_d751776447ad,parent_link_segment
d_parent_5f4a4bcacc39,m_5159f7b79cdc,parent_link_segment
d_parent_9e789340f323,m_10e4d2efb48c,parent_link_segment
d_parent_c2917b3ee5fc,m_6a83ce9c0209,parent_link_segment
d_parent_23ca81002250,m_59e3b92a2867,parent_link_segment
d_parent_23ca81002250,m_fd3a71c47407,parent_link_segment
d_parent_8f08491df875,m_6befa7550aab,parent_link_segment
d_parent_bcd7f731d3aa,m_baf58dba2d13,parent_link_segment
d_parent_bcd7f731d3aa,m_3186e35408bf,parent_link_segment
d_parent_3db016333b55,m_2b3b9b83f553,parent_link_segment
d_parent_7e6a829a11bf,m_f538e6cbe3b5,parent_link_segment
d_parent_7e6a829a11bf,m_a09f5f4ddc0e,parent_link_segment
d_parent_7e6a829a11bf,m_83147fa43db0,parent_link_segment
d_parent_c8f26fb6451a,m_2bb4440b9b9a,parent_link_segment
d_parent_c8f26fb6451a,m_b5fd2d1bfa50,parent_link_segment
d_parent_8dd130f181a8,m_73a09223ecb5,parent_link_segment
d_parent_8dd130f181a8,m_3112536177a9,parent_link_segment
d_parent_ba721f32eaf6,m_d93e0a90cbcc,parent_link_segment
d_parent_f897d11624f1,m_7959527772c3,parent_link_segment
d_parent_9af2af7ad405,m_84133f2959ed,parent_link_segment
d_parent_9af2af7ad405,m_16c80672a573,parent_link_segment
d_parent_9af2af7ad405,m_db6d67b56350,parent_link_segment
d_parent_9af2af7ad405,m_ffe84a5f1554,parent_link_segment
d_parent_d331d8d0fa10,m_7b8fe1f5cf75,parent_link_segment
d_parent_0f72dec9ff33,m_044650078cdb,parent_link_segment
d_parent_c453e101a99a,m_6e8772e9e02f,parent_link_segment
d_parent_c453e101a99a,m_fea9ff4353b2,parent_link_segment
d_parent_1d105c58c7b9,m_448d3b9102cb,parent_link_segment
d_parent_6d8874191af1,m_2e9b61802f85,parent_link_segment
d_parent_54ed7ebef385,m_a27887a61bbe,parent_link_segment
d_parent_2596a23b1082,m_f2aea6369023,parent_link_segment
d_parent_2a03f80af7df,m_ed8a7d73c56f,parent_link_segment
d_parent_a0ed4023ee36,m_da8fae21f8bb,parent_link_segment
d_parent_28c78044d55f,m_98655c8bf0ce,parent_link_segment
d_parent_f801de6f44ec,m_07ef922361d9,parent_link_segment
d_parent_c2ea0d1d125f,m_8231fe74fd45,parent_link_segment
d_parent_bb230b2ef8b0,m_e602f12d4091,parent_link_segment
d_parent_bb230b2ef8b0,m_3bb3903cef2f,parent_link_segment
d_parent_bb230b2ef8b0,m_9b08e17cc872,parent_link_segment
d_parent_bb230b2ef8b0,m_e95eadad1764,parent_link_segment
d_parent_bb230b2ef8b0,m_21542b7e0f9e,parent_link_segment
d_parent_bb230b2ef8b0,m_e5692ffa8e30,parent_link_segment
d_parent_bb230b2ef8b0,m_249b2b9653e5,parent_link_segment
d_parent_6af58f4ad571,m_7c601a815df3,parent_link_segment
d_parent_6af58f4ad571,m_e9e02104b960,parent_link_segment
d_parent_900c99a23799,m_310b2c5a414e,parent_link_segment
d_parent_d319b6049225,m_de81753411fb,parent_link_segment
d_parent_d319b6049225,m_db2b87d83679,parent_link_segment
d_parent_79c102a9fe10,m_3ed4c8fd2f36,parent_link_segment
d_parent_21a9a5118399,m_0f739516853e,parent_link_segment
d_parent_21a9a5118399,m_5e3237fa815b,parent_link_segment
d_parent_cf55d4d9851e,m_b7ee2bbd038f,parent_link_segment
d_parent_a70efd9739d9,m_1490bf0a44e5,parent_link_segment
d_parent_daf3559f5684,m_39b51f24d2b4,parent_link_segment
d_parent_1514aaf870e1,m_c199f53084f7,parent_link_segment
d_parent_3b82ac2c743e,m_a3bc00a60bd1,parent_link_segment
d_parent_08847812e29e,m_dae7b58ca97c,parent_link_segment
d_parent_82fd0e81233f,m_db3fcf4a62d5,parent_link_segment
d_parent_3faccb89e795,m_5780a98419d9,parent_link_segment
d_parent_ff249307224f,m_547042bb5327,parent_link_segment
d_parent_41812c7189f7,m_51e03ef98e82,parent_link_segment
d_parent_1541ecb7aa41,m_b00903c7185b,parent_link_segment
d_parent_9f4ecdd59dca,m_fa7310c7c541,parent_link_segment
d_parent_44821f0f3c21,m_5bfdf77169a8,parent_link_segment
d_parent_44cb834e73a8,m_be9fad386310,parent_link_segment
d_parent_2a5e88d58f9b,m_cdb11dfdf515,parent_link_segment
d_parent_498ebfbdc0a8,m_35b522073f22,parent_link_segment
d_parent_4af44f319448,m_405e1fadbb1d,parent_link_segment
d_parent_db3bed209b93,m_a81e11ff2557,parent_link_segment
d_parent_db3bed209b93,m_1c7bb212cf89,parent_link_segment
d_parent_69e0e5fabf61,m_bc6d478b7823,parent_link_segment
d_parent_69e0e5fabf61,m_e3364f30775a,parent_link_segment
d_parent_4d910306ea00,m_0222872c9142,parent_link_segment
d_parent_e43e4b6904ed,m_0330c1ff0272,parent_link_segment
d_parent_d1a63dd36656,m_8f6492cf8fc4,parent_link_segment
d_parent_e4f9f3243833,m_97d6b8d61ea2,parent_link_segment
d_parent_c86b6bf4e011,m_140f21940a70,parent_link_segment
d_parent_61cb15ee0677,m_317026252f34,parent_link_segment
d_parent_fff44fbc968a,m_48628efca1c7,parent_link_segment
d_parent_86871d9a7e18,m_b1c113073efa,parent_link_segment
d_parent_7afd329c1bcf,m_5b7caca374a9,parent_link_segment
d_parent_0d4c1e981e05,m_130bb68f3f27,parent_link_segment
d_parent_859e48597bae,m_91d9e3d570c2,parent_link_segment
d_parent_2fd06664d9e5,m_c9acffc19c1a,parent_link_segment
d_parent_42ff37e9002b,m_d0d67e392303,parent_link_segment
d_parent_765280aac86c,m_9cf79365b8c5,parent_link_segment
d_parent_a911f846447b,m_2a5c185a8f71,parent_link_segment
d_parent_a911f846447b,m_126f69e2c380,parent_link_segment
d_parent_ff222c6bf81c,m_1d737447afd1,parent_link_segment
d_parent_e27ed8b1a667,m_aa0f5af6a483,parent_link_segment
d_parent_e27ed8b1a667,m_c8413f33ccdb,parent_link_segment
d_parent_90ff43c7afdb,m_77fef362bd79,parent_link_segment
d_parent_59e882e2b14e,m_aca28dfba275,parent_link_segment
d_parent_59e882e2b14e,m_d85b5944e27b,parent_link_segment
d_parent_5492f717320f,m_a885f9b81ebc,parent_link_segment
d_parent_9b56922a5321,m_a46d80fdc24d,parent_link_segment
d_parent_f8b21256cd9b,m_26420b6760dd,parent_link_segment
d_parent_2de5fe1ad87c,m_7b2c229f9284,parent_link_segment
d_parent_703c945c80ea,m_6f060b18f954,parent_link_segment
d_parent_eca66f77afd3,m_2d5dd6f5111b,parent_link_segment
d_parent_f8aff50d8cca,m_7ad4822df8c7,parent_link_segment
d_parent_50f0bc1e80fc,m_2a51834ecc78,parent_link_segment
d_parent_e432735122ce,m_6f47cfa47b41,parent_link_segment
d_parent_4917ba63c96a,m_428e96b4c0b0,parent_link_segment
d_parent_9b9077934500,m_3f562083c456,parent_link_segment
d_parent_6a1b7d404fb4,m_a0d897b1b0b9,parent_link_segment
d_parent_673b1e8b8276,m_aa435fbb46b9,parent_link_segment
d_parent_32718d048930,m_100617def850,parent_link_segment
d_parent_c621918dcab6,m_fef80b20d10b,parent_link_segment
d_parent_93c0b8dceb6f,m_5e9b90afe47a,parent_link_segment
d_parent_044126d99a05,m_cc6886552ea2,parent_link_segment
d_parent_77d2c8bd29ce,m_163a3db3bed9,parent_link_segment
d_parent_e9403d230fcf,m_5619ca53e953,parent_link_segment
d_parent_ae45ec277aea,m_3b72970664e6,parent_link_segment
d_parent_abcad2c25d13,m_19666e404dbf,parent_link_segment
d_parent_474989b497af,m_d1997e38ad25,parent_link_segment
d_parent_8ac56289064d,m_242d491a3bca,parent_link_segment
d_parent_0ee5ee7587da,m_557b0da8897b,parent_link_segment
d_parent_8c73cb7b977f,m_2dc1bd3910a5,parent_link_segment
d_parent_febb416b08e4,m_ff17f3830de8,parent_link_segment
d_parent_013fd45b5c6b,m_04d2e9f96021,parent_link_segment
d_parent_7de646039ae3,m_6934623a0da7,parent_link_segment
d_parent_b4a960ada568,m_d230f44e2ecf,parent_link_segment
d_parent_391084e6772a,m_abd21a59adb5,parent_link_segment
d_parent_bcaad43e4d4f,m_794d2931a67c,parent_link_segment
d_parent_56a8b2c8d27e,m_1377ff9a0fb2,parent_link_segment
d_parent_60d98ea71595,m_ff9459295a18,parent_link_segment
d_parent_45290f6d1cb1,m_561a6452f32a,parent_link_segment
d_parent_c615096c7fc0,m_9b94adc94a19,parent_link_segment
d_parent_b62d2fb6fe10,m_597df3935941,parent_link_segment
d_parent_cf68b099a112,m_9a232651d571,parent_link_segment
d_parent_437455c39a7a,m_396acde5697e,parent_link_segment
d_parent_378c607f46cd,m_16555f503596,parent_link_segment
d_parent_8c2aba2bbf6f,m_e78a203852ba,parent_link_segment
d_parent_3c8201b02d06,m_632f61e492a6,parent_link_segment
d_parent_18c83fc497e3,m_ba3842e79957,parent_link_segment
d_parent_38531fcd9693,m_f0f5a061a506,parent_link_segment
d_parent_d5a88ad694b3,m_15f083493f92,parent_link_segment
d_parent_ad881815b318,m_1609f1419a7c,parent_link_segment
d_parent_2b46cc1c1c3b,m_f2b1c8d420ed,parent_link_segment
d_parent_da3fc5df4d6f,m_afe4c9a1f913,parent_link_segment
d_parent_764ac33bc512,m_7bbc55fec6ee,parent_link_segment
d_parent_622d2f3639e4,m_3df68d9f8503,parent_link_segment
d_parent_f0472b984684,m_4405b9aba8c5,parent_link_segment
d_parent_1f5987b396d5,m_32f1040b86fa,parent_link_segment
d_parent_239d201f3b0b,m_c3ff2a4075f9,parent_link_segment
d_parent_d0373fb656fa,m_9ec2ccee8eb6,parent_link_segment
d_parent_d4ff2877c1b7,m_2814415b3cba,parent_link_segment
d_parent_3a096a0b4d63,m_13a0ea66cdcc,parent_link_segment
d_parent_629a233bf768,m_b74fd5a21224,parent_link_segment
d_parent_780e8f148846,m_9dfe6437fb4f,parent_link_segment
d_parent_2aaa6b165009,m_07895a8ab282,parent_link_segment
d_parent_549c896c8d7d,m_3f30cb196ddb,parent_link_segment
d_parent_adbfdcd5bda1,m_d01d1ae4074b,parent_link_segment
d_parent_0c6838a99c3b,m_c8a66472c30e,parent_link_segment
d_parent_988b7eee0649,m_21f98e7ec3d8,parent_link_segment
d_parent_31dc828d7370,m_e83e2e78d05c,parent_link_segment
d_parent_111d9e0a8583,m_36f631378a32,parent_link_segment
d_parent_9796c150ec3e,m_55ed1351495c,parent_link_segment
d_parent_5ce74ff9c659,m_a0b0827321de,parent_link_segment
d_parent_5ce74ff9c659,m_0bd345d11877,parent_link_segment
d_parent_80cc6a955bab,m_21ec80525922,parent_link_segment
d_parent_5e16aa3d7a61,m_856e868a7387,parent_link_segment
d_parent_1aa5003dadac,m_7d8d8a923ca6,parent_link_segment
d_parent_5f2ec46b2249,m_d98839be9a19,parent_link_segment
d_parent_b9383406011a,m_f06ad8bbea4e,parent_link_segment
d_parent_8ac2f24514b0,m_c98a0c00fc1e,parent_link_segment
d_parent_fbb11770becd,m_61a89a60bab8,parent_link_segment
d_parent_63be63cb0a7a,m_7368c3a9ef2c,parent_link_segment
d_parent_412a2d39989d,m_680494568a27,parent_link_segment
d_parent_1a404a03275d,m_3abd12f5b3e6,parent_link_segment
d_parent_e18c49c43ec4,m_6d66385782b3,parent_link_segment
d_parent_e18c49c43ec4,m_7a4d5b930be5,parent_link_segment
d_parent_877a720ed7c9,m_c6dd88954d53,parent_link_segment
d_parent_ea1696cbf7ba,m_9590c05893ad,parent_link_segment
d_parent_a07fbcdfd967,m_0de03e3af8a3,parent_link_segment
d_parent_4545dd4daa4d,m_f84626569e84,parent_link_segment
d_parent_070d92ce2f32,m_2cc5b65eb082,parent_link_segment
d_parent_c9385e948804,m_32ae9c63f87e,parent_link_segment
d_parent_c14118dbf5d9,m_6bfa8f22d3f8,parent_link_segment
d_parent_c14118dbf5d9,m_fa2a3b7da32f,parent_link_segment
d_parent_c14118dbf5d9,m_dae066a3b20e,parent_link_segment
d_parent_c14118dbf5d9,m_d5e898bca444,parent_link_segment
d_parent_c14118dbf5d9,m_bb2ecbbeec3e,parent_link_segment
d_parent_5e924f73da4c,m_712e6be36ed7,parent_link_segment
d_parent_f9b9ddf95b6f,m_e5b0d0bba6a7,parent_link_segment
d_parent_f467788d2eb9,m_e273cbc131f7,parent_link_segment
d_parent_f467788d2eb9,m_2ccae590e8c4,parent_link_segment
d_parent_a5f3833f76cf,m_555d62a30f82,parent_link_segment
d_parent_a5f3833f76cf,m_4758738598a5,parent_link_segment
d_parent_a5f3833f76cf,m_c28822b4222b,parent_link_segment
d_parent_cec6932d45b8,m_7cf775ead80b,parent_link_segment
d_parent_202ed3ac497d,m_892a56bed66c,parent_link_segment
d_parent_223e1820724d,m_c8f891caf037,parent_link_segment
d_parent_46ee8ab0968e,m_215cfa2a35e6,parent_link_segment
d_parent_4356a2fab168,m_67d520f66beb,parent_link_segment
d_parent_6b7f23d3d00d,m_9c14417e48f9,parent_link_segment
d_parent_6b7f23d3d00d,m_c4882a40ee92,parent_link_segment
d_parent_25d61183377d,m_839b3288c93f,parent_link_segment
d_parent_070b84620163,m_d4fca41b2350,parent_link_segment
d_parent_7199c79e2bfa,m_f988d9d54c7a,parent_link_segment
d_parent_3c8be7d8925e,m_6a5ee9c08961,parent_link_segment
d_parent_682d36022c07,m_75a953ac211c,parent_link_segment
d_parent_ff5eaca10bbc,m_bfebfbe2986a,parent_link_segment
d_parent_e765cef22e65,m_d3e9345bbea1,parent_link_segment
d_parent_eb307f565242,m_89642e33fa23,parent_link_segment
d_parent_1b9db323b465,m_803f76b9af42,parent_link_segment
d_parent_1b9db323b465,m_e1ac7bdf2a0a,parent_link_segment
d_parent_9dc8557340f9,m_4d343862e86d,parent_link_segment
d_parent_6efb765b8d1a,m_2966278c3f76,parent_link_segment
d_parent_c82563263c80,m_ae2cfa9d4d09,parent_link_segment
d_parent_ceba71aed534,m_4d0345f7555e,parent_link_segment
d_parent_c9bafdb09dcd,m_e6b3a78f8cf0,parent_link_segment
d_parent_4ee41e566985,m_bc3a93e80f54,parent_link_segment
d_parent_4ee41e566985,m_a260e772e0c1,parent_link_segment
d_parent_4ee41e566985,m_3f456c849a1d,parent_link_segment
d_parent_4ee41e566985,m_715c71325ad5,parent_link_segment
d_parent_4ee41e566985,m_9b9f51f04883,parent_link_segment
d_parent_4ee41e566985,m_c3ff3df8ad7a,parent_link_segment
d_parent_efd2fab9c934,m_35549934d5d7,parent_link_segment
d_parent_7791cf8f1f86,m_ae14042ebed8,parent_link_segment
d_parent_be46c960838e,m_6c86da8cbb12,parent_link_segment
d_parent_b1edaadcee83,m_49b0ecada954,parent_link_segment
d_parent_cd29686a7599,m_1158a426ade6,parent_link_segment
d_parent_d20a6790c595,m_9054ff8f538a,parent_link_segment
d_parent_d20a6790c595,m_183b8731a6aa,parent_link_segment
d_parent_d20a6790c595,m_c9d597d7e646,parent_link_segment
d_parent_d20a6790c595,m_28354e534205,parent_link_segment
d_parent_d20a6790c595,m_b3f92f63493d,parent_link_segment
d_parent_51fef40edc0a,m_727f7ef01a54,parent_link_segment
d_parent_51fef40edc0a,m_31402550edaa,parent_link_segment
d_parent_19eb3e261091,m_d966fe93520d,parent_link_segment
d_parent_0186e0546806,m_caf8315d9399,parent_link_segment
d_parent_3d9032d2289a,m_ebb78b7111b4,parent_link_segment
d_parent_a012fc3eb21c,m_a2d1cec5b6fa,parent_link_segment
d_parent_e948f9d956fd,m_e96ef3566f9a,parent_link_segment
d_parent_9525ede46882,m_a1fa10b66440,parent_link_segment
d_parent_1c0302c3f4df,m_7ce230acf540,parent_link_segment
d_parent_9a51b5ad3852,m_f3137fbb76bb,parent_link_segment
d_parent_51567e9369c5,m_20ee04ea3b71,parent_link_segment
d_parent_adbf9acdef4a,m_8c82faa8991a,parent_link_segment
d_parent_b0fc64181466,m_a1a64a0abb08,parent_link_segment
d_parent_a7adf5bb998a,m_fae63a841e64,parent_link_segment
d_parent_78fe479b1e1c,m_8635f9fdf843,parent_link_segment
d_parent_2b76b7837716,m_e35f104afa56,parent_link_segment
d_parent_6de1a369e2ff,m_f1e0d89f52c9,parent_link_segment
d_parent_dc1245467ec2,m_b51f500f7d2b,parent_link_segment
d_parent_aa9ad5350c2d,m_7de2ccf68d64,parent_link_segment
d_parent_8cf3a9ba8cba,m_5595592d6ebf,parent_link_segment
d_parent_2f06372e775a,m_ef8dca762f3c,parent_link_segment
d_parent_635f7ae32714,m_e5daf34a53ed,parent_link_segment
d_parent_8225d129fd70,m_36e2550485b6,parent_link_segment
d_parent_bbba05676e03,m_49c7e8c8ddb9,parent_link_segment
d_parent_362fa77904ed,m_f7f28cfc9f32,parent_link_segment
d_parent_b7f5a8fffebb,m_e83d314fc950,parent_link_segment
d_parent_5744ddeb9741,m_d80f18408c8e,parent_link_segment
d_parent_5e55a05c94bc,m_83dc84026937,parent_link_segment
d_parent_17b341179234,m_934bc55dc83e,parent_link_segment
d_parent_8b5abb06123b,m_71d954a7c1b6,parent_link_segment
d_parent_10b7065e9b64,m_58416decfd5d,parent_link_segment
d_parent_62d543261472,m_acd43594650b,parent_link_segment
d_parent_574b13ffc5c0,m_d9d3d5070403,parent_link_segment
d_parent_082a5f584a9e,m_9345d3f8ea9a,parent_link_segment
d_parent_6f5ad6271689,m_7d9a47ccfe37,parent_link_segment
d_parent_4ec95b07f854,m_79b42dbfcf06,parent_link_segment
d_parent_04d4b0e40d23,m_f3682f4ce266,parent_link_segment
d_parent_7fb51953f113,m_c9d93b948a18,parent_link_segment
d_parent_f125a8fa0742,m_f339ce19b887,parent_link_segment
d_parent_0565ef4b64c7,m_08d3e19af23c,parent_link_segment
d_parent_fc966ba4aa40,m_14f15aadc114,parent_link_segment
d_parent_e35e4823b618,m_6ffbe250b3c4,parent_link_segment
d_parent_e35e4823b618,m_fcb2fd1327d5,parent_link_segment
d_parent_9b03ced05647,m_4957d80b4491,parent_link_segment
d_parent_c7d3e1415c83,m_5b602614359f,parent_link_segment
d_parent_7bfb88890092,m_ac4285a03c56,parent_link_segment
d_parent_c8dc466bf7da,m_22684f879023,parent_link_segment
d_parent_b81f367a8c32,m_98b769f23ba5,parent_link_segment
d_parent_053eb9e90082,m_ca5ba1815525,parent_link_segment
d_parent_053eb9e90082,m_f755783851e1,parent_link_segment
d_parent_fd0e404fba39,m_4fe41d16638f,parent_link_segment
d_parent_264a021b2ed9,m_afc14836ea66,parent_link_segment
d_parent_96704e71b574,m_18fb3b58fc9a,parent_link_segment
d_parent_13ef138f5ab6,m_5964d8f9dc3e,parent_link_segment
d_parent_0ccc12617ceb,m_b24f70c91902,parent_link_segment
d_parent_73b84185a30b,m_ee8b5fe2869c,parent_link_segment
d_parent_da62757de53a,m_5e35498099de,parent_link_segment
d_parent_702be04843c0,m_7552f8590576,parent_link_segment
d_parent_84902fd0a888,m_07119d202a35,parent_link_segment
d_parent_75fc4470fb3e,m_1fda6d5616d3,parent_link_segment
d_parent_75fc4470fb3e,m_0334da79b910,parent_link_segment
d_parent_9ec132e0f703,m_db7b7964d7a3,parent_link_segment
d_parent_11b98121eaed,m_46af24d2a135,parent_link_segment
d_parent_d5cc9dbc1a86,m_14e8b6fa6fb9,parent_link_segment
d_parent_639b2c0aeccb,m_d98431a1b4d9,parent_link_segment
d_parent_a05be3a117b5,m_52daf481bcbb,parent_link_segment
d_parent_d44e180ea235,m_0b00496a619a,parent_link_segment
d_parent_c2b9d0737736,m_f4a376cfb5e9,parent_link_segment
d_parent_41003d2c7ead,m_5ed8c1c0a8e5,parent_link_segment
d_parent_fb4c5bf505b3,m_26f43c820551,parent_link_segment
d_parent_09531453d455,m_1044409f2464,parent_link_segment
d_parent_00f3fae50689,m_20ff1edf276b,parent_link_segment
d_parent_138160b485ce,m_e3e313eff430,parent_link_segment
d_parent_3040705b2fef,m_158234f78c3a,parent_link_segment
d_parent_d88fd235e7f2,m_8c838c441451,parent_link_segment
d_parent_d88fd235e7f2,m_dcb25f1a9351,parent_link_segment
d_parent_9c8352d2cdb2,m_1ed3f9ace25d,parent_link_segment
d_parent_c58326ee2e5f,m_466c2e66b1e4,parent_link_segment
d_parent_c58326ee2e5f,m_cf09e24f94ec,parent_link_segment
d_parent_016a26c38e2d,m_54d44974dad1,parent_link_segment
d_parent_785bc29d1f68,m_1b2667de26cf,parent_link_segment
d_parent_fee96ccebed8,m_e2f83ebcd04c,parent_link_segment
d_parent_e295cbab678e,m_2ef69c2801b1,parent_link_segment
d_parent_7233f54f29a2,m_5cd4a0e18334,parent_link_segment
d_parent_0198551cd7a7,m_8cec6ce75576,parent_link_segment
d_parent_7aac60c4d364,m_b715c11fe685,parent_link_segment
d_parent_7aac60c4d364,m_3b9b72b4f304,parent_link_segment
d_parent_4c8153fed350,m_b62359af5a46,parent_link_segment
d_parent_27c0b1431d6e,m_749f095a34cb,parent_link_segment
d_parent_fdb5936a5bfd,m_8b404f6676b0,parent_link_segment
d_parent_2dd7544b5a87,m_acf39c8be7b9,parent_link_segment
d_parent_910c72e02d1a,m_7605a1c02ed5,parent_link_segment
d_parent_86c9cd5c75f6,m_7fe3a75783a1,parent_link_segment
d_parent_5fa953956d78,m_7594bd65dae8,parent_link_segment
d_parent_8f5fcef9ca96,m_5346980349a5,parent_link_segment
d_parent_6b7b42921559,m_3e24c771e2a3,parent_link_segment
d_parent_2409ecb9efd0,m_cb07bb088282,parent_link_segment
d_parent_85ab9e95174e,m_c076b54dbc44,parent_link_segment
d_parent_d4fa294fa3de,m_c53288705505,parent_link_segment
d_parent_935e1ef0bdc9,m_61bc7750ae5a,parent_link_segment
d_parent_935e1ef0bdc9,m_4b49fc613c32,parent_link_segment
d_parent_bc009ec42fd5,m_b194fb567d54,parent_link_segment
d_parent_0ecef700412d,m_ddfb5371f9b2,parent_link_segment
d_parent_08a4d6a321f6,m_aa9b4e4e3bf6,parent_link_segment
d_parent_ea8219f2c776,m_174a5b9780fa,parent_link_segment
d_parent_77b61015007e,m_4824f8f89cfa,parent_link_segment
d_parent_48df6b575901,m_3fb4733157ad,parent_link_segment
d_parent_ca5731d8b4e9,m_6d4bcd052ec3,parent_link_segment
d_parent_719417ad148d,m_80c1f33a6208,parent_link_segment
d_parent_bf8a201e72d5,m_38448d8399d8,parent_link_segment
d_parent_0f57b9a25c67,m_1c5c9bbf2dfc,parent_link_segment
d_parent_5f7d95eb0bb1,m_5251d0c2884e,parent_link_segment
d_parent_e392e4942f9b,m_d4824e24935a,parent_link_segment
d_parent_4568a53a1a0f,m_222a9ef2dc40,parent_link_segment
d_parent_130dc14a00e4,m_87ab763afca2,parent_link_segment
d_parent_130dc14a00e4,m_917663ce3a52,parent_link_segment
d_parent_af3198c4967d,m_e8f6269c4a0d,parent_link_segment
d_parent_0e83f88f9b9f,m_830b63fe8f9d,parent_link_segment
d_parent_ce7c90496388,m_8e5c376e120c,parent_link_segment
d_parent_11824d855dee,m_b49f7107c188,parent_link_segment
d_parent_11824d855dee,m_ce69f3eb9163,parent_link_segment
d_parent_cb0d328a5720,m_628953f83f31,parent_link_segment
d_parent_cb0d328a5720,m_b02dd778d909,parent_link_segment
d_parent_cb0d328a5720,m_0ec606792b6b,parent_link_segment
d_parent_837e85c84490,m_d2c65863935f,parent_link_segment
d_parent_ee2b451a2493,m_1bc993437dd2,parent_link_segment
d_parent_acb818bff438,m_6a9d068b49b3,parent_link_segment
d_parent_825c64c1d477,m_ca43c1a2fc9b,parent_link_segment
d_parent_2b6a741280bc,m_f8fb02607b3a,parent_link_segment
d_parent_6403ded8bc86,m_76a86cd15b6d,parent_link_segment
d_parent_9acdf4f7ae3a,m_6ebf60f7419b,parent_link_segment
d_parent_8a0299075ce0,m_0f0b7e427784,parent_link_segment
d_parent_df41dfa4756c,m_56f0c0d28d46,parent_link_segment
d_parent_83bcc849518c,m_c1c6314b877a,parent_link_segment
d_parent_0d13b2273514,m_faca3aebf053,parent_link_segment
d_parent_b9ac904ec98c,m_eb044687d098,parent_link_segment
d_parent_2d97bb9d1a33,m_d5a4e0e5f699,parent_link_segment
d_parent_ac89cc6a9ef9,m_d113f1a98eb9,parent_link_segment
d_parent_5d4193bb8afd,m_84cb77597638,parent_link_segment
d_parent_916af3c187ae,m_2399f43b89e3,parent_link_segment
d_parent_83e79448dfce,m_0981d428bab2,parent_link_segment
d_parent_8c5350f3b091,m_691cc8ff9e02,parent_link_segment
d_parent_e7ff064a557c,m_81eaa1c1262f,parent_link_segment
d_parent_4f976a93d753,m_5c7e8d2243c3,parent_link_segment
d_parent_6f7fa31788a6,m_83aee38bd2f9,parent_link_segment
d_parent_870b8d8c509d,m_a43ba1f28917,parent_link_segment
d_parent_3dc8cb3b72e2,m_b84fef18d0b4,parent_link_segment
d_parent_e572437d6b40,m_767afac51f47,parent_link_segment
d_parent_da6fd6c99c7d,m_f18934fc0cb5,parent_link_segment
d_parent_a845535df3ea,m_f51e2764e5fd,parent_link_segment
d_parent_e8e5650b924d,m_a005ee412abd,parent_link_segment
d_parent_22a3e20e6a0d,m_c447afbc77ff,parent_link_segment
d_parent_f4f50e6393f0,m_2a5fd2cc0aca,parent_link_segment
d_parent_a9f501d32ce2,m_e23f9e3a84b4,parent_link_segment
d_parent_a983e5e01b8c,m_1a7cb2d5c0dc,parent_link_segment
d_parent_36aeb9f32ae3,m_3db828c998e8,parent_link_segment
d_parent_d9c04dc410c3,m_20edddf468db,parent_link_segment
d_parent_fd93ee4474e5,m_431e8b7ec3c3,parent_link_segment
d_parent_8592b1b217cf,m_915f2c2735e9,parent_link_segment
d_parent_be87484d5112,m_0107235e4643,parent_link_segment
d_parent_5e53e84937ec,m_8c5f977df454,parent_link_segment
d_parent_5e53e84937ec,m_b19b45876bcc,parent_link_segment
d_parent_f01fe2e48528,m_dfe03cf8a392,parent_link_segment
d_parent_225455b715dc,m_b4358283a72a,parent_link_segment
d_parent_3c59459451d9,m_90f619650ce6,parent_link_segment
d_parent_108ebefd5953,m_1168606172df,parent_link_segment
d_parent_b10da39d964f,m_4f2b78c3d298,parent_link_segment
d_parent_16acb9c58bdf,m_60bfe3a68ff9,parent_link_segment
d_parent_25a8b8e56b7a,m_659a0f086b09,parent_link_segment
d_parent_26d9a99d5bdd,m_ca5a56424b4f,parent_link_segment
d_parent_4c8d916be9ea,m_3d77e2d0cb4f,parent_link_segment
d_parent_4f9cf0fc34d6,m_35167cd0ce66,parent_link_segment
d_parent_fbbeb484256b,m_e1970b025188,parent_link_segment
d_parent_894da7986449,m_ebd8764fe98b,parent_link_segment
d_parent_684bd6005dab,m_9a5469d0c394,parent_link_segment
d_parent_bd977e5f779a,m_a6837852473d,parent_link_segment
d_parent_90f5393c0aa6,m_38cbbf4b094f,parent_link_segment
d_parent_9ba4dd627281,m_0aca6a8f806c,parent_link_segment
d_parent_380571b718cb,m_f47a9d357c3a,parent_link_segment
d_parent_75618bf2916d,m_b54c96aae5b0,parent_link_segment
d_parent_369ef8f838a3,m_c7a61e20ac3e,parent_link_segment
d_parent_7acb5dbe83f7,m_79bbdf8b0af5,parent_link_segment
d_parent_22a44ced90ff,m_d458406c7e40,parent_link_segment
d_parent_c514a84ee96f,m_c77439307514,parent_link_segment
d_parent_2c1377788630,m_7d474d8252f0,parent_link_segment
d_parent_8eb936da8d76,m_53f177d9e380,parent_link_segment
d_parent_ab0d8bab60b3,m_24c3fc6b6cc1,parent_link_segment
d_parent_02d6f9d8b25f,m_95e06543c4c3,parent_link_segment
d_parent_f42d1bc0cd35,m_fd3e83e590d1,parent_link_segment
d_parent_9661fb478dc0,m_e8b3ca16c17f,parent_link_segment
d_parent_d2ca330d6dc8,m_c04558710fdd,parent_link_segment
d_parent_5c89832af681,m_152b8e93a8e9,parent_link_segment
d_parent_f62631733ae1,m_07106dd7b63c,parent_link_segment
d_parent_fd13f2d63b61,m_9602c352ce43,parent_link_segment
d_parent_d60bcacbda7d,m_2db151f7a3a7,parent_link_segment
d_parent_e0f7e06f673a,m_7742675b316c,parent_link_segment
d_parent_5036417187a5,m_8b212ce1f376,parent_link_segment
d_parent_0f153b4d01a0,m_1b7b15c5f42e,parent_link_segment
d_parent_3b913070e9f4,m_e1712b881f06,parent_link_segment
d_parent_d6cdd5984211,m_ab6911f77c6d,parent_link_segment
d_parent_782bd85e5d24,m_08fa2679a5b2,parent_link_segment
d_parent_8d274c55e39e,m_c8f9ac8dac0b,parent_link_segment
d_parent_58e6f4b3145e,m_d9bb3cfd2814,parent_link_segment
d_parent_47bd0ef2a32b,m_6efaa1c298a2,parent_link_segment
d_parent_a0f49f675642,m_18f3b166c669,parent_link_segment
d_parent_6c46e5dd4d1a,m_4a98b56708b1,parent_link_segment
d_parent_c1cfbba2efd4,m_1415e3d93955,parent_link_segment
d_parent_c1cfbba2efd4,m_84c7b43f6c6b,parent_link_segment
d_parent_f5d603c16bb1,m_357539eb6158,parent_link_segment
d_parent_b3e6950cc4cc,m_382b5104050a,parent_link_segment
d_parent_29876072d18a,m_95105abcdf39,parent_link_segment
d_parent_1199e59f932d,m_cd5e0d3aab4b,parent_link_segment
d_parent_db2309a3973e,m_d5ead3060a72,parent_link_segment
d_parent_20d0ba6de9ee,m_0fcccc027b9d,parent_link_segment
d_parent_d343aaf50a3c,m_8d06a7084c0e,parent_link_segment
d_parent_dc9cb34391d8,m_efae019daeb7,parent_link_segment
d_parent_db76af43e4eb,m_5dabc38a1752,parent_link_segment
d_parent_5f8d47373cbf,m_7d675a9b0708,parent_link_segment
d_parent_d27146e27c8f,m_ba18834676ff,parent_link_segment
d_parent_d27146e27c8f,m_8a3305508700,parent_link_segment
d_parent_88733dabf58b,m_4ab59861774b,parent_link_segment
d_parent_d6663c68bab8,m_5dea7b103ca1,parent_link_segment
d_parent_68f49c7ce18d,m_944b418a0954,parent_link_segment
d_parent_eae6fe9e9959,m_a8a4c0dfbc30,parent_link_segment
d_parent_a6bbc4d72663,m_d9b3756ae5d4,parent_link_segment
d_parent_e807b8a2877c,m_c24f7c550cd3,parent_link_segment
d_parent_03241cc1d851,m_05d48e9e7763,parent_link_segment
d_parent_737316f27313,m_5c98ea5f4362,parent_link_segment
d_parent_737316f27313,m_6cba2269e1c6,parent_link_segment
d_parent_c0da5b327bb9,m_787598b77720,parent_link_segment
d_parent_f0d152865b96,m_b985627a58bf,parent_link_segment
d_parent_b179946885da,m_d5d8b8af9b6b,parent_link_segment
d_parent_e0b1487c66f1,m_7a2849809071,parent_link_segment
d_parent_7a4f62fbacf4,m_d26c927d68a6,parent_link_segment
d_parent_5c578343034e,m_9ccc1e38fdc9,parent_link_segment
d_parent_5c578343034e,m_b85cfe8e3f9a,parent_link_segment
d_parent_90ce480552ff,m_62497be8d07a,parent_link_segment
d_parent_2cb9748c8318,m_b31c4cd515d9,parent_link_segment
d_parent_173df1305f81,m_53279159b12e,parent_link_segment
d_parent_f176a5d3f01b,m_f52eb68570e8,parent_link_segment
d_parent_06324f6b1332,m_cbac679feaa8,parent_link_segment
d_parent_bab1514608ac,m_be39419ca277,parent_link_segment
d_parent_834b4ddd0c58,m_795b8a83d892,parent_link_segment
d_parent_8848b0dc1850,m_922084b76360,parent_link_segment
d_parent_aff95905e0ab,m_3e47975ec6e1,parent_link_segment
d_parent_27291a921adf,m_e1ff0ceb2063,parent_link_segment
d_parent_27291a921adf,m_9be461eb2b43,parent_link_segment
d_parent_8cfd313aed84,m_516f5407921a,parent_link_segment
d_parent_8cfd313aed84,m_cb7acf1dcc22,parent_link_segment
d_parent_88814284fceb,m_dcb360599769,parent_link_segment
d_parent_d965a5873743,m_8ef5ce4d8bd6,parent_link_segment
d_parent_690e54c2fe8c,m_4623e87bea07,parent_link_segment
d_parent_690e54c2fe8c,m_32c92eece57b,parent_link_segment
d_parent_c8c504531fc2,m_c6461f87cd7f,parent_link_segment
d_parent_768501b3f028,m_8ac7fc7934ba,parent_link_segment
d_parent_1ad39ae80803,m_983984855294,parent_link_segment
d_parent_5944f4afa834,m_1bb9fe8dfbb6,parent_link_segment
d_parent_5944f4afa834,m_c8b260730f77,parent_link_segment
d_parent_ed320c7975a5,m_6920d0f948ee,parent_link_segment
d_parent_619e6ce7a004,m_874d7ad5193d,parent_link_segment
d_parent_de548ce8ebdd,m_ffab3b914606,parent_link_segment
d_parent_8a3bad8fdb02,m_f6fd61251a24,parent_link_segment
d_parent_c4a7737c2695,m_5336e7655ac7,parent_link_segment
d_parent_778682675087,m_ae0345a1556c,parent_link_segment
d_parent_900e6e2f0506,m_b11de79c992f,parent_link_segment
d_parent_60365192d4dd,m_61512e0dac07,parent_link_segment
d_parent_c9e207d11721,m_577c2fef2018,parent_link_segment
d_parent_c9e207d11721,m_5ceb325235dc,parent_link_segment
d_parent_57fa24e56eb5,m_89285490df7e,parent_link_segment
d_parent_57fa24e56eb5,m_141ae2209e1d,parent_link_segment
d_parent_4c853eb666d8,m_6e4c1373a805,parent_link_segment
d_parent_4c853eb666d8,m_f65d9202c936,parent_link_segment
d_parent_32afd13f9799,m_1edaccf02e05,parent_link_segment
d_parent_7eaae6cf612f,m_fd8bbf5fa691,parent_link_segment
d_parent_34c2603f7957,m_14e463691150,parent_link_segment
d_parent_e42854e62342,m_a6f7828904e9,parent_link_segment
d_parent_0f4a9489557b,m_5d996959c49e,parent_link_segment
d_parent_b8daf146c6c8,m_fce562fedc71,parent_link_segment
d_parent_2f38b465c665,m_0173299e63e6,parent_link_segment
d_parent_27786de0b7a5,m_842964f32f0f,parent_link_segment
d_parent_e338abd1f11a,m_61adaca90f1d,parent_link_segment
d_parent_6733c3ad0f57,m_44b211d56dfa,parent_link_segment
d_parent_345809009969,m_6fd14ac7b645,parent_link_segment
d_parent_4f096f5be01c,m_9d779bd56b27,parent_link_segment
d_parent_d173a469a885,m_3970ce1cda42,parent_link_segment
d_parent_577dd3cb7cc1,m_de2c80ecb8bb,parent_link_segment
d_parent_f978fb82ec50,m_a657e94365e9,parent_link_segment
d_parent_f978fb82ec50,m_2245f029f850,parent_link_segment
d_parent_f978fb82ec50,m_ecebeabcb14b,parent_link_segment
d_parent_f5db8992fd4d,m_d6924936872c,parent_link_segment
d_parent_b9799ad7faa5,m_f8ea65d53481,parent_link_segment
d_parent_b9799ad7faa5,m_68d975c56d4f,parent_link_segment
d_parent_0700ea420419,m_05008fcae8c9,parent_link_segment
d_parent_5122c746a87c,m_f18cfcea6c62,parent_link_segment
d_parent_6a0e5d67fa47,m_400f77511dd7,parent_link_segment
d_parent_a8f0e46f80ab,m_528d4093b11f,parent_link_segment
d_parent_070078b857c7,m_8f922819cab4,parent_link_segment
d_parent_85e690d7bfac,m_76b49f96b43e,parent_link_segment
d_parent_4afa342e8e5e,m_5ef30e8301e0,parent_link_segment
d_parent_024741b20b73,m_964c27159353,parent_link_segment
d_parent_a038990306aa,m_f0bc06fa7cb4,parent_link_segment
d_parent_bf7a28afe544,m_19e77e6aba37,parent_link_segment
d_parent_938bffd2db69,m_e1acfb0fb7b1,parent_link_segment
d_parent_9c70368c86d7,m_413a3e32c0fd,parent_link_segment
d_parent_d8d0670211ee,m_324193b07442,parent_link_segment
d_parent_2e2f190b69b6,m_d594e4c84e4a,parent_link_segment
d_parent_b46690bb3bf5,m_d5844d26e0bb,parent_link_segment
d_parent_8ecb1b5fe9ae,m_5305e0bd614a,parent_link_segment
d_parent_8242baa43808,m_6cc46c11c99e,parent_link_segment
d_parent_e8ca0c7fde09,m_d1b5d6d3ad3b,parent_link_segment
d_parent_c25865954355,m_3ba64c88fdf4,parent_link_segment
d_parent_c25865954355,m_a4c73a74528b,parent_link_segment
d_parent_df5115dcfb66,m_cbe0dac95530,parent_link_segment
d_parent_f7a746e167b6,m_637476e0024d,parent_link_segment
d_parent_c36d1d4178bf,m_ccccd1b165d0,parent_link_segment
d_parent_c52e2b99ba50,m_f714b8381f60,parent_link_segment
d_parent_c52e2b99ba50,m_dd7b3af9aa44,parent_link_segment
d_parent_c4acb884a45b,m_c1f77f7c4380,parent_link_segment
d_parent_6d596d2d439a,m_7163375f63de,parent_link_segment
d_parent_3cc72d46dad7,m_50525770a3fd,parent_link_segment
d_parent_85c52209d8d9,m_369d2ea3de56,parent_link_segment
d_parent_b3c346131603,m_423d674d6bf3,parent_link_segment
d_parent_b3c346131603,m_56552c727391,parent_link_segment
d_parent_b3c346131603,m_bd87c3975f4f,parent_link_segment
d_parent_40e8f2516dfe,m_ea2cd8c89520,parent_link_segment
d_parent_49bd3aaf2e8f,m_eb44b3ae6a5f,parent_link_segment
d_parent_ae335a661e6d,m_01186df46780,parent_link_segment
d_parent_6665bf873786,m_4c9df7f5d1cf,parent_link_segment
d_parent_529794701259,m_a4518d338cc9,parent_link_segment
d_parent_529794701259,m_84907dedca7f,parent_link_segment
d_parent_c9b7952bb650,m_50c95cdd5371,parent_link_segment
d_parent_b9aedfb64935,m_f1e54c9cfef0,parent_link_segment
d_parent_1e4e9a18c4bc,m_5577670539b1,parent_link_segment
d_parent_b7f52ff0603a,m_3d25adf98e1b,parent_link_segment
d_parent_225eb732a9cd,m_12f9809ece5f,parent_link_segment
d_parent_225eb732a9cd,m_fd5bfda816a7,parent_link_segment
d_parent_da4a4e974e74,m_2d90a2195043,parent_link_segment
d_parent_096d146b31e9,m_d1f969a0bfd0,parent_link_segment
d_parent_89dbef1b532e,m_f32e7b70ec9c,parent_link_segment
d_parent_89dbef1b532e,m_a5661d75713c,parent_link_segment
d_parent_89dbef1b532e,m_3c65c71cd3eb,parent_link_segment
d_parent_6b2abba093b1,m_fe7e48c70ad3,parent_link_segment
d_parent_fbaf8bf022a2,m_28689b35bf79,parent_link_segment
d_parent_a7f0946aaf63,m_a9050b834a5a,parent_link_segment
d_parent_a3de452610e6,m_5fb7789012a4,parent_link_segment
d_parent_be5aa3cac53d,m_fd91d7f4ff68,parent_link_segment
d_parent_218ab0d7ee42,m_91dd0896ce4d,parent_link_segment
d_parent_218ab0d7ee42,m_ee1e059a6584,parent_link_segment
d_parent_da1780a86ea2,m_2545ea1572a0,parent_link_segment
d_parent_bf0dfb1ec137,m_1bdf00e4f07c,parent_link_segment
d_parent_bd470165336e,m_860e52cdd25c,parent_link_segment
d_parent_bd470165336e,m_e905e67fabb3,parent_link_segment
d_parent_1c95b89880d0,m_ade84aa5ebd8,parent_link_segment
d_parent_cfec3505e431,m_d298560b0acc,parent_link_segment
d_parent_cfec3505e431,m_6ce46f93a3d9,parent_link_segment
d_parent_cfec3505e431,m_07b202fe487c,parent_link_segment
d_parent_cfec3505e431,m_0806a3f3ae92,parent_link_segment
d_parent_cfec3505e431,m_3e267fecf581,parent_link_segment
d_parent_cfec3505e431,m_f3b5cbd6070e,parent_link_segment
d_parent_f719ca2d3655,m_78703bf34a92,parent_link_segment
d_parent_bf304593d810,m_77405b72c2c9,parent_link_segment
d_parent_237497885cdf,m_c2de563d6cfe,parent_link_segment
d_parent_237497885cdf,m_9a824a2d22d1,parent_link_segment
d_parent_50313c28ad36,m_afe623f72cca,parent_link_segment
d_parent_8f7c3eb0ef10,m_41ba8916077d,parent_link_segment
d_parent_8f7c3eb0ef10,m_f3cdf9de21ef,parent_link_segment
d_parent_8f7c3eb0ef10,m_7e58d0433a61,parent_link_segment
d_parent_0d874176b697,m_bb3298cef556,parent_link_segment
d_parent_10099d451dcc,m_d2698690073c,parent_link_segment
d_parent_69bed5e8163b,m_61e8a50793b3,parent_link_segment
d_parent_69bed5e8163b,m_e45d2f25068c,parent_link_segment
d_parent_3bc01020e923,m_fe40d7641b28,parent_link_segment
d_parent_3bc01020e923,m_8df5c55eaf43,parent_link_segment
d_parent_4e67d356f49d,m_7f7b09ec22e2,parent_link_segment
d_parent_3e64f4ace5fb,m_242bded6d232,parent_link_segment
d_parent_ae03542799ee,m_15663b73d425,parent_link_segment
d_parent_5db741517b5a,m_b9b3ac0016f3,parent_link_segment
d_parent_5db741517b5a,m_ee17e5f56bd1,parent_link_segment
d_parent_1021c2c3222c,m_fb03058ded4e,parent_link_segment
d_parent_844a5135da22,m_339da86a3b0a,parent_link_segment
d_parent_844a5135da22,m_ab30deb0966a,parent_link_segment
d_parent_c21a97404796,m_36a0abcc5cbb,parent_link_segment
d_parent_094f01e1e3a3,m_a5c1a77f8947,parent_link_segment
d_parent_32cea2782d5c,m_94a49c5527b8,parent_link_segment
d_parent_67cce7cccd32,m_323724d05721,parent_link_segment
d_parent_67cce7cccd32,m_7b501321346a,parent_link_segment
d_parent_4a59ff27e873,m_16482cf34b08,parent_link_segment
d_parent_17e983965af1,m_f426fcc52e9d,parent_link_segment
d_parent_728a16b55e6e,m_a781e7ed8262,parent_link_segment
d_parent_65b9383448a2,m_75ee7895087a,parent_link_segment
d_parent_ba0d71e48843,m_8689a6c32f4f,parent_link_segment
d_parent_7061bb997c15,m_0969032ad8b4,parent_link_segment
d_parent_b642d65b7fb0,m_8c0522426c73,parent_link_segment
d_parent_a020257ea781,m_7cd128dedaf3,parent_link_segment
d_parent_4f4c4ef28d03,m_b3b4ba51c72e,parent_link_segment
d_parent_ad1bb3d4c7bd,m_f875ff37c692,parent_link_segment
d_parent_47256ac4a78e,m_55f5173b8233,parent_link_segment
d_parent_7863e6dbdb1b,m_674773aea29e,parent_link_segment
d_parent_c8effbda1628,m_cf5945e074d5,parent_link_segment
d_parent_a1e0c8251d54,m_b01e6cbbd49d,parent_link_segment
d_parent_998985b952e4,m_de862792e896,parent_link_segment
d_parent_2535135b2a54,m_ab6c15bf6f1e,parent_link_segment
d_parent_249a711c168d,m_34b689e8cee6,parent_link_segment
d_parent_8ca8057578ca,m_28808222dafa,parent_link_segment
d_parent_690171e066d3,m_1fdf28cea450,parent_link_segment
d_parent_7fbc65a3acc1,m_1cf6147dc763,parent_link_segment
d_parent_2446f0cf49ab,m_7c4e6e642430,parent_link_segment
d_parent_5c381b3e2a69,m_e3c08971ff39,parent_link_segment
d_parent_b59200c145eb,m_ca15425926cb,parent_link_segment
d_parent_20b306e1222f,m_4bb8ba1b276b,parent_link_segment
d_parent_d782603d4924,m_4344239a23a0,parent_link_segment
d_parent_3230bb5b6bc4,m_ff4b11fb8e0d,parent_link_segment
d_parent_64645e4ebb73,m_f8e41ee797f5,parent_link_segment
d_parent_e9a616b26ae4,m_9ec4644e4533,parent_link_segment
d_parent_b69b1a557fa6,m_f1867ecf2870,parent_link_segment
d_parent_760c0e0cf96d,m_251802b94bfc,parent_link_segment
d_parent_a937aa9d02d5,m_458f8e138b54,parent_link_segment
d_parent_4c42f4f2516c,m_efc1ffb5aa16,parent_link_segment
d_parent_b757f66ebff6,m_bcc514ea8e94,parent_link_segment
d_parent_61e9ef2b25d8,m_68a858c27cd4,parent_link_segment
d_parent_63b4972a19a3,m_88af72c4b72d,parent_link_segment
d_parent_836adf59d3fd,m_59b5ba127ff1,parent_link_segment
d_parent_f8fe48154f4f,m_069fb0d82aaa,parent_link_segment
d_parent_1b8dc6b3fb29,m_a23ba27eccac,parent_link_segment
d_parent_d4b2399337ed,m_7ba44ee26593,parent_link_segment
d_parent_88a0884f8f8f,m_e8f5179de056,parent_link_segment
d_parent_42a763d40bec,m_1b9c63b5d268,parent_link_segment
d_parent_324fa7b1f54e,m_2d5b80f46612,parent_link_segment
d_parent_cadf2a5e9eca,m_feaa5845f960,parent_link_segment
d_parent_9466b2667b6d,m_5ffe744c54e9,parent_link_segment
d_parent_df63e5113c30,m_f66db7db9c35,parent_link_segment
d_parent_0b492b78c043,m_558c5db4112d,parent_link_segment
d_parent_27f5dfd78c00,m_965307d20ea7,parent_link_segment
d_parent_9318c45bbeff,m_ce0798be4250,parent_link_segment
d_parent_6d98b4324848,m_1095eec8574c,parent_link_segment
d_parent_31042effa30e,m_1629fed09b57,parent_link_segment
d_parent_4fb1de93a4a0,m_5993c4b4db2c,parent_link_segment
d_parent_d08c2b9bc093,m_bdbfa94b595e,parent_link_segment
d_parent_ed298a428c2b,m_a1e5d2160f1e,parent_link_segment
d_parent_11e220cf53b8,m_264bb3b795ef,parent_link_segment
d_parent_3144c7a3e343,m_6ce6b60e3232,parent_link_segment
d_parent_8f4f2aa69875,m_f49a12a46dd1,parent_link_segment
d_parent_1e9eed62a1ce,m_f96bb2ab0f65,parent_link_segment
d_parent_b748f9a57f60,m_7385bf3d616a,parent_link_segment
d_parent_8e0995c884f2,m_40dc9f9fcb34,parent_link_segment
d_parent_affaafe2fe39,m_8c2ebd8e449d,parent_link_segment
d_parent_72e3c35d8485,m_d0f2261ca5a4,parent_link_segment
d_parent_b0aa60a659d7,m_64733541283a,parent_link_segment
d_parent_753bd26300e2,m_ca227488434a,parent_link_segment
d_parent_f5fa4f5a7e36,m_00ab808b9dc6,parent_link_segment
d_parent_04489a14df5e,m_6794a748161c,parent_link_segment
d_parent_0210bdffd885,m_4e071700f78a,parent_link_segment
d_parent_dd1e37ea367c,m_a243779e3398,parent_link_segment
d_parent_5b811aa9e4f4,m_92646569e02f,parent_link_segment
d_parent_1690a3df0f88,m_3128cbb2d899,parent_link_segment
d_parent_1690a3df0f88,m_03f0039732c9,parent_link_segment
d_parent_59f8ac727e51,m_15af1cdecf31,parent_link_segment
d_parent_59f8ac727e51,m_51d4832848e6,parent_link_segment
d_parent_d308b85f005e,m_3b28dc4a75e4,parent_link_segment
d_parent_88e8dcd9842e,m_0810d2835b53,parent_link_segment
d_parent_88e8dcd9842e,m_453804de8973,parent_link_segment
d_parent_c641978bef1b,m_40c2a3a3d3ff,parent_link_segment
d_parent_5de38906b9d8,m_f95938c0b88e,parent_link_segment
d_parent_ece9556eb096,m_dc8ee614d1ec,parent_link_segment
d_parent_c7212c2c76be,m_d806aec4c828,parent_link_segment
d_parent_10c7807d2282,m_a07a33531e83,parent_link_segment
d_parent_9328146280dc,m_cb62f73eef93,parent_link_segment
d_parent_de7f0a827ce2,m_820c4f582dbb,parent_link_segment
d_parent_326832b34e8f,m_a6f64626ca34,parent_link_segment
d_parent_38b471280783,m_3d346e43961e,parent_link_segment
d_parent_8cbcef9da603,m_c73347c28c82,parent_link_segment
d_parent_c9b112b4a428,m_8a55a06dfaf1,parent_link_segment
d_parent_54c75eaac50f,m_84ff15234f5b,parent_link_segment
d_parent_acc9609b7265,m_793d6b6568b8,parent_link_segment
d_parent_5e5ef750c910,m_5202ed54ab48,parent_link_segment
d_parent_95b790665886,m_1db2d88acf0c,parent_link_segment
d_parent_0b0698e206fd,m_7049af5cc4c7,parent_link_segment
d_parent_58556a0159bd,m_67e14559b47a,parent_link_segment
d_parent_fde4523c16a4,m_bf0438f8b652,parent_link_segment
d_parent_3f510bea5a18,m_f7354b5aed19,parent_link_segment
d_parent_eea705ac0f4e,m_a98f036a2850,parent_link_segment
d_parent_b4b64a8956d5,m_30346fd34ecb,parent_link_segment
d_parent_b981bca92902,m_05132f85be04,parent_link_segment
d_parent_6f5fdadf5e7a,m_01d27c189736,parent_link_segment
d_parent_ec8d16b8e4bf,m_843bc2e43bf7,parent_link_segment
d_parent_25f04c0a5ca2,m_8aa88155fa50,parent_link_segment
d_parent_4f3e29f21d49,m_a677cb43a0cb,parent_link_segment
d_parent_94ba71038934,m_4db6d790b3af,parent_link_segment
d_parent_2bc548d2a71a,m_123158ab181d,parent_link_segment
d_parent_562a33e55da5,m_d9d1201b258a,parent_link_segment
d_parent_98c248ea9dfc,m_bb72b6669eeb,parent_link_segment
d_parent_c7f7d6d0f9b9,m_0e383d7fbce6,parent_link_segment
d_parent_69ef9d8fd43b,m_d5d6f86d933d,parent_link_segment
d_parent_fa82f3f71317,m_d40883b63051,parent_link_segment
d_parent_fa82f3f71317,m_07a3b942a8e8,parent_link_segment
d_parent_d3aa42b09cc1,m_d5c37ca76cbd,parent_link_segment
d_parent_771ca45ec238,m_43fcddb8e543,parent_link_segment
d_parent_d9cf3c1924f1,m_a7019f461440,parent_link_segment
d_parent_01076867c811,m_8bf970c45b64,parent_link_segment
d_parent_2c9c7e796480,m_52f192423620,parent_link_segment
d_parent_9118c1ac484d,m_aea41e4a6c35,parent_link_segment
d_parent_b984472b76cb,m_8d3dbcf2d5e9,parent_link_segment
d_parent_279d53397b73,m_d70f44085731,parent_link_segment
d_parent_181bb233c4de,m_b762b2fa0705,parent_link_segment
d_parent_f747bf6b8a61,m_17b25bbd6406,parent_link_segment
d_parent_b5062880d3cc,m_15909152369f,parent_link_segment
d_parent_531b5c1bbff2,m_917b73bd51b6,parent_link_segment
d_parent_d34b37c5bbc1,m_5b20d632ea20,parent_link_segment
d_parent_785bfa375f0a,m_f602cb9d1b80,parent_link_segment
d_parent_67a353623e9f,m_b3fe8dde03a3,parent_link_segment
d_parent_78be9cda5c43,m_f48c0f1933a5,parent_link_segment
d_parent_2b014c14c6ba,m_9cfc5b096d7e,parent_link_segment
d_parent_9bc199395784,m_f57bae2d2457,parent_link_segment
d_parent_09bdd8fb1565,m_432f54915da8,parent_link_segment
d_parent_c435e5f92b46,m_61fdbf50df43,parent_link_segment
d_parent_a2db921580b6,m_4d454e6fe70f,parent_link_segment
d_parent_05faa64436b4,m_645c649dff96,parent_link_segment
d_parent_f76136ca6fec,m_04c9b167da16,parent_link_segment
d_parent_b0ffccd06b35,m_bc49fb3cdfcb,parent_link_segment
d_parent_30e4c22ac27f,m_7080a4abff9c,parent_link_segment
d_parent_1515bca3f73a,m_c224f6a891c4,parent_link_segment
d_parent_3985e6aa26d5,m_13551a6e38cd,parent_link_segment
d_parent_622e930e03b5,m_5b49853b05a8,parent_link_segment
d_parent_db8df441d019,m_95dce68a838c,parent_link_segment
d_parent_7e9258bb036f,m_11b03d0bbf30,parent_link_segment
d_parent_96b512db7f13,m_c2087d84e04d,parent_link_segment
d_parent_10bb867f73cc,m_fa82d44512e1,parent_link_segment
d_parent_9a11e405ef6c,m_a5d7ac7ee79b,parent_link_segment
d_parent_8ec1f5481ef2,m_2fc3346b57bf,parent_link_segment
d_parent_8ec1f5481ef2,m_4f6ff18fe00d,parent_link_segment
d_parent_7cdc6d79eb27,m_fffa77ddf017,parent_link_segment
d_parent_e4d3079baf1d,m_f9e14073dcd8,parent_link_segment
d_parent_ada04ccd268a,m_dd3067a57d19,parent_link_segment
d_parent_ab22db754bd8,m_72a34d1465c2,parent_link_segment
d_parent_c9d9eb898e0a,m_7e1829795c86,parent_link_segment
d_parent_349a8b8b65d0,m_7ace83389ac9,parent_link_segment
d_parent_e7b4066f7d0f,m_074977823cf5,parent_link_segment
d_parent_e7b4066f7d0f,m_02f070200ac0,parent_link_segment
d_parent_505b852953f9,m_8ce3471ed7fb,parent_link_segment
d_parent_788df7cdb18c,m_cc6f3c28c97b,parent_link_segment
d_parent_2be4c2976bbb,m_fd22f3354c4a,parent_link_segment
d_parent_50b7155d240b,m_cfc10b7dab36,parent_link_segment
d_parent_23376ef1e18b,m_d53741649dab,parent_link_segment
d_parent_7c392105d8bb,m_d52ca55412c7,parent_link_segment
d_parent_fdc81ee76eb9,m_6d5923ff9f5b,parent_link_segment
d_parent_bac7ee694c4a,m_9cdf74c989ed,parent_link_segment
d_parent_d25972eb872a,m_bedd5ab2f3e6,parent_link_segment
d_parent_88de80d8ee9c,m_2628f9f9015a,parent_link_segment
d_parent_f9b89ef4a4eb,m_52a7148e7b36,parent_link_segment
d_parent_edac88d12604,m_6ee2f2f50bb8,parent_link_segment
d_parent_1c7b13e075c9,m_9646addc1121,parent_link_segment
d_parent_2e4a181521aa,m_a36ae45704fe,parent_link_segment
d_parent_9fcf165a549c,m_f3d5db0c726a,parent_link_segment
d_parent_a1a51b3315b3,m_0ce112d93edb,parent_link_segment
d_parent_5026d79ce443,m_7ccd271032c1,parent_link_segment
d_parent_d88185bae883,m_e2bb7ade3aaa,parent_link_segment
d_parent_78c86869c1c1,m_32c81ce865ab,parent_link_segment
d_parent_d325014bc463,m_fef196fe654c,parent_link_segment
d_parent_ae346329f5a9,m_94f22df676f5,parent_link_segment
d_parent_fd350e3b24c0,m_bc12f0e0372a,parent_link_segment
d_parent_57b008014c94,m_104874a247eb,parent_link_segment
d_parent_fb22bef5e329,m_92f2e8def985,parent_link_segment
d_parent_d93c63eb89df,m_c20905f8f8a8,parent_link_segment
d_parent_b81775fb6f27,m_f6f76bca95d4,parent_link_segment
d_parent_5670e0fde003,m_cf92bd5567c5,parent_link_segment
d_parent_cb307488a61c,m_04a7e63a3d20,parent_link_segment
d_parent_a41cc099ae9c,m_c2cafb0e86f5,parent_link_segment
d_parent_bd85c0ffcde5,m_53448e973f2a,parent_link_segment
d_parent_a7ae349957fd,m_8731f1eb7c81,parent_link_segment
d_parent_083737c3b86a,m_bdb362d02242,parent_link_segment
d_parent_b825ee3395ad,m_28e4b599d037,parent_link_segment
d_parent_a4e1861e00dd,m_e3bf32d9e880,parent_link_segment
d_parent_1c31e43ed608,m_50ec281dbf21,parent_link_segment
d_parent_62b85db878e7,m_01fd8f49c2ad,parent_link_segment
d_parent_44ebe824e631,m_e012d74f26ba,parent_link_segment
d_parent_4e7e624671ac,m_6de633258a32,parent_link_segment
d_parent_ee5632353aa9,m_38d31a0b5584,parent_link_segment
d_parent_9726cf25751e,m_bd005b232d53,parent_link_segment
d_parent_4f151048e352,m_1f6c2cbb0150,parent_link_segment
d_parent_9f17341f8431,m_5d7d74b87eae,parent_link_segment
d_parent_58a2571e5611,m_473783ef049d,parent_link_segment
d_parent_a7b0dcbd9348,m_cb29035a639c,parent_link_segment
d_parent_3d1b80bf67ad,m_70913f44a8d1,parent_link_segment
d_parent_a3193fa725ed,m_afa4f6392087,parent_link_segment
d_parent_80b0ea8caf21,m_6d7c60c617be,parent_link_segment
d_parent_c0f3bc9a02a4,m_5e1585a48a2f,parent_link_segment
d_parent_759df40ea9d4,m_ad09b9c7d77c,parent_link_segment
d_parent_d25492f137c1,m_fd758a7a6ed3,parent_link_segment
d_parent_0e46983848c6,m_bf2513a5ad20,parent_link_segment
d_parent_5b2b23c96f3a,m_e278a15312c6,parent_link_segment
d_parent_5b2b23c96f3a,m_a25c6c899e10,parent_link_segment
d_parent_768866be3805,m_4007fc482bf9,parent_link_segment
d_parent_99c0783ccb7d,m_1343c1fac1aa,parent_link_segment
d_parent_7ab7ebd3d622,m_7c4aeb5d7939,parent_link_segment
d_parent_5aabf1192e14,m_7cda17858b95,parent_link_segment
d_parent_87f301bf255a,m_aab8d98e2d20,parent_link_segment
d_parent_0451a9bc9dbd,m_11e5dd071bef,parent_link_segment
d_parent_357111c43aaa,m_3bb765c76b91,parent_link_segment
d_parent_e890c516dfa8,m_f181af1398d0,parent_link_segment
d_parent_9bd16c9a623c,m_c82213724eea,parent_link_segment
d_parent_4ff0d9cd33a4,m_afb081186bab,parent_link_segment
d_parent_744df7a37655,m_35a1a4db3e77,parent_link_segment
d_parent_234a1409bf9b,m_038effa5655e,parent_link_segment
d_parent_741fff005aa8,m_d9c7f9d53d66,parent_link_segment
d_parent_b81843d8933e,m_90ad1f92d636,parent_link_segment
d_parent_0f5a2c37cc63,m_b8334c68c0e8,parent_link_segment
d_parent_5fb5875e196d,m_ad82c0f91e88,parent_link_segment
d_parent_3b5cd2c19e06,m_3035dce21e55,parent_link_segment
d_parent_3b5cd2c19e06,m_9719e8337309,parent_link_segment
d_parent_68fc49e076d2,m_abb7d0d5f885,parent_link_segment
d_parent_4ccff1d8dd05,m_89cc742adb17,parent_link_segment
d_parent_2a1409110539,m_a677caed27d1,parent_link_segment
d_parent_91504847dcca,m_59fd070f6721,parent_link_segment
d_parent_1b25bb91b1ae,m_8fe4e4859d28,parent_link_segment
d_parent_3f31e0243e1b,m_782f3834994b,parent_link_segment
d_parent_b72dc651290d,m_d59ddcf695fa,parent_link_segment
d_parent_7f8346a06353,m_06c1a6d093fd,parent_link_segment
d_parent_4e4d3aaa92a0,m_8c073992ef6d,parent_link_segment
d_parent_514ac96372da,m_2b5594225bfe,parent_link_segment
d_parent_0089a99f4c11,m_67a37322c61e,parent_link_segment
d_parent_beb3218c3b03,m_12b61166e906,parent_link_segment
d_parent_75bea4fd66d3,m_9eb9ae29b6d6,parent_link_segment
d_parent_a8f6487109aa,m_c616768b3044,parent_link_segment
d_parent_74a2ddee9130,m_7a17bf92e7ed,parent_link_segment
d_parent_a4e66c79c756,m_df422e66a5ac,parent_link_segment
d_parent_cf0f99089f50,m_59295524546a,parent_link_segment
d_parent_773654f8a2c7,m_46add4c5c764,parent_link_segment
d_parent_0e12b582e0f0,m_0bdee257dd9f,parent_link_segment
d_parent_4b75c8c420af,m_46b3b9e0e961,parent_link_segment
d_parent_9d1cd6cff3ff,m_2f968a989da9,parent_link_segment
d_parent_9faac30b7f91,m_6a99ed414dbd,parent_link_segment
d_parent_2a656826b23d,m_0943137407a0,parent_link_segment
d_parent_092715b9e35e,m_8e36d1b90b88,parent_link_segment
d_parent_81197c862016,m_6519137b512f,parent_link_segment
d_parent_3b08b75c3bea,m_2c9f12ceba86,parent_link_segment
d_parent_278e5d3f0008,m_d5802eb2a837,parent_link_segment
d_parent_d82207ed30ac,m_2823c3dda46c,parent_link_segment
d_parent_714e20200e46,m_621cb6cb2e78,parent_link_segment
d_parent_5da079f770f0,m_39392f33bf2b,parent_link_segment
d_parent_52836aa11484,m_ef3527a62ac3,parent_link_segment
d_parent_a4fbbf13edf4,m_6c850ebe1bab,parent_link_segment
d_parent_f8a85ca3e9f7,m_0985d4bbead8,parent_link_segment
d_parent_92fbace89a47,m_dedd13602f09,parent_link_segment
d_parent_f5464b774a80,m_ac483829f6b6,parent_link_segment
d_parent_8e6d7877ad42,m_b8caa2608e9a,parent_link_segment
d_parent_6916cf628219,m_12f57a87debb,parent_link_segment
d_parent_7f3ffefea578,m_b6d2c22188b3,parent_link_segment
d_parent_b83a6bebcee9,m_1659d24128ce,parent_link_segment
d_parent_d3e3987ce9db,m_8ac92176ffa8,parent_link_segment
d_parent_2d2ecdf041a7,m_38225d1ae1bc,parent_link_segment
d_parent_0b548a915aba,m_0845d001f5ee,parent_link_segment
d_parent_612de374adf8,m_f9664ae6c07e,parent_link_segment
d_parent_612de374adf8,m_64d0388a00ee,parent_link_segment
d_parent_39366fe070e5,m_afda9912adee,parent_link_segment
d_parent_bc26a85eaceb,m_6d6416dc924d,parent_link_segment
d_parent_700102580652,m_6498269b820e,parent_link_segment
d_parent_0a141e225277,m_aa32a59d55f4,parent_link_segment
d_parent_857c451b79e4,m_1cf3a5ce9d6e,parent_link_segment
d_parent_4dcc5ffbf12a,m_2abd94249122,parent_link_segment
d_parent_1ff328094f6e,m_424894e81888,parent_link_segment
d_parent_d3442b05c5b1,m_82fc22c34cc2,parent_link_segment
d_parent_229fba9dcd8d,m_e40474ea4815,parent_link_segment
d_parent_84e493c20bd5,m_0f108840328d,parent_link_segment
d_parent_ce40008a5e33,m_b871855ea087,parent_link_segment
d_parent_4e590bd3ee2f,m_28f6495d7514,parent_link_segment
d_parent_36cfa23530a5,m_820e12c696e1,parent_link_segment
d_parent_70e8d4c15e51,m_62c745b92b87,parent_link_segment
d_parent_8e48f23c86cb,m_b8440f6130d1,parent_link_segment
d_parent_bc23534724c3,m_3067e8b4e3b4,parent_link_segment
d_parent_d66e71acd2d2,m_e5f95fe68351,parent_link_segment
d_parent_85c9d5abcc45,m_80a222860b81,parent_link_segment
d_parent_d8122db379c7,m_4bcb6de5c7d7,parent_link_segment
d_parent_18f6a158577e,m_c0848f2eee6d,parent_link_segment
d_parent_ada756f4aa58,m_a96a6e3d10d5,parent_link_segment
d_parent_6bc65801ad96,m_dd89fe74e7dd,parent_link_segment
d_parent_9827c0151046,m_ce977dcf7a47,parent_link_segment
d_parent_c8e7a8d56b1c,m_ad408f7e0413,parent_link_segment
d_parent_3e70e54e89f9,m_bf3bdcdfa6ad,parent_link_segment
d_parent_de4354cc3c12,m_c37885675348,parent_link_segment
d_parent_ed7d4f44c9da,m_5c152dd33ffe,parent_link_segment
d_parent_aebbaf6869ea,m_9914c3493617,parent_link_segment
d_parent_f216d72b1e1b,m_24a620a57a74,parent_link_segment
d_parent_c73ff509b546,m_f73b612512e7,parent_link_segment
d_parent_fdfd6ae82561,m_710200479b03,parent_link_segment
d_parent_863be94c69c2,m_e3184558681f,parent_link_segment
d_parent_9063e3230366,m_d3ada33e55a3,parent_link_segment
d_parent_b621fa6b0f24,m_1e8784919ea9,parent_link_segment
d_parent_751d54cabb2a,m_47e797dc08ec,parent_link_segment
d_parent_a759c0dcc2ac,m_4c6bed69e2b7,parent_link_segment
d_parent_5800e6835294,m_7f2d7174a7cf,parent_link_segment
d_parent_9a9afeabdc5d,m_52e0c8dd1f32,parent_link_segment
d_parent_36dedbb85fcd,m_8335493384c9,parent_link_segment
d_parent_4b1985a6df6f,m_dc46a40740d1,parent_link_segment
d_parent_a36a513ee850,m_e755689880c5,parent_link_segment
d_parent_2e325127f692,m_31d2a958d56e,parent_link_segment
d_parent_53c8a18ec941,m_d069eea203e7,parent_link_segment
d_parent_590d895a12c4,m_4607158d3b02,parent_link_segment
d_parent_95063755ce91,m_6a766aa86a73,parent_link_segment
d_parent_e8cf9f2ceddb,m_14854a4823e0,parent_link_segment
d_parent_438a642b9a17,m_b66b3e2e71f0,parent_link_segment
d_parent_a9fa264186a3,m_c5464d3cd285,parent_link_segment
d_parent_c6468108f041,m_5d8cbe615bed,parent_link_segment
d_parent_4bb8b828ecec,m_00be0147bd8c,parent_link_segment
d_parent_93672569e14e,m_83996fa2c05f,parent_link_segment
d_parent_ca4cb8f95260,m_213dc64fc895,parent_link_segment
d_parent_64ce0e2b72aa,m_3e7906fa6839,parent_link_segment
d_parent_1e7e9d9e8c38,m_b0136dcd3a00,parent_link_segment
d_parent_6bd5355ca2fe,m_72daa0d23e1c,parent_link_segment
d_parent_6a5a849bdbe6,m_e8810c270b3a,parent_link_segment
d_parent_6df3e59f6d63,m_69fe44d80d2d,parent_link_segment
d_parent_3c82c626c725,m_ab74d3ff1bd4,parent_link_segment
d_parent_b6e31b7fcbc9,m_1fc7b0db7234,parent_link_segment
d_parent_3dfccd152806,m_56c45cc5dc7c,parent_link_segment
d_parent_dc888a63a27f,m_f5aaf3d8340e,parent_link_segment
d_parent_d23e08698af8,m_cff97c1d475d,parent_link_segment
d_parent_226eb1dc374a,m_70d8f8c52256,parent_link_segment
d_parent_a5a9703b6a80,m_8000d9e75e48,parent_link_segment
d_parent_44bd75faff9b,m_da94794110cc,parent_link_segment
d_parent_9fa85b4e9400,m_5c690020969d,parent_link_segment
d_parent_9f4462bc482a,m_b23e0291cc4f,parent_link_segment
d_parent_5b7b09773deb,m_8c18e2dc7251,parent_link_segment
d_parent_28e35f030772,m_719b86aff923,parent_link_segment
d_parent_1dcd087a70bb,m_c784dd3352c8,parent_link_segment
d_parent_9fa6d633ec41,m_a386dafdcbb0,parent_link_segment
d_parent_0cddb12263c1,m_d6ee728db182,parent_link_segment
d_parent_44ad13e70282,m_3478eeb3a45b,parent_link_segment
d_parent_1680b76e8aec,m_02fbfee7b4d5,parent_link_segment
d_parent_0cce78821f9b,m_140770e8746f,parent_link_segment
d_parent_7a7811381d11,m_236132a9ea07,parent_link_segment
d_time_c_0d8aa19e2d7c_00001,m_841c5d39c7db,time_window
d_time_c_0d8aa19e2d7c_00002,m_84a6f51f50bf,time_window
d_time_c_0d8aa19e2d7c_00003,m_10ebbd664620,time_window
d_time_c_0d8aa19e2d7c_00004,m_34c4b08ba11d,time_window
d_time_c_0d8aa19e2d7c_00004,m_3b541ec13bc0,time_window
d_time_c_0d8aa19e2d7c_00005,m_170dab42abee,time_window
d_time_c_0d8aa19e2d7c_00006,m_0edddf66109e,time_window
d_time_c_0d8aa19e2d7c_00007,m_e34478e1e2b0,time_window
d_time_c_0d8aa19e2d7c_00007,m_88421319c25b,time_window
d_time_c_0d8aa19e2d7c_00007,m_876f9b063d3e,time_window
d_time_c_0d8aa19e2d7c_00008,m_63843a3624b8,time_window
d_time_c_0d8aa19e2d7c_00009,m_f0e2a0a467ce,time_window
d_time_c_0d8aa19e2d7c_00010,m_f7a51acf4bc1,time_window
d_time_c_0d8aa19e2d7c_00011,m_6bed9a7ea026,time_window
d_time_c_0d8aa19e2d7c_00012,m_4d25445c71ba,time_window
d_time_c_0d8aa19e2d7c_00012,m_df35fd9d1bed,time_window
d_time_c_0d8aa19e2d7c_00012,m_80886c79be37,time_window
d_time_c_0d8aa19e2d7c_00012,m_361895b5d25c,time_window
d_time_c_0d8aa19e2d7c_00012,m_b0311d770557,time_window
d_time_c_0d8aa19e2d7c_00012,m_893bee3f5de3,time_window
d_time_c_0d8aa19e2d7c_00013,m_263f304a21f8,time_window
d_time_c_0d8aa19e2d7c_00014,m_d0f5dcfc92b4,time_window
d_time_c_0d8aa19e2d7c_00015,m_d4391a0bf8b0,time_window
d_time_c_0d8aa19e2d7c_00015,m_1a078796b03e,time_window
d_time_c_0d8aa19e2d7c_00016,m_3a5a0eed8945,time_window
d_time_c_0d8aa19e2d7c_00017,m_dd7e7f2c7721,time_window
d_time_c_0d8aa19e2d7c_00018,m_31a16dc677bb,time_window
d_time_c_0d8aa19e2d7c_00019,m_586e3d406fa3,time_window
d_time_c_0d8aa19e2d7c_00020,m_7fb6101e3fe4,time_window
d_time_c_0d8aa19e2d7c_00021,m_61fb3ff328c5,time_window
d_time_c_0d8aa19e2d7c_00021,m_c7e871e9e04e,time_window
d_time_c_0d8aa19e2d7c_00022,m_2854779cae3e,time_window
d_time_c_0d8aa19e2d7c_00023,m_947d0159245b,time_window
d_time_c_0d8aa19e2d7c_00024,m_43096f3d60cf,time_window
d_time_c_1537c1c06a2a_00001,m_6f93af073b5e,time_window
d_time_c_1537c1c06a2a_00002,m_92d287f41352,time_window
d_time_c_1537c1c06a2a_00003,m_2b24e6bda8ef,time_window
d_time_c_1537c1c06a2a_00004,m_a7c5824d81b5,time_window
d_time_c_1537c1c06a2a_00005,m_5f377c13450d,time_window
d_time_c_1537c1c06a2a_00006,m_2cd68251c213,time_window
d_time_c_1537c1c06a2a_00007,m_d4c1e94de6a6,time_window
d_time_c_1537c1c06a2a_00007,m_03c035e494f6,time_window
d_time_c_1537c1c06a2a_00007,m_13dd1874f83b,time_window
d_time_c_1537c1c06a2a_00008,m_03c817fd6ea2,time_window
d_time_c_1ce7be1353a5_00001,m_05991787919d,time_window
d_time_c_1ce7be1353a5_00002,m_213de55c47d8,time_window
d_time_c_1ce7be1353a5_00003,m_641f7fc1a52a,time_window
d_time_c_1ce7be1353a5_00004,m_3589037b2211,time_window
d_time_c_1ce7be1353a5_00005,m_29bb70b3467e,time_window
d_time_c_1ce7be1353a5_00005,m_c7604b298cbe,time_window
d_time_c_1ce7be1353a5_00006,m_c2078f73fad1,time_window
d_time_c_1ce7be1353a5_00006,m_578877d7ddab,time_window
d_time_c_1ce7be1353a5_00007,m_bbf9753045ca,time_window
d_time_c_1ce7be1353a5_00008,m_a7f16f9c4140,time_window
d_time_c_1ce7be1353a5_00009,m_e2f44b12dc7a,time_window
d_time_c_1ce7be1353a5_00010,m_db0ce42d24e3,time_window
d_time_c_1ce7be1353a5_00010,m_8a8cbe1ad188,time_window
d_time_c_1ce7be1353a5_00010,m_8f828f40f3e5,time_window
d_time_c_1ce7be1353a5_00011,m_b4c67d9ddaa9,time_window
d_time_c_1ce7be1353a5_00011,m_7e186b202009,time_window
d_time_c_1ce7be1353a5_00011,m_b09766c024b1,time_window
d_time_c_1ce7be1353a5_00012,m_12ca21d0116b,time_window
d_time_c_1ce7be1353a5_00013,m_e3b30f95bfdb,time_window
d_time_c_1ce7be1353a5_00014,m_2ead3ddd58cc,time_window
d_time_c_1ce7be1353a5_00015,m_b6f486d7904c,time_window
d_time_c_1ce7be1353a5_00015,m_25939864014d,time_window
d_time_c_1ce7be1353a5_00015,m_66b29396731d,time_window
d_time_c_1ce7be1353a5_00015,m_7697f9e87949,time_window
d_time_c_1ce7be1353a5_00016,m_e5252b158e94,time_window
d_time_c_1ce7be1353a5_00017,m_cd2815c75c05,time_window
d_time_c_1ce7be1353a5_00017,m_d1a64e63d88f,time_window
d_time_c_1ce7be1353a5_00018,m_19f1ab92240d,time_window
d_time_c_1ce7be1353a5_00018,m_9387fdea794f,time_window
d_time_c_1ce7be1353a5_00018,m_4a806f61328e,time_window
d_time_c_1ce7be1353a5_00019,m_af39e7f260c0,time_window
d_time_c_1ce7be1353a5_00019,m_38cb3629ced3,time_window
d_time_c_1ce7be1353a5_00020,m_754e45c7bdbd,time_window
d_time_c_1ce7be1353a5_00021,m_426fcaf1655e,time_window
d_time_c_1ce7be1353a5_00022,m_f346724ae892,time_window
d_time_c_1ce7be1353a5_00023,m_c08b0fc4c297,time_window
d_time_c_1ce7be1353a5_00023,m_29623e882ba1,time_window
d_time_c_1ce7be1353a5_00024,m_1ad4665ba16e,time_window
d_time_c_1ce7be1353a5_00025,m_c4f6276e92ad,time_window
d_time_c_1ce7be1353a5_00026,m_30204de7542d,time_window
d_time_c_1ce7be1353a5_00026,m_cf33895be516,time_window
d_time_c_1ce7be1353a5_00026,m_0e0d0daee4a9,time_window
d_time_c_1ce7be1353a5_00026,m_eca227590ff7,time_window
d_time_c_1ce7be1353a5_00026,m_3f17df2bdfdf,time_window
d_time_c_1ce7be1353a5_00026,m_99d09877999d,time_window
d_time_c_1ce7be1353a5_00027,m_62629aba26bc,time_window
d_time_c_1ce7be1353a5_00028,m_3dd6c59277c2,time_window
d_time_c_1ce7be1353a5_00028,m_a09dc0efc592,time_window
d_time_c_1ce7be1353a5_00029,m_ffb9651f971c,time_window
d_time_c_1ce7be1353a5_00030,m_9cb0a6a6f81a,time_window
d_time_c_1ce7be1353a5_00031,m_81d4d25241a6,time_window
d_time_c_1ce7be1353a5_00032,m_1f3005f60f67,time_window
d_time_c_1ce7be1353a5_00032,m_3a693ed2f44c,time_window
d_time_c_1ce7be1353a5_00032,m_4c52c5e4d559,time_window
d_time_c_1ce7be1353a5_00033,m_6124aa7bd0cb,time_window
d_time_c_1ce7be1353a5_00033,m_b6c7ac2e3f75,time_window
d_time_c_1ce7be1353a5_00034,m_8e9bd923ded1,time_window
d_time_c_1ce7be1353a5_00035,m_5f4ad3a1d31d,time_window
d_time_c_1ce7be1353a5_00036,m_4acb95035968,time_window
d_time_c_1ce7be1353a5_00037,m_cead7aef67ff,time_window
d_time_c_1ce7be1353a5_00037,m_8e3ca54b38c5,time_window
d_time_c_1ce7be1353a5_00037,m_f0867a9f56de,time_window
d_time_c_1ce7be1353a5_00037,m_6710801961b6,time_window
d_time_c_1ce7be1353a5_00037,m_a5955f114333,time_window
d_time_c_1ce7be1353a5_00038,m_f1d8826163d1,time_window
d_time_c_1ce7be1353a5_00039,m_8b751cf0d5ff,time_window
d_time_c_1ce7be1353a5_00039,m_650c7c662c62,time_window
d_time_c_1ce7be1353a5_00039,m_4840c6352b0e,time_window
d_time_c_1ce7be1353a5_00039,m_28b8ffb3921c,time_window
d_time_c_1ce7be1353a5_00040,m_3b2933a70137,time_window
d_time_c_1ce7be1353a5_00041,m_3306416d82e8,time_window
d_time_c_1ce7be1353a5_00041,m_43f410a98180,time_window
d_time_c_1ce7be1353a5_00041,m_534236d8604f,time_window
d_time_c_1ce7be1353a5_00042,m_31ed3d44e991,time_window
d_time_c_1ce7be1353a5_00042,m_a16365a93d4f,time_window
d_time_c_1ce7be1353a5_00043,m_7586fb1950af,time_window
d_time_c_1ce7be1353a5_00043,m_15399ec21262,time_window
d_time_c_1ce7be1353a5_00043,m_fc07dfc5ec77,time_window
d_time_c_1ce7be1353a5_00043,m_c11827183a69,time_window
d_time_c_1ce7be1353a5_00043,m_c5d683f0c28a,time_window
d_time_c_1ce7be1353a5_00043,m_9aa3a8b761c4,time_window
d_time_c_1ce7be1353a5_00044,m_79192ff2c6c0,time_window
d_time_c_1ce7be1353a5_00044,m_19147242a6db,time_window
d_time_c_1ce7be1353a5_00044,m_323139af5c55,time_window
d_time_c_1ce7be1353a5_00044,m_dcdccc2bbfd1,time_window
d_time_c_1ce7be1353a5_00044,m_2f062af20d8b,time_window
d_time_c_1ce7be1353a5_00045,m_7541abab1271,time_window
d_time_c_1ce7be1353a5_00045,m_fee11cce935b,time_window
d_time_c_1ce7be1353a5_00046,m_9ca8cdb96290,time_window
d_time_c_1ce7be1353a5_00047,m_cc1efe51b451,time_window
d_time_c_1ce7be1353a5_00047,m_5d4300edba9e,time_window
d_time_c_1ce7be1353a5_00047,m_a58061126bd0,time_window
d_time_c_1ce7be1353a5_00048,m_4c2d5d654291,time_window
d_time_c_1ce7be1353a5_00048,m_f93cc424b831,time_window
d_time_c_1ce7be1353a5_00049,m_492ef351aeb4,time_window
d_time_c_1ce7be1353a5_00050,m_f4ac86fa493c,time_window
d_time_c_1ce7be1353a5_00051,m_7d3031907ec9,time_window
d_time_c_1ce7be1353a5_00052,m_954361a04ad8,time_window
d_time_c_1ce7be1353a5_00052,m_613c044fd0bc,time_window
d_time_c_1ce7be1353a5_00052,m_fe8c8934f941,time_window
d_time_c_1ce7be1353a5_00052,m_b4b3fefec3de,time_window
d_time_c_1ce7be1353a5_00053,m_32faba6b53df,time_window
d_time_c_1ce7be1353a5_00054,m_24050c4d6693,time_window
d_time_c_1ce7be1353a5_00055,m_6df285568338,time_window
d_time_c_1ce7be1353a5_00055,m_45dfbd5a2537,time_window
d_time_c_1ce7be1353a5_00055,m_544b03c947f6,time_window
d_time_c_1ce7be1353a5_00055,m_3e3dfd790a40,time_window
d_time_c_1ce7be1353a5_00055,m_e5d797b07fc2,time_window
d_time_c_1ce7be1353a5_00055,m_131f4b053ef8,time_window
d_time_c_1ce7be1353a5_00056,m_d799f91ef7bc,time_window
d_time_c_1ce7be1353a5_00057,m_4caa2fd0ceb1,time_window
d_time_c_1ce7be1353a5_00057,m_3cac62ec05ae,time_window
d_time_c_1ce7be1353a5_00057,m_7e59e375c6cc,time_window
d_time_c_1ce7be1353a5_00057,m_6a224273ef94,time_window
d_time_c_1ce7be1353a5_00058,m_4b1eebd22438,time_window
d_time_c_1ce7be1353a5_00058,m_06329118d560,time_window
d_time_c_1ce7be1353a5_00059,m_0f8ecdcfc7e2,time_window
d_time_c_1ce7be1353a5_00060,m_e9d1cdd3106e,time_window
d_time_c_1ce7be1353a5_00060,m_eaa2b733f745,time_window
d_time_c_1ce7be1353a5_00060,m_3f6e16672192,time_window
d_time_c_1ce7be1353a5_00061,m_cbaa8f61bd79,time_window
d_time_c_1ce7be1353a5_00062,m_622669600c8d,time_window
d_time_c_1ce7be1353a5_00063,m_46bd0517dbf0,time_window
d_time_c_1ce7be1353a5_00063,m_657c092a13b0,time_window
d_time_c_1ce7be1353a5_00063,m_b208229a9a6a,time_window
d_time_c_1ce7be1353a5_00064,m_76981c202091,time_window
d_time_c_1ce7be1353a5_00065,m_8fe0798f86ff,time_window
d_time_c_1ce7be1353a5_00066,m_90923e3c1f14,time_window
d_time_c_1ce7be1353a5_00066,m_4ac527e7d884,time_window
d_time_c_1ce7be1353a5_00067,m_1e5af9d95ac4,time_window
d_time_c_1ce7be1353a5_00068,m_45331b46b9ce,time_window
d_time_c_1ce7be1353a5_00069,m_375223ac6de1,time_window
d_time_c_1ce7be1353a5_00070,m_8980c4189f2b,time_window
d_time_c_1ce7be1353a5_00070,m_2c671bc3d506,time_window
d_time_c_1ce7be1353a5_00070,m_7837b635129e,time_window
d_time_c_1ce7be1353a5_00071,m_a3758329ba45,time_window
d_time_c_1ce7be1353a5_00071,m_3455f4a230cc,time_window
d_time_c_1ce7be1353a5_00071,m_be2671f7d03e,time_window
d_time_c_1ce7be1353a5_00072,m_d8d3bc60bf08,time_window
d_time_c_1ce7be1353a5_00072,m_9a8ac86c324b,time_window
d_time_c_1ce7be1353a5_00073,m_a5f070387645,time_window
d_time_c_1ce7be1353a5_00074,m_7421e308f94e,time_window
d_time_c_1ce7be1353a5_00074,m_33d7d8c69737,time_window
d_time_c_1ce7be1353a5_00074,m_951e832dfd75,time_window
d_time_c_1ce7be1353a5_00075,m_6d3bee28628e,time_window
d_time_c_1ce7be1353a5_00076,m_ca19d21fcc7e,time_window
d_time_c_1ce7be1353a5_00077,m_16fe0dce2838,time_window
d_time_c_1ce7be1353a5_00077,m_4fa8cdbab183,time_window
d_time_c_1ce7be1353a5_00078,m_0a910651bd06,time_window
d_time_c_1ce7be1353a5_00078,m_7a0c9a899bd7,time_window
d_time_c_1ce7be1353a5_00078,m_651af0f92de2,time_window
d_time_c_1ce7be1353a5_00079,m_312f7580eb7e,time_window
d_time_c_1ce7be1353a5_00080,m_700f6f57f313,time_window
d_time_c_1ce7be1353a5_00080,m_cf07596f57aa,time_window
d_time_c_1ce7be1353a5_00080,m_d65151c0f1d1,time_window
d_time_c_1ce7be1353a5_00081,m_ca285373844a,time_window
d_time_c_1ce7be1353a5_00082,m_840a71b2e153,time_window
d_time_c_1ce7be1353a5_00082,m_96a094373227,time_window
d_time_c_1ce7be1353a5_00083,m_9af00f4b1110,time_window
d_time_c_1ce7be1353a5_00083,m_e07603ef44cf,time_window
d_time_c_1ce7be1353a5_00083,m_801220ebd59d,time_window
d_time_c_1ce7be1353a5_00084,m_76395398e586,time_window
d_time_c_1ce7be1353a5_00084,m_8918e1945451,time_window
d_time_c_1ce7be1353a5_00085,m_15a8bb010312,time_window
d_time_c_1ce7be1353a5_00086,m_5b835e2ed80b,time_window
d_time_c_1ce7be1353a5_00086,m_4c2cd6bffdac,time_window
d_time_c_1ce7be1353a5_00087,m_f71928514bf5,time_window
d_time_c_1ce7be1353a5_00088,m_f8ea02ff3954,time_window
d_time_c_1ce7be1353a5_00089,m_0bfa43400acc,time_window
d_time_c_1ce7be1353a5_00090,m_fc4068ed4058,time_window
d_time_c_1ce7be1353a5_00090,m_4e3cffa622c0,time_window
d_time_c_1ce7be1353a5_00091,m_367e308a4d23,time_window
d_time_c_1ce7be1353a5_00091,m_1fd147c6f8b2,time_window
d_time_c_1ce7be1353a5_00091,m_a7670dac2c3e,time_window
d_time_c_1ce7be1353a5_00091,m_bd44c2bdacbe,time_window
d_time_c_1ce7be1353a5_00091,m_d0ee4fdffe8e,time_window
d_time_c_1ce7be1353a5_00092,m_5e3b89ecef74,time_window
d_time_c_1ce7be1353a5_00092,m_63711c831d23,time_window
d_time_c_1ce7be1353a5_00092,m_8607f9bf8405,time_window
d_time_c_1ce7be1353a5_00093,m_98a1a13e6ce6,time_window
d_time_c_1ce7be1353a5_00093,m_c9ebbf67a76e,time_window
d_time_c_1ce7be1353a5_00094,m_00a2f61cf9f2,time_window
d_time_c_1ce7be1353a5_00095,m_eeb9a6cbbfbb,time_window
d_time_c_1ce7be1353a5_00095,m_6aa40eb1b0ac,time_window
d_time_c_1ce7be1353a5_00096,m_e3d92e70363f,time_window
d_time_c_1ce7be1353a5_00097,m_478c5814bbad,time_window
d_time_c_1ce7be1353a5_00098,m_ad300a2d7c01,time_window
d_time_c_1ce7be1353a5_00099,m_85223862b8fe,time_window
d_time_c_1ce7be1353a5_00099,m_d3bc8f859e93,time_window
d_time_c_1ce7be1353a5_00099,m_c1a0c98d6764,time_window
d_time_c_1ce7be1353a5_00099,m_c7a1b4bdbc71,time_window
d_time_c_1ce7be1353a5_00099,m_37972ef2434b,time_window
d_time_c_1ce7be1353a5_00100,m_869831e229c3,time_window
d_time_c_1ce7be1353a5_00100,m_c4d8fdbb2ceb,time_window
d_time_c_1ce7be1353a5_00101,m_43e605875c8d,time_window
d_time_c_1ce7be1353a5_00101,m_fad1377b6013,time_window
d_time_c_1ce7be1353a5_00102,m_d1efab943588,time_window
d_time_c_1ce7be1353a5_00102,m_fbf3ab39c379,time_window
d_time_c_1ce7be1353a5_00102,m_adbb7c89a7f9,time_window
d_time_c_1ce7be1353a5_00102,m_573cc81991c3,time_window
d_time_c_1ce7be1353a5_00103,m_5cfa7e6a88c0,time_window
d_time_c_1ce7be1353a5_00103,m_3870ad956b53,time_window
d_time_c_1ce7be1353a5_00103,m_f3664f8659e3,time_window
d_time_c_1ce7be1353a5_00104,m_60eb8882f741,time_window
d_time_c_1ce7be1353a5_00104,m_69b5e54fdf43,time_window
d_time_c_1ce7be1353a5_00105,m_7c7f2071735b,time_window
d_time_c_1ce7be1353a5_00106,m_ccc97bcd2f06,time_window
d_time_c_1ce7be1353a5_00107,m_5854d370ea6c,time_window
d_time_c_1ce7be1353a5_00108,m_d1cc77b4fc42,time_window
d_time_c_1ce7be1353a5_00109,m_b1ea56a2dce8,time_window
d_time_c_1ce7be1353a5_00110,m_174e199e9bdb,time_window
d_time_c_1ce7be1353a5_00111,m_826e7c9c658b,time_window
d_time_c_1ce7be1353a5_00112,m_e5533629b9d4,time_window
d_time_c_1ce7be1353a5_00113,m_6e3875744ec2,time_window
d_time_c_1ce7be1353a5_00113,m_ddce3af0f14f,time_window
d_time_c_1ce7be1353a5_00114,m_fc3d287f8283,time_window
d_time_c_1ce7be1353a5_00115,m_d1a055f9e1d6,time_window
d_time_c_1ce7be1353a5_00115,m_e37ebd608881,time_window
d_time_c_1ce7be1353a5_00115,m_a60f8695ae01,time_window
d_time_c_1ce7be1353a5_00116,m_685133588fe9,time_window
d_time_c_1ce7be1353a5_00116,m_6d9bd9109e82,time_window
d_time_c_1ce7be1353a5_00117,m_0d70dd9190b3,time_window
d_time_c_1ce7be1353a5_00117,m_ca0c21eafa7b,time_window
d_time_c_1ce7be1353a5_00118,m_7438f05be762,time_window
d_time_c_1ce7be1353a5_00119,m_57e295f65cb8,time_window
d_time_c_1ce7be1353a5_00120,m_08f270cc212d,time_window
d_time_c_1ce7be1353a5_00121,m_047083d2aea1,time_window
d_time_c_1ce7be1353a5_00121,m_763976340478,time_window
d_time_c_1ce7be1353a5_00121,m_e6d38cf3312e,time_window
d_time_c_1ce7be1353a5_00122,m_6370bcd4c7bb,time_window
d_time_c_1ce7be1353a5_00122,m_08045179a7b7,time_window
d_time_c_1ce7be1353a5_00122,m_6ad7d028f860,time_window
d_time_c_1ce7be1353a5_00122,m_6754b2377891,time_window
d_time_c_1ce7be1353a5_00123,m_31c63b85e2a5,time_window
d_time_c_1ce7be1353a5_00123,m_03551570d830,time_window
d_time_c_1d85b36eeb4b_00001,m_3e63d04326e2,time_window
d_time_c_1d85b36eeb4b_00001,m_bec84a72d562,time_window
d_time_c_1d85b36eeb4b_00002,m_778d949edda9,time_window
d_time_c_1d85b36eeb4b_00002,m_b3b1255c06e9,time_window
d_time_c_1d85b36eeb4b_00003,m_2ade78c34ef1,time_window
d_time_c_1d85b36eeb4b_00004,m_102248ea2d7c,time_window
d_time_c_1d85b36eeb4b_00005,m_34406952a548,time_window
d_time_c_1d85b36eeb4b_00005,m_76cf6fabcafa,time_window
d_time_c_1d85b36eeb4b_00005,m_e820e8a2bc0c,time_window
d_time_c_1d85b36eeb4b_00006,m_3024e9f1a7a3,time_window
d_time_c_1d85b36eeb4b_00007,m_a75667de61e2,time_window
d_time_c_1d85b36eeb4b_00008,m_8c8f52e40e73,time_window
d_time_c_1d85b36eeb4b_00009,m_5ce980fa85d5,time_window
d_time_c_1d85b36eeb4b_00009,m_c4de457f6779,time_window
d_time_c_1d85b36eeb4b_00009,m_ad272b441ed1,time_window
d_time_c_1d85b36eeb4b_00009,m_1e7d8ba7358c,time_window
d_time_c_1d85b36eeb4b_00009,m_b1b9c37fb107,time_window
d_time_c_1d85b36eeb4b_00010,m_8a1e57cb70e3,time_window
d_time_c_1d85b36eeb4b_00010,m_7b1c431792de,time_window
d_time_c_1d85b36eeb4b_00010,m_392ed15211d7,time_window
d_time_c_1d85b36eeb4b_00010,m_b31e3ecbd6dc,time_window
d_time_c_1d85b36eeb4b_00011,m_b40f6b828b30,time_window
d_time_c_1d85b36eeb4b_00012,m_2f0ab6d3015d,time_window
d_time_c_1d85b36eeb4b_00013,m_39a842b3a0d8,time_window
d_time_c_1d85b36eeb4b_00014,m_76790d7ca9e3,time_window
d_time_c_1d85b36eeb4b_00014,m_f6e1bc45da51,time_window
d_time_c_1d85b36eeb4b_00015,m_3a4ba68dfa51,time_window
d_time_c_1d85b36eeb4b_00015,m_58eca3dfc48f,time_window
d_time_c_1d85b36eeb4b_00016,m_3a4aef07704c,time_window
d_time_c_1d85b36eeb4b_00017,m_fcc1405b3787,time_window
d_time_c_1d85b36eeb4b_00017,m_af1bed88d305,time_window
d_time_c_1d85b36eeb4b_00018,m_9cf3cfbe7bf7,time_window
d_time_c_1d85b36eeb4b_00018,m_956827d9a2d2,time_window
d_time_c_1d85b36eeb4b_00019,m_52d25f497d6a,time_window
d_time_c_1d85b36eeb4b_00019,m_98713bf06576,time_window
d_time_c_1d85b36eeb4b_00019,m_2a05cedab7f9,time_window
d_time_c_1d85b36eeb4b_00019,m_04083bf1010a,time_window
d_time_c_1d85b36eeb4b_00020,m_f580c718456b,time_window
d_time_c_1d85b36eeb4b_00021,m_98b2d45e34d3,time_window
d_time_c_1d85b36eeb4b_00022,m_cba403e923f6,time_window
d_time_c_1d85b36eeb4b_00023,m_37075b4bd2c6,time_window
d_time_c_1d85b36eeb4b_00024,m_8f2f62fc0ab3,time_window
d_time_c_1d85b36eeb4b_00025,m_23684edb6d4d,time_window
d_time_c_1d85b36eeb4b_00026,m_6ff3d87dd9c1,time_window
d_time_c_1d85b36eeb4b_00027,m_d833c237ae5a,time_window
d_time_c_1d85b36eeb4b_00028,m_105c571b719e,time_window
d_time_c_1d85b36eeb4b_00028,m_5c48301378af,time_window
d_time_c_1d85b36eeb4b_00029,m_b155f75e1408,time_window
d_time_c_1d85b36eeb4b_00029,m_63df6c615ddb,time_window
d_time_c_1d85b36eeb4b_00030,m_b4e9e48dd7f5,time_window
d_time_c_1d85b36eeb4b_00030,m_a6fe5a54f30c,time_window
d_time_c_1d85b36eeb4b_00031,m_320461de62f0,time_window
d_time_c_1d85b36eeb4b_00032,m_fe1d44b4615f,time_window
d_time_c_1d85b36eeb4b_00033,m_568bafac0ed7,time_window
d_time_c_1d85b36eeb4b_00033,m_3bb99e6be18b,time_window
d_time_c_1d85b36eeb4b_00034,m_3f651b55a3c9,time_window
d_time_c_1d85b36eeb4b_00034,m_90ca16063ab1,time_window
d_time_c_1d85b36eeb4b_00034,m_400b48515843,time_window
d_time_c_1d85b36eeb4b_00035,m_6aa08d6868fe,time_window
d_time_c_1d85b36eeb4b_00035,m_d2606b2b3052,time_window
d_time_c_1d85b36eeb4b_00035,m_93e365fb10ab,time_window
d_time_c_1d85b36eeb4b_00036,m_adfdf88fb067,time_window
d_time_c_1d85b36eeb4b_00037,m_632521e12d78,time_window
d_time_c_1d85b36eeb4b_00038,m_230d35357f13,time_window
d_time_c_1d85b36eeb4b_00038,m_9d916b5af558,time_window
d_time_c_1d85b36eeb4b_00039,m_2f33e564a589,time_window
d_time_c_1d85b36eeb4b_00040,m_e32d66ec1d3b,time_window
d_time_c_1d85b36eeb4b_00041,m_92cf3727e203,time_window
d_time_c_1d85b36eeb4b_00042,m_065513bc4212,time_window
d_time_c_1d85b36eeb4b_00042,m_6052d3ad676c,time_window
d_time_c_1d85b36eeb4b_00043,m_4348c5cfbdde,time_window
d_time_c_1d85b36eeb4b_00044,m_7499a5811870,time_window
d_time_c_1d85b36eeb4b_00045,m_1d84adb7c276,time_window
d_time_c_1d85b36eeb4b_00046,m_52915d0fed0f,time_window
d_time_c_1d85b36eeb4b_00047,m_36dd027e50dd,time_window
d_time_c_1d85b36eeb4b_00047,m_64f56bf98115,time_window
d_time_c_1d85b36eeb4b_00048,m_21ac9e064401,time_window
d_time_c_1d85b36eeb4b_00049,m_c6367b1785c1,time_window
d_time_c_1d85b36eeb4b_00050,m_2c5eeb54542a,time_window
d_time_c_1d85b36eeb4b_00050,m_78e9fb0c216a,time_window
d_time_c_1d85b36eeb4b_00050,m_6aeadf144eb6,time_window
d_time_c_1d85b36eeb4b_00050,m_458bbe93957b,time_window
d_time_c_1d85b36eeb4b_00051,m_ec76b4c2500f,time_window
d_time_c_1d85b36eeb4b_00052,m_b6a95f7fa28e,time_window
d_time_c_1d85b36eeb4b_00052,m_da5627ace7ce,time_window
d_time_c_1d85b36eeb4b_00053,m_fff80b2f2149,time_window
d_time_c_1d85b36eeb4b_00054,m_ca6e84524902,time_window
d_time_c_1d85b36eeb4b_00055,m_a386b54ae04d,time_window
d_time_c_1d85b36eeb4b_00056,m_ae4271a1f050,time_window
d_time_c_1d85b36eeb4b_00057,m_5c1eed00d052,time_window
d_time_c_1d85b36eeb4b_00057,m_bebc9c3312d1,time_window
d_time_c_1d85b36eeb4b_00058,m_9ac769d27853,time_window
d_time_c_2245f4556690_00001,m_7328dc1dcdd4,time_window
d_time_c_2245f4556690_00002,m_b670608739a4,time_window
d_time_c_2245f4556690_00003,m_e28573dd48b8,time_window
d_time_c_2245f4556690_00004,m_e69aed91cdf3,time_window
d_time_c_2245f4556690_00005,m_bdb18f78acce,time_window
d_time_c_2245f4556690_00005,m_0b550859600e,time_window
d_time_c_2245f4556690_00006,m_9581af8aa443,time_window
d_time_c_2245f4556690_00007,m_f0d5e48ff963,time_window
d_time_c_2245f4556690_00008,m_4061536793ae,time_window
d_time_c_2245f4556690_00009,m_540ac5d7d933,time_window
d_time_c_2245f4556690_00009,m_0275500a0d0d,time_window
d_time_c_2245f4556690_00010,m_e6535afe512b,time_window
d_time_c_2245f4556690_00011,m_13d4f1b8cc07,time_window
d_time_c_2245f4556690_00011,m_a3dc6f769a51,time_window
d_time_c_2245f4556690_00011,m_dde9030ac9f8,time_window
d_time_c_2245f4556690_00012,m_cbd5368bc4eb,time_window
d_time_c_2245f4556690_00012,m_d34c91dbafc2,time_window
d_time_c_2245f4556690_00013,m_2cd4de6f9f35,time_window
d_time_c_2245f4556690_00014,m_5834fe6faf0e,time_window
d_time_c_2245f4556690_00015,m_faa05e704cda,time_window
d_time_c_2245f4556690_00016,m_b5ad74b474c9,time_window
d_time_c_2245f4556690_00017,m_809d6403363f,time_window
d_time_c_2245f4556690_00018,m_601accfce4e5,time_window
d_time_c_2245f4556690_00019,m_ccddde7d758b,time_window
d_time_c_2245f4556690_00020,m_e1a9db8031c3,time_window
d_time_c_2245f4556690_00021,m_162a4a115a91,time_window
d_time_c_2245f4556690_00021,m_d737d31b1bfb,time_window
d_time_c_2245f4556690_00022,m_5a8b1b2cc282,time_window
d_time_c_2245f4556690_00022,m_a340a1723fc0,time_window
d_time_c_2245f4556690_00023,m_8b34a1d5a98c,time_window
d_time_c_2245f4556690_00024,m_072fd2c8cb33,time_window
d_time_c_2245f4556690_00025,m_e95dff92766c,time_window
d_time_c_2245f4556690_00025,m_fc176061ed02,time_window
d_time_c_2245f4556690_00026,m_431d47c7f2c6,time_window
d_time_c_2245f4556690_00027,m_95ccf52c9e2f,time_window
d_time_c_2245f4556690_00027,m_e7ece402947b,time_window
d_time_c_2245f4556690_00027,m_38b2d0beeb26,time_window
d_time_c_2245f4556690_00027,m_1ccce3bdd656,time_window
d_time_c_2245f4556690_00027,m_6cacc6328842,time_window
d_time_c_2245f4556690_00027,m_00cb94db3b35,time_window
d_time_c_2245f4556690_00028,m_82e3a28f5873,time_window
d_time_c_2245f4556690_00029,m_8225bb95986c,time_window
d_time_c_2245f4556690_00030,m_fa44e3643800,time_window
d_time_c_2245f4556690_00031,m_f57ccde231db,time_window
d_time_c_2245f4556690_00031,m_028ff3092006,time_window
d_time_c_2245f4556690_00032,m_b41c3e9a5b3e,time_window
d_time_c_2245f4556690_00033,m_cfba66e16a04,time_window
d_time_c_2245f4556690_00034,m_ba8664a2e87a,time_window
d_time_c_2245f4556690_00035,m_1f1f3d9fa366,time_window
d_time_c_2245f4556690_00035,m_e1c73fa8c4ea,time_window
d_time_c_2245f4556690_00036,m_b683c5d0768d,time_window
d_time_c_2245f4556690_00037,m_e6d1fb4057dc,time_window
d_time_c_2245f4556690_00038,m_1bb70deb8085,time_window
d_time_c_2245f4556690_00039,m_61ea7f637047,time_window
d_time_c_2245f4556690_00040,m_ab840dd8ed21,time_window
d_time_c_2245f4556690_00041,m_c5858a1f74fd,time_window
d_time_c_2245f4556690_00042,m_b8dd3e30ef31,time_window
d_time_c_2245f4556690_00043,m_2e733f22ae37,time_window
d_time_c_2245f4556690_00044,m_3946e16e5f3f,time_window
d_time_c_2245f4556690_00045,m_d6dabf93230c,time_window
d_time_c_2245f4556690_00046,m_02cd131f252f,time_window
d_time_c_2245f4556690_00047,m_987665ac2e86,time_window
d_time_c_2245f4556690_00048,m_9704c56bac9b,time_window
d_time_c_2245f4556690_00049,m_5d20375e11cb,time_window
d_time_c_2245f4556690_00050,m_e0e6e3060650,time_window
d_time_c_2245f4556690_00051,m_9dd95cb51f56,time_window
d_time_c_2245f4556690_00052,m_7d312c17eb7d,time_window
d_time_c_2245f4556690_00053,m_64cad1b4ac91,time_window
d_time_c_2245f4556690_00053,m_45e153883058,time_window
d_time_c_2245f4556690_00053,m_053ee593f0ea,time_window
d_time_c_2245f4556690_00053,m_680ced172c07,time_window
d_time_c_2245f4556690_00054,m_ccb45c331875,time_window
d_time_c_2245f4556690_00055,m_17ee7ae96ab9,time_window
d_time_c_2245f4556690_00056,m_a4396e66b1e1,time_window
d_time_c_2245f4556690_00057,m_4390b5b8ec7c,time_window
d_time_c_2245f4556690_00058,m_b5eb7123ef98,time_window
d_time_c_2245f4556690_00059,m_66956bfbe666,time_window
d_time_c_2245f4556690_00060,m_8b6e443fcb95,time_window
d_time_c_2245f4556690_00061,m_13edbdb8086b,time_window
d_time_c_2245f4556690_00062,m_69bd51331849,time_window
d_time_c_2245f4556690_00063,m_d7354b4242f9,time_window
d_time_c_2245f4556690_00063,m_f60c5eb60568,time_window
d_time_c_2245f4556690_00064,m_eb608cf87edb,time_window
d_time_c_2245f4556690_00064,m_922595fe6945,time_window
d_time_c_2245f4556690_00065,m_db2e0b98f9e2,time_window
d_time_c_2245f4556690_00065,m_4486a693a8b1,time_window
d_time_c_2245f4556690_00065,m_6b336fae6501,time_window
d_time_c_2245f4556690_00065,m_73a4226d9d56,time_window
d_time_c_249cc4c97f3f_00001,m_1efb2c4e1079,time_window
d_time_c_249cc4c97f3f_00002,m_b3d7820c7b56,time_window
d_time_c_249cc4c97f3f_00002,m_1060757e4049,time_window
d_time_c_249cc4c97f3f_00002,m_9c92cd2678f4,time_window
d_time_c_249cc4c97f3f_00003,m_cb80826eacda,time_window
d_time_c_249cc4c97f3f_00004,m_5b9c23879d6f,time_window
d_time_c_249cc4c97f3f_00005,m_b7e56cb262f6,time_window
d_time_c_249cc4c97f3f_00006,m_9e61195d1246,time_window
d_time_c_249cc4c97f3f_00007,m_95886ff40afe,time_window
d_time_c_249cc4c97f3f_00008,m_e1a77b6719ff,time_window
d_time_c_249cc4c97f3f_00008,m_32bb8cac1679,time_window
d_time_c_249cc4c97f3f_00009,m_c1dbd545f5ac,time_window
d_time_c_249cc4c97f3f_00009,m_5b5133f81a73,time_window
d_time_c_249cc4c97f3f_00010,m_a5576b4f3861,time_window
d_time_c_249cc4c97f3f_00010,m_a0c9b8c445d5,time_window
d_time_c_249cc4c97f3f_00010,m_e1f41ad53dd0,time_window
d_time_c_249cc4c97f3f_00011,m_299d95be6413,time_window
d_time_c_249cc4c97f3f_00012,m_f035fb9155b2,time_window
d_time_c_249cc4c97f3f_00013,m_7c01585cf532,time_window
d_time_c_249cc4c97f3f_00014,m_32bed97529b9,time_window
d_time_c_249cc4c97f3f_00014,m_db88af21b2a6,time_window
d_time_c_249cc4c97f3f_00015,m_722438f16a54,time_window
d_time_c_249cc4c97f3f_00016,m_b5d5242491aa,time_window
d_time_c_249cc4c97f3f_00016,m_b8da9a3982ea,time_window
d_time_c_249cc4c97f3f_00017,m_2da90bd2d96a,time_window
d_time_c_249cc4c97f3f_00018,m_7533e9e8f662,time_window
d_time_c_249cc4c97f3f_00019,m_9607eb389460,time_window
d_time_c_249cc4c97f3f_00020,m_576bb0f0fd03,time_window
d_time_c_249cc4c97f3f_00020,m_c23db0085176,time_window
d_time_c_249cc4c97f3f_00021,m_27d72d48a31a,time_window
d_time_c_249cc4c97f3f_00022,m_2a999d34a680,time_window
d_time_c_249cc4c97f3f_00023,m_70ec790a4f30,time_window
d_time_c_249cc4c97f3f_00023,m_5c9a31ea5524,time_window
d_time_c_249cc4c97f3f_00024,m_cf67e980abb5,time_window
d_time_c_249cc4c97f3f_00025,m_0218b35b5dda,time_window
d_time_c_249cc4c97f3f_00025,m_5bf4fecd1471,time_window
d_time_c_249cc4c97f3f_00026,m_54a0dcfda2ef,time_window
d_time_c_249cc4c97f3f_00027,m_76613ad77ddd,time_window
d_time_c_249cc4c97f3f_00028,m_ac8ea69f00a3,time_window
d_time_c_249cc4c97f3f_00029,m_92cac9857c53,time_window
d_time_c_249cc4c97f3f_00029,m_201591fd0c3e,time_window
d_time_c_249cc4c97f3f_00029,m_983111350a05,time_window
d_time_c_249cc4c97f3f_00030,m_6a153c146971,time_window
d_time_c_249cc4c97f3f_00031,m_46f597c0b9f3,time_window
d_time_c_249cc4c97f3f_00032,m_1315451e8b20,time_window
d_time_c_249cc4c97f3f_00032,m_1be3fd6f6899,time_window
d_time_c_249cc4c97f3f_00032,m_7c1d88224602,time_window
d_time_c_249cc4c97f3f_00032,m_406dd55f79c6,time_window
d_time_c_249cc4c97f3f_00032,m_79f66c001148,time_window
d_time_c_249cc4c97f3f_00032,m_b167c809bad8,time_window
d_time_c_249cc4c97f3f_00033,m_749e946f7e2c,time_window
d_time_c_249cc4c97f3f_00033,m_d1706b5a9ebc,time_window
d_time_c_249cc4c97f3f_00033,m_e87de242b03e,time_window
d_time_c_249cc4c97f3f_00033,m_4d677b7a9ce0,time_window
d_time_c_249cc4c97f3f_00034,m_a5b089d7bd14,time_window
d_time_c_2a1b52442815_00001,m_c8286fdd4534,time_window
d_time_c_2a1b52442815_00002,m_24d1f8ffadf3,time_window
d_time_c_2a1b52442815_00003,m_b1e8af92a19f,time_window
d_time_c_2a1b52442815_00004,m_298eb48ec295,time_window
d_time_c_2a1b52442815_00005,m_468f4e66b96e,time_window
d_time_c_2a1b52442815_00006,m_4f5d61e7235b,time_window
d_time_c_2a1b52442815_00007,m_7e7d6a08f9ac,time_window
d_time_c_2a1b52442815_00008,m_f171f7efd24b,time_window
d_time_c_2a1b52442815_00009,m_db1b61425564,time_window
d_time_c_2a1b52442815_00010,m_a3178b66ecab,time_window
d_time_c_2a1b52442815_00010,m_351dbae94b5c,time_window
d_time_c_2a1b52442815_00010,m_215b47a35084,time_window
d_time_c_2a1b52442815_00011,m_f8539d91f0a3,time_window
d_time_c_2a1b52442815_00012,m_321ef23a49ce,time_window
d_time_c_2a1b52442815_00013,m_bbb23b89ec53,time_window
d_time_c_2a1b52442815_00013,m_b7d611638b89,time_window
d_time_c_2a1b52442815_00014,m_e900904f3c97,time_window
d_time_c_2a1b52442815_00015,m_5df304018fbf,time_window
d_time_c_2a1b52442815_00016,m_ec97128fc6cc,time_window
d_time_c_2cf6984910af_00001,m_924a4f5aa7b3,time_window
d_time_c_2cf6984910af_00001,m_acfa8b45fb73,time_window
d_time_c_2cf6984910af_00002,m_88d1c3b1df82,time_window
d_time_c_2cf6984910af_00003,m_67c8e727fe85,time_window
d_time_c_2cf6984910af_00004,m_79d8599f2d45,time_window
d_time_c_2cf6984910af_00004,m_c74023607e9e,time_window
d_time_c_2cf6984910af_00005,m_c62454394156,time_window
d_time_c_2cf6984910af_00006,m_49c217433c2d,time_window
d_time_c_2cf6984910af_00007,m_27279a1296b3,time_window
d_time_c_2cf6984910af_00008,m_fb17a21f9d82,time_window
d_time_c_2cf6984910af_00008,m_0d34531eb35e,time_window
d_time_c_2cf6984910af_00009,m_f59136277aa3,time_window
d_time_c_2cf6984910af_00009,m_5ad44335e38c,time_window
d_time_c_2cf6984910af_00010,m_0a21bd7c08f6,time_window
d_time_c_2cf6984910af_00010,m_38467b06d401,time_window
d_time_c_2cf6984910af_00010,m_fc8d8be7eec8,time_window
d_time_c_2cf6984910af_00010,m_043abb943010,time_window
d_time_c_2cf6984910af_00011,m_ecd304755a35,time_window
d_time_c_2cf6984910af_00011,m_061ee4a6e861,time_window
d_time_c_2cf6984910af_00011,m_3d00210e9eaa,time_window
d_time_c_2cf6984910af_00012,m_56bb88159121,time_window
d_time_c_2cf6984910af_00012,m_f80f0e0731da,time_window
d_time_c_2cf6984910af_00012,m_8914eebfa44f,time_window
d_time_c_2cf6984910af_00012,m_a0424a1e4999,time_window
d_time_c_2cf6984910af_00012,m_5bad93cc6226,time_window
d_time_c_2cf6984910af_00012,m_0c89cdb53301,time_window
d_time_c_2cf6984910af_00012,m_357dcf119f61,time_window
d_time_c_2cf6984910af_00012,m_185f3e9f94aa,time_window
d_time_c_2cf6984910af_00012,m_e935517e953a,time_window
d_time_c_2cf6984910af_00012,m_09d68bad23fe,time_window
d_time_c_2cf6984910af_00013,m_18a34227ab84,time_window
d_time_c_2cf6984910af_00014,m_8f71768a68eb,time_window
d_time_c_2cf6984910af_00015,m_2a3ea9195425,time_window
d_time_c_2cf6984910af_00016,m_b8405fa21a5e,time_window
d_time_c_2cf6984910af_00017,m_83d359416ea7,time_window
d_time_c_2cf6984910af_00018,m_779a8b681c8d,time_window
d_time_c_2cf6984910af_00019,m_c94d54a9763c,time_window
d_time_c_2cf6984910af_00019,m_7e587af1de33,time_window
d_time_c_2cf6984910af_00019,m_e7985989994d,time_window
d_time_c_2cf6984910af_00019,m_0ff5aed190c3,time_window
d_time_c_2cf6984910af_00020,m_a0e7f79cb06d,time_window
d_time_c_2cf6984910af_00020,m_c74aec362315,time_window
d_time_c_2cf6984910af_00021,m_f21f7bbfda16,time_window
d_time_c_2cf6984910af_00021,m_5895684cd2e4,time_window
d_time_c_2cf6984910af_00022,m_df9ec3d37fad,time_window
d_time_c_2cf6984910af_00023,m_724e82eb44d4,time_window
d_time_c_2cf6984910af_00024,m_084fc9f5ffa6,time_window
d_time_c_2cf6984910af_00025,m_b29bff0ced38,time_window
d_time_c_2cf6984910af_00025,m_d24d789499e2,time_window
d_time_c_2cf6984910af_00025,m_77acfad9b641,time_window
d_time_c_2cf6984910af_00025,m_513268e70e83,time_window
d_time_c_2cf6984910af_00025,m_e27e6f0e7308,time_window
d_time_c_2cf6984910af_00026,m_3edf44dda082,time_window
d_time_c_2cf6984910af_00026,m_e18497d846f2,time_window
d_time_c_2cf6984910af_00027,m_1d23a46d3a51,time_window
d_time_c_2cf6984910af_00028,m_6019eebf4b0b,time_window
d_time_c_2cf6984910af_00028,m_ea978218d883,time_window
d_time_c_2cf6984910af_00029,m_bd3ae6cd9556,time_window
d_time_c_2cf6984910af_00030,m_318cc8350e88,time_window
d_time_c_2cf6984910af_00031,m_032eb3666505,time_window
d_time_c_2cf6984910af_00032,m_08b35017f4af,time_window
d_time_c_2cf6984910af_00032,m_96cf7e21c823,time_window
d_time_c_2cf6984910af_00033,m_cc021b2ecd3b,time_window
d_time_c_2cf6984910af_00034,m_f18bf45e8f23,time_window
d_time_c_2cf6984910af_00035,m_02754bab4fad,time_window
d_time_c_2cf6984910af_00035,m_d7c9c2ba63cd,time_window
d_time_c_2cf6984910af_00036,m_fdfbdfc269b2,time_window
d_time_c_2cf6984910af_00037,m_785f2e5dfa76,time_window
d_time_c_2cf6984910af_00038,m_6d68b7290083,time_window
d_time_c_2cf6984910af_00038,m_33e68fca00e7,time_window
d_time_c_2cf6984910af_00039,m_271fabf7d27a,time_window
d_time_c_2cf6984910af_00039,m_3133944265f7,time_window
d_time_c_2cf6984910af_00040,m_d0fa2ff26c6d,time_window
d_time_c_2cf6984910af_00041,m_f11aff941520,time_window
d_time_c_2cf6984910af_00041,m_0e2df500ea12,time_window
d_time_c_2cf6984910af_00042,m_476790ae02a3,time_window
d_time_c_2cf6984910af_00043,m_3204d1825a00,time_window
d_time_c_2cf6984910af_00044,m_f419f1fd38d3,time_window
d_time_c_2cf6984910af_00045,m_ca5b27d61086,time_window
d_time_c_2cf6984910af_00046,m_470f20126435,time_window
d_time_c_2cf6984910af_00047,m_c346b06ee5ce,time_window
d_time_c_2cf6984910af_00047,m_a2eb9b1c64b4,time_window
d_time_c_2cf6984910af_00047,m_d38f9e1b04a9,time_window
d_time_c_2cf6984910af_00048,m_19fe3251657d,time_window
d_time_c_2cf6984910af_00049,m_b832ba79cf32,time_window
d_time_c_2cf6984910af_00050,m_80ca2cad0776,time_window
d_time_c_2cf6984910af_00050,m_52af9c6b683b,time_window
d_time_c_2cf6984910af_00050,m_6427df353daa,time_window
d_time_c_2cf6984910af_00051,m_496717712371,time_window
d_time_c_2cf6984910af_00052,m_178a81b78a9a,time_window
d_time_c_2cf6984910af_00053,m_49e1c27b906c,time_window
d_time_c_2cf6984910af_00054,m_046d76c92c3c,time_window
d_time_c_2cf6984910af_00055,m_1944c9c21edf,time_window
d_time_c_2cf6984910af_00056,m_caf6bca34665,time_window
d_time_c_2cf6984910af_00057,m_8e98b3796311,time_window
d_time_c_2cf6984910af_00057,m_57b2ac3111e4,time_window
d_time_c_2cf6984910af_00058,m_5dc915918740,time_window
d_time_c_2cf6984910af_00058,m_6e38693df3de,time_window
d_time_c_2cf6984910af_00059,m_8196c9168313,time_window
d_time_c_2cf6984910af_00059,m_28d71db4b198,time_window
d_time_c_2cf6984910af_00060,m_07d48acea338,time_window
d_time_c_2cf6984910af_00061,m_5a11863909d6,time_window
d_time_c_2cf6984910af_00062,m_c731f94ba4c1,time_window
d_time_c_2e375a2c4dba_00001,m_9952397c3bce,time_window
d_time_c_2e375a2c4dba_00001,m_cb74cb741158,time_window
d_time_c_2e375a2c4dba_00002,m_f6146b041d2b,time_window
d_time_c_2e375a2c4dba_00002,m_94a4e5d253ce,time_window
d_time_c_2e375a2c4dba_00003,m_15a0e1cf7656,time_window
d_time_c_2e375a2c4dba_00003,m_a7a716db345a,time_window
d_time_c_2e375a2c4dba_00004,m_1b67726a1b0c,time_window
d_time_c_2e375a2c4dba_00005,m_dfab0a9be33c,time_window
d_time_c_2e375a2c4dba_00006,m_e9f427146fd2,time_window
d_time_c_2e375a2c4dba_00007,m_57cb25e5ac73,time_window
d_time_c_2e375a2c4dba_00008,m_7c298d5e676b,time_window
d_time_c_2e375a2c4dba_00009,m_b2c7e0953591,time_window
d_time_c_2e375a2c4dba_00010,m_6be7c0b1c46e,time_window
d_time_c_2e375a2c4dba_00011,m_25284d4f569c,time_window
d_time_c_2e375a2c4dba_00012,m_3af660ffdf5c,time_window
d_time_c_2e375a2c4dba_00013,m_fc7fb9aa6d74,time_window
d_time_c_2e375a2c4dba_00013,m_c7ef48b18040,time_window
d_time_c_2e375a2c4dba_00014,m_684462b60a21,time_window
d_time_c_2e375a2c4dba_00014,m_c4cb11de88c5,time_window
d_time_c_2e375a2c4dba_00015,m_094ee4594d1f,time_window
d_time_c_2e375a2c4dba_00016,m_38f1ec7735b5,time_window
d_time_c_2e375a2c4dba_00017,m_5c792c88fb7f,time_window
d_time_c_2e375a2c4dba_00018,m_30243d59e979,time_window
d_time_c_2e375a2c4dba_00018,m_e522860ea81d,time_window
d_time_c_2e375a2c4dba_00019,m_b71c6b3df289,time_window
d_time_c_2e375a2c4dba_00020,m_82e0f111e0c9,time_window
d_time_c_2e375a2c4dba_00020,m_b312a1e202f0,time_window
d_time_c_2e375a2c4dba_00021,m_683dc8d7480d,time_window
d_time_c_2e375a2c4dba_00022,m_1f9bdcf2229d,time_window
d_time_c_2e375a2c4dba_00022,m_917f7e079eae,time_window
d_time_c_2e375a2c4dba_00022,m_6a97d2f5e045,time_window
d_time_c_2e375a2c4dba_00022,m_50cc3f22688d,time_window
d_time_c_2e375a2c4dba_00022,m_222fe01b9319,time_window
d_time_c_2e375a2c4dba_00022,m_25b24485c991,time_window
d_time_c_2e375a2c4dba_00022,m_332d6a8c41fe,time_window
d_time_c_2e375a2c4dba_00023,m_28060462a785,time_window
d_time_c_2e375a2c4dba_00024,m_62ae7e2cbde5,time_window
d_time_c_2e375a2c4dba_00025,m_346dd802ddf4,time_window
d_time_c_2e375a2c4dba_00025,m_7c55f23f0b98,time_window
d_time_c_2e375a2c4dba_00025,m_7452e939d28b,time_window
d_time_c_2e375a2c4dba_00025,m_f08911264845,time_window
d_time_c_2e375a2c4dba_00025,m_222bfb053b4a,time_window
d_time_c_2e375a2c4dba_00026,m_f8cb0ccfeb47,time_window
d_time_c_2e375a2c4dba_00026,m_14b439df17ed,time_window
d_time_c_2e375a2c4dba_00027,m_9903beb08688,time_window
d_time_c_2e375a2c4dba_00028,m_80618872ffbd,time_window
d_time_c_2e375a2c4dba_00029,m_82e36311624f,time_window
d_time_c_2e375a2c4dba_00029,m_78709ebd0b1a,time_window
d_time_c_2e375a2c4dba_00030,m_d0a2c8c4cfec,time_window
d_time_c_2e375a2c4dba_00030,m_41fe9196bffd,time_window
d_time_c_2e375a2c4dba_00031,m_6de128a258a9,time_window
d_time_c_2e375a2c4dba_00031,m_1827b8ffa22c,time_window
d_time_c_2e375a2c4dba_00031,m_c73ad57c004d,time_window
d_time_c_2e375a2c4dba_00031,m_0400eeb6933e,time_window
d_time_c_2e375a2c4dba_00031,m_8d894b08d967,time_window
d_time_c_2e375a2c4dba_00032,m_78cbdd862e8f,time_window
d_time_c_2e375a2c4dba_00033,m_36d00e5edd8d,time_window
d_time_c_2e375a2c4dba_00033,m_cc6fefec3bc9,time_window
d_time_c_2e375a2c4dba_00033,m_a5eb1f260dba,time_window
d_time_c_2e375a2c4dba_00034,m_4fb514e20d09,time_window
d_time_c_2e375a2c4dba_00034,m_ca039fb581c6,time_window
d_time_c_2e375a2c4dba_00035,m_7be46f0f75fb,time_window
d_time_c_2e375a2c4dba_00036,m_0627247ba0ec,time_window
d_time_c_2e375a2c4dba_00036,m_b998dfdce2bf,time_window
d_time_c_2e375a2c4dba_00036,m_4d6e47cadb90,time_window
d_time_c_2e375a2c4dba_00036,m_7328337abc62,time_window
d_time_c_2e375a2c4dba_00037,m_d1966b3d435b,time_window
d_time_c_2e375a2c4dba_00038,m_ca3abef97a31,time_window
d_time_c_2e375a2c4dba_00038,m_eec8b92153a9,time_window
d_time_c_2e375a2c4dba_00039,m_cfe82c65d769,time_window
d_time_c_2e375a2c4dba_00040,m_bc662993e65b,time_window
d_time_c_2e375a2c4dba_00040,m_80972e70a6d4,time_window
d_time_c_2e375a2c4dba_00040,m_e51a4c8a0d5d,time_window
d_time_c_2e375a2c4dba_00040,m_4e9281b262d0,time_window
d_time_c_2e375a2c4dba_00041,m_11f57ca4da37,time_window
d_time_c_2e375a2c4dba_00042,m_67f07e42ae2b,time_window
d_time_c_2e375a2c4dba_00043,m_e1167a9bd5ca,time_window
d_time_c_2e375a2c4dba_00043,m_1c146e5a2955,time_window
d_time_c_2e375a2c4dba_00044,m_ace64356ac3f,time_window
d_time_c_2e375a2c4dba_00045,m_444e90654771,time_window
d_time_c_2e375a2c4dba_00045,m_bada1d9cc5a7,time_window
d_time_c_2e375a2c4dba_00045,m_a849db5ddd24,time_window
d_time_c_2e375a2c4dba_00045,m_fa59152ef444,time_window
d_time_c_2e375a2c4dba_00045,m_706af77e0877,time_window
d_time_c_2e375a2c4dba_00045,m_fbd7981a9e71,time_window
d_time_c_2e375a2c4dba_00045,m_a6f3328b0d5c,time_window
d_time_c_2e375a2c4dba_00045,m_f88d1b7583f8,time_window
d_time_c_2e375a2c4dba_00045,m_19c0b11b9f3a,time_window
d_time_c_2e375a2c4dba_00045,m_ad47d040a740,time_window
d_time_c_2e375a2c4dba_00045,m_4a05af344fb3,time_window
d_time_c_2e375a2c4dba_00045,m_5061c9b13f6c,time_window
d_time_c_2e375a2c4dba_00045,m_4cffeec574ea,time_window
d_time_c_2e375a2c4dba_00045,m_7513f1305234,time_window
d_time_c_2e375a2c4dba_00045,m_a1cc45e90740,time_window
d_time_c_2e375a2c4dba_00045,m_2be3c1fcf07e,time_window
d_time_c_2e375a2c4dba_00045,m_a2c876e1e2eb,time_window
d_time_c_2e375a2c4dba_00046,m_2bf61c071a85,time_window
d_time_c_2e375a2c4dba_00047,m_3b5402b2843b,time_window
d_time_c_2e375a2c4dba_00048,m_d948ce2e3930,time_window
d_time_c_2e375a2c4dba_00049,m_bc5aa8969387,time_window
d_time_c_2e375a2c4dba_00049,m_5ba14d6938ab,time_window
d_time_c_2e375a2c4dba_00049,m_d0d11591ece6,time_window
d_time_c_2e375a2c4dba_00050,m_575e73a6918d,time_window
d_time_c_2e375a2c4dba_00051,m_7e934dff2270,time_window
d_time_c_2e375a2c4dba_00052,m_fb725c66fb29,time_window
d_time_c_2e375a2c4dba_00053,m_7e10b830003a,time_window
d_time_c_2e375a2c4dba_00054,m_e62080053eba,time_window
d_time_c_2e375a2c4dba_00055,m_12fb9d80dab7,time_window
d_time_c_2e375a2c4dba_00055,m_6b56ff2293ee,time_window
d_time_c_2e375a2c4dba_00056,m_1a6d3c6669ff,time_window
d_time_c_2e375a2c4dba_00057,m_1a09e2465fcf,time_window
d_time_c_2e375a2c4dba_00057,m_989530db0870,time_window
d_time_c_2e375a2c4dba_00058,m_fb7a52e88a87,time_window
d_time_c_2e375a2c4dba_00059,m_29cc4ac1ad8a,time_window
d_time_c_2e375a2c4dba_00060,m_cb56b491bc78,time_window
d_time_c_2e375a2c4dba_00060,m_8d685b33adc4,time_window
d_time_c_2e375a2c4dba_00060,m_8d45332a4065,time_window
d_time_c_2e375a2c4dba_00061,m_186ecc21aa3d,time_window
d_time_c_2e375a2c4dba_00062,m_a967fb68318e,time_window
d_time_c_323a7d69bdc8_00001,m_9dd079befe32,time_window
d_time_c_323a7d69bdc8_00002,m_e94a57cf1937,time_window
d_time_c_323a7d69bdc8_00003,m_10c648f7736d,time_window
d_time_c_323a7d69bdc8_00003,m_c3211a753a82,time_window
d_time_c_323a7d69bdc8_00003,m_bcf6b78b6355,time_window
d_time_c_323a7d69bdc8_00003,m_f82e0ca0558b,time_window
d_time_c_323a7d69bdc8_00003,m_4812c4c5fbab,time_window
d_time_c_323a7d69bdc8_00004,m_ea19439a0f09,time_window
d_time_c_323a7d69bdc8_00004,m_dcc5f95b4da2,time_window
d_time_c_323a7d69bdc8_00005,m_6ab5c2b68462,time_window
d_time_c_323a7d69bdc8_00005,m_2b1d64ccfaef,time_window
d_time_c_323a7d69bdc8_00006,m_c9cfffcecbd7,time_window
d_time_c_323a7d69bdc8_00006,m_eb5ce29f7ee9,time_window
d_time_c_323a7d69bdc8_00007,m_648134950761,time_window
d_time_c_323a7d69bdc8_00008,m_0a4d37e31f03,time_window
d_time_c_323a7d69bdc8_00008,m_10b2704ac601,time_window
d_time_c_323a7d69bdc8_00009,m_0b5282e8afe9,time_window
d_time_c_323a7d69bdc8_00010,m_84da140980bb,time_window
d_time_c_323a7d69bdc8_00010,m_189ec3e698ed,time_window
d_time_c_323a7d69bdc8_00011,m_906f9766ec7b,time_window
d_time_c_323a7d69bdc8_00012,m_2d4d17d05681,time_window
d_time_c_323a7d69bdc8_00013,m_80272de26ef8,time_window
d_time_c_323a7d69bdc8_00013,m_ec83afd9d329,time_window
d_time_c_323a7d69bdc8_00014,m_a98f1fc1135f,time_window
d_time_c_323a7d69bdc8_00015,m_63796f74789e,time_window
d_time_c_323a7d69bdc8_00015,m_8a69338f0aa3,time_window
d_time_c_323a7d69bdc8_00015,m_bcf4df5ad9c3,time_window
d_time_c_323a7d69bdc8_00015,m_a10653eee12f,time_window
d_time_c_323a7d69bdc8_00015,m_a27271e1154d,time_window
d_time_c_323a7d69bdc8_00016,m_b3bb04be9f9a,time_window
d_time_c_323a7d69bdc8_00017,m_6fb94badfef3,time_window
d_time_c_323a7d69bdc8_00018,m_fdf23006112f,time_window
d_time_c_323a7d69bdc8_00019,m_f3a2efa11671,time_window
d_time_c_323a7d69bdc8_00020,m_ad4a5ae6b5cd,time_window
d_time_c_323a7d69bdc8_00020,m_8af35cfe17fc,time_window
d_time_c_323a7d69bdc8_00021,m_bde0c075c97b,time_window
d_time_c_323a7d69bdc8_00022,m_c22c1fc1d26c,time_window
d_time_c_323a7d69bdc8_00023,m_a433f1a8dfd0,time_window
d_time_c_323a7d69bdc8_00024,m_123efb2dfb43,time_window
d_time_c_323a7d69bdc8_00024,m_aca3430ab9c9,time_window
d_time_c_323a7d69bdc8_00025,m_a6a301ff8fd7,time_window
d_time_c_323a7d69bdc8_00025,m_037deff204e4,time_window
d_time_c_323a7d69bdc8_00026,m_715f79b1ecad,time_window
d_time_c_323a7d69bdc8_00027,m_79e4e21253cb,time_window
d_time_c_323a7d69bdc8_00028,m_414af45cda19,time_window
d_time_c_323a7d69bdc8_00029,m_6dac0ed99124,time_window
d_time_c_323a7d69bdc8_00029,m_df55f3a04f75,time_window
d_time_c_323a7d69bdc8_00030,m_3dd84a1cb600,time_window
d_time_c_323a7d69bdc8_00031,m_9d2f1cd7a5e2,time_window
d_time_c_323a7d69bdc8_00032,m_af03cb4db038,time_window
d_time_c_323a7d69bdc8_00033,m_2faf98a87326,time_window
d_time_c_323a7d69bdc8_00034,m_c62f86796d79,time_window
d_time_c_323a7d69bdc8_00035,m_93d3f104d474,time_window
d_time_c_323a7d69bdc8_00035,m_1b10b626e02c,time_window
d_time_c_323a7d69bdc8_00035,m_669e0fe4abdc,time_window
d_time_c_323a7d69bdc8_00035,m_4e0f661f5ad3,time_window
d_time_c_323a7d69bdc8_00035,m_f324cc148a01,time_window
d_time_c_323a7d69bdc8_00036,m_3866a6dcd598,time_window
d_time_c_323a7d69bdc8_00037,m_b8d9c87e53bb,time_window
d_time_c_323a7d69bdc8_00037,m_5f6ad30f2293,time_window
d_time_c_323a7d69bdc8_00037,m_d3a8dc326ce8,time_window
d_time_c_323a7d69bdc8_00037,m_d34d8b719e6e,time_window
d_time_c_323a7d69bdc8_00038,m_9ee19c8f2db9,time_window
d_time_c_323a7d69bdc8_00039,m_9767d8828610,time_window
d_time_c_323a7d69bdc8_00039,m_e13eda575a0b,time_window
d_time_c_323a7d69bdc8_00040,m_a26b80f55bb7,time_window
d_time_c_323a7d69bdc8_00041,m_94d7f4c4944c,time_window
d_time_c_323a7d69bdc8_00042,m_5538973e6f1d,time_window
d_time_c_323a7d69bdc8_00042,m_f5766fd49e9b,time_window
d_time_c_323a7d69bdc8_00043,m_c16ee893bbc8,time_window
d_time_c_323a7d69bdc8_00044,m_88daa651ea2a,time_window
d_time_c_323a7d69bdc8_00045,m_564a9ed17ca1,time_window
d_time_c_323a7d69bdc8_00046,m_7a5d99d90a0d,time_window
d_time_c_323a7d69bdc8_00046,m_a4b597b6ab57,time_window
d_time_c_323a7d69bdc8_00046,m_0e8cdc4d5ce9,time_window
d_time_c_323a7d69bdc8_00046,m_34009b9321af,time_window
d_time_c_323a7d69bdc8_00046,m_1bb4b4e73c7a,time_window
d_time_c_323a7d69bdc8_00047,m_3e4dc676e1ce,time_window
d_time_c_323a7d69bdc8_00047,m_fa4831bbb40b,time_window
d_time_c_323a7d69bdc8_00047,m_e26fbd6aa325,time_window
d_time_c_323a7d69bdc8_00047,m_6fca779f2566,time_window
d_time_c_323a7d69bdc8_00047,m_e683b69741e8,time_window
d_time_c_323a7d69bdc8_00047,m_8acdfe6a20c2,time_window
d_time_c_323a7d69bdc8_00047,m_4a82a9c8ffa1,time_window
d_time_c_323a7d69bdc8_00048,m_f6e8ca975f82,time_window
d_time_c_323a7d69bdc8_00049,m_dcc1cf8f08a8,time_window
d_time_c_323a7d69bdc8_00049,m_014c53480ff5,time_window
d_time_c_323a7d69bdc8_00049,m_e78e7719256f,time_window
d_time_c_323a7d69bdc8_00049,m_1c2aabf556a0,time_window
d_time_c_323a7d69bdc8_00049,m_1554cac91998,time_window
d_time_c_323a7d69bdc8_00050,m_a39034ef76b6,time_window
d_time_c_323a7d69bdc8_00051,m_38db49086887,time_window
d_time_c_323a7d69bdc8_00051,m_bcc36710620a,time_window
d_time_c_323a7d69bdc8_00052,m_14be329827ea,time_window
d_time_c_323a7d69bdc8_00052,m_35264bb49441,time_window
d_time_c_323a7d69bdc8_00053,m_13ab73b82a90,time_window
d_time_c_323a7d69bdc8_00053,m_4b109e20d987,time_window
d_time_c_323a7d69bdc8_00054,m_a71b7ffbe59e,time_window
d_time_c_323a7d69bdc8_00055,m_200039266c66,time_window
d_time_c_323a7d69bdc8_00056,m_6a57bce45134,time_window
d_time_c_323a7d69bdc8_00057,m_a03c767bcbf2,time_window
d_time_c_323a7d69bdc8_00058,m_35ffb5b51df8,time_window
d_time_c_323a7d69bdc8_00059,m_8170b96a77b4,time_window
d_time_c_323a7d69bdc8_00059,m_fd2034098760,time_window
d_time_c_323a7d69bdc8_00059,m_87256c0ce11d,time_window
d_time_c_323a7d69bdc8_00060,m_e79b9e204b98,time_window
d_time_c_323a7d69bdc8_00061,m_6dc7fa729b1a,time_window
d_time_c_323a7d69bdc8_00061,m_c91e46c14b3f,time_window
d_time_c_323a7d69bdc8_00061,m_2a32b9984cb1,time_window
d_time_c_323a7d69bdc8_00061,m_1107ceb46c36,time_window
d_time_c_323a7d69bdc8_00061,m_7cec54f1fb26,time_window
d_time_c_323a7d69bdc8_00061,m_b2f7404a4fad,time_window
d_time_c_323a7d69bdc8_00061,m_008c9244b081,time_window
d_time_c_323a7d69bdc8_00061,m_e68d366e2f25,time_window
d_time_c_323a7d69bdc8_00062,m_720e0abc33a6,time_window
d_time_c_323a7d69bdc8_00063,m_859c4a940b02,time_window
d_time_c_323a7d69bdc8_00064,m_783febe219fb,time_window
d_time_c_323a7d69bdc8_00064,m_a3b445763ce0,time_window
d_time_c_323a7d69bdc8_00065,m_74aa5a5c6292,time_window
d_time_c_323a7d69bdc8_00065,m_ae0268a4c7ee,time_window
d_time_c_323a7d69bdc8_00066,m_dfde9110e435,time_window
d_time_c_323a7d69bdc8_00067,m_962b1878cc68,time_window
d_time_c_323a7d69bdc8_00068,m_2a89ec36f686,time_window
d_time_c_323a7d69bdc8_00069,m_6185bb4d8091,time_window
d_time_c_323a7d69bdc8_00070,m_ee0d07ed630e,time_window
d_time_c_323a7d69bdc8_00071,m_643854dc0c56,time_window
d_time_c_323a7d69bdc8_00071,m_5f1c563ae74f,time_window
d_time_c_323a7d69bdc8_00072,m_d323984f25d6,time_window
d_time_c_323a7d69bdc8_00072,m_4bf20f2614c6,time_window
d_time_c_323a7d69bdc8_00072,m_e6266e71bc36,time_window
d_time_c_323a7d69bdc8_00072,m_aa4fc2cd2ae1,time_window
d_time_c_323a7d69bdc8_00072,m_1b33e3d733d7,time_window
d_time_c_323a7d69bdc8_00072,m_602cc667b59a,time_window
d_time_c_323a7d69bdc8_00073,m_dc54711791dc,time_window
d_time_c_323a7d69bdc8_00074,m_5f55902bc4af,time_window
d_time_c_323a7d69bdc8_00075,m_1d18e847b1cc,time_window
d_time_c_323a7d69bdc8_00075,m_afd7d744777c,time_window
d_time_c_323a7d69bdc8_00075,m_12fb40c719e3,time_window
d_time_c_323a7d69bdc8_00075,m_bd41da636dfa,time_window
d_time_c_323a7d69bdc8_00076,m_99280b223972,time_window
d_time_c_323a7d69bdc8_00077,m_b049f53721dc,time_window
d_time_c_323a7d69bdc8_00078,m_d68b17822e6e,time_window
d_time_c_323a7d69bdc8_00079,m_d08243dc8e99,time_window
d_time_c_323a7d69bdc8_00080,m_bd3a16c0f4a9,time_window
d_time_c_323a7d69bdc8_00081,m_44008fe6ed1f,time_window
d_time_c_323a7d69bdc8_00082,m_5ffc9d440f36,time_window
d_time_c_323a7d69bdc8_00083,m_92e86dd86976,time_window
d_time_c_323a7d69bdc8_00083,m_f804ddb0893d,time_window
d_time_c_323a7d69bdc8_00084,m_331639ccf29e,time_window
d_time_c_323a7d69bdc8_00085,m_ecd7ffbf208d,time_window
d_time_c_3612cca6cbb5_00001,m_b6358a93d4ec,time_window
d_time_c_3612cca6cbb5_00002,m_0b70c63c1e76,time_window
d_time_c_3612cca6cbb5_00002,m_baf08c497a72,time_window
d_time_c_3612cca6cbb5_00003,m_9abc76d600b4,time_window
d_time_c_3612cca6cbb5_00004,m_b66f141ee3af,time_window
d_time_c_3612cca6cbb5_00005,m_d5c9151c908d,time_window
d_time_c_3612cca6cbb5_00005,m_4a76cd9cfb52,time_window
d_time_c_3612cca6cbb5_00006,m_984128b2d077,time_window
d_time_c_3612cca6cbb5_00007,m_831e5e2a45d2,time_window
d_time_c_3612cca6cbb5_00008,m_5e4c8b03791a,time_window
d_time_c_3612cca6cbb5_00009,m_0e0fc926041f,time_window
d_time_c_3612cca6cbb5_00010,m_a0bedcac8673,time_window
d_time_c_3612cca6cbb5_00010,m_2b72129222f3,time_window
d_time_c_3612cca6cbb5_00011,m_522dfa08d59f,time_window
d_time_c_3612cca6cbb5_00011,m_5ffb8ce9b673,time_window
d_time_c_3612cca6cbb5_00012,m_123e3a7fd334,time_window
d_time_c_3612cca6cbb5_00013,m_27b88a8c55e7,time_window
d_time_c_3612cca6cbb5_00014,m_fd1d9b4aa567,time_window
d_time_c_3612cca6cbb5_00015,m_2bbf0a390649,time_window
d_time_c_3612cca6cbb5_00016,m_3f9f624a5bd0,time_window
d_time_c_3612cca6cbb5_00017,m_3f0b8c1f687f,time_window
d_time_c_3612cca6cbb5_00018,m_07d2176fceeb,time_window
d_time_c_3612cca6cbb5_00018,m_97589de2193e,time_window
d_time_c_3612cca6cbb5_00019,m_b17d9f7ea0d2,time_window
d_time_c_3612cca6cbb5_00020,m_3de62c9a3a4b,time_window
d_time_c_3612cca6cbb5_00021,m_fd0497074a74,time_window
d_time_c_3612cca6cbb5_00022,m_faf81228ebfb,time_window
d_time_c_3612cca6cbb5_00022,m_8584cacd9625,time_window
d_time_c_3612cca6cbb5_00023,m_9b35f1c7b993,time_window
d_time_c_3612cca6cbb5_00023,m_3bdbf0ec3ad6,time_window
d_time_c_3612cca6cbb5_00024,m_1c4b3beed22a,time_window
d_time_c_3612cca6cbb5_00024,m_28505427f34a,time_window
d_time_c_3612cca6cbb5_00024,m_aadb67d536d9,time_window
d_time_c_3612cca6cbb5_00025,m_d78cc02714fb,time_window
d_time_c_3612cca6cbb5_00025,m_4a186df88195,time_window
d_time_c_3612cca6cbb5_00025,m_a0c8b46ddaa9,time_window
d_time_c_3612cca6cbb5_00025,m_5476ca3f2bbe,time_window
d_time_c_3612cca6cbb5_00026,m_a91699946094,time_window
d_time_c_3612cca6cbb5_00026,m_19172230c7ec,time_window
d_time_c_3612cca6cbb5_00027,m_a61a19a49471,time_window
d_time_c_3612cca6cbb5_00027,m_1271640a38de,time_window
d_time_c_3612cca6cbb5_00028,m_0e3e2eb9629d,time_window
d_time_c_3612cca6cbb5_00029,m_49e82acfc7db,time_window
d_time_c_3612cca6cbb5_00029,m_dfe293b6d3c2,time_window
d_time_c_3612cca6cbb5_00030,m_ada07bb19b9f,time_window
d_time_c_3612cca6cbb5_00030,m_1c199afb1387,time_window
d_time_c_3612cca6cbb5_00030,m_4f13eeaf8d9b,time_window
d_time_c_3612cca6cbb5_00030,m_e2805dc99603,time_window
d_time_c_3612cca6cbb5_00030,m_fb17e227d068,time_window
d_time_c_3612cca6cbb5_00031,m_01d73977efc4,time_window
d_time_c_3612cca6cbb5_00032,m_c7dc46e57d50,time_window
d_time_c_3612cca6cbb5_00033,m_be701d3f5f44,time_window
d_time_c_3612cca6cbb5_00033,m_36faa9f1d726,time_window
d_time_c_3612cca6cbb5_00033,m_0ced9174785f,time_window
d_time_c_3612cca6cbb5_00034,m_9ac79a00e4e1,time_window
d_time_c_3612cca6cbb5_00035,m_7843f2791dab,time_window
d_time_c_3612cca6cbb5_00036,m_662462266311,time_window
d_time_c_3612cca6cbb5_00037,m_b725aecb2e72,time_window
d_time_c_3612cca6cbb5_00038,m_440670f64fb1,time_window
d_time_c_3612cca6cbb5_00038,m_05877fc4c9ec,time_window
d_time_c_3612cca6cbb5_00039,m_b97ab48ecbdd,time_window
d_time_c_3612cca6cbb5_00039,m_4aa7b24ed933,time_window
d_time_c_3612cca6cbb5_00039,m_b1f3496c391e,time_window
d_time_c_3612cca6cbb5_00039,m_96f31d2ca71d,time_window
d_time_c_3612cca6cbb5_00039,m_49adbaa1992f,time_window
d_time_c_3612cca6cbb5_00040,m_90a7cd39f486,time_window
d_time_c_3612cca6cbb5_00041,m_d6efa1c19573,time_window
d_time_c_3612cca6cbb5_00042,m_9379d1ef192c,time_window
d_time_c_3612cca6cbb5_00043,m_47dd9a25e4ef,time_window
d_time_c_3612cca6cbb5_00044,m_439f3342c23b,time_window
d_time_c_3612cca6cbb5_00045,m_61a4b74e133d,time_window
d_time_c_3612cca6cbb5_00046,m_dcc1383bcd35,time_window
d_time_c_4162d2f5fc4a_00001,m_0681d1df542a,time_window
d_time_c_4162d2f5fc4a_00002,m_3c34592ed501,time_window
d_time_c_4162d2f5fc4a_00003,m_3a27d64b4f42,time_window
d_time_c_4162d2f5fc4a_00004,m_b9f2aa1bfbac,time_window
d_time_c_4162d2f5fc4a_00005,m_204b902a24be,time_window
d_time_c_4162d2f5fc4a_00006,m_eed2ff894d29,time_window
d_time_c_4162d2f5fc4a_00007,m_fb73185dd6ae,time_window
d_time_c_4162d2f5fc4a_00008,m_8ce710352ba3,time_window
d_time_c_4162d2f5fc4a_00009,m_389d81ea2fb4,time_window
d_time_c_4162d2f5fc4a_00010,m_f7e00c022fd4,time_window
d_time_c_431c93a79c4e_00001,m_6f03ff61fc1d,time_window
d_time_c_431c93a79c4e_00002,m_4051e9f63f9d,time_window
d_time_c_431c93a79c4e_00002,m_639d1c9ffe54,time_window
d_time_c_431c93a79c4e_00002,m_b3486dfb2aaa,time_window
d_time_c_431c93a79c4e_00002,m_4563ba0c1245,time_window
d_time_c_431c93a79c4e_00002,m_aa9aa1eb1f2a,time_window
d_time_c_431c93a79c4e_00003,m_d6f5b595ecd4,time_window
d_time_c_431c93a79c4e_00004,m_1665b229f036,time_window
d_time_c_431c93a79c4e_00004,m_03b053fcd9d6,time_window
d_time_c_431c93a79c4e_00004,m_f6695181f875,time_window
d_time_c_431c93a79c4e_00004,m_8d81cc64caa6,time_window
d_time_c_431c93a79c4e_00004,m_8c780572cbf4,time_window
d_time_c_431c93a79c4e_00004,m_2747f150d855,time_window
d_time_c_431c93a79c4e_00004,m_7a5a9f33b8bf,time_window
d_time_c_431c93a79c4e_00005,m_8f321eb988dd,time_window
d_time_c_431c93a79c4e_00005,m_a4dc3c99c57c,time_window
d_time_c_431c93a79c4e_00005,m_b1132b8b71fb,time_window
d_time_c_431c93a79c4e_00005,m_cc36a6fe2808,time_window
d_time_c_431c93a79c4e_00005,m_6d71a35a1872,time_window
d_time_c_431c93a79c4e_00005,m_7789196615cb,time_window
d_time_c_431c93a79c4e_00005,m_394bbbbb415e,time_window
d_time_c_431c93a79c4e_00005,m_a037326d12d6,time_window
d_time_c_431c93a79c4e_00006,m_c6181a40b5c4,time_window
d_time_c_431c93a79c4e_00006,m_39245897fdfd,time_window
d_time_c_431c93a79c4e_00006,m_b8fd289c9ca6,time_window
d_time_c_431c93a79c4e_00006,m_ce6ee8e07b14,time_window
d_time_c_431c93a79c4e_00007,m_e40e75215b70,time_window
d_time_c_431c93a79c4e_00007,m_26d242efe416,time_window
d_time_c_431c93a79c4e_00007,m_4ae5e6f68e2b,time_window
d_time_c_431c93a79c4e_00008,m_dbfcfbea198a,time_window
d_time_c_431c93a79c4e_00009,m_10fa3c2fab88,time_window
d_time_c_431c93a79c4e_00009,m_6f12f3133f55,time_window
d_time_c_431c93a79c4e_00009,m_29444be23c19,time_window
d_time_c_431c93a79c4e_00009,m_e2def2e1b24a,time_window
d_time_c_431c93a79c4e_00010,m_24d04bb85733,time_window
d_time_c_431c93a79c4e_00010,m_dbe03b411223,time_window
d_time_c_431c93a79c4e_00011,m_f12576cdfc20,time_window
d_time_c_431c93a79c4e_00011,m_38be51a3dc02,time_window
d_time_c_431c93a79c4e_00011,m_b27033310446,time_window
d_time_c_431c93a79c4e_00011,m_469b7f4bafa8,time_window
d_time_c_431c93a79c4e_00011,m_e94a9c67fdbd,time_window
d_time_c_431c93a79c4e_00011,m_67d7b72fe55d,time_window
d_time_c_431c93a79c4e_00011,m_5a7f41eb1db3,time_window
d_time_c_431c93a79c4e_00011,m_3bc5027abc83,time_window
d_time_c_431c93a79c4e_00011,m_8460e2d85037,time_window
d_time_c_431c93a79c4e_00011,m_93dc39f61228,time_window
d_time_c_431c93a79c4e_00011,m_ee2d1600729f,time_window
d_time_c_431c93a79c4e_00011,m_20df35231589,time_window
d_time_c_431c93a79c4e_00012,m_3dde75674e2f,time_window
d_time_c_431c93a79c4e_00012,m_c3549d25f5fc,time_window
d_time_c_431c93a79c4e_00012,m_a5557d5ebafb,time_window
d_time_c_431c93a79c4e_00012,m_546029983218,time_window
d_time_c_431c93a79c4e_00012,m_61a97d8b5f54,time_window
d_time_c_431c93a79c4e_00012,m_832240fcc243,time_window
d_time_c_431c93a79c4e_00012,m_7096aedd78d7,time_window
d_time_c_431c93a79c4e_00012,m_d5de47b11bcf,time_window
d_time_c_431c93a79c4e_00012,m_5edd51e345d1,time_window
d_time_c_431c93a79c4e_00013,m_d7e26039fe2b,time_window
d_time_c_431c93a79c4e_00014,m_d8a3d4e8e27b,time_window
d_time_c_431c93a79c4e_00014,m_8d0f7b20b1a3,time_window
d_time_c_431c93a79c4e_00014,m_2f98f72d225a,time_window
d_time_c_431c93a79c4e_00015,m_6636c44ae63c,time_window
d_time_c_431c93a79c4e_00016,m_0c48f9d245c0,time_window
d_time_c_431c93a79c4e_00016,m_702b767aa60e,time_window
d_time_c_431c93a79c4e_00016,m_f2eeeea6148b,time_window
d_time_c_431c93a79c4e_00016,m_2d2764d2eca8,time_window
d_time_c_431c93a79c4e_00017,m_bade2d2722d3,time_window
d_time_c_431c93a79c4e_00017,m_e5fc0c8f3c50,time_window
d_time_c_431c93a79c4e_00018,m_9dd7a4ea18df,time_window
d_time_c_431c93a79c4e_00018,m_f92b9f510d08,time_window
d_time_c_431c93a79c4e_00019,m_3d55f8c37ff6,time_window
d_time_c_431c93a79c4e_00020,m_73d4761ad758,time_window
d_time_c_431c93a79c4e_00020,m_fef760999150,time_window
d_time_c_431c93a79c4e_00021,m_6c63c8cb6f14,time_window
d_time_c_431c93a79c4e_00022,m_5d053d6d209a,time_window
d_time_c_431c93a79c4e_00023,m_da1cd64683bb,time_window
d_time_c_431c93a79c4e_00024,m_7f80e8bbde60,time_window
d_time_c_431c93a79c4e_00025,m_3ecfcb7ce458,time_window
d_time_c_431c93a79c4e_00025,m_87f695355b02,time_window
d_time_c_431c93a79c4e_00025,m_9bf41d4f6846,time_window
d_time_c_431c93a79c4e_00025,m_d46b6806ce1e,time_window
d_time_c_431c93a79c4e_00025,m_03cd90f75aec,time_window
d_time_c_431c93a79c4e_00026,m_2ba345487e70,time_window
d_time_c_431c93a79c4e_00026,m_70fd240d10a1,time_window
d_time_c_431c93a79c4e_00027,m_dee6f3070e9b,time_window
d_time_c_431c93a79c4e_00028,m_f85c9d4e82a9,time_window
d_time_c_431c93a79c4e_00029,m_50f57d05af07,time_window
d_time_c_431c93a79c4e_00029,m_8b6c78aac04c,time_window
d_time_c_431c93a79c4e_00029,m_dc7367b06f4f,time_window
d_time_c_431c93a79c4e_00029,m_4fda1157521e,time_window
d_time_c_431c93a79c4e_00030,m_1ee686c390af,time_window
d_time_c_431c93a79c4e_00031,m_7061a2f80693,time_window
d_time_c_431c93a79c4e_00032,m_50e48d135f57,time_window
d_time_c_431c93a79c4e_00032,m_b4deaae1be24,time_window
d_time_c_431c93a79c4e_00033,m_9321a1690815,time_window
d_time_c_431c93a79c4e_00033,m_1061d46aada2,time_window
d_time_c_431c93a79c4e_00033,m_43f7170479c7,time_window
d_time_c_431c93a79c4e_00033,m_3c2d3200ff91,time_window
d_time_c_431c93a79c4e_00033,m_b1cc17d49862,time_window
d_time_c_431c93a79c4e_00033,m_bd2a47433b6b,time_window
d_time_c_431c93a79c4e_00033,m_ab48ff2e8219,time_window
d_time_c_431c93a79c4e_00033,m_25210649e0a5,time_window
d_time_c_431c93a79c4e_00033,m_318d6e35b975,time_window
d_time_c_431c93a79c4e_00033,m_1628ef20279d,time_window
d_time_c_431c93a79c4e_00033,m_7e1100fd3b39,time_window
d_time_c_431c93a79c4e_00033,m_6220a4e9ee07,time_window
d_time_c_431c93a79c4e_00033,m_bbda6c3334e5,time_window
d_time_c_431c93a79c4e_00033,m_9df082c5dd12,time_window
d_time_c_431c93a79c4e_00033,m_17c61f152e98,time_window
d_time_c_431c93a79c4e_00034,m_49aba8fe00a3,time_window
d_time_c_431c93a79c4e_00034,m_193af5a501a8,time_window
d_time_c_431c93a79c4e_00034,m_18096de87f16,time_window
d_time_c_431c93a79c4e_00034,m_f68f8eebdc6b,time_window
d_time_c_431c93a79c4e_00034,m_1bebcb891476,time_window
d_time_c_431c93a79c4e_00034,m_1711a48f3ef0,time_window
d_time_c_431c93a79c4e_00035,m_d90e43d8f341,time_window
d_time_c_431c93a79c4e_00036,m_571b25f9d18a,time_window
d_time_c_431c93a79c4e_00037,m_4b66fdcd1639,time_window
d_time_c_431c93a79c4e_00038,m_61208149f49a,time_window
d_time_c_431c93a79c4e_00038,m_99255b878ece,time_window
d_time_c_431c93a79c4e_00038,m_1e9a44f31594,time_window
d_time_c_431c93a79c4e_00038,m_4bf5095ebc83,time_window
d_time_c_431c93a79c4e_00039,m_b9b70acc38fd,time_window
d_time_c_431c93a79c4e_00039,m_22e7ca028819,time_window
d_time_c_431c93a79c4e_00040,m_13a6b7d093fe,time_window
d_time_c_431c93a79c4e_00040,m_36fab887ec58,time_window
d_time_c_431c93a79c4e_00040,m_6305d720fa27,time_window
d_time_c_431c93a79c4e_00040,m_37e2f30ec7b5,time_window
d_time_c_431c93a79c4e_00041,m_3a2d5970cb31,time_window
d_time_c_431c93a79c4e_00042,m_12a444e30cec,time_window
d_time_c_431c93a79c4e_00042,m_e64e35d04542,time_window
d_time_c_431c93a79c4e_00043,m_168bf6ee2617,time_window
d_time_c_431c93a79c4e_00044,m_8ed838fc73e0,time_window
d_time_c_431c93a79c4e_00044,m_613156f18a3e,time_window
d_time_c_431c93a79c4e_00044,m_ac53061ce51c,time_window
d_time_c_431c93a79c4e_00044,m_a48145e8d152,time_window
d_time_c_431c93a79c4e_00044,m_c62c908c6ca1,time_window
d_time_c_431c93a79c4e_00044,m_5080cae8e806,time_window
d_time_c_431c93a79c4e_00045,m_82f617184e5b,time_window
d_time_c_431c93a79c4e_00046,m_cdc74d2079d3,time_window
d_time_c_431c93a79c4e_00046,m_b21ae4b64949,time_window
d_time_c_431c93a79c4e_00046,m_3d255a41c837,time_window
d_time_c_431c93a79c4e_00046,m_e952ae5b37ab,time_window
d_time_c_431c93a79c4e_00046,m_76e0043aa768,time_window
d_time_c_431c93a79c4e_00046,m_e797a519ec48,time_window
d_time_c_431c93a79c4e_00046,m_163938578dd8,time_window
d_time_c_431c93a79c4e_00047,m_28488cd484cc,time_window
d_time_c_431c93a79c4e_00048,m_aed8b84ddb09,time_window
d_time_c_431c93a79c4e_00048,m_04e5ba12b039,time_window
d_time_c_431c93a79c4e_00048,m_e9a2d7c3a4b4,time_window
d_time_c_431c93a79c4e_00049,m_a0da6bf08c0f,time_window
d_time_c_431c93a79c4e_00049,m_56a0193ca12a,time_window
d_time_c_431c93a79c4e_00049,m_dcaf3de14956,time_window
d_time_c_431c93a79c4e_00049,m_225efc4b16be,time_window
d_time_c_431c93a79c4e_00049,m_b93927220630,time_window
d_time_c_431c93a79c4e_00049,m_1e55e5a4ac74,time_window
d_time_c_431c93a79c4e_00049,m_23470a67d729,time_window
d_time_c_431c93a79c4e_00049,m_4df2bc7c1eed,time_window
d_time_c_431c93a79c4e_00049,m_4b87d1b1af0f,time_window
d_time_c_4f11d121bc6a_00001,m_5e640f91b308,time_window
d_time_c_4f11d121bc6a_00001,m_4c96929d8756,time_window
d_time_c_4f11d121bc6a_00002,m_b7e52182acb6,time_window
d_time_c_4f11d121bc6a_00003,m_ac63a5c48764,time_window
d_time_c_4f11d121bc6a_00004,m_226b6cca5843,time_window
d_time_c_4f11d121bc6a_00005,m_732c9f8c8555,time_window
d_time_c_4f11d121bc6a_00006,m_7c1d40059781,time_window
d_time_c_4f11d121bc6a_00006,m_8a6324d00962,time_window
d_time_c_4f11d121bc6a_00006,m_d047429c8fa4,time_window
d_time_c_4f11d121bc6a_00006,m_e55a94125f3c,time_window
d_time_c_4f11d121bc6a_00007,m_0de36468ced0,time_window
d_time_c_4f11d121bc6a_00008,m_81b9b7cc82ae,time_window
d_time_c_4f11d121bc6a_00009,m_0dbae90a17e9,time_window
d_time_c_4f11d121bc6a_00010,m_b4c0a2a0af23,time_window
d_time_c_4f11d121bc6a_00010,m_925c92573f1c,time_window
d_time_c_4f11d121bc6a_00011,m_4cb486ee614f,time_window
d_time_c_4f11d121bc6a_00012,m_90374319153a,time_window
d_time_c_4f11d121bc6a_00012,m_570f6ab5c957,time_window
d_time_c_4f11d121bc6a_00012,m_e279f89ee390,time_window
d_time_c_4f11d121bc6a_00012,m_47deeba4064b,time_window
d_time_c_4f11d121bc6a_00012,m_56a9327d7d15,time_window
d_time_c_4f11d121bc6a_00012,m_e0eea7e6e801,time_window
d_time_c_4f11d121bc6a_00012,m_c0de5a00b722,time_window
d_time_c_4f11d121bc6a_00013,m_6eb896a90841,time_window
d_time_c_4f11d121bc6a_00014,m_7ad6d0130e9a,time_window
d_time_c_4f11d121bc6a_00015,m_a59d480a434a,time_window
d_time_c_4f11d121bc6a_00016,m_84dea3dde7a6,time_window
d_time_c_4f11d121bc6a_00016,m_7c1e42773f67,time_window
d_time_c_4f11d121bc6a_00017,m_61944a3eac8f,time_window
d_time_c_4f11d121bc6a_00018,m_27e01a582145,time_window
d_time_c_4f11d121bc6a_00018,m_4f43915ca457,time_window
d_time_c_4f11d121bc6a_00018,m_1c9bde65661c,time_window
d_time_c_4f11d121bc6a_00019,m_c5e331ab50e3,time_window
d_time_c_4f11d121bc6a_00020,m_e307f55895b7,time_window
d_time_c_4f11d121bc6a_00021,m_a459103672f7,time_window
d_time_c_4f11d121bc6a_00022,m_3b2a61f10e63,time_window
d_time_c_4f11d121bc6a_00022,m_59d5bd47d985,time_window
d_time_c_4f11d121bc6a_00023,m_cc736fe0f010,time_window
d_time_c_4f11d121bc6a_00024,m_9c202cbd0d1f,time_window
d_time_c_4f11d121bc6a_00025,m_a63d746bfb30,time_window
d_time_c_4f11d121bc6a_00026,m_1e974a06f453,time_window
d_time_c_4f11d121bc6a_00027,m_21fc1f6268f0,time_window
d_time_c_4f11d121bc6a_00027,m_888126d7d72b,time_window
d_time_c_4f11d121bc6a_00028,m_d8e0f0e561c2,time_window
d_time_c_4f11d121bc6a_00029,m_d20af65d9cd8,time_window
d_time_c_4f11d121bc6a_00030,m_e3ba7f3d2812,time_window
d_time_c_4f11d121bc6a_00031,m_020ea11b0a66,time_window
d_time_c_4f11d121bc6a_00031,m_4b8ec8d492c9,time_window
d_time_c_4f11d121bc6a_00031,m_785b0a46d5e9,time_window
d_time_c_4f11d121bc6a_00031,m_35aa06608887,time_window
d_time_c_4f11d121bc6a_00032,m_5bcf1e49cd99,time_window
d_time_c_4f11d121bc6a_00032,m_6fe1202bcff6,time_window
d_time_c_4f11d121bc6a_00033,m_59cf7902cddb,time_window
d_time_c_4f11d121bc6a_00034,m_b07d2781d6f7,time_window
d_time_c_4f11d121bc6a_00035,m_4d1c58c588dc,time_window
d_time_c_4f11d121bc6a_00036,m_1df79c8ff31f,time_window
d_time_c_4f11d121bc6a_00037,m_2182701f954b,time_window
d_time_c_4f11d121bc6a_00037,m_135f02fdd4d8,time_window
d_time_c_4f11d121bc6a_00037,m_aa813d9cc8d5,time_window
d_time_c_4f11d121bc6a_00037,m_2bdcd0e7dce3,time_window
d_time_c_4f11d121bc6a_00038,m_6c5b4ce007e6,time_window
d_time_c_4f11d121bc6a_00038,m_f330162c4093,time_window
d_time_c_4f11d121bc6a_00039,m_8e395402e7a3,time_window
d_time_c_4f11d121bc6a_00040,m_b5248fe2ae8b,time_window
d_time_c_4f11d121bc6a_00041,m_e98148fda6c4,time_window
d_time_c_4f11d121bc6a_00042,m_858f088d6245,time_window
d_time_c_4f11d121bc6a_00042,m_f3b315d88796,time_window
d_time_c_4f11d121bc6a_00043,m_bfbc59b76265,time_window
d_time_c_4f11d121bc6a_00043,m_6d7c621f582a,time_window
d_time_c_4f11d121bc6a_00043,m_178ae4108ff1,time_window
d_time_c_4f11d121bc6a_00043,m_969d86d593e3,time_window
d_time_c_4f11d121bc6a_00044,m_79b31e7cec2b,time_window
d_time_c_4f11d121bc6a_00045,m_e3f0c81feff1,time_window
d_time_c_4f11d121bc6a_00045,m_1e4a9d824b5e,time_window
d_time_c_4f11d121bc6a_00045,m_9752012f6992,time_window
d_time_c_4f11d121bc6a_00045,m_a88161401e83,time_window
d_time_c_4f11d121bc6a_00046,m_062cdb75fc55,time_window
d_time_c_4f11d121bc6a_00047,m_70f0198b9a19,time_window
d_time_c_4f11d121bc6a_00048,m_f1f2b8080420,time_window
d_time_c_4f11d121bc6a_00048,m_8d9dddbd3f78,time_window
d_time_c_4f11d121bc6a_00049,m_760627ef85f2,time_window
d_time_c_4f11d121bc6a_00049,m_e5b961bacd4b,time_window
d_time_c_4f11d121bc6a_00049,m_8a1c21615d08,time_window
d_time_c_4f11d121bc6a_00049,m_ca4fcdf3cbf0,time_window
d_time_c_4f11d121bc6a_00049,m_961cf561f79f,time_window
d_time_c_4f11d121bc6a_00050,m_88e70ac4b028,time_window
d_time_c_4f11d121bc6a_00051,m_bc1aabe7d483,time_window
d_time_c_4f11d121bc6a_00051,m_5a390207b7f6,time_window
d_time_c_4f11d121bc6a_00051,m_7ce53ecc3b61,time_window
d_time_c_4f11d121bc6a_00051,m_73e06e781219,time_window
d_time_c_4f11d121bc6a_00052,m_ca1722a14505,time_window
d_time_c_4f11d121bc6a_00052,m_e95144f16f7e,time_window
d_time_c_4f11d121bc6a_00052,m_03b440e6a8b3,time_window
d_time_c_4f11d121bc6a_00053,m_d3ae1da8960e,time_window
d_time_c_4f11d121bc6a_00054,m_88639a027f05,time_window
d_time_c_4f11d121bc6a_00055,m_a591f6bdf36a,time_window
d_time_c_4f11d121bc6a_00055,m_450024e80eb4,time_window
d_time_c_4f11d121bc6a_00055,m_46f1cd50c3c4,time_window
d_time_c_4f11d121bc6a_00055,m_a59b3f18c10b,time_window
d_time_c_4f11d121bc6a_00056,m_2ba482e23bc7,time_window
d_time_c_4f11d121bc6a_00056,m_a94727382edc,time_window
d_time_c_4f11d121bc6a_00057,m_7ea29b1501ed,time_window
d_time_c_4f11d121bc6a_00058,m_2dbc6e090af4,time_window
d_time_c_4f11d121bc6a_00059,m_70baab70db18,time_window
d_time_c_4f11d121bc6a_00060,m_f4b277ca80d6,time_window
d_time_c_4f11d121bc6a_00060,m_e3c73d6e3805,time_window
d_time_c_4f11d121bc6a_00060,m_6e0719bf6e13,time_window
d_time_c_4f11d121bc6a_00061,m_d22f6d9ebc63,time_window
d_time_c_4f11d121bc6a_00062,m_07b8c8379532,time_window
d_time_c_511ce9f1ab1e_00001,m_02485c0a75be,time_window
d_time_c_511ce9f1ab1e_00002,m_3f3e6fc8f3e9,time_window
d_time_c_511ce9f1ab1e_00002,m_bb9853a12712,time_window
d_time_c_511ce9f1ab1e_00003,m_d12f9fa250fa,time_window
d_time_c_511ce9f1ab1e_00004,m_e26f68681fc4,time_window
d_time_c_511ce9f1ab1e_00005,m_d8e21f9e5312,time_window
d_time_c_511ce9f1ab1e_00006,m_ba027daa69fc,time_window
d_time_c_511ce9f1ab1e_00007,m_cf998968caa2,time_window
d_time_c_511ce9f1ab1e_00008,m_d4f330553ea0,time_window
d_time_c_511ce9f1ab1e_00009,m_f73bb9f6bcff,time_window
d_time_c_511ce9f1ab1e_00010,m_f869e4c8d8a2,time_window
d_time_c_511ce9f1ab1e_00011,m_645a3d491620,time_window
d_time_c_511ce9f1ab1e_00012,m_a4a767ae5adb,time_window
d_time_c_52b8e90afade_00001,m_25ca4981b1e2,time_window
d_time_c_52b8e90afade_00002,m_3124b54250f9,time_window
d_time_c_52b8e90afade_00002,m_669090abefa1,time_window
d_time_c_52b8e90afade_00002,m_1831245b830b,time_window
d_time_c_52b8e90afade_00003,m_6d1d2e41fbe2,time_window
d_time_c_52b8e90afade_00004,m_d909d241ee80,time_window
d_time_c_52b8e90afade_00005,m_ad3fb43efa2c,time_window
d_time_c_52b8e90afade_00005,m_0779bb29bc4d,time_window
d_time_c_52b8e90afade_00006,m_a8631e6c5ac9,time_window
d_time_c_52b8e90afade_00007,m_1452f929d5f8,time_window
d_time_c_52b8e90afade_00008,m_a5c44cd287d0,time_window
d_time_c_52b8e90afade_00009,m_c2837159ab92,time_window
d_time_c_52b8e90afade_00009,m_40a778a20e49,time_window
d_time_c_52b8e90afade_00009,m_502b07338bd1,time_window
d_time_c_52b8e90afade_00010,m_bb8b6ee6fce8,time_window
d_time_c_52b8e90afade_00011,m_0e23288a8181,time_window
d_time_c_52b8e90afade_00012,m_84f166b5af3f,time_window
d_time_c_52b8e90afade_00012,m_f038088b789d,time_window
d_time_c_52b8e90afade_00012,m_7a448f8c4af8,time_window
d_time_c_52b8e90afade_00013,m_436d22981ee7,time_window
d_time_c_52b8e90afade_00013,m_db7c05cb160e,time_window
d_time_c_52b8e90afade_00013,m_9b21945e136a,time_window
d_time_c_52b8e90afade_00013,m_8269aed3ee84,time_window
d_time_c_52b8e90afade_00013,m_feec7ce94961,time_window
d_time_c_52b8e90afade_00013,m_dc40af215ade,time_window
d_time_c_52b8e90afade_00013,m_a4a9a0d47cad,time_window
d_time_c_52b8e90afade_00014,m_2fc5471670c2,time_window
d_time_c_52b8e90afade_00015,m_e5d8170d2e64,time_window
d_time_c_52b8e90afade_00016,m_66bc5e177423,time_window
d_time_c_52b8e90afade_00016,m_b3d152c25a1c,time_window
d_time_c_52b8e90afade_00017,m_3dd0f786e1b0,time_window
d_time_c_52b8e90afade_00018,m_1f2c8c74e867,time_window
d_time_c_52b8e90afade_00019,m_80594c86a514,time_window
d_time_c_52b8e90afade_00020,m_22749ff60c80,time_window
d_time_c_52b8e90afade_00021,m_50329e034360,time_window
d_time_c_52b8e90afade_00021,m_cba70682204d,time_window
d_time_c_52b8e90afade_00022,m_5437c1760bdc,time_window
d_time_c_52b8e90afade_00023,m_400fbff7bc9d,time_window
d_time_c_52b8e90afade_00023,m_f3757da26b33,time_window
d_time_c_52b8e90afade_00023,m_e08e07f19fa8,time_window
d_time_c_52b8e90afade_00023,m_a84a6d188c72,time_window
d_time_c_52b8e90afade_00023,m_418d2703719e,time_window
d_time_c_52b8e90afade_00023,m_2e4bc9b12d7f,time_window
d_time_c_52b8e90afade_00023,m_4ff51bfcc1a3,time_window
d_time_c_52b8e90afade_00024,m_ec208e3523bd,time_window
d_time_c_52b8e90afade_00024,m_6dc48d376a6d,time_window
d_time_c_52b8e90afade_00025,m_b8c2e718fba3,time_window
d_time_c_52b8e90afade_00025,m_bc23501765c3,time_window
d_time_c_52b8e90afade_00026,m_8903d751f05e,time_window
d_time_c_52b8e90afade_00026,m_f9baf1676385,time_window
d_time_c_52b8e90afade_00027,m_57f9a25b4ff4,time_window
d_time_c_52b8e90afade_00028,m_fb1b5bd43e7b,time_window
d_time_c_52b8e90afade_00029,m_7e5517405909,time_window
d_time_c_52b8e90afade_00030,m_29267f7ae7f3,time_window
d_time_c_52b8e90afade_00030,m_bd6ea1c5acc4,time_window
d_time_c_52b8e90afade_00031,m_cca34178c4be,time_window
d_time_c_52b8e90afade_00031,m_9714e35e4031,time_window
d_time_c_52b8e90afade_00031,m_00e594b903c3,time_window
d_time_c_52b8e90afade_00032,m_a939f8457c0d,time_window
d_time_c_52b8e90afade_00033,m_1e31ac16bde3,time_window
d_time_c_52b8e90afade_00034,m_be3650a67e1b,time_window
d_time_c_52b8e90afade_00035,m_a288680d28f3,time_window
d_time_c_52b8e90afade_00036,m_e68c3fef3ae5,time_window
d_time_c_52b8e90afade_00037,m_39d0a0ef5caa,time_window
d_time_c_52b8e90afade_00037,m_e20d38dc5110,time_window
d_time_c_52b8e90afade_00038,m_027e3a53f431,time_window
d_time_c_52b8e90afade_00039,m_9c37057c72cd,time_window
d_time_c_52b8e90afade_00039,m_39bfb10a7e71,time_window
d_time_c_52b8e90afade_00040,m_384fb5c654e6,time_window
d_time_c_52b8e90afade_00040,m_55efae07d746,time_window
d_time_c_52b8e90afade_00040,m_beb26dacdd02,time_window
d_time_c_52b8e90afade_00040,m_6fae788be460,time_window
d_time_c_52b8e90afade_00041,m_b07ac438379f,time_window
d_time_c_52b8e90afade_00041,m_c6ce63775e4f,time_window
d_time_c_52b8e90afade_00042,m_b2c600063f61,time_window
d_time_c_52b8e90afade_00043,m_210ad4ac6c1b,time_window
d_time_c_52b8e90afade_00044,m_f43b1781ad67,time_window
d_time_c_52b8e90afade_00044,m_63821b7d5ea9,time_window
d_time_c_52b8e90afade_00045,m_31a2e888f6fe,time_window
d_time_c_52b8e90afade_00046,m_ed9f16697115,time_window
d_time_c_52b8e90afade_00047,m_1c885eaec98e,time_window
d_time_c_52b8e90afade_00047,m_318f08faebb1,time_window
d_time_c_52b8e90afade_00048,m_cdd3ffd09fb8,time_window
d_time_c_52b8e90afade_00049,m_4ac13407a3c5,time_window
d_time_c_52b8e90afade_00050,m_40f5f72ed873,time_window
d_time_c_52b8e90afade_00051,m_1fd2fd239b78,time_window
d_time_c_52b8e90afade_00051,m_e80c446b80ae,time_window
d_time_c_52b8e90afade_00051,m_f291d8b69092,time_window
d_time_c_52b8e90afade_00052,m_541fda0e916e,time_window
d_time_c_52b8e90afade_00053,m_29f13036e4ef,time_window
d_time_c_52b8e90afade_00053,m_87348a68db74,time_window
d_time_c_52b8e90afade_00054,m_ef137bdf4f3e,time_window
d_time_c_52b8e90afade_00055,m_f0a3004f7b6b,time_window
d_time_c_52b8e90afade_00056,m_f213ced8fa45,time_window
d_time_c_52b8e90afade_00057,m_95280da38d67,time_window
d_time_c_52b8e90afade_00058,m_5ff14f5cb121,time_window
d_time_c_52b8e90afade_00059,m_514ee928279a,time_window
d_time_c_52b8e90afade_00060,m_c99e0097ba69,time_window
d_time_c_52b8e90afade_00061,m_9d0739a48716,time_window
d_time_c_52b8e90afade_00061,m_cc57f3ab7e97,time_window
d_time_c_52b8e90afade_00061,m_13ee40898b76,time_window
d_time_c_52b8e90afade_00062,m_abdd32d1c28e,time_window
d_time_c_52b8e90afade_00063,m_bb8b6ccc4a5b,time_window
d_time_c_52b8e90afade_00064,m_e596705625cd,time_window
d_time_c_52b8e90afade_00064,m_2cd5e2af2db7,time_window
d_time_c_52b8e90afade_00065,m_a7b402e1665f,time_window
d_time_c_52b8e90afade_00065,m_96ee1c0d2ced,time_window
d_time_c_52b8e90afade_00066,m_0da35ad52e42,time_window
d_time_c_52b8e90afade_00066,m_f76d04bf07ce,time_window
d_time_c_52b8e90afade_00067,m_ed8eab1f32c7,time_window
d_time_c_52b8e90afade_00068,m_b65945ca9c3b,time_window
d_time_c_52b8e90afade_00069,m_f58dffe409fb,time_window
d_time_c_52b8e90afade_00070,m_ab76d6356ee6,time_window
d_time_c_52b8e90afade_00071,m_0ae0f7c8a5c6,time_window
d_time_c_52b8e90afade_00071,m_89b3deb093a4,time_window
d_time_c_52b8e90afade_00071,m_bdcb081e8348,time_window
d_time_c_52b8e90afade_00071,m_e27438c782a4,time_window
d_time_c_52b8e90afade_00072,m_576b24c752c1,time_window
d_time_c_52b8e90afade_00072,m_976807e7598c,time_window
d_time_c_52b8e90afade_00072,m_0a6cce0bbc4a,time_window
d_time_c_52b8e90afade_00072,m_f1c1832c7459,time_window
d_time_c_52b8e90afade_00072,m_05b33b4ec9c8,time_window
d_time_c_52b8e90afade_00072,m_c8f36203cadd,time_window
d_time_c_52b8e90afade_00072,m_6128cac07c93,time_window
d_time_c_52b8e90afade_00072,m_df2626783254,time_window
d_time_c_52b8e90afade_00073,m_b77faabfb073,time_window
d_time_c_52b8e90afade_00074,m_055d30869205,time_window
d_time_c_54aeb246546e_00001,m_d1c3a70a3922,time_window
d_time_c_54aeb246546e_00002,m_7d2b3d538587,time_window
d_time_c_54aeb246546e_00002,m_95f9a5d6fc44,time_window
d_time_c_54aeb246546e_00002,m_4f1d8b5d4679,time_window
d_time_c_54aeb246546e_00003,m_2fbee8afba75,time_window
d_time_c_54aeb246546e_00004,m_b7813c6013a9,time_window
d_time_c_54aeb246546e_00004,m_e0e9eedd7587,time_window
d_time_c_54aeb246546e_00005,m_66aa26527d5d,time_window
d_time_c_54aeb246546e_00005,m_b95c6e7f46e1,time_window
d_time_c_54aeb246546e_00005,m_e0ddfb47bb28,time_window
d_time_c_54aeb246546e_00005,m_b2659cd5ef71,time_window
d_time_c_54aeb246546e_00005,m_60eb06c2cb53,time_window
d_time_c_54aeb246546e_00005,m_ea352f541d03,time_window
d_time_c_54aeb246546e_00005,m_ed46a857721b,time_window
d_time_c_54aeb246546e_00005,m_4fde2437b369,time_window
d_time_c_54aeb246546e_00005,m_a090fa313543,time_window
d_time_c_54aeb246546e_00005,m_f25b2c4279ba,time_window
d_time_c_54aeb246546e_00005,m_20a61de9c68b,time_window
d_time_c_54aeb246546e_00005,m_086a494db4f0,time_window
d_time_c_54aeb246546e_00005,m_a162bb36a691,time_window
d_time_c_54aeb246546e_00005,m_3cf149f66299,time_window
d_time_c_54aeb246546e_00005,m_c066456a7c51,time_window
d_time_c_54aeb246546e_00005,m_05e6a896700f,time_window
d_time_c_54aeb246546e_00005,m_dda3cfdffba2,time_window
d_time_c_54aeb246546e_00005,m_056f1b93851e,time_window
d_time_c_54aeb246546e_00005,m_fe15423d569c,time_window
d_time_c_54aeb246546e_00005,m_e5a68ae373b0,time_window
d_time_c_54aeb246546e_00006,m_c8c356969424,time_window
d_time_c_54aeb246546e_00006,m_1acde9c96530,time_window
d_time_c_54aeb246546e_00006,m_c40def7a125e,time_window
d_time_c_54aeb246546e_00006,m_e0c28f1024d0,time_window
d_time_c_54aeb246546e_00007,m_ea714e992721,time_window
d_time_c_54aeb246546e_00008,m_5459c5f08c13,time_window
d_time_c_54aeb246546e_00009,m_0f0b912028ec,time_window
d_time_c_54aeb246546e_00010,m_509be33d2693,time_window
d_time_c_54aeb246546e_00011,m_4df30aef9ce9,time_window
d_time_c_54aeb246546e_00011,m_8ce017c9ed7a,time_window
d_time_c_54aeb246546e_00012,m_9ec1c7697864,time_window
d_time_c_54aeb246546e_00012,m_db412b564813,time_window
d_time_c_54aeb246546e_00013,m_d6ddcd272c95,time_window
d_time_c_54aeb246546e_00014,m_7350f0954f9f,time_window
d_time_c_54aeb246546e_00015,m_7c0bec074d5f,time_window
d_time_c_54aeb246546e_00016,m_6689b7b6098a,time_window
d_time_c_54aeb246546e_00017,m_206965587e77,time_window
d_time_c_54aeb246546e_00017,m_36c384fb4c94,time_window
d_time_c_54aeb246546e_00018,m_cd4c0c84ab65,time_window
d_time_c_54aeb246546e_00018,m_f2db02c4c59c,time_window
d_time_c_54aeb246546e_00019,m_469d1cef6151,time_window
d_time_c_54aeb246546e_00020,m_5ee9db2bcdd0,time_window
d_time_c_54aeb246546e_00021,m_98bbcb95f253,time_window
d_time_c_54aeb246546e_00021,m_3772440c3d1c,time_window
d_time_c_54aeb246546e_00021,m_cb404d0c2432,time_window
d_time_c_54aeb246546e_00021,m_add8125e693e,time_window
d_time_c_54aeb246546e_00022,m_55e6a764d663,time_window
d_time_c_54aeb246546e_00023,m_825a2b68c590,time_window
d_time_c_54aeb246546e_00023,m_27343092821f,time_window
d_time_c_54aeb246546e_00024,m_8107b7849aa0,time_window
d_time_c_54aeb246546e_00025,m_bfd5bef5154b,time_window
d_time_c_54aeb246546e_00026,m_d97a5b02855b,time_window
d_time_c_54aeb246546e_00027,m_d2c76ce79b5c,time_window
d_time_c_54aeb246546e_00027,m_403d6cf43133,time_window
d_time_c_54aeb246546e_00028,m_a096e4c0a80b,time_window
d_time_c_54aeb246546e_00028,m_78ae37e9af09,time_window
d_time_c_54aeb246546e_00028,m_badba27d4d2a,time_window
d_time_c_54aeb246546e_00028,m_a8276381d559,time_window
d_time_c_54aeb246546e_00028,m_a4c4bdb8c86a,time_window
d_time_c_54aeb246546e_00029,m_e52b89b19c68,time_window
d_time_c_54aeb246546e_00029,m_47bb91a2c45c,time_window
d_time_c_54aeb246546e_00030,m_f3e067cb6e6b,time_window
d_time_c_54aeb246546e_00031,m_629f3c69ac0c,time_window
d_time_c_54aeb246546e_00032,m_49ea09e0a70e,time_window
d_time_c_54aeb246546e_00033,m_f8982bcb725e,time_window
d_time_c_54aeb246546e_00033,m_b6092df5eac2,time_window
d_time_c_54aeb246546e_00034,m_c0f072f3fa91,time_window
d_time_c_54aeb246546e_00034,m_e9c467055cbf,time_window
d_time_c_54aeb246546e_00034,m_f0b1866ca3a2,time_window
d_time_c_54aeb246546e_00035,m_551e006c4be2,time_window
d_time_c_54aeb246546e_00036,m_0df26c42ba19,time_window
d_time_c_54aeb246546e_00037,m_fecaaa5caf4e,time_window
d_time_c_54aeb246546e_00038,m_d5140ce83fc8,time_window
d_time_c_54aeb246546e_00039,m_e8da18645225,time_window
d_time_c_54aeb246546e_00039,m_4417094b0403,time_window
d_time_c_54aeb246546e_00040,m_393680376fda,time_window
d_time_c_54aeb246546e_00040,m_c5c4fda5a4df,time_window
d_time_c_54aeb246546e_00040,m_58ec77e1cde3,time_window
d_time_c_54aeb246546e_00041,m_696885f4e7f3,time_window
d_time_c_54aeb246546e_00042,m_4e50669ca62c,time_window
d_time_c_54aeb246546e_00042,m_4e1a00e43089,time_window
d_time_c_54aeb246546e_00043,m_00ac1676d535,time_window
d_time_c_54aeb246546e_00044,m_6dc84e7a3cb0,time_window
d_time_c_54aeb246546e_00044,m_436eafdd637c,time_window
d_time_c_54aeb246546e_00045,m_62352f474ef5,time_window
d_time_c_54aeb246546e_00046,m_97ccb1c7f05d,time_window
d_time_c_54aeb246546e_00046,m_24ab35806f62,time_window
d_time_c_54aeb246546e_00046,m_882d172275b9,time_window
d_time_c_54aeb246546e_00047,m_2a925afcdf7e,time_window
d_time_c_54aeb246546e_00048,m_0275a6a0f3a9,time_window
d_time_c_54aeb246546e_00049,m_8ae7444eddb8,time_window
d_time_c_54aeb246546e_00049,m_8c0da381e3c6,time_window
d_time_c_54aeb246546e_00049,m_c0c02cc776e0,time_window
d_time_c_54aeb246546e_00049,m_5c0767a2bb37,time_window
d_time_c_54aeb246546e_00050,m_b0b72c92e1ca,time_window
d_time_c_54aeb246546e_00051,m_71848ad0194c,time_window
d_time_c_54aeb246546e_00052,m_8a0274c79bb0,time_window
d_time_c_54aeb246546e_00053,m_19ad5c1508e2,time_window
d_time_c_54aeb246546e_00054,m_aa8c3f5f2ee4,time_window
d_time_c_54aeb246546e_00055,m_b7d3fd18e9d9,time_window
d_time_c_54aeb246546e_00055,m_d144f34cde62,time_window
d_time_c_54aeb246546e_00055,m_b56a40555673,time_window
d_time_c_54aeb246546e_00055,m_3e3038e4ba0d,time_window
d_time_c_54aeb246546e_00055,m_4954330b50bf,time_window
d_time_c_54aeb246546e_00056,m_a00701d9b55a,time_window
d_time_c_54aeb246546e_00057,m_7202c47661ba,time_window
d_time_c_54aeb246546e_00057,m_684b5c21ed0a,time_window
d_time_c_54aeb246546e_00058,m_f54ba91deb1e,time_window
d_time_c_54aeb246546e_00058,m_f0419d0f29bb,time_window
d_time_c_54aeb246546e_00058,m_0f472518f4a7,time_window
d_time_c_54aeb246546e_00059,m_da4c78fb265a,time_window
d_time_c_54aeb246546e_00059,m_83c644684c2e,time_window
d_time_c_54aeb246546e_00059,m_8f4997f88901,time_window
d_time_c_54aeb246546e_00059,m_cdbc843a1265,time_window
d_time_c_54aeb246546e_00059,m_635887e68146,time_window
d_time_c_54aeb246546e_00059,m_91db26114db3,time_window
d_time_c_54aeb246546e_00060,m_ccf1d39dbb42,time_window
d_time_c_54aeb246546e_00061,m_7a02dd5a9f72,time_window
d_time_c_54aeb246546e_00062,m_b7ca236d25de,time_window
d_time_c_54aeb246546e_00063,m_06566cda4688,time_window
d_time_c_54aeb246546e_00064,m_55475799bb80,time_window
d_time_c_54aeb246546e_00065,m_0a36e0f252f5,time_window
d_time_c_54aeb246546e_00066,m_1e0ed704fa90,time_window
d_time_c_54aeb246546e_00066,m_73a86ae942d9,time_window
d_time_c_54aeb246546e_00066,m_90cf2cbcbc09,time_window
d_time_c_54aeb246546e_00067,m_c3eae9d70bd0,time_window
d_time_c_54aeb246546e_00068,m_5cd44eaf56b3,time_window
d_time_c_54aeb246546e_00068,m_4b9f2e2f1d6d,time_window
d_time_c_54aeb246546e_00069,m_1d84bb917a56,time_window
d_time_c_54aeb246546e_00069,m_28a726992246,time_window
d_time_c_54aeb246546e_00069,m_40be93734a80,time_window
d_time_c_54aeb246546e_00070,m_7f9532b7997d,time_window
d_time_c_54aeb246546e_00070,m_c78dc73feee6,time_window
d_time_c_54aeb246546e_00071,m_2a4b00ce0556,time_window
d_time_c_54aeb246546e_00071,m_66eacb1047f4,time_window
d_time_c_54aeb246546e_00072,m_1a237a6a57af,time_window
d_time_c_54aeb246546e_00073,m_46305219cd98,time_window
d_time_c_54aeb246546e_00074,m_faade0ef9404,time_window
d_time_c_54aeb246546e_00074,m_1e6ea687a660,time_window
d_time_c_54aeb246546e_00074,m_4da5bf956c1b,time_window
d_time_c_54aeb246546e_00075,m_a9965910accb,time_window
d_time_c_54aeb246546e_00075,m_756a2c453121,time_window
d_time_c_54aeb246546e_00075,m_036beb4d0fcc,time_window
d_time_c_54aeb246546e_00075,m_906cec7db73f,time_window
d_time_c_54aeb246546e_00076,m_0c416bc5df18,time_window
d_time_c_54aeb246546e_00076,m_e0b4adf93b05,time_window
d_time_c_54aeb246546e_00076,m_132384ce7b00,time_window
d_time_c_54aeb246546e_00076,m_1402287ecfbb,time_window
d_time_c_54aeb246546e_00076,m_6225604ae662,time_window
d_time_c_54aeb246546e_00076,m_48be35665734,time_window
d_time_c_54aeb246546e_00076,m_b8f7e880d633,time_window
d_time_c_54aeb246546e_00077,m_b8b7165bb6ef,time_window
d_time_c_54aeb246546e_00078,m_fc235f88c8e2,time_window
d_time_c_54aeb246546e_00078,m_73b87f650932,time_window
d_time_c_54aeb246546e_00079,m_6ae068f107b6,time_window
d_time_c_54aeb246546e_00080,m_4b6557cc6a21,time_window
d_time_c_54aeb246546e_00080,m_336917ef568a,time_window
d_time_c_54aeb246546e_00080,m_5e75af2a821f,time_window
d_time_c_54aeb246546e_00080,m_74d6e78b2d56,time_window
d_time_c_54aeb246546e_00080,m_041748596cb8,time_window
d_time_c_54aeb246546e_00080,m_519c9388ae1e,time_window
d_time_c_54aeb246546e_00080,m_809dccbda24b,time_window
d_time_c_54aeb246546e_00081,m_03bfe571eed0,time_window
d_time_c_54aeb246546e_00081,m_505f1e0503cf,time_window
d_time_c_54aeb246546e_00081,m_eda054404e21,time_window
d_time_c_54aeb246546e_00082,m_1bd3de5e17bf,time_window
d_time_c_54aeb246546e_00082,m_85507f0e25ae,time_window
d_time_c_54aeb246546e_00082,m_6dc9128c50e9,time_window
d_time_c_54aeb246546e_00083,m_f0e57fd2182a,time_window
d_time_c_54aeb246546e_00084,m_0c4b7f547558,time_window
d_time_c_54aeb246546e_00085,m_36b36f51f924,time_window
d_time_c_54aeb246546e_00086,m_e53f082cb065,time_window
d_time_c_54aeb246546e_00087,m_c23bbe24e58a,time_window
d_time_c_54aeb246546e_00087,m_50e2a142272f,time_window
d_time_c_54aeb246546e_00087,m_a18e2739305d,time_window
d_time_c_54aeb246546e_00088,m_9234bf75d637,time_window
d_time_c_54aeb246546e_00089,m_04dd50998289,time_window
d_time_c_54aeb246546e_00089,m_11f5dc4e5ebf,time_window
d_time_c_54aeb246546e_00090,m_d48043af4a6e,time_window
d_time_c_54aeb246546e_00090,m_c684399fe964,time_window
d_time_c_54aeb246546e_00091,m_02046e8e3f37,time_window
d_time_c_54aeb246546e_00092,m_170b2cce0dec,time_window
d_time_c_54aeb246546e_00092,m_210250ab97ea,time_window
d_time_c_54aeb246546e_00092,m_0c791099d319,time_window
d_time_c_54aeb246546e_00093,m_f12ac0921c6c,time_window
d_time_c_54aeb246546e_00093,m_38667f8d1b80,time_window
d_time_c_54aeb246546e_00093,m_d214cad61c76,time_window
d_time_c_54aeb246546e_00094,m_0c39a76e5cc7,time_window
d_time_c_54aeb246546e_00094,m_ba6dc7245d0c,time_window
d_time_c_54aeb246546e_00094,m_6caacf857fe9,time_window
d_time_c_54aeb246546e_00094,m_9a6a1a4b775f,time_window
d_time_c_54aeb246546e_00095,m_ecb8cca785c1,time_window
d_time_c_54aeb246546e_00095,m_15defd0b6e8f,time_window
d_time_c_54aeb246546e_00096,m_4de21b0349a2,time_window
d_time_c_54aeb246546e_00096,m_e5454b380374,time_window
d_time_c_54aeb246546e_00096,m_1d95f9197acf,time_window
d_time_c_54aeb246546e_00097,m_e70c4318f5d7,time_window
d_time_c_54aeb246546e_00098,m_160edc98c499,time_window
d_time_c_54aeb246546e_00098,m_55e129745f05,time_window
d_time_c_54aeb246546e_00099,m_926538a8d722,time_window
d_time_c_54aeb246546e_00099,m_d224fec752bd,time_window
d_time_c_54aeb246546e_00100,m_e167b2d17b8f,time_window
d_time_c_54aeb246546e_00101,m_00bde766c100,time_window
d_time_c_54aeb246546e_00101,m_6f28899f5765,time_window
d_time_c_54aeb246546e_00101,m_3a44c800a5f5,time_window
d_time_c_54aeb246546e_00102,m_2ae45154e31b,time_window
d_time_c_54aeb246546e_00103,m_8158fa66586b,time_window
d_time_c_54aeb246546e_00103,m_4e0d4c187c1c,time_window
d_time_c_54aeb246546e_00103,m_55843b8b481d,time_window
d_time_c_54aeb246546e_00103,m_312821f4d1da,time_window
d_time_c_54aeb246546e_00103,m_c268773df9a0,time_window
d_time_c_54aeb246546e_00103,m_82ce1bb058ee,time_window
d_time_c_54aeb246546e_00103,m_3b05105ea64c,time_window
d_time_c_54aeb246546e_00103,m_e2232b09b87c,time_window
d_time_c_54aeb246546e_00103,m_2524fec3c49a,time_window
d_time_c_54aeb246546e_00104,m_ae6ea16d9486,time_window
d_time_c_54aeb246546e_00104,m_3343f29f5a57,time_window
d_time_c_54aeb246546e_00105,m_a84a01ff061c,time_window
d_time_c_54aeb246546e_00106,m_361a1d015e57,time_window
d_time_c_54aeb246546e_00107,m_7adeac936977,time_window
d_time_c_54aeb246546e_00108,m_d78258bb766c,time_window
d_time_c_54aeb246546e_00109,m_3c0a8844721d,time_window
d_time_c_54aeb246546e_00109,m_ba073a00cb09,time_window
d_time_c_54aeb246546e_00110,m_792bfdeca718,time_window
d_time_c_54aeb246546e_00111,m_8eb2d4a1ad2e,time_window
d_time_c_54aeb246546e_00111,m_893d653b6ac2,time_window
d_time_c_54aeb246546e_00111,m_ea69ccf0cfb2,time_window
d_time_c_54aeb246546e_00111,m_f140977af566,time_window
d_time_c_54aeb246546e_00112,m_da9537a40874,time_window
d_time_c_54aeb246546e_00113,m_459001268e7e,time_window
d_time_c_54aeb246546e_00114,m_f4083fba9e88,time_window
d_time_c_54aeb246546e_00114,m_675a3a008023,time_window
d_time_c_54aeb246546e_00115,m_decfa2f4be0e,time_window
d_time_c_54aeb246546e_00116,m_d20503b60687,time_window
d_time_c_54aeb246546e_00117,m_c269f6506c72,time_window
d_time_c_54aeb246546e_00118,m_a1a1117c5946,time_window
d_time_c_54aeb246546e_00119,m_81d51fb4dcc9,time_window
d_time_c_54aeb246546e_00120,m_4c3ade4826d2,time_window
d_time_c_54aeb246546e_00121,m_3e868726bdd1,time_window
d_time_c_54aeb246546e_00121,m_abf1ac4cc106,time_window
d_time_c_54aeb246546e_00121,m_54b766003b95,time_window
d_time_c_54aeb246546e_00122,m_5487f54d6a1f,time_window
d_time_c_54aeb246546e_00122,m_eb61ff972c74,time_window
d_time_c_54aeb246546e_00122,m_2839ffb593d2,time_window
d_time_c_54aeb246546e_00123,m_33e63033d809,time_window
d_time_c_54aeb246546e_00124,m_08fcff7efe81,time_window
d_time_c_54aeb246546e_00124,m_85b637021cb3,time_window
d_time_c_54aeb246546e_00125,m_8bbf16ba3823,time_window
d_time_c_54aeb246546e_00125,m_c1e0cc3c5c3b,time_window
d_time_c_54aeb246546e_00126,m_4a428eb449b5,time_window
d_time_c_54aeb246546e_00126,m_7eba5e2aac8c,time_window
d_time_c_54aeb246546e_00127,m_8a09d0bcb6c2,time_window
d_time_c_54aeb246546e_00128,m_dd2b55bf2960,time_window
d_time_c_54aeb246546e_00128,m_c17882aaf581,time_window
d_time_c_54aeb246546e_00128,m_38aaeb06fa60,time_window
d_time_c_54aeb246546e_00128,m_4cba15fc1b9c,time_window
d_time_c_54aeb246546e_00129,m_4ad3a7d959fb,time_window
d_time_c_54aeb246546e_00130,m_4d935c5317c4,time_window
d_time_c_54aeb246546e_00130,m_93c4aa296dc4,time_window
d_time_c_54aeb246546e_00131,m_adbd0be37d34,time_window
d_time_c_54aeb246546e_00131,m_5c52d1aca81b,time_window
d_time_c_54aeb246546e_00132,m_69c70f74307d,time_window
d_time_c_54aeb246546e_00132,m_9c79feb7abb1,time_window
d_time_c_54aeb246546e_00133,m_65d7efdff80b,time_window
d_time_c_54aeb246546e_00134,m_b8c036421149,time_window
d_time_c_54aeb246546e_00134,m_7bb2e07336e5,time_window
d_time_c_54aeb246546e_00134,m_ec141d8385a9,time_window
d_time_c_54aeb246546e_00135,m_d283ba2e43ed,time_window
d_time_c_54aeb246546e_00135,m_8f9580356d38,time_window
d_time_c_54aeb246546e_00136,m_78ab2522cd93,time_window
d_time_c_54aeb246546e_00136,m_c525954a41eb,time_window
d_time_c_54aeb246546e_00137,m_5cb83e7f3d36,time_window
d_time_c_54aeb246546e_00138,m_2efd921e8ad4,time_window
d_time_c_54aeb246546e_00138,m_9efc10bc687f,time_window
d_time_c_54aeb246546e_00139,m_e886588032bb,time_window
d_time_c_54aeb246546e_00140,m_c47f3af3fba8,time_window
d_time_c_54aeb246546e_00141,m_6e299d044d41,time_window
d_time_c_54aeb246546e_00142,m_3c87cbc7c99d,time_window
d_time_c_54aeb246546e_00142,m_c8816fd54e3f,time_window
d_time_c_54aeb246546e_00142,m_4f6a956fe253,time_window
d_time_c_54aeb246546e_00143,m_084ea71f6134,time_window
d_time_c_54aeb246546e_00143,m_449d6ff876e5,time_window
d_time_c_54aeb246546e_00143,m_e64e91b7e0bf,time_window
d_time_c_54aeb246546e_00144,m_6cacd1c3f340,time_window
d_time_c_54aeb246546e_00144,m_40a2d8b18ad6,time_window
d_time_c_54aeb246546e_00145,m_46091eb3709a,time_window
d_time_c_54aeb246546e_00146,m_225f8d5240e3,time_window
d_time_c_54aeb246546e_00146,m_4259fcc212b4,time_window
d_time_c_54aeb246546e_00146,m_5b4fe88ff94d,time_window
d_time_c_54aeb246546e_00146,m_efed6afcee24,time_window
d_time_c_54aeb246546e_00147,m_85ba78b43e3a,time_window
d_time_c_54aeb246546e_00147,m_d853a7f79f5b,time_window
d_time_c_54aeb246546e_00148,m_2814cf4f6d6d,time_window
d_time_c_54aeb246546e_00148,m_45e0d41e28ac,time_window
d_time_c_54aeb246546e_00148,m_7ca83950ab14,time_window
d_time_c_54aeb246546e_00148,m_7c268b021fc9,time_window
d_time_c_54aeb246546e_00148,m_588afd43b5ea,time_window
d_time_c_54aeb246546e_00148,m_eee8f5d68d12,time_window
d_time_c_54aeb246546e_00149,m_fd8293ac2e86,time_window
d_time_c_54aeb246546e_00149,m_66ece26e2909,time_window
d_time_c_54aeb246546e_00150,m_b94ff3cec26d,time_window
d_time_c_54aeb246546e_00150,m_38489c678652,time_window
d_time_c_54aeb246546e_00150,m_39673bef57f4,time_window
d_time_c_54aeb246546e_00150,m_4b31bfefa07e,time_window
d_time_c_54aeb246546e_00151,m_d8262cada6a8,time_window
d_time_c_54aeb246546e_00151,m_f0f9bd55edf8,time_window
d_time_c_54aeb246546e_00151,m_bfd8f3ba7c3e,time_window
d_time_c_54aeb246546e_00151,m_84a858d30ca4,time_window
d_time_c_54aeb246546e_00151,m_dadca1296be8,time_window
d_time_c_54aeb246546e_00152,m_9cd356a556e4,time_window
d_time_c_54aeb246546e_00153,m_1b54515fb808,time_window
d_time_c_54aeb246546e_00154,m_07656b06696e,time_window
d_time_c_54aeb246546e_00155,m_cba0c19ecdc6,time_window
d_time_c_54aeb246546e_00156,m_d20e6e118f7d,time_window
d_time_c_54aeb246546e_00156,m_b78c71bf4f8a,time_window
d_time_c_54aeb246546e_00157,m_2a7af64a1410,time_window
d_time_c_54aeb246546e_00157,m_78bb8b68944a,time_window
d_time_c_54aeb246546e_00158,m_dfe8ecc61407,time_window
d_time_c_54aeb246546e_00158,m_4cee9476ccab,time_window
d_time_c_54aeb246546e_00158,m_83df38a0a4fc,time_window
d_time_c_54aeb246546e_00158,m_918bcec92e3e,time_window
d_time_c_54aeb246546e_00158,m_5e589c54df5d,time_window
d_time_c_54aeb246546e_00158,m_2cdf7dbd37b0,time_window
d_time_c_54aeb246546e_00158,m_b20a9a51dfaf,time_window
d_time_c_54aeb246546e_00158,m_f0e7ad83e0d8,time_window
d_time_c_54aeb246546e_00158,m_5a656e1894a1,time_window
d_time_c_54aeb246546e_00158,m_e6cc9629b339,time_window
d_time_c_54aeb246546e_00158,m_2729941eb4cd,time_window
d_time_c_54aeb246546e_00159,m_85cb27b989ba,time_window
d_time_c_54aeb246546e_00159,m_9756273afb86,time_window
d_time_c_54aeb246546e_00160,m_75f674938dca,time_window
d_time_c_54aeb246546e_00160,m_53eda3a3aaef,time_window
d_time_c_54aeb246546e_00160,m_e38c7c94b627,time_window
d_time_c_54aeb246546e_00161,m_14fc320ba72e,time_window
d_time_c_54aeb246546e_00162,m_078ee726aeed,time_window
d_time_c_54aeb246546e_00163,m_c05d1fcb9b5c,time_window
d_time_c_54aeb246546e_00163,m_e53ece63766e,time_window
d_time_c_54aeb246546e_00164,m_92b5087a2be6,time_window
d_time_c_54aeb246546e_00165,m_8b7dfb9bb5fe,time_window
d_time_c_54aeb246546e_00165,m_8c1005015c42,time_window
d_time_c_54aeb246546e_00165,m_9d02bcb6ff74,time_window
d_time_c_54aeb246546e_00165,m_944f29c1f13b,time_window
d_time_c_54aeb246546e_00166,m_1e71a9edc946,time_window
d_time_c_54aeb246546e_00166,m_4fa14602065a,time_window
d_time_c_54aeb246546e_00166,m_c43b6fea9561,time_window
d_time_c_54aeb246546e_00166,m_c730f0fe75e1,time_window
d_time_c_54aeb246546e_00166,m_a4c0b668b5e0,time_window
d_time_c_54aeb246546e_00167,m_9b642dc37198,time_window
d_time_c_54aeb246546e_00167,m_062bba56ee73,time_window
d_time_c_577808fbba67_00001,m_91fe3a7e2d0f,time_window
d_time_c_577808fbba67_00002,m_3576628d98b7,time_window
d_time_c_577808fbba67_00003,m_9ccfb3be8579,time_window
d_time_c_577808fbba67_00004,m_5df43c5d120c,time_window
d_time_c_577808fbba67_00005,m_98cee27e5fdd,time_window
d_time_c_577808fbba67_00005,m_2646dfd1f6b0,time_window
d_time_c_577808fbba67_00006,m_749452e2f854,time_window
d_time_c_577808fbba67_00006,m_1bb1f3b9a07b,time_window
d_time_c_577808fbba67_00006,m_04905d8913fd,time_window
d_time_c_577808fbba67_00007,m_d4eae0333e36,time_window
d_time_c_577808fbba67_00008,m_f34a92321fd1,time_window
d_time_c_577808fbba67_00009,m_8fd365f030c2,time_window
d_time_c_577808fbba67_00010,m_f91be4b31082,time_window
d_time_c_577808fbba67_00010,m_ad89b62f9a3c,time_window
d_time_c_577808fbba67_00010,m_ad5c061ce891,time_window
d_time_c_577808fbba67_00011,m_fc3e05b1af9c,time_window
d_time_c_577808fbba67_00012,m_7b38bc53e65f,time_window
d_time_c_577808fbba67_00013,m_a36ac3fc0f74,time_window
d_time_c_577808fbba67_00014,m_51ee19ccbb7f,time_window
d_time_c_577808fbba67_00014,m_2e32de1faffa,time_window
d_time_c_577808fbba67_00015,m_e33635a70deb,time_window
d_time_c_577808fbba67_00015,m_c8629d5d4390,time_window
d_time_c_577808fbba67_00015,m_47c5b6a8b2e3,time_window
d_time_c_577808fbba67_00015,m_1216efc41c76,time_window
d_time_c_577808fbba67_00015,m_59f5d34f4e1d,time_window
d_time_c_577808fbba67_00015,m_7f8773b9192a,time_window
d_time_c_577808fbba67_00015,m_0d2247a67fca,time_window
d_time_c_577808fbba67_00015,m_99c15f67e766,time_window
d_time_c_577808fbba67_00015,m_67c60786e7a6,time_window
d_time_c_577808fbba67_00015,m_0be514ccbe99,time_window
d_time_c_577808fbba67_00016,m_f8b369b7fd25,time_window
d_time_c_577808fbba67_00017,m_e85de4902d91,time_window
d_time_c_577808fbba67_00018,m_fe5280bcaa4a,time_window
d_time_c_577808fbba67_00018,m_3c094750191b,time_window
d_time_c_577808fbba67_00018,m_5349876e6482,time_window
d_time_c_577808fbba67_00018,m_8110b3917827,time_window
d_time_c_577808fbba67_00019,m_928a19ccf149,time_window
d_time_c_577808fbba67_00020,m_d47e8f7cd7c0,time_window
d_time_c_577808fbba67_00021,m_b823afb7040f,time_window
d_time_c_577808fbba67_00022,m_c518356449df,time_window
d_time_c_577808fbba67_00022,m_6a9c630fe7c4,time_window
d_time_c_577808fbba67_00023,m_633e2b02a299,time_window
d_time_c_577808fbba67_00023,m_b04f749cf3ff,time_window
d_time_c_577808fbba67_00024,m_e79ce2e15ff2,time_window
d_time_c_577808fbba67_00024,m_e92ea2fdfc6b,time_window
d_time_c_577808fbba67_00024,m_123b1572e295,time_window
d_time_c_577808fbba67_00025,m_e9c1c728c89c,time_window
d_time_c_577808fbba67_00026,m_803b9cfb7f5f,time_window
d_time_c_577808fbba67_00027,m_3f553d0bf4b7,time_window
d_time_c_577808fbba67_00027,m_f8e94ac94393,time_window
d_time_c_577808fbba67_00028,m_0fcb89517911,time_window
d_time_c_577808fbba67_00028,m_9ce397d61aa3,time_window
d_time_c_577808fbba67_00029,m_d85812fe509a,time_window
d_time_c_577808fbba67_00029,m_0fe239452af2,time_window
d_time_c_577808fbba67_00030,m_02fdb291b9c2,time_window
d_time_c_577808fbba67_00030,m_fed3e9730623,time_window
d_time_c_577808fbba67_00030,m_e259a2a4fdf5,time_window
d_time_c_577808fbba67_00030,m_2d9a237359b5,time_window
d_time_c_577808fbba67_00030,m_2e87645ea2ab,time_window
d_time_c_577808fbba67_00031,m_61216d44bfef,time_window
d_time_c_577808fbba67_00031,m_b8f046866288,time_window
d_time_c_577808fbba67_00031,m_f022027be977,time_window
d_time_c_577808fbba67_00032,m_56016d417793,time_window
d_time_c_577808fbba67_00032,m_bd41b3b0e82f,time_window
d_time_c_577808fbba67_00033,m_b1c054ab42e2,time_window
d_time_c_577808fbba67_00033,m_c03f22998fde,time_window
d_time_c_577808fbba67_00034,m_a30ef73021e3,time_window
d_time_c_577808fbba67_00035,m_32a2e35485b7,time_window
d_time_c_577808fbba67_00035,m_edc4ea6cc16a,time_window
d_time_c_577808fbba67_00035,m_b36a73445605,time_window
d_time_c_577808fbba67_00035,m_9ec68de4c051,time_window
d_time_c_577808fbba67_00035,m_da2f5151948a,time_window
d_time_c_577808fbba67_00035,m_01d4edcec1e0,time_window
d_time_c_577808fbba67_00035,m_90f03dfe8a43,time_window
d_time_c_577808fbba67_00035,m_af4ab05497be,time_window
d_time_c_577808fbba67_00035,m_ed822cc5ecde,time_window
d_time_c_577808fbba67_00035,m_6c94b3f1c2db,time_window
d_time_c_577808fbba67_00035,m_cbcd1b5895d8,time_window
d_time_c_577808fbba67_00036,m_16b4f005c876,time_window
d_time_c_577808fbba67_00036,m_a1829e4d94a8,time_window
d_time_c_577808fbba67_00036,m_a118cf02f91d,time_window
d_time_c_577808fbba67_00037,m_fd7d29659b24,time_window
d_time_c_577808fbba67_00037,m_bd7bda2417a1,time_window
d_time_c_577808fbba67_00037,m_69073f2e654e,time_window
d_time_c_577808fbba67_00038,m_596e9b7005cb,time_window
d_time_c_577808fbba67_00038,m_1eaa0d2ef182,time_window
d_time_c_577808fbba67_00038,m_93ee56b3cc1f,time_window
d_time_c_577808fbba67_00038,m_cfe4eb7638ee,time_window
d_time_c_577808fbba67_00039,m_49f1580459d8,time_window
d_time_c_577808fbba67_00039,m_9143879300d0,time_window
d_time_c_577808fbba67_00040,m_48266a542e27,time_window
d_time_c_577808fbba67_00041,m_bdb69a9c48c0,time_window
d_time_c_577808fbba67_00042,m_30af8391b2d5,time_window
d_time_c_577808fbba67_00043,m_5ece84540df7,time_window
d_time_c_577808fbba67_00043,m_1f76c23927ce,time_window
d_time_c_577808fbba67_00043,m_a75448be41d4,time_window
d_time_c_577808fbba67_00043,m_f1f1e0bda56f,time_window
d_time_c_577808fbba67_00044,m_dd747a975d81,time_window
d_time_c_577808fbba67_00045,m_e85a6c23eb48,time_window
d_time_c_577808fbba67_00046,m_b2edd277400b,time_window
d_time_c_577808fbba67_00047,m_21d80e43168b,time_window
d_time_c_577808fbba67_00048,m_b5c1e574c445,time_window
d_time_c_577808fbba67_00049,m_38a65dc5558f,time_window
d_time_c_577808fbba67_00049,m_c6f05fcded8f,time_window
d_time_c_577808fbba67_00050,m_f57d93e71ec3,time_window
d_time_c_577808fbba67_00050,m_b8d8a47f4e8a,time_window
d_time_c_577808fbba67_00051,m_95648af42283,time_window
d_time_c_577808fbba67_00051,m_30c5f6f03741,time_window
d_time_c_577808fbba67_00052,m_17644b19ce74,time_window
d_time_c_577808fbba67_00052,m_7cc535a12b96,time_window
d_time_c_577808fbba67_00052,m_3f6ff73cf2af,time_window
d_time_c_577808fbba67_00052,m_49b72c70a426,time_window
d_time_c_577808fbba67_00053,m_4f6d2835e803,time_window
d_time_c_577808fbba67_00053,m_e39aa8057549,time_window
d_time_c_577808fbba67_00054,m_4769bc42e941,time_window
d_time_c_577808fbba67_00054,m_46a742e8bc9d,time_window
d_time_c_577808fbba67_00054,m_15e6260f5142,time_window
d_time_c_577808fbba67_00054,m_a7cfba904b49,time_window
d_time_c_577808fbba67_00054,m_8c27f640f9d5,time_window
d_time_c_577808fbba67_00054,m_e6f1799763f6,time_window
d_time_c_577808fbba67_00054,m_647ce5e18e69,time_window
d_time_c_577808fbba67_00054,m_318cea5895b8,time_window
d_time_c_577808fbba67_00054,m_cd6eedfba24c,time_window
d_time_c_577808fbba67_00054,m_cff53d6572d6,time_window
d_time_c_577808fbba67_00054,m_519e6ed29b33,time_window
d_time_c_577808fbba67_00054,m_3d53aa20e797,time_window
d_time_c_577808fbba67_00054,m_15de8186f1b5,time_window
d_time_c_577808fbba67_00055,m_b3cae20b986c,time_window
d_time_c_577808fbba67_00055,m_fce57d511816,time_window
d_time_c_577808fbba67_00055,m_6380c166e447,time_window
d_time_c_577808fbba67_00055,m_7c45c3a7ee5d,time_window
d_time_c_577808fbba67_00055,m_f2fbda395981,time_window
d_time_c_577808fbba67_00055,m_e886882a2c41,time_window
d_time_c_577808fbba67_00056,m_ea09be9f48ee,time_window
d_time_c_577808fbba67_00056,m_50ef109be621,time_window
d_time_c_577808fbba67_00056,m_72f114bcb932,time_window
d_time_c_577808fbba67_00056,m_f463a6a8eb2d,time_window
d_time_c_577808fbba67_00056,m_a3a25e8091ce,time_window
d_time_c_577808fbba67_00056,m_e93664153c98,time_window
d_time_c_577808fbba67_00057,m_9c6043aceda7,time_window
d_time_c_577808fbba67_00057,m_7050f846cf24,time_window
d_time_c_577808fbba67_00058,m_99698fbe6749,time_window
d_time_c_577808fbba67_00058,m_21ab8e773b8d,time_window
d_time_c_577808fbba67_00059,m_19bc41ff4309,time_window
d_time_c_577808fbba67_00060,m_b1af6e3a6318,time_window
d_time_c_577808fbba67_00061,m_52f990cc8541,time_window
d_time_c_577808fbba67_00062,m_8b958fd238b1,time_window
d_time_c_577808fbba67_00062,m_fdcc5af76da4,time_window
d_time_c_577808fbba67_00062,m_85aa88647179,time_window
d_time_c_577808fbba67_00062,m_8d3018487db3,time_window
d_time_c_577808fbba67_00062,m_c92a26ff849d,time_window
d_time_c_577808fbba67_00062,m_69c67db8fe52,time_window
d_time_c_577808fbba67_00063,m_bdc673927e01,time_window
d_time_c_577808fbba67_00064,m_7363de117967,time_window
d_time_c_577808fbba67_00065,m_ab8d2fd5a64a,time_window
d_time_c_577808fbba67_00066,m_d8a81e19365a,time_window
d_time_c_577808fbba67_00067,m_b39ddc9491ef,time_window
d_time_c_577808fbba67_00067,m_f274bf93fe8a,time_window
d_time_c_577808fbba67_00068,m_1e9f010bdc64,time_window
d_time_c_577808fbba67_00069,m_e5ba978d573e,time_window
d_time_c_577808fbba67_00069,m_80aeb0e80416,time_window
d_time_c_577808fbba67_00070,m_8d1c9912b4c8,time_window
d_time_c_577808fbba67_00070,m_989f5ac608b7,time_window
d_time_c_577808fbba67_00071,m_7890694036d2,time_window
d_time_c_577808fbba67_00071,m_2feb8d7f3601,time_window
d_time_c_577808fbba67_00072,m_b74d808bc94e,time_window
d_time_c_577808fbba67_00072,m_0b2938ee0a5d,time_window
d_time_c_577808fbba67_00072,m_c5dfb5b59189,time_window
d_time_c_577808fbba67_00072,m_e0cca82962c4,time_window
d_time_c_577808fbba67_00072,m_545283888c7f,time_window
d_time_c_577808fbba67_00072,m_c3c98983b8e8,time_window
d_time_c_577808fbba67_00072,m_94e2bb771fe1,time_window
d_time_c_577808fbba67_00072,m_5b8893c65eae,time_window
d_time_c_577808fbba67_00072,m_1fb867b296f0,time_window
d_time_c_577808fbba67_00073,m_9c2141e98ea9,time_window
d_time_c_577808fbba67_00073,m_63dcbebfb705,time_window
d_time_c_577808fbba67_00073,m_16853ab44963,time_window
d_time_c_577808fbba67_00073,m_87af98410285,time_window
d_time_c_577808fbba67_00073,m_cd325af8530e,time_window
d_time_c_577808fbba67_00074,m_7b295c9a7463,time_window
d_time_c_577808fbba67_00074,m_8dfaa434850a,time_window
d_time_c_577808fbba67_00075,m_d7fa7ee513e1,time_window
d_time_c_577808fbba67_00076,m_4e08c3e18626,time_window
d_time_c_577808fbba67_00077,m_f1f869c7188f,time_window
d_time_c_577808fbba67_00078,m_55515673283e,time_window
d_time_c_577808fbba67_00079,m_97f53e5c1311,time_window
d_time_c_577808fbba67_00080,m_4d12b2c7c941,time_window
d_time_c_577808fbba67_00081,m_6752618a8646,time_window
d_time_c_577808fbba67_00082,m_e6e5cd06d5ff,time_window
d_time_c_577808fbba67_00082,m_5354030869d5,time_window
d_time_c_577808fbba67_00083,m_082c5d11ef03,time_window
d_time_c_577808fbba67_00084,m_dd736166b550,time_window
d_time_c_589cb9143888_00001,m_6841bb0f51db,time_window
d_time_c_589cb9143888_00001,m_230a6ed28e3b,time_window
d_time_c_589cb9143888_00001,m_af8037f90e11,time_window
d_time_c_589cb9143888_00001,m_92858deacf20,time_window
d_time_c_589cb9143888_00001,m_96aebd17060d,time_window
d_time_c_589cb9143888_00001,m_6ab0fdf7910b,time_window
d_time_c_589cb9143888_00002,m_0d8d416e92f3,time_window
d_time_c_589cb9143888_00003,m_8927c1780d89,time_window
d_time_c_589cb9143888_00004,m_40491363bdc8,time_window
d_time_c_589cb9143888_00005,m_efee6cf64cad,time_window
d_time_c_589cb9143888_00006,m_615e1f890485,time_window
d_time_c_589cb9143888_00007,m_9113acd59ebe,time_window
d_time_c_589cb9143888_00007,m_3a9eb940cae3,time_window
d_time_c_589cb9143888_00007,m_389b90658924,time_window
d_time_c_589cb9143888_00008,m_9ad393447d57,time_window
d_time_c_58ecf584b6fc_00001,m_c3761863238d,time_window
d_time_c_58ecf584b6fc_00002,m_8d581898a9bd,time_window
d_time_c_58ecf584b6fc_00003,m_6cf06b79966f,time_window
d_time_c_58ecf584b6fc_00003,m_25a601826cb6,time_window
d_time_c_58ecf584b6fc_00003,m_45614d4853ff,time_window
d_time_c_58ecf584b6fc_00003,m_2e348492e858,time_window
d_time_c_58ecf584b6fc_00004,m_e05a6f1076a3,time_window
d_time_c_58ecf584b6fc_00004,m_bccb1171862f,time_window
d_time_c_58ecf584b6fc_00005,m_6558404f1800,time_window
d_time_c_58ecf584b6fc_00006,m_df63df2caa10,time_window
d_time_c_58ecf584b6fc_00007,m_a54773dcee01,time_window
d_time_c_58ecf584b6fc_00008,m_cd7b590ea5d0,time_window
d_time_c_58ecf584b6fc_00009,m_2786918a6946,time_window
d_time_c_58ecf584b6fc_00010,m_39ebdda84bbe,time_window
d_time_c_58ecf584b6fc_00011,m_fc7573d0e05b,time_window
d_time_c_58ecf584b6fc_00012,m_b9e4aa75b943,time_window
d_time_c_58ecf584b6fc_00013,m_48b8b789f1ab,time_window
d_time_c_58ecf584b6fc_00014,m_5d1369a20d78,time_window
d_time_c_58ecf584b6fc_00015,m_064fb8a2cdbd,time_window
d_time_c_58ecf584b6fc_00016,m_2817097fff23,time_window
d_time_c_58ecf584b6fc_00017,m_cc00b162bf35,time_window
d_time_c_58ecf584b6fc_00018,m_ec69f638df33,time_window
d_time_c_58ecf584b6fc_00019,m_0d352292ffc7,time_window
d_time_c_58ecf584b6fc_00020,m_2c2d5b731fc2,time_window
d_time_c_58ecf584b6fc_00021,m_684e2c562d61,time_window
d_time_c_58ecf584b6fc_00021,m_6ab55eef0183,time_window
d_time_c_58ecf584b6fc_00021,m_d8d4652685b2,time_window
d_time_c_58ecf584b6fc_00022,m_c1584d3cc8ad,time_window
d_time_c_58ecf584b6fc_00023,m_2f071e07f076,time_window
d_time_c_58ecf584b6fc_00024,m_e424504bafaf,time_window
d_time_c_58ecf584b6fc_00024,m_8e574dd9dfb4,time_window
d_time_c_58ecf584b6fc_00024,m_e9ae0bf49045,time_window
d_time_c_58ecf584b6fc_00025,m_c3ec2ea9115a,time_window
d_time_c_58ecf584b6fc_00026,m_7818d0c33c26,time_window
d_time_c_58ecf584b6fc_00027,m_6ec7cd1a9341,time_window
d_time_c_58ecf584b6fc_00028,m_7fc0568b8f35,time_window
d_time_c_58ecf584b6fc_00029,m_322cea49993b,time_window
d_time_c_58ecf584b6fc_00029,m_d224e87dc66c,time_window
d_time_c_58ecf584b6fc_00029,m_d44c7846b1b1,time_window
d_time_c_58ecf584b6fc_00030,m_a97b380731ac,time_window
d_time_c_58ecf584b6fc_00031,m_5b2fba2d2cea,time_window
d_time_c_58ecf584b6fc_00032,m_5fb7d9196550,time_window
d_time_c_58ecf584b6fc_00033,m_8a107e222eb7,time_window
d_time_c_58ecf584b6fc_00034,m_025b658b24b2,time_window
d_time_c_58ecf584b6fc_00035,m_f56344019321,time_window
d_time_c_58ecf584b6fc_00036,m_0371d44f89bd,time_window
d_time_c_58ecf584b6fc_00037,m_fbcbadddcea8,time_window
d_time_c_5a3e0226a061_00001,m_2b45476487ab,time_window
d_time_c_5a3e0226a061_00002,m_ec4560ce9a23,time_window
d_time_c_5a3e0226a061_00003,m_c8e504603b27,time_window
d_time_c_5a3e0226a061_00004,m_db6868a1c466,time_window
d_time_c_5a3e0226a061_00005,m_8aff2d552600,time_window
d_time_c_5a3e0226a061_00006,m_f1ac6642c76b,time_window
d_time_c_5a3e0226a061_00007,m_30bf33e3edea,time_window
d_time_c_5a3e0226a061_00008,m_a319dd59ed51,time_window
d_time_c_5a3e0226a061_00009,m_450fd48ed360,time_window
d_time_c_5a3e0226a061_00009,m_4b37b348c651,time_window
d_time_c_5a3e0226a061_00009,m_58b6f21388da,time_window
d_time_c_5a3e0226a061_00009,m_b150dcf42703,time_window
d_time_c_5a3e0226a061_00010,m_dcf57faec8bb,time_window
d_time_c_5a3e0226a061_00011,m_40175bbecd8a,time_window
d_time_c_5a3e0226a061_00012,m_1bba9c5ec2da,time_window
d_time_c_5a3e0226a061_00013,m_b21fa33c8565,time_window
d_time_c_621e60312c20_00001,m_9cd388ee606b,time_window
d_time_c_621e60312c20_00002,m_2f8052b3a106,time_window
d_time_c_621e60312c20_00003,m_5d90633c11bf,time_window
d_time_c_621e60312c20_00004,m_5d0fb6d89614,time_window
d_time_c_621e60312c20_00005,m_730c0e1f6908,time_window
d_time_c_621e60312c20_00005,m_e0aa4b8a0e0a,time_window
d_time_c_621e60312c20_00006,m_bde29cc999e1,time_window
d_time_c_621e60312c20_00007,m_ed79582a743a,time_window
d_time_c_621e60312c20_00008,m_4ae418a0898e,time_window
d_time_c_621e60312c20_00008,m_5006cb6fc888,time_window
d_time_c_621e60312c20_00009,m_4dcc15e78088,time_window
d_time_c_621e60312c20_00009,m_31f0b4c86e6f,time_window
d_time_c_621e60312c20_00009,m_2ef196ad5026,time_window
d_time_c_621e60312c20_00009,m_29f3b7e205fd,time_window
d_time_c_621e60312c20_00010,m_9da03f38bd95,time_window
d_time_c_621e60312c20_00011,m_d34196e0310e,time_window
d_time_c_621e60312c20_00011,m_e0e606101aba,time_window
d_time_c_621e60312c20_00012,m_686f0f4d37fd,time_window
d_time_c_621e60312c20_00013,m_ffe7e175fbb6,time_window
d_time_c_621e60312c20_00013,m_177591d86ca7,time_window
d_time_c_621e60312c20_00014,m_277ca058f71d,time_window
d_time_c_621e60312c20_00015,m_8efe03d8a3fa,time_window
d_time_c_621e60312c20_00015,m_991cc7bae6e5,time_window
d_time_c_621e60312c20_00015,m_3c09698ea688,time_window
d_time_c_621e60312c20_00015,m_642d62669148,time_window
d_time_c_621e60312c20_00016,m_6a5ed9a6479a,time_window
d_time_c_621e60312c20_00017,m_bdff742be727,time_window
d_time_c_621e60312c20_00018,m_616639a37bd3,time_window
d_time_c_621e60312c20_00018,m_cecba147751a,time_window
d_time_c_621e60312c20_00019,m_30eddabe52d0,time_window
d_time_c_621e60312c20_00019,m_a946959c5472,time_window
d_time_c_621e60312c20_00020,m_c49464151f41,time_window
d_time_c_621e60312c20_00020,m_72b50d7570b9,time_window
d_time_c_621e60312c20_00021,m_b0f0694c442c,time_window
d_time_c_621e60312c20_00022,m_ea9867f96938,time_window
d_time_c_621e60312c20_00022,m_a8e360627b6f,time_window
d_time_c_621e60312c20_00022,m_0390ee117212,time_window
d_time_c_621e60312c20_00022,m_008457789998,time_window
d_time_c_621e60312c20_00022,m_33c86eaf1221,time_window
d_time_c_621e60312c20_00022,m_cd604c77fef0,time_window
d_time_c_621e60312c20_00023,m_255c9ecd7268,time_window
d_time_c_621e60312c20_00024,m_11d5e38d98bf,time_window
d_time_c_621e60312c20_00025,m_72c8579d4401,time_window
d_time_c_621e60312c20_00026,m_2c4c9cd5aba8,time_window
d_time_c_621e60312c20_00026,m_74b6ba0b009f,time_window
d_time_c_621e60312c20_00027,m_474846db99c3,time_window
d_time_c_621e60312c20_00027,m_4457879c75fa,time_window
d_time_c_621e60312c20_00028,m_1430d321dfb8,time_window
d_time_c_621e60312c20_00028,m_4e127cabc516,time_window
d_time_c_621e60312c20_00028,m_335c9a86113b,time_window
d_time_c_621e60312c20_00029,m_e28eb7c971f7,time_window
d_time_c_621e60312c20_00030,m_03a4e460128f,time_window
d_time_c_621e60312c20_00031,m_e3b60b76a10e,time_window
d_time_c_621e60312c20_00031,m_921e678bade1,time_window
d_time_c_621e60312c20_00032,m_14c478737853,time_window
d_time_c_621e60312c20_00033,m_f332b4c51981,time_window
d_time_c_621e60312c20_00033,m_b96db49dc8e8,time_window
d_time_c_621e60312c20_00033,m_cf6fda09fc7d,time_window
d_time_c_621e60312c20_00034,m_633f3a8bc6be,time_window
d_time_c_621e60312c20_00035,m_08ffcda286c2,time_window
d_time_c_621e60312c20_00036,m_62a4eb6f0da3,time_window
d_time_c_621e60312c20_00037,m_1ce2828c4209,time_window
d_time_c_621e60312c20_00038,m_b9c0da1f4aaf,time_window
d_time_c_621e60312c20_00038,m_785e0c234fa1,time_window
d_time_c_621e60312c20_00039,m_8d684658bd44,time_window
d_time_c_621e60312c20_00039,m_bd9b7e857dd5,time_window
d_time_c_621e60312c20_00039,m_728a553b63ef,time_window
d_time_c_621e60312c20_00040,m_823d8516438b,time_window
d_time_c_621e60312c20_00040,m_291f140e7610,time_window
d_time_c_621e60312c20_00040,m_09a7cced8005,time_window
d_time_c_621e60312c20_00041,m_63101cdea6c3,time_window
d_time_c_621e60312c20_00042,m_638031fa4b05,time_window
d_time_c_621e60312c20_00042,m_4a90e13bd2c5,time_window
d_time_c_621e60312c20_00043,m_3825c40818fb,time_window
d_time_c_621e60312c20_00043,m_eaee3c5f3129,time_window
d_time_c_621e60312c20_00044,m_483bde701fa2,time_window
d_time_c_621e60312c20_00045,m_f2f78d372ba8,time_window
d_time_c_621e60312c20_00046,m_55d42cb5195b,time_window
d_time_c_621e60312c20_00047,m_ec17fca43e55,time_window
d_time_c_621e60312c20_00048,m_e162c7ba1c01,time_window
d_time_c_621e60312c20_00049,m_e6ce282e68f5,time_window
d_time_c_621e60312c20_00050,m_f1f4c67c8152,time_window
d_time_c_621e60312c20_00051,m_0aa11ef57266,time_window
d_time_c_621e60312c20_00051,m_2352bf1391cf,time_window
d_time_c_621e60312c20_00052,m_7a40dcc7d7e9,time_window
d_time_c_621e60312c20_00052,m_c6ae455d2055,time_window
d_time_c_621e60312c20_00053,m_3cc337d28f69,time_window
d_time_c_621e60312c20_00054,m_366e33fc27e2,time_window
d_time_c_621e60312c20_00054,m_9b5b876d1571,time_window
d_time_c_621e60312c20_00054,m_f2ab508acb1d,time_window
d_time_c_621e60312c20_00055,m_de620c3a210a,time_window
d_time_c_621e60312c20_00055,m_007f369dc6ef,time_window
d_time_c_621e60312c20_00055,m_49180f498636,time_window
d_time_c_621e60312c20_00055,m_becb1be3332e,time_window
d_time_c_621e60312c20_00056,m_60a19fff8ad6,time_window
d_time_c_621e60312c20_00057,m_1686fcd0f92e,time_window
d_time_c_621e60312c20_00057,m_92d3c21294b6,time_window
d_time_c_621e60312c20_00058,m_4a78d9406bec,time_window
d_time_c_621e60312c20_00059,m_012404c12ad7,time_window
d_time_c_621e60312c20_00059,m_2bfd2ee9166b,time_window
d_time_c_621e60312c20_00060,m_0de97bc9945d,time_window
d_time_c_621e60312c20_00060,m_24c893d30dc5,time_window
d_time_c_621e60312c20_00060,m_4258cdd8b8f1,time_window
d_time_c_621e60312c20_00060,m_f4031180f3b2,time_window
d_time_c_621e60312c20_00061,m_3dcd0779d19e,time_window
d_time_c_621e60312c20_00061,m_4d6b17c07f05,time_window
d_time_c_621e60312c20_00062,m_617d222927d9,time_window
d_time_c_621e60312c20_00063,m_47684eaeb4eb,time_window
d_time_c_621e60312c20_00063,m_f682636bdd9d,time_window
d_time_c_621e60312c20_00064,m_e71c0c8de0ec,time_window
d_time_c_621e60312c20_00065,m_29da0e29eb8a,time_window
d_time_c_621e60312c20_00065,m_5381961c57a1,time_window
d_time_c_621e60312c20_00066,m_d9f9e82b3468,time_window
d_time_c_621e60312c20_00067,m_1c6b9be05dd1,time_window
d_time_c_621e60312c20_00068,m_954be80fed92,time_window
d_time_c_621e60312c20_00068,m_59b2421d5b43,time_window
d_time_c_621e60312c20_00068,m_32bd560bff36,time_window
d_time_c_621e60312c20_00069,m_8afe865b327f,time_window
d_time_c_621e60312c20_00070,m_eebe0575c056,time_window
d_time_c_621e60312c20_00071,m_b27c8f9674e9,time_window
d_time_c_621e60312c20_00072,m_061553e502f8,time_window
d_time_c_621e60312c20_00073,m_0893eff8a277,time_window
d_time_c_621e60312c20_00074,m_8b8a02577f3b,time_window
d_time_c_621e60312c20_00074,m_57c2c24270a1,time_window
d_time_c_621e60312c20_00074,m_49241f7b1af7,time_window
d_time_c_621e60312c20_00075,m_39db2328b7d0,time_window
d_time_c_621e60312c20_00076,m_9cd1749f1ba7,time_window
d_time_c_621e60312c20_00077,m_19cbf02bfb2e,time_window
d_time_c_621e60312c20_00077,m_7cf2259b7a95,time_window
d_time_c_621e60312c20_00078,m_e4056a43d5a3,time_window
d_time_c_621e60312c20_00079,m_61f549d9f054,time_window
d_time_c_621e60312c20_00080,m_aced1826e62a,time_window
d_time_c_621e60312c20_00081,m_d60b7aefec2d,time_window
d_time_c_621e60312c20_00082,m_653df374737b,time_window
d_time_c_621e60312c20_00082,m_50aeb954882b,time_window
d_time_c_621e60312c20_00082,m_1c33c4fd0c8d,time_window
d_time_c_621e60312c20_00083,m_3e580e82ad45,time_window
d_time_c_621e60312c20_00084,m_e50f4199a40c,time_window
d_time_c_621e60312c20_00085,m_99906a061e6d,time_window
d_time_c_621e60312c20_00085,m_70f14cf1a5c2,time_window
d_time_c_621e60312c20_00085,m_e9fe54d51eff,time_window
d_time_c_621e60312c20_00086,m_b88bd0739354,time_window
d_time_c_621e60312c20_00086,m_3fd7f22ef6be,time_window
d_time_c_621e60312c20_00087,m_74952a7cc819,time_window
d_time_c_621e60312c20_00088,m_1a7e2d71647c,time_window
d_time_c_621e60312c20_00089,m_9ac6bc5b6f3d,time_window
d_time_c_621e60312c20_00089,m_bcc5c7eb6b30,time_window
d_time_c_621e60312c20_00089,m_c02ccfb1f82c,time_window
d_time_c_621e60312c20_00089,m_d8b24878d4ba,time_window
d_time_c_621e60312c20_00089,m_32a55e7a8fdb,time_window
d_time_c_621e60312c20_00090,m_c47c538b0fd3,time_window
d_time_c_621e60312c20_00091,m_5c151827d6e9,time_window
d_time_c_621e60312c20_00091,m_5685727e8e88,time_window
d_time_c_621e60312c20_00091,m_81446ade10e1,time_window
d_time_c_621e60312c20_00091,m_491bc458fce1,time_window
d_time_c_621e60312c20_00092,m_292ba4f8a8fd,time_window
d_time_c_621e60312c20_00093,m_083c045aa43c,time_window
d_time_c_621e60312c20_00094,m_61df8f29e4c4,time_window
d_time_c_621e60312c20_00095,m_7d3cb517b558,time_window
d_time_c_621e60312c20_00095,m_6e822cc3c447,time_window
d_time_c_621e60312c20_00096,m_0ac20c305af6,time_window
d_time_c_621e60312c20_00097,m_f8848a9ea1e7,time_window
d_time_c_621e60312c20_00098,m_63f7120217b8,time_window
d_time_c_621e60312c20_00099,m_78ffa5f777d3,time_window
d_time_c_621e60312c20_00100,m_a2adb3daf7ef,time_window
d_time_c_621e60312c20_00101,m_96c7dd0d81d1,time_window
d_time_c_621e60312c20_00101,m_b8d8a5b3bace,time_window
d_time_c_621e60312c20_00102,m_7871d2f6c1b3,time_window
d_time_c_621e60312c20_00103,m_619dcc90b060,time_window
d_time_c_621e60312c20_00103,m_2865d57b2e6f,time_window
d_time_c_621e60312c20_00103,m_0ab8cb3eae2c,time_window
d_time_c_621e60312c20_00103,m_2505c1fcda24,time_window
d_time_c_621e60312c20_00104,m_781620427f6d,time_window
d_time_c_621e60312c20_00104,m_492763312564,time_window
d_time_c_621e60312c20_00105,m_b1e0c5578173,time_window
d_time_c_621e60312c20_00105,m_e6012a322f96,time_window
d_time_c_621e60312c20_00106,m_1e9cfbe14acd,time_window
d_time_c_621e60312c20_00106,m_ec6e2c54baeb,time_window
d_time_c_621e60312c20_00106,m_1044db6fa183,time_window
d_time_c_621e60312c20_00107,m_6e0a2f7d4954,time_window
d_time_c_621e60312c20_00107,m_1002d6452acb,time_window
d_time_c_621e60312c20_00108,m_b723177d72d2,time_window
d_time_c_621e60312c20_00109,m_742f67bea92e,time_window
d_time_c_621e60312c20_00110,m_a97444fe0765,time_window
d_time_c_621e60312c20_00111,m_1b290ae73f08,time_window
d_time_c_621e60312c20_00112,m_1f12bdbc492d,time_window
d_time_c_621e60312c20_00112,m_6b0331a4b7de,time_window
d_time_c_621e60312c20_00113,m_6d10a2291e25,time_window
d_time_c_621e60312c20_00114,m_7e040e0f7d3a,time_window
d_time_c_621e60312c20_00115,m_22edca09813c,time_window
d_time_c_621e60312c20_00116,m_b6ada17fb7b1,time_window
d_time_c_621e60312c20_00117,m_cf101de3e70e,time_window
d_time_c_621e60312c20_00118,m_e3230d69f761,time_window
d_time_c_621e60312c20_00119,m_beadc11abb80,time_window
d_time_c_621e60312c20_00119,m_4767bd95ec67,time_window
d_time_c_621e60312c20_00120,m_1a97a3aa524e,time_window
d_time_c_621e60312c20_00121,m_caec4b536ad2,time_window
d_time_c_621e60312c20_00122,m_78bbccaf0093,time_window
d_time_c_621e60312c20_00123,m_2b9adc333601,time_window
d_time_c_621e60312c20_00123,m_92b0e9980610,time_window
d_time_c_621e60312c20_00124,m_683bb294723f,time_window
d_time_c_621e60312c20_00125,m_bee8a37da3c2,time_window
d_time_c_621e60312c20_00126,m_e3849022659a,time_window
d_time_c_621e60312c20_00127,m_92b377d8de81,time_window
d_time_c_621e60312c20_00127,m_82fefcae8683,time_window
d_time_c_621e60312c20_00128,m_9952580831eb,time_window
d_time_c_621e60312c20_00129,m_5091ccbe5563,time_window
d_time_c_621e60312c20_00130,m_3a71c2516a08,time_window
d_time_c_621e60312c20_00130,m_22993e2cb682,time_window
d_time_c_621e60312c20_00130,m_c58fcce03e25,time_window
d_time_c_621e60312c20_00130,m_434ff66b93d8,time_window
d_time_c_621e60312c20_00130,m_735168dbd4b4,time_window
d_time_c_621e60312c20_00130,m_5bb9bfd4f914,time_window
d_time_c_621e60312c20_00131,m_769c3c8ca5e3,time_window
d_time_c_621e60312c20_00132,m_aef4f53898e2,time_window
d_time_c_621e60312c20_00132,m_53b28991acbc,time_window
d_time_c_621e60312c20_00133,m_3426eae5bfba,time_window
d_time_c_6721ecd65968_00001,m_22a1f2009d73,time_window
d_time_c_6721ecd65968_00002,m_eaa79ca90563,time_window
d_time_c_6721ecd65968_00003,m_c980e3f7342d,time_window
d_time_c_6721ecd65968_00004,m_533af4ba6abc,time_window
d_time_c_6721ecd65968_00005,m_3b76c83ae8fb,time_window
d_time_c_6721ecd65968_00005,m_032922c619c2,time_window
d_time_c_6721ecd65968_00006,m_72e89250458e,time_window
d_time_c_6721ecd65968_00007,m_7efa58fd4608,time_window
d_time_c_6721ecd65968_00008,m_e896876c4fe2,time_window
d_time_c_6721ecd65968_00009,m_50f3b27a29b8,time_window
d_time_c_67f693448467_00001,m_78dd0d88a252,time_window
d_time_c_67f693448467_00002,m_d4e0b4f4a082,time_window
d_time_c_67f693448467_00003,m_288957e5a80b,time_window
d_time_c_67f693448467_00004,m_b1543d82b5fb,time_window
d_time_c_67f693448467_00005,m_3beb5d6d5c12,time_window
d_time_c_67f693448467_00006,m_d56e449b221e,time_window
d_time_c_67f693448467_00007,m_c1c48062dc7a,time_window
d_time_c_67f693448467_00008,m_96845fdba9c3,time_window
d_time_c_67f693448467_00009,m_d840cd1bded7,time_window
d_time_c_67f693448467_00009,m_9b16fa3c58ce,time_window
d_time_c_67f693448467_00010,m_68a7bc5413a1,time_window
d_time_c_67f693448467_00011,m_9a6853e539f2,time_window
d_time_c_67f693448467_00012,m_44e7d7c9ade1,time_window
d_time_c_67f693448467_00013,m_d8cd597aef7c,time_window
d_time_c_67f693448467_00013,m_a233407ecc0f,time_window
d_time_c_67f693448467_00014,m_d8721779e11c,time_window
d_time_c_67f693448467_00015,m_30f52b96b763,time_window
d_time_c_67f693448467_00016,m_bf0cc5909ccb,time_window
d_time_c_67f693448467_00017,m_f0074dd180f4,time_window
d_time_c_67f693448467_00018,m_8d32fe7f2a72,time_window
d_time_c_67f693448467_00018,m_48c68bf8c436,time_window
d_time_c_67f693448467_00018,m_ac4770e62220,time_window
d_time_c_67f693448467_00018,m_53910675af44,time_window
d_time_c_67f693448467_00018,m_79085616ec5b,time_window
d_time_c_67f693448467_00018,m_a7a201398205,time_window
d_time_c_67f693448467_00018,m_4bedf0af746e,time_window
d_time_c_67f693448467_00018,m_ab42bd642e71,time_window
d_time_c_67f693448467_00018,m_1b1baee3f6f7,time_window
d_time_c_67f693448467_00018,m_d3137853cac0,time_window
d_time_c_67f693448467_00018,m_2a89b5867667,time_window
d_time_c_67f693448467_00018,m_152eb0cf5b8a,time_window
d_time_c_67f693448467_00018,m_f50a80fdce39,time_window
d_time_c_67f693448467_00018,m_90028a82a0dd,time_window
d_time_c_67f693448467_00018,m_57d9db219aa0,time_window
d_time_c_67f693448467_00018,m_ed07ed82ceaf,time_window
d_time_c_67f693448467_00018,m_27dfc240c57b,time_window
d_time_c_67f693448467_00018,m_06e34e2c03c5,time_window
d_time_c_67f693448467_00018,m_b037c76a0e1f,time_window
d_time_c_67f693448467_00018,m_de8f8a8f5929,time_window
d_time_c_67f693448467_00019,m_4658861ded43,time_window
d_time_c_67f693448467_00019,m_a7c00a4566ba,time_window
d_time_c_67f693448467_00020,m_5667fa737b92,time_window
d_time_c_67f693448467_00020,m_849d56184ec5,time_window
d_time_c_67f693448467_00021,m_985c33c48f31,time_window
d_time_c_67f693448467_00021,m_fc3ca353df03,time_window
d_time_c_67f693448467_00022,m_3391e9f17650,time_window
d_time_c_67f693448467_00022,m_5dc43dd21fb8,time_window
d_time_c_67f693448467_00022,m_62d06b29a582,time_window
d_time_c_67f693448467_00023,m_09842c10050c,time_window
d_time_c_67f693448467_00024,m_6e2c4229bd99,time_window
d_time_c_67f693448467_00024,m_13e70867fd41,time_window
d_time_c_67f693448467_00025,m_1ea40b3e7904,time_window
d_time_c_67f693448467_00026,m_db5cdefd3f4b,time_window
d_time_c_67f693448467_00027,m_f11d6528be85,time_window
d_time_c_67f693448467_00028,m_5ec9548d3663,time_window
d_time_c_67f693448467_00029,m_d24801192c12,time_window
d_time_c_67f693448467_00030,m_0e2aeabc4e1f,time_window
d_time_c_67f693448467_00030,m_8c8ba4991110,time_window
d_time_c_67f693448467_00030,m_3adfe23bac83,time_window
d_time_c_67f693448467_00031,m_af3472c8dbb6,time_window
d_time_c_67f693448467_00031,m_768f007c363e,time_window
d_time_c_67f693448467_00032,m_ad0aeb6c61c2,time_window
d_time_c_67f693448467_00033,m_985ddd64133f,time_window
d_time_c_67f693448467_00033,m_ebd9fb39dec6,time_window
d_time_c_67f693448467_00033,m_0d77d1bb95e2,time_window
d_time_c_67f693448467_00033,m_36b31f3aafa1,time_window
d_time_c_67f693448467_00034,m_a01976e4a153,time_window
d_time_c_67f693448467_00035,m_9240c5647d28,time_window
d_time_c_67f693448467_00035,m_820da173ab19,time_window
d_time_c_67f693448467_00036,m_227d4a3a0995,time_window
d_time_c_67f693448467_00037,m_458594fdd032,time_window
d_time_c_6993ce80cf79_00001,m_b338e1fb553d,time_window
d_time_c_6993ce80cf79_00002,m_b0aa9bbd179e,time_window
d_time_c_6993ce80cf79_00003,m_1f5e093939c3,time_window
d_time_c_6993ce80cf79_00003,m_97f4e53b362d,time_window
d_time_c_6993ce80cf79_00004,m_d65bca1fcc05,time_window
d_time_c_6993ce80cf79_00005,m_a5f75d9bbdec,time_window
d_time_c_6993ce80cf79_00006,m_ad98d67dc4c0,time_window
d_time_c_6993ce80cf79_00007,m_81995f17d3ed,time_window
d_time_c_6993ce80cf79_00008,m_cfe673f21df3,time_window
d_time_c_6993ce80cf79_00008,m_a4b867799796,time_window
d_time_c_6993ce80cf79_00008,m_173f53fe672b,time_window
d_time_c_6b375b7866f6_00001,m_dc02df02b085,time_window
d_time_c_6b375b7866f6_00002,m_859d8055a020,time_window
d_time_c_6b375b7866f6_00003,m_3c4281f288a1,time_window
d_time_c_6b375b7866f6_00004,m_e78ba0c864df,time_window
d_time_c_6b375b7866f6_00005,m_bb38148f99ab,time_window
d_time_c_6b375b7866f6_00006,m_5e5829742b3c,time_window
d_time_c_6b375b7866f6_00006,m_a3e447c3d68b,time_window
d_time_c_6b375b7866f6_00007,m_3ef281cf0724,time_window
d_time_c_6b375b7866f6_00008,m_11e33083bfbd,time_window
d_time_c_6b375b7866f6_00008,m_d974e9569e5b,time_window
d_time_c_6b375b7866f6_00008,m_c16864409d82,time_window
d_time_c_6b375b7866f6_00009,m_3704187482a0,time_window
d_time_c_6b375b7866f6_00010,m_32a927731cfc,time_window
d_time_c_6b375b7866f6_00011,m_21bc11cacbe8,time_window
d_time_c_6b375b7866f6_00012,m_966ae6f12406,time_window
d_time_c_6b375b7866f6_00013,m_8363fc0603f4,time_window
d_time_c_6b375b7866f6_00014,m_4885ea60d758,time_window
d_time_c_6b375b7866f6_00015,m_efaf386e0361,time_window
d_time_c_6b375b7866f6_00016,m_d94a410d7643,time_window
d_time_c_6b375b7866f6_00017,m_0111ce438526,time_window
d_time_c_6b375b7866f6_00018,m_76a5407cc408,time_window
d_time_c_6b375b7866f6_00019,m_77616301093b,time_window
d_time_c_6b375b7866f6_00020,m_7f58089bdf00,time_window
d_time_c_6b375b7866f6_00021,m_6f425a9238b4,time_window
d_time_c_6b375b7866f6_00022,m_32da5748da74,time_window
d_time_c_6b375b7866f6_00023,m_487cc2d864d8,time_window
d_time_c_6b375b7866f6_00024,m_580125a54498,time_window
d_time_c_6b375b7866f6_00025,m_d2dda14a9975,time_window
d_time_c_6b375b7866f6_00026,m_950a5f535d32,time_window
d_time_c_6b375b7866f6_00027,m_c8f9395e85d6,time_window
d_time_c_6d0637ae806e_00001,m_114730ff84a5,time_window
d_time_c_6d0637ae806e_00001,m_294efa15c7c1,time_window
d_time_c_6d0637ae806e_00002,m_07cd4aa4e8c4,time_window
d_time_c_6d0637ae806e_00003,m_d226a2953dba,time_window
d_time_c_6d0637ae806e_00003,m_cd1aeea515c6,time_window
d_time_c_6f648b4af1ce_00001,m_36581ebfe5a7,time_window
d_time_c_6f648b4af1ce_00002,m_334c7a2a58c4,time_window
d_time_c_6f648b4af1ce_00003,m_8c378289e726,time_window
d_time_c_775533f20e2d_00001,m_90569edc3518,time_window
d_time_c_775533f20e2d_00002,m_c036096a87aa,time_window
d_time_c_775533f20e2d_00003,m_f25ee958f245,time_window
d_time_c_775533f20e2d_00004,m_888dc37f4694,time_window
d_time_c_775533f20e2d_00005,m_a747a9d3f2e2,time_window
d_time_c_775533f20e2d_00006,m_77174b149e62,time_window
d_time_c_775533f20e2d_00006,m_e385110d9ca7,time_window
d_time_c_775533f20e2d_00006,m_e1a94da9dac7,time_window
d_time_c_775533f20e2d_00006,m_1f4341fe5ab3,time_window
d_time_c_775533f20e2d_00007,m_6c7231b4191b,time_window
d_time_c_775533f20e2d_00008,m_98f182e6f8d8,time_window
d_time_c_775533f20e2d_00008,m_09f30f72c615,time_window
d_time_c_775533f20e2d_00009,m_76cd4e7d9b30,time_window
d_time_c_775533f20e2d_00010,m_a7f588ffd675,time_window
d_time_c_775533f20e2d_00010,m_fad2d029a82e,time_window
d_time_c_7a919fc428fd_00001,m_3742bdd4e93b,time_window
d_time_c_7a919fc428fd_00002,m_9fe0aac8bdde,time_window
d_time_c_7a919fc428fd_00002,m_0d0d378d1882,time_window
d_time_c_7a919fc428fd_00003,m_64be4b450e85,time_window
d_time_c_7a919fc428fd_00004,m_01dca6b8c597,time_window
d_time_c_7a919fc428fd_00005,m_dcd80c535670,time_window
d_time_c_7a919fc428fd_00006,m_cecd5f52d8d1,time_window
d_time_c_7a919fc428fd_00007,m_49f025cef038,time_window
d_time_c_7a919fc428fd_00008,m_ff661732bf95,time_window
d_time_c_7a919fc428fd_00009,m_7e4a08168874,time_window
d_time_c_7a919fc428fd_00010,m_c5c55c793912,time_window
d_time_c_7a919fc428fd_00011,m_df20402d4980,time_window
d_time_c_7a919fc428fd_00012,m_afb3d35d8539,time_window
d_time_c_7a919fc428fd_00013,m_0672a861fdbd,time_window
d_time_c_7a919fc428fd_00014,m_69cd61c5aa56,time_window
d_time_c_7d8ce874bbc8_00001,m_0736a4f9b6eb,time_window
d_time_c_7d8ce874bbc8_00002,m_d7356b2b0ccd,time_window
d_time_c_7d8ce874bbc8_00002,m_de9041347357,time_window
d_time_c_7d8ce874bbc8_00003,m_0ac3c895b157,time_window
d_time_c_7d8ce874bbc8_00004,m_50ae55ef3ee1,time_window
d_time_c_7d8ce874bbc8_00004,m_567ae01b9ea9,time_window
d_time_c_7d8ce874bbc8_00004,m_6cf6a107b5e8,time_window
d_time_c_7d8ce874bbc8_00005,m_be0db6419451,time_window
d_time_c_7d8ce874bbc8_00005,m_6b97803fda8e,time_window
d_time_c_7d8ce874bbc8_00005,m_af013d28f69f,time_window
d_time_c_7d8ce874bbc8_00005,m_f908a75f66e4,time_window
d_time_c_7d8ce874bbc8_00006,m_dc5bce37c82f,time_window
d_time_c_7d8ce874bbc8_00007,m_d0cd9b69acf3,time_window
d_time_c_7d8ce874bbc8_00008,m_14119903e426,time_window
d_time_c_7d8ce874bbc8_00009,m_ca2e18ee07cb,time_window
d_time_c_7d8ce874bbc8_00010,m_f0f640b96686,time_window
d_time_c_7d8ce874bbc8_00010,m_69d939cc23fe,time_window
d_time_c_7d8ce874bbc8_00011,m_bcaf09dbda51,time_window
d_time_c_7d8ce874bbc8_00012,m_63931b55f6ed,time_window
d_time_c_7d8ce874bbc8_00013,m_0ac7c9a9b68d,time_window
d_time_c_7d8ce874bbc8_00014,m_8967f3a37e84,time_window
d_time_c_7d8ce874bbc8_00015,m_efa74bacb4af,time_window
d_time_c_7d8ce874bbc8_00016,m_0c38eb135364,time_window
d_time_c_7d8ce874bbc8_00016,m_1cf563f1bd5b,time_window
d_time_c_7d8ce874bbc8_00017,m_9d6b7b0ce1ca,time_window
d_time_c_7d8ce874bbc8_00018,m_3523b0ccabfa,time_window
d_time_c_7d8ce874bbc8_00019,m_846592651fed,time_window
d_time_c_7d8ce874bbc8_00020,m_287e6f10d5e4,time_window
d_time_c_7d8ce874bbc8_00021,m_3f9537438f7d,time_window
d_time_c_7d8ce874bbc8_00022,m_3055addc3431,time_window
d_time_c_7d8ce874bbc8_00023,m_acab412181fd,time_window
d_time_c_7d8ce874bbc8_00024,m_3555fb37beb7,time_window
d_time_c_7d8ce874bbc8_00025,m_3186b8bffd28,time_window
d_time_c_7d8ce874bbc8_00026,m_1c8139ed1bf9,time_window
d_time_c_7d8ce874bbc8_00026,m_dc0d5ef47346,time_window
d_time_c_7d8ce874bbc8_00026,m_9ab6f197c0d6,time_window
d_time_c_7d8ce874bbc8_00027,m_729d04c02f74,time_window
d_time_c_7d8ce874bbc8_00028,m_edc513abf5af,time_window
d_time_c_7d8ce874bbc8_00028,m_a45bb87dd6c1,time_window
d_time_c_7d8ce874bbc8_00028,m_42890e1eb6c1,time_window
d_time_c_7d8ce874bbc8_00029,m_c07d079aa3dc,time_window
d_time_c_7d8ce874bbc8_00030,m_ebf84c3a1946,time_window
d_time_c_7d8ce874bbc8_00031,m_8948b6e9462d,time_window
d_time_c_7d8ce874bbc8_00032,m_34a21c91efb5,time_window
d_time_c_7d8ce874bbc8_00033,m_671c1bb0b79b,time_window
d_time_c_7d8ce874bbc8_00034,m_5a3a8f4428a4,time_window
d_time_c_7d8ce874bbc8_00034,m_8b17a71c617d,time_window
d_time_c_7d8ce874bbc8_00035,m_875ef41dc2e2,time_window
d_time_c_7d8ce874bbc8_00035,m_de845b80e68d,time_window
d_time_c_7d8ce874bbc8_00036,m_09d763b1056e,time_window
d_time_c_7d8ce874bbc8_00037,m_d7ac5c0fe4f6,time_window
d_time_c_7d8ce874bbc8_00038,m_af1e19c060c8,time_window
d_time_c_7d8ce874bbc8_00039,m_e6894fffec35,time_window
d_time_c_7d8ce874bbc8_00040,m_237f12d41633,time_window
d_time_c_7d8ce874bbc8_00041,m_e3c2a236947f,time_window
d_time_c_7d8ce874bbc8_00042,m_ddca16505b2e,time_window
d_time_c_7d8ce874bbc8_00042,m_e114b6f55789,time_window
d_time_c_7d8ce874bbc8_00043,m_17405a09d105,time_window
d_time_c_7d8ce874bbc8_00044,m_1ed0beb3b0af,time_window
d_time_c_7d8ce874bbc8_00045,m_712ef572fc64,time_window
d_time_c_7d8ce874bbc8_00045,m_8b714e7aba76,time_window
d_time_c_7d8ce874bbc8_00045,m_6fe7b07029ad,time_window
d_time_c_7d8ce874bbc8_00046,m_9a65bd8f2772,time_window
d_time_c_7d8ce874bbc8_00047,m_7aaaf45debc7,time_window
d_time_c_7d8ce874bbc8_00047,m_4f680b07ee34,time_window
d_time_c_7d8ce874bbc8_00047,m_fc87e2b52706,time_window
d_time_c_7d8ce874bbc8_00047,m_e45f0a546b3b,time_window
d_time_c_7d8ce874bbc8_00048,m_1c4e9c90950c,time_window
d_time_c_7d8ce874bbc8_00049,m_a1e6c208bb02,time_window
d_time_c_7d8ce874bbc8_00049,m_860e88cff71f,time_window
d_time_c_7d8ce874bbc8_00049,m_2700b5349b59,time_window
d_time_c_7d8ce874bbc8_00049,m_8f888d07d4c5,time_window
d_time_c_7d8ce874bbc8_00050,m_98afb26c067b,time_window
d_time_c_7f769c190328_00001,m_2eaec8c2c6a5,time_window
d_time_c_7f769c190328_00002,m_70e0409e67ec,time_window
d_time_c_8007bff0bbfa_00001,m_f09d41102431,time_window
d_time_c_93090f8a06e7_00001,m_afce131cf200,time_window
d_time_c_93090f8a06e7_00002,m_d2a701617758,time_window
d_time_c_93090f8a06e7_00003,m_8cb95e9fb476,time_window
d_time_c_938b7b4633cd_00001,m_119a6a9313b3,time_window
d_time_c_938b7b4633cd_00001,m_d24ce614d591,time_window
d_time_c_938b7b4633cd_00002,m_6af43991e987,time_window
d_time_c_938b7b4633cd_00003,m_bb24d3a97636,time_window
d_time_c_938b7b4633cd_00003,m_3a292b2ea865,time_window
d_time_c_938b7b4633cd_00004,m_a5b3bd4fbb29,time_window
d_time_c_938b7b4633cd_00004,m_312e999d026a,time_window
d_time_c_938b7b4633cd_00004,m_a8d90af923ae,time_window
d_time_c_938b7b4633cd_00005,m_2945ee7ae156,time_window
d_time_c_938b7b4633cd_00005,m_ecfb3c3e072d,time_window
d_time_c_938b7b4633cd_00005,m_e793a8cb6424,time_window
d_time_c_938b7b4633cd_00006,m_333472cdbde4,time_window
d_time_c_938b7b4633cd_00007,m_2f4eb15ea718,time_window
d_time_c_938b7b4633cd_00008,m_7c82323edabd,time_window
d_time_c_938b7b4633cd_00009,m_2e9e15acfe49,time_window
d_time_c_938b7b4633cd_00010,m_3c0103a77ea1,time_window
d_time_c_938b7b4633cd_00011,m_66670c5f9cc1,time_window
d_time_c_938b7b4633cd_00011,m_022f2ebd9dea,time_window
d_time_c_938b7b4633cd_00012,m_059642739fbe,time_window
d_time_c_938b7b4633cd_00013,m_e9c3d6d7f4aa,time_window
d_time_c_938b7b4633cd_00013,m_a6be471fc3db,time_window
d_time_c_938b7b4633cd_00013,m_761b45f9b87c,time_window
d_time_c_938b7b4633cd_00013,m_3f53e9090379,time_window
d_time_c_938b7b4633cd_00013,m_a31523c045b6,time_window
d_time_c_938b7b4633cd_00013,m_d44e857bdc8d,time_window
d_time_c_938b7b4633cd_00013,m_d009326153a0,time_window
d_time_c_938b7b4633cd_00014,m_08407b59c3ba,time_window
d_time_c_938b7b4633cd_00015,m_beff021835be,time_window
d_time_c_938b7b4633cd_00016,m_8aaf11738066,time_window
d_time_c_938b7b4633cd_00017,m_76f98d08821d,time_window
d_time_c_938b7b4633cd_00017,m_586d85931929,time_window
d_time_c_938b7b4633cd_00018,m_cf4f8cfd42c8,time_window
d_time_c_938b7b4633cd_00019,m_953bfffc70df,time_window
d_time_c_938b7b4633cd_00020,m_2531eb7e0b75,time_window
d_time_c_938b7b4633cd_00021,m_324364bcf28d,time_window
d_time_c_938b7b4633cd_00021,m_f7e6f70e05df,time_window
d_time_c_938b7b4633cd_00022,m_f9b905fbf491,time_window
d_time_c_938b7b4633cd_00022,m_77c198a4cf5a,time_window
d_time_c_938b7b4633cd_00022,m_8f9357ad0a50,time_window
d_time_c_938b7b4633cd_00022,m_e811eee9948e,time_window
d_time_c_938b7b4633cd_00022,m_920eebf74c75,time_window
d_time_c_938b7b4633cd_00022,m_fb698a5c03ef,time_window
d_time_c_938b7b4633cd_00023,m_1a01b1060a71,time_window
d_time_c_938b7b4633cd_00024,m_b377fd1abc0c,time_window
d_time_c_938b7b4633cd_00025,m_b2a023b93eff,time_window
d_time_c_938b7b4633cd_00026,m_0653df7f8fd0,time_window
d_time_c_938b7b4633cd_00027,m_f3e57dc300d0,time_window
d_time_c_938b7b4633cd_00027,m_89519518230f,time_window
d_time_c_938b7b4633cd_00028,m_e39c9d97caa7,time_window
d_time_c_938b7b4633cd_00028,m_958a83661f25,time_window
d_time_c_938b7b4633cd_00029,m_5aedf6e80db1,time_window
d_time_c_938b7b4633cd_00030,m_6fbcf183acb7,time_window
d_time_c_938b7b4633cd_00031,m_28687e59add9,time_window
d_time_c_938b7b4633cd_00032,m_aa66d62171dc,time_window
d_time_c_938b7b4633cd_00032,m_eba0e4b94ea7,time_window
d_time_c_938b7b4633cd_00033,m_a2e859def969,time_window
d_time_c_938b7b4633cd_00034,m_af64728e0326,time_window
d_time_c_938b7b4633cd_00034,m_55f870d26d42,time_window
d_time_c_938b7b4633cd_00034,m_f12004af5dc6,time_window
d_time_c_938b7b4633cd_00035,m_950ab7b49af0,time_window
d_time_c_938b7b4633cd_00036,m_be30f681cc3b,time_window
d_time_c_938b7b4633cd_00037,m_5aad342dd04f,time_window
d_time_c_938b7b4633cd_00038,m_6117da94b88e,time_window
d_time_c_938b7b4633cd_00038,m_dfc411d1485c,time_window
d_time_c_938b7b4633cd_00038,m_fae5d1e91b99,time_window
d_time_c_938b7b4633cd_00038,m_9eda7b3aafcc,time_window
d_time_c_938b7b4633cd_00039,m_9cd0b62af524,time_window
d_time_c_938b7b4633cd_00040,m_2506ad55d304,time_window
d_time_c_938b7b4633cd_00040,m_83a106152c53,time_window
d_time_c_938b7b4633cd_00041,m_9ef7fc98fced,time_window
d_time_c_938b7b4633cd_00042,m_f6a695f4023c,time_window
d_time_c_938b7b4633cd_00043,m_b253e63ee55c,time_window
d_time_c_938b7b4633cd_00043,m_674b167be32e,time_window
d_time_c_938b7b4633cd_00044,m_efe8b4721057,time_window
d_time_c_938b7b4633cd_00045,m_7f3588145d93,time_window
d_time_c_938b7b4633cd_00046,m_1b4eebdc017e,time_window
d_time_c_938b7b4633cd_00047,m_fe13a9b38c4a,time_window
d_time_c_938b7b4633cd_00048,m_a519c06471be,time_window
d_time_c_938b7b4633cd_00049,m_fbb8f240122c,time_window
d_time_c_938b7b4633cd_00050,m_2eff1fdf9d5b,time_window
d_time_c_938b7b4633cd_00051,m_9884426008dc,time_window
d_time_c_938b7b4633cd_00051,m_b887f89839ee,time_window
d_time_c_938b7b4633cd_00052,m_11528e023e2e,time_window
d_time_c_938b7b4633cd_00053,m_4746b2e2d243,time_window
d_time_c_938b7b4633cd_00054,m_578a223cc3c7,time_window
d_time_c_938b7b4633cd_00054,m_fe19544b65f6,time_window
d_time_c_938b7b4633cd_00054,m_8e83f0dc41e2,time_window
d_time_c_938b7b4633cd_00054,m_930ce37268eb,time_window
d_time_c_938b7b4633cd_00054,m_3ff3f9dddaf6,time_window
d_time_c_938b7b4633cd_00055,m_c2d873891d64,time_window
d_time_c_938b7b4633cd_00056,m_2857afcbec40,time_window
d_time_c_938b7b4633cd_00057,m_f37dc5b89bce,time_window
d_time_c_938b7b4633cd_00058,m_3b5702ec0b1d,time_window
d_time_c_938b7b4633cd_00059,m_de3da8187137,time_window
d_time_c_938b7b4633cd_00060,m_956686b190fc,time_window
d_time_c_938b7b4633cd_00061,m_5e5b85831638,time_window
d_time_c_938b7b4633cd_00061,m_f96ff4c93a2b,time_window
d_time_c_938b7b4633cd_00061,m_e6563ae91e29,time_window
d_time_c_938b7b4633cd_00061,m_24774e96b9ba,time_window
d_time_c_938b7b4633cd_00062,m_801b92cc6f71,time_window
d_time_c_938b7b4633cd_00063,m_852b864f244c,time_window
d_time_c_938b7b4633cd_00063,m_ad3848863206,time_window
d_time_c_938b7b4633cd_00064,m_bdda2f76f3fe,time_window
d_time_c_938b7b4633cd_00065,m_52925e7c7682,time_window
d_time_c_938b7b4633cd_00066,m_3a349c1c1387,time_window
d_time_c_960912d6db52_00001,m_202eab432b89,time_window
d_time_c_960912d6db52_00002,m_fc0aa6491213,time_window
d_time_c_960912d6db52_00003,m_6047274dcdc3,time_window
d_time_c_960912d6db52_00004,m_199a03d9c936,time_window
d_time_c_960912d6db52_00005,m_1adc49467d83,time_window
d_time_c_960912d6db52_00005,m_496a5637165c,time_window
d_time_c_960912d6db52_00005,m_9ae06164fd39,time_window
d_time_c_960912d6db52_00005,m_9c02e2bc63b2,time_window
d_time_c_960912d6db52_00005,m_c66d96f188cc,time_window
d_time_c_960912d6db52_00005,m_d45577fdf552,time_window
d_time_c_960912d6db52_00005,m_d5eebd752b0a,time_window
d_time_c_960912d6db52_00005,m_d64ce418d8da,time_window
d_time_c_960912d6db52_00005,m_f6467f647083,time_window
d_time_c_960912d6db52_00005,m_342542e2192d,time_window
d_time_c_960912d6db52_00005,m_6a2690340d7c,time_window
d_time_c_960912d6db52_00005,m_98bce5ac6956,time_window
d_time_c_960912d6db52_00005,m_d1335086f696,time_window
d_time_c_960912d6db52_00006,m_775fcacf6997,time_window
d_time_c_960912d6db52_00007,m_bd59634a296a,time_window
d_time_c_960912d6db52_00008,m_03d2f107656b,time_window
d_time_c_960912d6db52_00009,m_ad959d15bd7b,time_window
d_time_c_960912d6db52_00009,m_5ba8171c90de,time_window
d_time_c_960912d6db52_00009,m_7f9ec285d395,time_window
d_time_c_960912d6db52_00009,m_847d9fbffbae,time_window
d_time_c_960912d6db52_00009,m_9edf88c76648,time_window
d_time_c_960912d6db52_00010,m_ee0f8572c707,time_window
d_time_c_960912d6db52_00010,m_fd2aa3ab5a68,time_window
d_time_c_960912d6db52_00011,m_53fda3b2c4d8,time_window
d_time_c_960912d6db52_00012,m_00439eca3fec,time_window
d_time_c_960912d6db52_00013,m_cc3c838cd0ba,time_window
d_time_c_960912d6db52_00013,m_b879200fe7b9,time_window
d_time_c_960912d6db52_00014,m_37c7488a2a42,time_window
d_time_c_960912d6db52_00015,m_2de0aa89d172,time_window
d_time_c_960912d6db52_00016,m_2566b96935f2,time_window
d_time_c_960912d6db52_00016,m_2616824741a8,time_window
d_time_c_960912d6db52_00016,m_55281b5b88e9,time_window
d_time_c_960912d6db52_00016,m_7130b424f45a,time_window
d_time_c_960912d6db52_00016,m_8906f4b811db,time_window
d_time_c_960912d6db52_00016,m_8d863592c2ed,time_window
d_time_c_960912d6db52_00016,m_af2f673e1d28,time_window
d_time_c_960912d6db52_00016,m_deef5b6998d6,time_window
d_time_c_960912d6db52_00016,m_e19092ae677f,time_window
d_time_c_960912d6db52_00016,m_e9e1dc3be97b,time_window
d_time_c_960912d6db52_00017,m_d154b2aceee0,time_window
d_time_c_960912d6db52_00018,m_7e0884205e67,time_window
d_time_c_960912d6db52_00019,m_6775b4401219,time_window
d_time_c_960912d6db52_00020,m_e089f34cc543,time_window
d_time_c_960912d6db52_00021,m_f188cff1c4c6,time_window
d_time_c_960912d6db52_00021,m_2228d14e69ad,time_window
d_time_c_960912d6db52_00021,m_91903fae4b9b,time_window
d_time_c_960912d6db52_00022,m_f7bdcf62a4a5,time_window
d_time_c_960912d6db52_00022,m_465f270f32a8,time_window
d_time_c_960912d6db52_00023,m_13e1f73a09ee,time_window
d_time_c_960912d6db52_00024,m_e6588ce92db9,time_window
d_time_c_960912d6db52_00025,m_60edcd43d010,time_window
d_time_c_960912d6db52_00025,m_86e2aa5e5668,time_window
d_time_c_960912d6db52_00026,m_2cd5bc4b047c,time_window
d_time_c_960912d6db52_00026,m_54c22f375695,time_window
d_time_c_960912d6db52_00027,m_947c0697e898,time_window
d_time_c_960912d6db52_00028,m_3fbb59f4e243,time_window
d_time_c_960912d6db52_00028,m_b47726c72ab7,time_window
d_time_c_960912d6db52_00029,m_4ef32234412d,time_window
d_time_c_960912d6db52_00030,m_7d131e34486f,time_window
d_time_c_960912d6db52_00031,m_380136e75c00,time_window
d_time_c_960912d6db52_00032,m_93b42a8e410b,time_window
d_time_c_960912d6db52_00033,m_0b4c5eada66e,time_window
d_time_c_960912d6db52_00033,m_498e3347cb4f,time_window
d_time_c_960912d6db52_00033,m_9659773dd71e,time_window
d_time_c_960912d6db52_00033,m_9bbf58251414,time_window
d_time_c_960912d6db52_00033,m_c835b3268efc,time_window
d_time_c_960912d6db52_00033,m_d70e7cb4ef38,time_window
d_time_c_960912d6db52_00034,m_1239e4baa4f2,time_window
d_time_c_960912d6db52_00035,m_1da4e2bc8a22,time_window
d_time_c_960912d6db52_00036,m_ca55d1c310ff,time_window
d_time_c_960912d6db52_00036,m_661b6c754a33,time_window
d_time_c_960912d6db52_00036,m_929f3500ed65,time_window
d_time_c_960912d6db52_00037,m_4b111ab0d3a0,time_window
d_time_c_960912d6db52_00038,m_0da4a3bfb668,time_window
d_time_c_960912d6db52_00039,m_263c54763a18,time_window
d_time_c_960912d6db52_00040,m_0e29396104ee,time_window
d_time_c_960912d6db52_00040,m_35dbbd2e02cc,time_window
d_time_c_960912d6db52_00041,m_8148b73a32ab,time_window
d_time_c_960912d6db52_00042,m_293bdd126452,time_window
d_time_c_960912d6db52_00043,m_3e08d79165b5,time_window
d_time_c_960912d6db52_00043,m_1e3fb6415d7b,time_window
d_time_c_9b2f242d74af_00001,m_c764649123b0,time_window
d_time_c_9b2f242d74af_00002,m_fb25d07f6efe,time_window
d_time_c_9b2f242d74af_00003,m_a06e9bc91f88,time_window
d_time_c_9b2f242d74af_00003,m_a14f256653e5,time_window
d_time_c_9b2f242d74af_00003,m_240f14ea8a09,time_window
d_time_c_9b2f242d74af_00003,m_a03acc429366,time_window
d_time_c_9b2f242d74af_00003,m_c5adb34916d9,time_window
d_time_c_9b2f242d74af_00003,m_663bc003a673,time_window
d_time_c_9b2f242d74af_00003,m_5af02654e13f,time_window
d_time_c_9b2f242d74af_00003,m_7b440a169d7b,time_window
d_time_c_9b2f242d74af_00004,m_4dd2fbdddbac,time_window
d_time_c_9b2f242d74af_00004,m_36c9ed66a8e6,time_window
d_time_c_9b2f242d74af_00004,m_d6e27f120803,time_window
d_time_c_9b2f242d74af_00004,m_710a0352b3de,time_window
d_time_c_9b2f242d74af_00005,m_08ab8cb51c01,time_window
d_time_c_9b2f242d74af_00006,m_6f8798e68614,time_window
d_time_c_9b2f242d74af_00007,m_a758a648a94e,time_window
d_time_c_9b2f242d74af_00008,m_62cc6cf912a2,time_window
d_time_c_9b2f242d74af_00009,m_941ca6b95a93,time_window
d_time_c_9b2f242d74af_00010,m_66ae54051220,time_window
d_time_c_9b2f242d74af_00010,m_834ad4dec1ad,time_window
d_time_c_9b2f242d74af_00010,m_bb4908a064d9,time_window
d_time_c_9b2f242d74af_00010,m_25b7d0a1586c,time_window
d_time_c_9b2f242d74af_00010,m_d847dccb7417,time_window
d_time_c_9b2f242d74af_00010,m_d5d743cf3ba4,time_window
d_time_c_9b2f242d74af_00011,m_43d4ec1821b2,time_window
d_time_c_9b2f242d74af_00011,m_d18df4072751,time_window
d_time_c_9b2f242d74af_00012,m_4c1733e3710b,time_window
d_time_c_9b2f242d74af_00012,m_77abb3a6dbcf,time_window
d_time_c_9b2f242d74af_00013,m_e3116b5568aa,time_window
d_time_c_9b2f242d74af_00014,m_839019ba9cc6,time_window
d_time_c_9b2f242d74af_00015,m_318f3eab68f8,time_window
d_time_c_9b2f242d74af_00015,m_c82132b93671,time_window
d_time_c_9b2f242d74af_00015,m_01ecb2033305,time_window
d_time_c_9b2f242d74af_00016,m_12a5451115c6,time_window
d_time_c_9b2f242d74af_00016,m_4b96f0ebb1f0,time_window
d_time_c_9b2f242d74af_00017,m_02ee0cd78488,time_window
d_time_c_9b2f242d74af_00017,m_d9dc9d2af332,time_window
d_time_c_9b2f242d74af_00018,m_fcb27573c7ec,time_window
d_time_c_9b2f242d74af_00019,m_033e37c31628,time_window
d_time_c_9b2f242d74af_00020,m_cd9842873ca4,time_window
d_time_c_9b2f242d74af_00021,m_3f1e7624392e,time_window
d_time_c_9b2f242d74af_00022,m_36aff6266401,time_window
d_time_c_9b2f242d74af_00022,m_889999b13c01,time_window
d_time_c_9b2f242d74af_00022,m_b5e56381d1c6,time_window
d_time_c_9b2f242d74af_00022,m_98a5ed048e6c,time_window
d_time_c_9b2f242d74af_00023,m_eca52557c8f8,time_window
d_time_c_9b2f242d74af_00024,m_e5b2bb5f2e53,time_window
d_time_c_9b2f242d74af_00025,m_069d5a9227b0,time_window
d_time_c_9b2f242d74af_00025,m_41acd03bb10f,time_window
d_time_c_9b2f242d74af_00026,m_461104c7a853,time_window
d_time_c_9b2f242d74af_00026,m_c644c313b48c,time_window
d_time_c_9b2f242d74af_00026,m_1ed42e99f70c,time_window
d_time_c_9b2f242d74af_00027,m_197406c6c4a6,time_window
d_time_c_9b2f242d74af_00028,m_e9fc62e4e864,time_window
d_time_c_9b2f242d74af_00028,m_a38dba7c8b6b,time_window
d_time_c_9b2f242d74af_00028,m_50a9301a49ac,time_window
d_time_c_9b2f242d74af_00029,m_2979f4f89e1d,time_window
d_time_c_9b2f242d74af_00030,m_e906601b9ef7,time_window
d_time_c_9b2f242d74af_00031,m_3062b12aab4d,time_window
d_time_c_9b2f242d74af_00032,m_9d498f255926,time_window
d_time_c_9b2f242d74af_00033,m_e3e4a0dc0880,time_window
d_time_c_9b2f242d74af_00034,m_98737c4285b3,time_window
d_time_c_9b2f242d74af_00035,m_9f381c4abe77,time_window
d_time_c_9b2f242d74af_00036,m_c660fa2a234f,time_window
d_time_c_9b2f242d74af_00036,m_94ca81043533,time_window
d_time_c_9b2f242d74af_00037,m_7dacada6a1c0,time_window
d_time_c_9b2f242d74af_00038,m_32edbbff36a9,time_window
d_time_c_9b2f242d74af_00039,m_9145fa8f3f89,time_window
d_time_c_9b2f242d74af_00040,m_75fe54384210,time_window
d_time_c_9b2f242d74af_00040,m_0205df1752a0,time_window
d_time_c_9b2f242d74af_00040,m_556b6ea04dba,time_window
d_time_c_9b2f242d74af_00041,m_1813f01a84c4,time_window
d_time_c_9b2f242d74af_00041,m_90d04290c575,time_window
d_time_c_9b2f242d74af_00041,m_f2d9952d820c,time_window
d_time_c_9b2f242d74af_00041,m_b5ee16d8f20d,time_window
d_time_c_9b2f242d74af_00041,m_216d4e454e7e,time_window
d_time_c_9b2f242d74af_00041,m_5e11264476bb,time_window
d_time_c_9b2f242d74af_00041,m_939d47a81c93,time_window
d_time_c_9b2f242d74af_00041,m_3bc82c862736,time_window
d_time_c_9b2f242d74af_00042,m_670d9bfea046,time_window
d_time_c_9b2f242d74af_00043,m_119d8a74877e,time_window
d_time_c_9b2f242d74af_00044,m_095ab90760a5,time_window
d_time_c_9b2f242d74af_00044,m_4e0b8664a625,time_window
d_time_c_9b2f242d74af_00044,m_2595d33c5b79,time_window
d_time_c_9b2f242d74af_00045,m_bfbe5c135a91,time_window
d_time_c_9b2f242d74af_00046,m_e552392e5f30,time_window
d_time_c_9b2f242d74af_00047,m_338998bc5bf8,time_window
d_time_c_9b2f242d74af_00047,m_dd9003a32928,time_window
d_time_c_9b2f242d74af_00047,m_892544b80c31,time_window
d_time_c_9b2f242d74af_00048,m_ef90c3c9997d,time_window
d_time_c_9b2f242d74af_00049,m_b937000b6f48,time_window
d_time_c_9b2f242d74af_00049,m_c807167ca824,time_window
d_time_c_9b2f242d74af_00050,m_e644b886bb30,time_window
d_time_c_9b2f242d74af_00051,m_e3fcad7c566f,time_window
d_time_c_9b2f242d74af_00051,m_402819989f34,time_window
d_time_c_9b2f242d74af_00052,m_64dfef11b3a6,time_window
d_time_c_9b2f242d74af_00053,m_64ffe001a86d,time_window
d_time_c_9b2f242d74af_00053,m_7621f7fe70fe,time_window
d_time_c_9b2f242d74af_00053,m_98373c1b4548,time_window
d_time_c_9b2f242d74af_00053,m_c8f9b6c591f8,time_window
d_time_c_9b2f242d74af_00054,m_c4423ee4bae0,time_window
d_time_c_9b2f242d74af_00055,m_7826b84454ed,time_window
d_time_c_9b2f242d74af_00056,m_99692d9dd01e,time_window
d_time_c_9b2f242d74af_00057,m_1e3eaa5f0c90,time_window
d_time_c_9b2f242d74af_00058,m_03dab738acfa,time_window
d_time_c_9b2f242d74af_00059,m_1deebc3debc0,time_window
d_time_c_9b2f242d74af_00059,m_070baf566ddf,time_window
d_time_c_9b2f242d74af_00060,m_c2ef7d245ac3,time_window
d_time_c_9b2f242d74af_00061,m_f4df9e81046a,time_window
d_time_c_9b2f242d74af_00061,m_f8db5e9d15c8,time_window
d_time_c_9b2f242d74af_00062,m_59e43e026a0a,time_window
d_time_c_9b2f242d74af_00062,m_988cd328d685,time_window
d_time_c_9b2f242d74af_00063,m_a4a6fd0fede0,time_window
d_time_c_9b2f242d74af_00064,m_365a09a72426,time_window
d_time_c_9b2f242d74af_00065,m_72571d864af2,time_window
d_time_c_9b2f242d74af_00065,m_44bd5a2ebc78,time_window
d_time_c_9b2f242d74af_00065,m_567239b627dd,time_window
d_time_c_9b2f242d74af_00065,m_d4e83b06fbb8,time_window
d_time_c_9b2f242d74af_00066,m_d57d40f29b2a,time_window
d_time_c_9b2f242d74af_00067,m_2ba31eea1a09,time_window
d_time_c_9b2f242d74af_00067,m_8ff30e36f0bf,time_window
d_time_c_9b2f242d74af_00068,m_1147d04c64eb,time_window
d_time_c_9b2f242d74af_00068,m_7bc0312f7c5c,time_window
d_time_c_9b2f242d74af_00068,m_1a30c8b8d8f9,time_window
d_time_c_9b2f242d74af_00068,m_aba59caaa660,time_window
d_time_c_9b2f242d74af_00068,m_970b6a8922f5,time_window
d_time_c_9b2f242d74af_00069,m_33afe9b96f5a,time_window
d_time_c_9b2f242d74af_00070,m_11b3807bd3ea,time_window
d_time_c_9b2f242d74af_00070,m_762d414a4e1e,time_window
d_time_c_9b2f242d74af_00071,m_bb2b840c83a2,time_window
d_time_c_9b2f242d74af_00071,m_4a7d0198cadb,time_window
d_time_c_9b2f242d74af_00071,m_117598c6d87f,time_window
d_time_c_9b2f242d74af_00071,m_62bd22526a9e,time_window
d_time_c_9b2f242d74af_00072,m_f91a049c7195,time_window
d_time_c_9b2f242d74af_00072,m_b8d2677abb1c,time_window
d_time_c_9b2f242d74af_00072,m_841ed9271fa1,time_window
d_time_c_9b2f242d74af_00072,m_7d68934f0601,time_window
d_time_c_9b2f242d74af_00072,m_29e64c778b9e,time_window
d_time_c_9b2f242d74af_00072,m_68f9be3e5e8a,time_window
d_time_c_9b2f242d74af_00072,m_365a067f3875,time_window
d_time_c_9b2f242d74af_00072,m_7fd4ecffdfe2,time_window
d_time_c_9b2f242d74af_00072,m_f4e1ea474d96,time_window
d_time_c_9b2f242d74af_00073,m_5c6fb05c57b4,time_window
d_time_c_9b2f242d74af_00073,m_1cc437532f3c,time_window
d_time_c_9b2f242d74af_00073,m_b363bd884949,time_window
d_time_c_9b2f242d74af_00073,m_e92b7c9ba988,time_window
d_time_c_9b2f242d74af_00073,m_f1f20fe07685,time_window
d_time_c_9b2f242d74af_00074,m_cdfe3fdb57d9,time_window
d_time_c_9b2f242d74af_00075,m_4923d798e671,time_window
d_time_c_9b2f242d74af_00076,m_9eb6ec69697a,time_window
d_time_c_9b2f242d74af_00077,m_c2e72e85fadd,time_window
d_time_c_9b2f242d74af_00077,m_fa6e0c983c51,time_window
d_time_c_9b2f242d74af_00077,m_ede670e2f85f,time_window
d_time_c_9b2f242d74af_00078,m_f5a5dfb43975,time_window
d_time_c_9b2f242d74af_00078,m_eb732f88e621,time_window
d_time_c_9b2f242d74af_00079,m_90d23ab28037,time_window
d_time_c_9b2f242d74af_00079,m_9f34c599235f,time_window
d_time_c_9b2f242d74af_00079,m_893af0a1f1cc,time_window
d_time_c_9b2f242d74af_00079,m_13eea90ebee6,time_window
d_time_c_9b2f242d74af_00080,m_dca2382e24e9,time_window
d_time_c_9b2f242d74af_00081,m_8c6f9a951d82,time_window
d_time_c_9b2f242d74af_00081,m_f34f6f02552f,time_window
d_time_c_9b2f242d74af_00082,m_53ddf7f460d6,time_window
d_time_c_9b2f242d74af_00083,m_ebe36c36dfe2,time_window
d_time_c_9b2f242d74af_00083,m_512d177ab4e4,time_window
d_time_c_9b2f242d74af_00084,m_ccaabdcf23c4,time_window
d_time_c_9b2f242d74af_00085,m_85552b34c35f,time_window
d_time_c_9b2f242d74af_00085,m_a0fe6b06499e,time_window
d_time_c_9b2f242d74af_00085,m_6fc845bbc4fb,time_window
d_time_c_9b2f242d74af_00085,m_146e7d8ff614,time_window
d_time_c_9b2f242d74af_00085,m_570eb49451df,time_window
d_time_c_9b2f242d74af_00086,m_57f8940465ee,time_window
d_time_c_9b2f242d74af_00087,m_dcb8f4504ca3,time_window
d_time_c_9b2f242d74af_00087,m_92823ae0e74d,time_window
d_time_c_9b2f242d74af_00087,m_76cdfc2d8be2,time_window
d_time_c_9b2f242d74af_00088,m_7aabc11e8913,time_window
d_time_c_9b2f242d74af_00089,m_016a0f08a47f,time_window
d_time_c_9b2f242d74af_00089,m_9a84418c9c3c,time_window
d_time_c_9b2f242d74af_00090,m_bbc2f4bce8b8,time_window
d_time_c_9b2f242d74af_00090,m_074747627743,time_window
d_time_c_9b2f242d74af_00090,m_b5042f3b25aa,time_window
d_time_c_9b2f242d74af_00091,m_1ca067851765,time_window
d_time_c_9b2f242d74af_00091,m_cf80e5c39c18,time_window
d_time_c_9b2f242d74af_00092,m_74592db8ac0b,time_window
d_time_c_9b2f242d74af_00092,m_f0ffb269b58c,time_window
d_time_c_9b2f242d74af_00093,m_64d472e156b1,time_window
d_time_c_9b2f242d74af_00093,m_6fb6a8e6ee1e,time_window
d_time_c_9b2f242d74af_00094,m_aeaa3d61bae8,time_window
d_time_c_9b2f242d74af_00094,m_72b7813da983,time_window
d_time_c_9b2f242d74af_00094,m_18fd3d58d635,time_window
d_time_c_9b2f242d74af_00094,m_9b35977944fb,time_window
d_time_c_9b2f242d74af_00094,m_fe29c0cbe86d,time_window
d_time_c_9b2f242d74af_00095,m_97f1dd705f5b,time_window
d_time_c_9b2f242d74af_00096,m_cbb5507c0448,time_window
d_time_c_9b2f242d74af_00097,m_62a66327d061,time_window
d_time_c_9b2f242d74af_00098,m_6156656cff5b,time_window
d_time_c_9b2f242d74af_00099,m_4df40db8c3da,time_window
d_time_c_9b2f242d74af_00100,m_b353000b6877,time_window
d_time_c_9b2f242d74af_00100,m_068dec3897dc,time_window
d_time_c_9b2f242d74af_00101,m_6cc04ed07e00,time_window
d_time_c_9b2f242d74af_00102,m_6938e4eb3692,time_window
d_time_c_9b2f242d74af_00103,m_e318c332abc9,time_window
d_time_c_9b2f242d74af_00104,m_6bf31410f9f6,time_window
d_time_c_9b2f242d74af_00105,m_8f50580dc676,time_window
d_time_c_9b2f242d74af_00106,m_f8b8cff8c531,time_window
d_time_c_9d44d8dc3ef6_00001,m_76fefc58263a,time_window
d_time_c_9ffb24a4b604_00001,m_bcfeca05cbab,time_window
d_time_c_9ffb24a4b604_00001,m_3c4b9230d794,time_window
d_time_c_9ffb24a4b604_00001,m_fc022f98b8c5,time_window
d_time_c_9ffb24a4b604_00001,m_2bd80528aa32,time_window
d_time_c_9ffb24a4b604_00002,m_6c0d75ab6749,time_window
d_time_c_9ffb24a4b604_00002,m_a77989e6f078,time_window
d_time_c_9ffb24a4b604_00003,m_0b839faed06e,time_window
d_time_c_9ffb24a4b604_00004,m_c3c4e730a52d,time_window
d_time_c_9ffb24a4b604_00004,m_c8be39fdcae3,time_window
d_time_c_9ffb24a4b604_00004,m_7fbd979c021d,time_window
d_time_c_9ffb24a4b604_00005,m_ca26b3ff6186,time_window
d_time_c_9ffb24a4b604_00006,m_4c941cce5552,time_window
d_time_c_9ffb24a4b604_00007,m_0cd110235a06,time_window
d_time_c_9ffb24a4b604_00008,m_81d6a6b86b85,time_window
d_time_c_9ffb24a4b604_00009,m_44581b3368cd,time_window
d_time_c_9ffb24a4b604_00010,m_51a5c11cdac1,time_window
d_time_c_9ffb24a4b604_00010,m_3dbc3563be8a,time_window
d_time_c_9ffb24a4b604_00011,m_becf48039469,time_window
d_time_c_9ffb24a4b604_00012,m_52a67d22ee09,time_window
d_time_c_9ffb24a4b604_00013,m_30c5967efd5a,time_window
d_time_c_9ffb24a4b604_00013,m_67b0a8771d86,time_window
d_time_c_9ffb24a4b604_00014,m_fca2312ec58c,time_window
d_time_c_9ffb24a4b604_00015,m_d8ed283dce36,time_window
d_time_c_9ffb24a4b604_00015,m_5d91081cb1ae,time_window
d_time_c_9ffb24a4b604_00016,m_29492d6af861,time_window
d_time_c_9ffb24a4b604_00017,m_dd7caccfb96b,time_window
d_time_c_9ffb24a4b604_00018,m_5de0c6eb2fcd,time_window
d_time_c_9ffb24a4b604_00019,m_291c4ccfda20,time_window
d_time_c_9ffb24a4b604_00019,m_20bd83255fdc,time_window
d_time_c_9ffb24a4b604_00020,m_597c71f52a22,time_window
d_time_c_9ffb24a4b604_00021,m_b51ab5327873,time_window
d_time_c_9ffb24a4b604_00021,m_9b94e1178ac8,time_window
d_time_c_9ffb24a4b604_00021,m_fc76eb402665,time_window
d_time_c_9ffb24a4b604_00022,m_6c9eb4eec50a,time_window
d_time_c_9ffb24a4b604_00023,m_6a6f26d03071,time_window
d_time_c_9ffb24a4b604_00024,m_bee58f92f059,time_window
d_time_c_9ffb24a4b604_00025,m_feac3ca6e9f2,time_window
d_time_c_9ffb24a4b604_00026,m_31d3465f147c,time_window
d_time_c_9ffb24a4b604_00026,m_1c310d7d123c,time_window
d_time_c_9ffb24a4b604_00027,m_a1a77f9c92b9,time_window
d_time_c_9ffb24a4b604_00028,m_1f393b87e698,time_window
d_time_c_9ffb24a4b604_00029,m_07ab4f384d21,time_window
d_time_c_9ffb24a4b604_00030,m_e3a629fe7ba6,time_window
d_time_c_9ffb24a4b604_00031,m_40383e969e65,time_window
d_time_c_9ffb24a4b604_00032,m_ee5e046219e6,time_window
d_time_c_9ffb24a4b604_00033,m_2dc7aab1868f,time_window
d_time_c_9ffb24a4b604_00034,m_799407c734b3,time_window
d_time_c_9ffb24a4b604_00035,m_a3dfd7473297,time_window
d_time_c_9ffb24a4b604_00035,m_4f2612914436,time_window
d_time_c_9ffb24a4b604_00035,m_c99cc114c56e,time_window
d_time_c_9ffb24a4b604_00036,m_f12ab7a51628,time_window
d_time_c_9ffb24a4b604_00037,m_84b3f1c477e7,time_window
d_time_c_9ffb24a4b604_00038,m_a1bffe40362b,time_window
d_time_c_9ffb24a4b604_00039,m_231808336dec,time_window
d_time_c_9ffb24a4b604_00040,m_2844d064a31a,time_window
d_time_c_9ffb24a4b604_00041,m_eb8907982fde,time_window
d_time_c_9ffb24a4b604_00042,m_62a269bd49bc,time_window
d_time_c_9ffb24a4b604_00042,m_80c66a5193cc,time_window
d_time_c_9ffb24a4b604_00042,m_4cb922a0a70d,time_window
d_time_c_9ffb24a4b604_00042,m_6dbde6dcc0b3,time_window
d_time_c_a06aa3deff4d_00001,m_95aa932ad4d2,time_window
d_time_c_a06aa3deff4d_00002,m_c6a64e48edf8,time_window
d_time_c_a06aa3deff4d_00002,m_11dec03240be,time_window
d_time_c_a06aa3deff4d_00003,m_84f0d7cce98a,time_window
d_time_c_a06aa3deff4d_00004,m_e6332f70ef9b,time_window
d_time_c_a06aa3deff4d_00004,m_0dc7de2b9a4a,time_window
d_time_c_a06aa3deff4d_00005,m_7f626c7d9285,time_window
d_time_c_a06aa3deff4d_00006,m_8b299ffe1575,time_window
d_time_c_a06aa3deff4d_00007,m_3be9e1565e45,time_window
d_time_c_a06aa3deff4d_00007,m_adf0629a91be,time_window
d_time_c_a06aa3deff4d_00007,m_e768bbe9185c,time_window
d_time_c_a06aa3deff4d_00008,m_ecf89d6d3a88,time_window
d_time_c_a06aa3deff4d_00009,m_a764d571caf3,time_window
d_time_c_a06aa3deff4d_00010,m_9714b8813862,time_window
d_time_c_a06aa3deff4d_00010,m_db6c1ac2111b,time_window
d_time_c_a06aa3deff4d_00011,m_ce44abe3bdcb,time_window
d_time_c_a06aa3deff4d_00012,m_6e78d96e786c,time_window
d_time_c_a06aa3deff4d_00012,m_ac164a3588c3,time_window
d_time_c_a06aa3deff4d_00013,m_815a458a4a7d,time_window
d_time_c_a06aa3deff4d_00014,m_42e21e80b52a,time_window
d_time_c_a06aa3deff4d_00015,m_8e29cc44ba87,time_window
d_time_c_a06aa3deff4d_00015,m_efaa7e9fd26b,time_window
d_time_c_a06aa3deff4d_00016,m_9d27f08d8b01,time_window
d_time_c_a06aa3deff4d_00016,m_57fd23ed5fe7,time_window
d_time_c_a06aa3deff4d_00017,m_72f904895c53,time_window
d_time_c_a06aa3deff4d_00017,m_e247d408bf25,time_window
d_time_c_a06aa3deff4d_00018,m_3d0b569790a4,time_window
d_time_c_a06aa3deff4d_00018,m_9ea778137a5e,time_window
d_time_c_a06aa3deff4d_00019,m_a581ac2fc762,time_window
d_time_c_a06aa3deff4d_00020,m_a7ea91b4833f,time_window
d_time_c_a06aa3deff4d_00020,m_dcfcede62ae2,time_window
d_time_c_a06aa3deff4d_00021,m_4c5b723ebc29,time_window
d_time_c_a06aa3deff4d_00021,m_bb76239b4439,time_window
d_time_c_a06aa3deff4d_00021,m_3f6197dd005c,time_window
d_time_c_a06aa3deff4d_00022,m_be220f1733a3,time_window
d_time_c_a06aa3deff4d_00022,m_b448bf4ea9fb,time_window
d_time_c_a06aa3deff4d_00023,m_73fd31426726,time_window
d_time_c_a06aa3deff4d_00024,m_6afb424bdf39,time_window
d_time_c_a06aa3deff4d_00024,m_ff5313c0ee3d,time_window
d_time_c_a06aa3deff4d_00025,m_69b46e663bbe,time_window
d_time_c_a06aa3deff4d_00026,m_f74f82a2e247,time_window
d_time_c_a06aa3deff4d_00026,m_ecd31f2c458e,time_window
d_time_c_a06aa3deff4d_00027,m_a65fb343726a,time_window
d_time_c_a06aa3deff4d_00028,m_cf113001dc01,time_window
d_time_c_a06aa3deff4d_00029,m_4516f950141a,time_window
d_time_c_a06aa3deff4d_00030,m_868ffd7d495f,time_window
d_time_c_a06aa3deff4d_00030,m_3e16f32b870b,time_window
d_time_c_a06aa3deff4d_00031,m_c1a2fb6fac45,time_window
d_time_c_a06aa3deff4d_00032,m_3ef444d3f207,time_window
d_time_c_a06aa3deff4d_00033,m_a10e83252e80,time_window
d_time_c_a06aa3deff4d_00034,m_fa47fa5fad3d,time_window
d_time_c_a06aa3deff4d_00035,m_589f7868f88b,time_window
d_time_c_a06aa3deff4d_00036,m_3becc3fbd056,time_window
d_time_c_a06aa3deff4d_00037,m_07713015882d,time_window
d_time_c_a06aa3deff4d_00038,m_c46708f33af2,time_window
d_time_c_a06aa3deff4d_00039,m_0e7d76e36525,time_window
d_time_c_a06aa3deff4d_00040,m_de5da0539254,time_window
d_time_c_a06aa3deff4d_00041,m_12d7ddb3c3f3,time_window
d_time_c_a06aa3deff4d_00041,m_18560a896584,time_window
d_time_c_a06aa3deff4d_00041,m_3f3ecb515ae6,time_window
d_time_c_a06aa3deff4d_00042,m_c05f289dddc5,time_window
d_time_c_a06aa3deff4d_00043,m_15f138c7dc02,time_window
d_time_c_a06aa3deff4d_00043,m_6554fe49b6d5,time_window
d_time_c_a06aa3deff4d_00043,m_49946889d56c,time_window
d_time_c_a06aa3deff4d_00044,m_9409599b6f15,time_window
d_time_c_a06aa3deff4d_00045,m_1ab56f159fcc,time_window
d_time_c_a06aa3deff4d_00046,m_0736c2ae8384,time_window
d_time_c_a06aa3deff4d_00046,m_e26d288726ac,time_window
d_time_c_a06aa3deff4d_00047,m_8b8626a7a48e,time_window
d_time_c_a06aa3deff4d_00047,m_3eac4cbfe0e7,time_window
d_time_c_a06aa3deff4d_00047,m_3fbb49222225,time_window
d_time_c_a06aa3deff4d_00048,m_810550b9a85c,time_window
d_time_c_a06aa3deff4d_00049,m_e72c71cbc10a,time_window
d_time_c_a06aa3deff4d_00050,m_8c99fc6c3b5b,time_window
d_time_c_a06aa3deff4d_00050,m_7072ca7d0a69,time_window
d_time_c_a06aa3deff4d_00051,m_3b7b55677142,time_window
d_time_c_a06aa3deff4d_00051,m_26259544e162,time_window
d_time_c_a06aa3deff4d_00051,m_5341c2b62d82,time_window
d_time_c_a06aa3deff4d_00052,m_c7cc1d0a0069,time_window
d_time_c_a06aa3deff4d_00052,m_fe6227e85269,time_window
d_time_c_a06aa3deff4d_00053,m_b00b70b4ef38,time_window
d_time_c_a06aa3deff4d_00053,m_def89cbd8fc6,time_window
d_time_c_a06aa3deff4d_00053,m_145be7884716,time_window
d_time_c_a06aa3deff4d_00053,m_338e7db204ac,time_window
d_time_c_a06aa3deff4d_00054,m_ceb49209a817,time_window
d_time_c_a06aa3deff4d_00054,m_4278845c88be,time_window
d_time_c_a06aa3deff4d_00054,m_d11c94cbaf26,time_window
d_time_c_a06aa3deff4d_00054,m_abc18723f87c,time_window
d_time_c_a06aa3deff4d_00055,m_8ed360cf1d90,time_window
d_time_c_a06aa3deff4d_00055,m_7a8d92a0ad20,time_window
d_time_c_a06aa3deff4d_00056,m_080eae054e1e,time_window
d_time_c_a06aa3deff4d_00057,m_8be66b9ade0b,time_window
d_time_c_a06aa3deff4d_00057,m_8e0c84e1cbb1,time_window
d_time_c_a06aa3deff4d_00057,m_7c76100d8de3,time_window
d_time_c_a06aa3deff4d_00058,m_7c166f2ad6c3,time_window
d_time_c_a06aa3deff4d_00059,m_b91152069728,time_window
d_time_c_a0e480b25aef_00001,m_7570d646446e,time_window
d_time_c_a0e480b25aef_00002,m_2020744b9d25,time_window
d_time_c_a0e480b25aef_00002,m_9234ee9c58ec,time_window
d_time_c_a0e480b25aef_00003,m_23050363a09c,time_window
d_time_c_a0e480b25aef_00004,m_4afd4c8cd465,time_window
d_time_c_a0e480b25aef_00005,m_438dc3b665e9,time_window
d_time_c_a0e480b25aef_00006,m_ce602f2f0ec7,time_window
d_time_c_a0e480b25aef_00007,m_d11b628fd1e5,time_window
d_time_c_a496160a6fa7_00001,m_c7269740eca7,time_window
d_time_c_a496160a6fa7_00001,m_097f07df12c3,time_window
d_time_c_a496160a6fa7_00001,m_b181a6decaa4,time_window
d_time_c_a496160a6fa7_00002,m_30390401814f,time_window
d_time_c_a496160a6fa7_00002,m_0a4d25165ca7,time_window
d_time_c_a496160a6fa7_00003,m_f702e4646a99,time_window
d_time_c_a496160a6fa7_00003,m_5908bb4eea29,time_window
d_time_c_a496160a6fa7_00003,m_b8d8df419962,time_window
d_time_c_a496160a6fa7_00004,m_eed00fdb6419,time_window
d_time_c_a496160a6fa7_00004,m_60cd975b266a,time_window
d_time_c_a496160a6fa7_00005,m_b66063b9b83f,time_window
d_time_c_a496160a6fa7_00006,m_06071debdf6b,time_window
d_time_c_a496160a6fa7_00007,m_e4e62c468b61,time_window
d_time_c_a496160a6fa7_00008,m_99ab5cd788d6,time_window
d_time_c_a496160a6fa7_00008,m_ff2ec9c20bb5,time_window
d_time_c_a496160a6fa7_00008,m_ec99663f8a78,time_window
d_time_c_a496160a6fa7_00009,m_e64ae145ecac,time_window
d_time_c_a496160a6fa7_00010,m_3c3c07b08e7d,time_window
d_time_c_a496160a6fa7_00011,m_79f7ecb9f2c1,time_window
d_time_c_a496160a6fa7_00011,m_b781d00ce3d7,time_window
d_time_c_a496160a6fa7_00012,m_42838c8c704c,time_window
d_time_c_a496160a6fa7_00013,m_962510ffda71,time_window
d_time_c_a496160a6fa7_00013,m_9e3fff574e8a,time_window
d_time_c_a496160a6fa7_00013,m_3ebe597cc5ae,time_window
d_time_c_a496160a6fa7_00013,m_52731d8d67c0,time_window
d_time_c_a496160a6fa7_00014,m_5dc7caac1e07,time_window
d_time_c_a496160a6fa7_00015,m_40cad5ae1f2c,time_window
d_time_c_a496160a6fa7_00015,m_c9152e1d5ddf,time_window
d_time_c_a496160a6fa7_00015,m_473d348a85d8,time_window
d_time_c_a496160a6fa7_00015,m_5ff8e6b3ed35,time_window
d_time_c_a496160a6fa7_00016,m_8015cfcb3022,time_window
d_time_c_a496160a6fa7_00017,m_75d64d2ea256,time_window
d_time_c_a496160a6fa7_00018,m_84e37396ef90,time_window
d_time_c_a496160a6fa7_00019,m_ab5943ae1f0a,time_window
d_time_c_a496160a6fa7_00020,m_1092fe3608e6,time_window
d_time_c_a496160a6fa7_00020,m_f50a939c1da4,time_window
d_time_c_a496160a6fa7_00020,m_011cb3ee583a,time_window
d_time_c_a496160a6fa7_00021,m_1ffae2697ba7,time_window
d_time_c_a496160a6fa7_00022,m_db642881d557,time_window
d_time_c_a496160a6fa7_00023,m_99b4e48a8b4b,time_window
d_time_c_a496160a6fa7_00024,m_789e39392947,time_window
d_time_c_a496160a6fa7_00025,m_15b6055e9a96,time_window
d_time_c_a496160a6fa7_00026,m_20783606e1f9,time_window
d_time_c_a496160a6fa7_00026,m_5fa752859cd3,time_window
d_time_c_a496160a6fa7_00026,m_a43b16fb7027,time_window
d_time_c_a496160a6fa7_00026,m_ca897242e775,time_window
d_time_c_a496160a6fa7_00026,m_a818b4d945a2,time_window
d_time_c_a496160a6fa7_00026,m_153a0670d279,time_window
d_time_c_a496160a6fa7_00027,m_8c5f43a3ec16,time_window
d_time_c_a496160a6fa7_00028,m_dde47d83c69b,time_window
d_time_c_a496160a6fa7_00028,m_30dabab8bce2,time_window
d_time_c_a496160a6fa7_00029,m_9aca7f87d57f,time_window
d_time_c_a496160a6fa7_00030,m_3dc87689353d,time_window
d_time_c_a496160a6fa7_00030,m_ed1a44b64e4b,time_window
d_time_c_a496160a6fa7_00030,m_5970a70a27c4,time_window
d_time_c_ab2344ef2e7c_00001,m_beb610d2a32a,time_window
d_time_c_ac9af007aadd_00001,m_59f43c6c1010,time_window
d_time_c_b310957652e6_00001,m_2bb50f986177,time_window
d_time_c_b310957652e6_00002,m_299866e3245c,time_window
d_time_c_b310957652e6_00003,m_ca346f1adf56,time_window
d_time_c_b310957652e6_00004,m_15a091c5926e,time_window
d_time_c_b310957652e6_00005,m_f9f2eb098d52,time_window
d_time_c_b310957652e6_00006,m_5586b966c77f,time_window
d_time_c_b310957652e6_00007,m_ddaee799f41d,time_window
d_time_c_b310957652e6_00008,m_0f188d5f67f9,time_window
d_time_c_b310957652e6_00009,m_29d05e83e6cf,time_window
d_time_c_b310957652e6_00010,m_11d1bd318bdb,time_window
d_time_c_b310957652e6_00010,m_afc90a282676,time_window
d_time_c_b310957652e6_00011,m_48edebd6c658,time_window
d_time_c_b310957652e6_00012,m_3c4b56497f90,time_window
d_time_c_b310957652e6_00013,m_4bbe6353c104,time_window
d_time_c_b310957652e6_00013,m_5938519bf359,time_window
d_time_c_b310957652e6_00014,m_09fcc2d3c710,time_window
d_time_c_b310957652e6_00015,m_5d742105f715,time_window
d_time_c_b310957652e6_00016,m_496851dba2af,time_window
d_time_c_b310957652e6_00016,m_3de2e7074248,time_window
d_time_c_b310957652e6_00017,m_ec411bce1df7,time_window
d_time_c_b310957652e6_00017,m_5d021615ec44,time_window
d_time_c_b310957652e6_00018,m_623c3f758342,time_window
d_time_c_b310957652e6_00019,m_59ab84a65ea3,time_window
d_time_c_b310957652e6_00020,m_8c78048d9c7e,time_window
d_time_c_b310957652e6_00021,m_f7180f4f0a94,time_window
d_time_c_b310957652e6_00022,m_db099e880152,time_window
d_time_c_bb05f6f851e2_00001,m_fa46325104d3,time_window
d_time_c_bb05f6f851e2_00002,m_edde88890437,time_window
d_time_c_bb05f6f851e2_00003,m_8674390a3a8a,time_window
d_time_c_bb05f6f851e2_00004,m_46caece4ca63,time_window
d_time_c_bb05f6f851e2_00004,m_749447e59498,time_window
d_time_c_bb05f6f851e2_00005,m_ceb8cf0ec064,time_window
d_time_c_bb05f6f851e2_00006,m_62d42de2c045,time_window
d_time_c_bb05f6f851e2_00007,m_428de5146774,time_window
d_time_c_bb05f6f851e2_00008,m_98c243ad6d48,time_window
d_time_c_bb05f6f851e2_00009,m_6feb1ccdc53d,time_window
d_time_c_bb05f6f851e2_00009,m_69b339e5095a,time_window
d_time_c_bb05f6f851e2_00010,m_33396ed88b02,time_window
d_time_c_bb05f6f851e2_00011,m_870f256d5611,time_window
d_time_c_bb05f6f851e2_00012,m_b1e161247fcb,time_window
d_time_c_bb05f6f851e2_00013,m_ce40d65c230e,time_window
d_time_c_bb05f6f851e2_00014,m_2d8152095383,time_window
d_time_c_bb05f6f851e2_00014,m_47beb864bec1,time_window
d_time_c_bb05f6f851e2_00014,m_6904d2e8dfc8,time_window
d_time_c_bb05f6f851e2_00015,m_95bd04dc0f3d,time_window
d_time_c_bb05f6f851e2_00016,m_6d5c40b11e1c,time_window
d_time_c_bb05f6f851e2_00017,m_1ad830d90ec4,time_window
d_time_c_bb05f6f851e2_00017,m_900a218fef8e,time_window
d_time_c_bb05f6f851e2_00017,m_817e8196f8df,time_window
d_time_c_bb05f6f851e2_00018,m_45b03dee5637,time_window
d_time_c_bb05f6f851e2_00019,m_d35d3f4c4856,time_window
d_time_c_bb05f6f851e2_00019,m_e3ccae77cab3,time_window
d_time_c_bb05f6f851e2_00019,m_9963cb468f25,time_window
d_time_c_bb05f6f851e2_00019,m_cefa04345718,time_window
d_time_c_bb05f6f851e2_00020,m_8ffe5466a208,time_window
d_time_c_bb05f6f851e2_00021,m_8737c27e768a,time_window
d_time_c_bb05f6f851e2_00021,m_8a23e995cc8a,time_window
d_time_c_bb05f6f851e2_00021,m_4c254e6ce6b0,time_window
d_time_c_bb05f6f851e2_00022,m_308602737d54,time_window
d_time_c_bb05f6f851e2_00023,m_136c71c55c2a,time_window
d_time_c_bb05f6f851e2_00024,m_22c639a33498,time_window
d_time_c_bb05f6f851e2_00025,m_3b00906fb5b9,time_window
d_time_c_bb05f6f851e2_00025,m_f51e91012095,time_window
d_time_c_bb05f6f851e2_00025,m_72c4060d0043,time_window
d_time_c_bb05f6f851e2_00026,m_79b98838065e,time_window
d_time_c_bb05f6f851e2_00027,m_33be381706a8,time_window
d_time_c_bb05f6f851e2_00027,m_719fa2bc7285,time_window
d_time_c_bb05f6f851e2_00027,m_ca04cbbfe416,time_window
d_time_c_bb05f6f851e2_00028,m_3ce19fdff424,time_window
d_time_c_bb05f6f851e2_00028,m_0b40b233e706,time_window
d_time_c_bb05f6f851e2_00029,m_6df0e48f85a3,time_window
d_time_c_bb05f6f851e2_00030,m_8e4d89b9a05f,time_window
d_time_c_bb05f6f851e2_00031,m_975556165e5c,time_window
d_time_c_bb05f6f851e2_00032,m_a4bc751743dc,time_window
d_time_c_bb05f6f851e2_00032,m_4a26926e05a9,time_window
d_time_c_bb05f6f851e2_00032,m_ce1564c42194,time_window
d_time_c_bb05f6f851e2_00032,m_2605d8afcc8d,time_window
d_time_c_bb05f6f851e2_00032,m_d05f7034e53d,time_window
d_time_c_bb05f6f851e2_00033,m_4b0b0007e5a0,time_window
d_time_c_bb05f6f851e2_00034,m_8e4fc0ead6ae,time_window
d_time_c_bb05f6f851e2_00035,m_2f0c0f3cf03d,time_window
d_time_c_bb05f6f851e2_00035,m_9f173d6d13d7,time_window
d_time_c_bb05f6f851e2_00036,m_3d06a6be7f49,time_window
d_time_c_bb05f6f851e2_00036,m_53faf944865d,time_window
d_time_c_bb05f6f851e2_00036,m_785d6bc6acca,time_window
d_time_c_bb05f6f851e2_00037,m_31df813ad592,time_window
d_time_c_bb05f6f851e2_00038,m_9031504c66f1,time_window
d_time_c_bb05f6f851e2_00038,m_161356e7580e,time_window
d_time_c_bb05f6f851e2_00039,m_39089b6f4b21,time_window
d_time_c_bb05f6f851e2_00040,m_4590694863bd,time_window
d_time_c_bb05f6f851e2_00040,m_2b3144eb315f,time_window
d_time_c_bb05f6f851e2_00041,m_aafe033e890c,time_window
d_time_c_bb05f6f851e2_00042,m_5d9d3779b5f1,time_window
d_time_c_bb05f6f851e2_00042,m_1c597f1c224e,time_window
d_time_c_bb05f6f851e2_00042,m_9aa71cd7568d,time_window
d_time_c_bb05f6f851e2_00043,m_4b53cdd9806c,time_window
d_time_c_bb05f6f851e2_00044,m_99c7b319660c,time_window
d_time_c_bb05f6f851e2_00045,m_4ce52c70ac51,time_window
d_time_c_bb05f6f851e2_00046,m_835b79d133cd,time_window
d_time_c_bb05f6f851e2_00047,m_70338712c152,time_window
d_time_c_bb05f6f851e2_00048,m_a95d2ed21034,time_window
d_time_c_bb05f6f851e2_00049,m_f69a2ba759fb,time_window
d_time_c_bb05f6f851e2_00050,m_c1fac89536ee,time_window
d_time_c_bb05f6f851e2_00051,m_7f2335f2e49f,time_window
d_time_c_bb05f6f851e2_00052,m_2d2a31d418a8,time_window
d_time_c_bb05f6f851e2_00053,m_403f71ed72ad,time_window
d_time_c_bb05f6f851e2_00054,m_17068ba920f6,time_window
d_time_c_bb05f6f851e2_00055,m_af319d75daa9,time_window
d_time_c_bb05f6f851e2_00056,m_d24078967042,time_window
d_time_c_bb05f6f851e2_00057,m_49ac997f9302,time_window
d_time_c_bb05f6f851e2_00058,m_1e80c40bbc00,time_window
d_time_c_bb05f6f851e2_00059,m_201b144ae593,time_window
d_time_c_bb05f6f851e2_00060,m_17c913f00d92,time_window
d_time_c_bb05f6f851e2_00060,m_6d139d001726,time_window
d_time_c_bb05f6f851e2_00061,m_bb045c4cb017,time_window
d_time_c_bb05f6f851e2_00062,m_d9cb7feb36ab,time_window
d_time_c_bb05f6f851e2_00062,m_afa8078500ca,time_window
d_time_c_bb05f6f851e2_00062,m_2087281a9193,time_window
d_time_c_bb05f6f851e2_00062,m_dee98bdf51f7,time_window
d_time_c_bb05f6f851e2_00062,m_8efd84a56186,time_window
d_time_c_bb05f6f851e2_00062,m_ac0e783f319d,time_window
d_time_c_bb05f6f851e2_00062,m_96786d6c9f21,time_window
d_time_c_bb05f6f851e2_00062,m_d1b3535f5a97,time_window
d_time_c_bb05f6f851e2_00063,m_d9a85965563c,time_window
d_time_c_bb05f6f851e2_00063,m_ab19a0595dd5,time_window
d_time_c_bb05f6f851e2_00064,m_eea70b0a5ddc,time_window
d_time_c_bb05f6f851e2_00065,m_eb420c9432ab,time_window
d_time_c_bb05f6f851e2_00066,m_8cbceb715c39,time_window
d_time_c_bb05f6f851e2_00066,m_c55fb307a022,time_window
d_time_c_bb05f6f851e2_00067,m_e265914f7c87,time_window
d_time_c_bb05f6f851e2_00068,m_61a0f24c6418,time_window
d_time_c_bb05f6f851e2_00069,m_dacd15ee25b3,time_window
d_time_c_bb05f6f851e2_00070,m_ff2e88e644f2,time_window
d_time_c_bb05f6f851e2_00071,m_d17d0bd97a13,time_window
d_time_c_bb05f6f851e2_00072,m_959dbdadad02,time_window
d_time_c_bb05f6f851e2_00073,m_754b8ed262e2,time_window
d_time_c_bb05f6f851e2_00073,m_a4f95fb56d2a,time_window
d_time_c_bb05f6f851e2_00073,m_2f3a187fd6b9,time_window
d_time_c_bb05f6f851e2_00074,m_af37088a5ae9,time_window
d_time_c_bb05f6f851e2_00074,m_3559e30fbf25,time_window
d_time_c_bb05f6f851e2_00075,m_5b4ffecfb6c0,time_window
d_time_c_bb05f6f851e2_00075,m_8f694a3628e0,time_window
d_time_c_bb05f6f851e2_00076,m_f550fca0b308,time_window
d_time_c_bb05f6f851e2_00076,m_7b9dfff35caf,time_window
d_time_c_bb05f6f851e2_00077,m_a12b12f77404,time_window
d_time_c_bb05f6f851e2_00077,m_10d42388e945,time_window
d_time_c_bb05f6f851e2_00077,m_aaf256d02126,time_window
d_time_c_bb05f6f851e2_00077,m_1d1c90bcc450,time_window
d_time_c_bb05f6f851e2_00077,m_6700cd1e2993,time_window
d_time_c_bb05f6f851e2_00078,m_adc53cc548de,time_window
d_time_c_bb05f6f851e2_00079,m_e6ed0351c363,time_window
d_time_c_bb05f6f851e2_00079,m_20f71df07b9f,time_window
d_time_c_bb05f6f851e2_00080,m_6e0c7e37663d,time_window
d_time_c_bb05f6f851e2_00080,m_509e2a4afcad,time_window
d_time_c_bb05f6f851e2_00080,m_fa5c34052561,time_window
d_time_c_bb05f6f851e2_00081,m_5d9fe35df7b9,time_window
d_time_c_bb05f6f851e2_00082,m_047832f49188,time_window
d_time_c_bb05f6f851e2_00083,m_c49274509fb6,time_window
d_time_c_bb05f6f851e2_00084,m_4a3f85741221,time_window
d_time_c_bb05f6f851e2_00085,m_8e2407fb7b43,time_window
d_time_c_bb05f6f851e2_00085,m_771a381956c9,time_window
d_time_c_bb05f6f851e2_00085,m_9d8d6dd697d4,time_window
d_time_c_bb05f6f851e2_00085,m_be48f0474d07,time_window
d_time_c_bb05f6f851e2_00085,m_fb59bcbd51cf,time_window
d_time_c_bb05f6f851e2_00086,m_19b4b8c7b71f,time_window
d_time_c_bb05f6f851e2_00087,m_5e2abeea8d16,time_window
d_time_c_bb05f6f851e2_00088,m_2fd62411f54f,time_window
d_time_c_bb05f6f851e2_00089,m_e916653f3239,time_window
d_time_c_bb05f6f851e2_00089,m_dcb0f30326b3,time_window
d_time_c_bb05f6f851e2_00090,m_37266a598f23,time_window
d_time_c_bb05f6f851e2_00090,m_0d024f2c81a1,time_window
d_time_c_bb05f6f851e2_00091,m_795e16dd90f7,time_window
d_time_c_bb05f6f851e2_00092,m_3005dd8d764c,time_window
d_time_c_bb05f6f851e2_00092,m_a92bf7709032,time_window
d_time_c_bb05f6f851e2_00093,m_5bc178006be3,time_window
d_time_c_bb05f6f851e2_00093,m_1eda8a442c0b,time_window
d_time_c_bb05f6f851e2_00093,m_08a6077633de,time_window
d_time_c_bb05f6f851e2_00094,m_e1e4b37c16ff,time_window
d_time_c_bb05f6f851e2_00094,m_560409f38964,time_window
d_time_c_bb05f6f851e2_00094,m_2ef3d28d095d,time_window
d_time_c_bb05f6f851e2_00094,m_29a7c3e9ef90,time_window
d_time_c_bb05f6f851e2_00094,m_404188582804,time_window
d_time_c_bb05f6f851e2_00094,m_88c60915e1df,time_window
d_time_c_bb05f6f851e2_00094,m_192a7535c59a,time_window
d_time_c_bb05f6f851e2_00095,m_9a7ac8d5253b,time_window
d_time_c_bb05f6f851e2_00095,m_6c53a622db7a,time_window
d_time_c_bb05f6f851e2_00096,m_e3d9c601489f,time_window
d_time_c_bb05f6f851e2_00096,m_9f4d7f70ac64,time_window
d_time_c_bb05f6f851e2_00097,m_cee2cd568014,time_window
d_time_c_bb05f6f851e2_00097,m_4ca1200bca32,time_window
d_time_c_bb05f6f851e2_00098,m_19673bae85b7,time_window
d_time_c_bb05f6f851e2_00099,m_0b840e9c5a7d,time_window
d_time_c_bb05f6f851e2_00100,m_b047cc9779cc,time_window
d_time_c_bb05f6f851e2_00101,m_9d9acf0227aa,time_window
d_time_c_bb05f6f851e2_00101,m_22ff0d78adad,time_window
d_time_c_bb05f6f851e2_00102,m_007b8ec2dff3,time_window
d_time_c_bb05f6f851e2_00102,m_e7a84a9e6d0a,time_window
d_time_c_bb05f6f851e2_00102,m_6276d09f5ed8,time_window
d_time_c_bb05f6f851e2_00103,m_4e717c391f19,time_window
d_time_c_bb05f6f851e2_00103,m_11b36edc472a,time_window
d_time_c_bb05f6f851e2_00104,m_9b13114eb759,time_window
d_time_c_bb05f6f851e2_00105,m_3c08e0ea1cf3,time_window
d_time_c_bb05f6f851e2_00105,m_4757ea1e64d6,time_window
d_time_c_bb05f6f851e2_00106,m_5b9a28aaad1d,time_window
d_time_c_bb05f6f851e2_00106,m_f7902ef08267,time_window
d_time_c_bb05f6f851e2_00106,m_3420a91b71a0,time_window
d_time_c_bb05f6f851e2_00106,m_65a356538537,time_window
d_time_c_bb05f6f851e2_00107,m_43d167656b33,time_window
d_time_c_bb05f6f851e2_00108,m_e23f4fe74989,time_window
d_time_c_bb05f6f851e2_00109,m_c85d032b77b1,time_window
d_time_c_bb05f6f851e2_00110,m_1ef80fe99652,time_window
d_time_c_bb05f6f851e2_00111,m_9b8286d10464,time_window
d_time_c_bb05f6f851e2_00111,m_e8784d49cdd7,time_window
d_time_c_bb05f6f851e2_00111,m_1cf26983c0d0,time_window
d_time_c_bb05f6f851e2_00111,m_ca2212fa559c,time_window
d_time_c_bb05f6f851e2_00111,m_d8c6e40bc6ee,time_window
d_time_c_bb05f6f851e2_00112,m_6f0fcbcd117c,time_window
d_time_c_bb05f6f851e2_00113,m_ebca70963c64,time_window
d_time_c_bb05f6f851e2_00114,m_c88ec0a4e871,time_window
d_time_c_bb05f6f851e2_00115,m_c485e03cc5fd,time_window
d_time_c_bb05f6f851e2_00116,m_7af1da4f081c,time_window
d_time_c_bb05f6f851e2_00116,m_50fd8cb6879e,time_window
d_time_c_bb05f6f851e2_00117,m_058066d7491e,time_window
d_time_c_bb05f6f851e2_00117,m_d79e706a4a2d,time_window
d_time_c_bb05f6f851e2_00118,m_e9eda945b956,time_window
d_time_c_bb05f6f851e2_00118,m_193d40559da1,time_window
d_time_c_bb05f6f851e2_00118,m_75291d9ace42,time_window
d_time_c_bb05f6f851e2_00118,m_322d76ccc3c7,time_window
d_time_c_bb05f6f851e2_00118,m_fa7ac431938e,time_window
d_time_c_bb05f6f851e2_00119,m_12cb0845a29d,time_window
d_time_c_bb05f6f851e2_00120,m_5f3db965c8b4,time_window
d_time_c_bb05f6f851e2_00120,m_0b62e961d044,time_window
d_time_c_bb05f6f851e2_00121,m_4c66fe317796,time_window
d_time_c_bb05f6f851e2_00122,m_decb31ad4a1f,time_window
d_time_c_bb05f6f851e2_00122,m_8adab4981961,time_window
d_time_c_bdf533c63b2a_00001,m_3aad0c7d3123,time_window
d_time_c_bdf533c63b2a_00002,m_72b08fcc5546,time_window
d_time_c_bdf533c63b2a_00003,m_69ea1c5cfb50,time_window
d_time_c_bdf533c63b2a_00004,m_408a06d76ef6,time_window
d_time_c_bdf533c63b2a_00005,m_3f927d15f926,time_window
d_time_c_bdf533c63b2a_00006,m_c10e87cb409a,time_window
d_time_c_bdf533c63b2a_00007,m_5edf1046e891,time_window
d_time_c_bdf533c63b2a_00008,m_c5b8895a1bed,time_window
d_time_c_bdf533c63b2a_00008,m_b5504e5e3761,time_window
d_time_c_bdf533c63b2a_00008,m_1895dd2bd5e8,time_window
d_time_c_bdf533c63b2a_00009,m_f47cca89ac0b,time_window
d_time_c_bdf533c63b2a_00010,m_03f3fea99506,time_window
d_time_c_bdf533c63b2a_00011,m_b8f437fab351,time_window
d_time_c_bdf533c63b2a_00012,m_34e4c366d981,time_window
d_time_c_bdf533c63b2a_00013,m_d6fd9ac4a4f5,time_window
d_time_c_bdf533c63b2a_00014,m_9bf0cd088d76,time_window
d_time_c_bdf533c63b2a_00015,m_89883fca27b9,time_window
d_time_c_bdf533c63b2a_00016,m_66410c9e1012,time_window
d_time_c_bdf533c63b2a_00016,m_917d52d2bc19,time_window
d_time_c_bdf533c63b2a_00017,m_0c37d908eb53,time_window
d_time_c_bdf533c63b2a_00018,m_8940eea641a0,time_window
d_time_c_c345cf0f1350_00001,m_872d7e50e196,time_window
d_time_c_c345cf0f1350_00002,m_0a15ebd47547,time_window
d_time_c_c345cf0f1350_00003,m_a7974442b20a,time_window
d_time_c_c345cf0f1350_00003,m_22fbd94990e0,time_window
d_time_c_c345cf0f1350_00004,m_4899527488c1,time_window
d_time_c_c345cf0f1350_00005,m_b9abd142fcb4,time_window
d_time_c_c345cf0f1350_00006,m_5aca808c1e53,time_window
d_time_c_c345cf0f1350_00006,m_0e638c2505fe,time_window
d_time_c_c345cf0f1350_00007,m_877d7b76c537,time_window
d_time_c_c345cf0f1350_00007,m_6bba6d8ac18c,time_window
d_time_c_c345cf0f1350_00008,m_5bb3d284efc2,time_window
d_time_c_c345cf0f1350_00009,m_b279dbf8cd18,time_window
d_time_c_c345cf0f1350_00009,m_f072f9e0301d,time_window
d_time_c_c345cf0f1350_00009,m_68354ee16b19,time_window
d_time_c_c345cf0f1350_00009,m_a4751cabcab3,time_window
d_time_c_c345cf0f1350_00010,m_4c5ee5d5cc8b,time_window
d_time_c_c345cf0f1350_00011,m_0827f50459dd,time_window
d_time_c_c345cf0f1350_00012,m_633e669abd0f,time_window
d_time_c_c345cf0f1350_00013,m_b2999087db60,time_window
d_time_c_c345cf0f1350_00013,m_198c0f375abd,time_window
d_time_c_c345cf0f1350_00014,m_af0be0f06489,time_window
d_time_c_c345cf0f1350_00014,m_4e8df4a5509a,time_window
d_time_c_c345cf0f1350_00014,m_65b71e4e6a6b,time_window
d_time_c_c345cf0f1350_00014,m_777b5aa6806e,time_window
d_time_c_c345cf0f1350_00014,m_1384aba99190,time_window
d_time_c_c345cf0f1350_00014,m_4713ebdbbe2d,time_window
d_time_c_c345cf0f1350_00014,m_161b9442cba2,time_window
d_time_c_c345cf0f1350_00015,m_f35bc9286ee2,time_window
d_time_c_c345cf0f1350_00015,m_3aaedc0ca72e,time_window
d_time_c_c345cf0f1350_00015,m_018adb93179b,time_window
d_time_c_c345cf0f1350_00016,m_5603542fff66,time_window
d_time_c_c345cf0f1350_00017,m_d78021d35af8,time_window
d_time_c_c345cf0f1350_00017,m_64101d61e8cd,time_window
d_time_c_c345cf0f1350_00017,m_92788f47019a,time_window
d_time_c_c345cf0f1350_00018,m_13137a3f9a1a,time_window
d_time_c_c345cf0f1350_00018,m_e0914b966229,time_window
d_time_c_c345cf0f1350_00019,m_0070661fa657,time_window
d_time_c_c345cf0f1350_00020,m_2c1e99448fce,time_window
d_time_c_c345cf0f1350_00021,m_589904c9af16,time_window
d_time_c_c345cf0f1350_00021,m_2aa6a7b54aca,time_window
d_time_c_c345cf0f1350_00021,m_464f3da3aa66,time_window
d_time_c_c345cf0f1350_00022,m_3f9c8bdf98f2,time_window
d_time_c_c345cf0f1350_00022,m_956fccef02ee,time_window
d_time_c_c345cf0f1350_00023,m_186f2b7c3a29,time_window
d_time_c_c345cf0f1350_00023,m_afc0e02cb87d,time_window
d_time_c_c345cf0f1350_00023,m_ec08fe476c64,time_window
d_time_c_c345cf0f1350_00023,m_6032dbc64c9c,time_window
d_time_c_c345cf0f1350_00023,m_f6723f96f355,time_window
d_time_c_c345cf0f1350_00023,m_3b77865637aa,time_window
d_time_c_c345cf0f1350_00023,m_8cc9c03bce18,time_window
d_time_c_c345cf0f1350_00023,m_fb4de22524fd,time_window
d_time_c_c345cf0f1350_00024,m_e2b7b5aeaba3,time_window
d_time_c_c345cf0f1350_00024,m_da4b10406e4c,time_window
d_time_c_c345cf0f1350_00024,m_c9a49db3cfdc,time_window
d_time_c_c345cf0f1350_00025,m_5fa052a84c72,time_window
d_time_c_c345cf0f1350_00025,m_50ca45112ae4,time_window
d_time_c_c345cf0f1350_00026,m_af5342f262ba,time_window
d_time_c_c345cf0f1350_00026,m_dd68b1176460,time_window
d_time_c_c345cf0f1350_00026,m_aeaef4f4da54,time_window
d_time_c_c345cf0f1350_00027,m_0f04b8221687,time_window
d_time_c_c345cf0f1350_00028,m_d9e2e1caecdd,time_window
d_time_c_c345cf0f1350_00029,m_8e4d7d46b25d,time_window
d_time_c_c345cf0f1350_00030,m_b35bcc636ca6,time_window
d_time_c_c345cf0f1350_00031,m_74e37cf09286,time_window
d_time_c_c345cf0f1350_00032,m_0601016fa75b,time_window
d_time_c_c345cf0f1350_00033,m_4905efea8f0e,time_window
d_time_c_c345cf0f1350_00034,m_b2b1780e5c1e,time_window
d_time_c_c345cf0f1350_00034,m_16961e3a1501,time_window
d_time_c_c345cf0f1350_00034,m_a70a5397abbb,time_window
d_time_c_c345cf0f1350_00034,m_06b5c1f5b4e3,time_window
d_time_c_c345cf0f1350_00034,m_e31d09f2122e,time_window
d_time_c_c345cf0f1350_00035,m_a54b1a25a73b,time_window
d_time_c_c345cf0f1350_00035,m_2da7d14a9a51,time_window
d_time_c_c345cf0f1350_00035,m_9affbffa32d2,time_window
d_time_c_c345cf0f1350_00035,m_0a6018fbd4ea,time_window
d_time_c_c345cf0f1350_00035,m_83cfaa2bfb9c,time_window
d_time_c_c345cf0f1350_00035,m_4ecf6a29afd6,time_window
d_time_c_c345cf0f1350_00035,m_15d6a6fbf264,time_window
d_time_c_c345cf0f1350_00035,m_5ecc33102c07,time_window
d_time_c_c345cf0f1350_00036,m_c322d023265a,time_window
d_time_c_c345cf0f1350_00037,m_34ddd27b6162,time_window
d_time_c_c345cf0f1350_00037,m_7aaa7756b96f,time_window
d_time_c_c345cf0f1350_00037,m_a7b59701dc9c,time_window
d_time_c_c345cf0f1350_00037,m_450a4fdd7180,time_window
d_time_c_c345cf0f1350_00038,m_5be673b1665b,time_window
d_time_c_c345cf0f1350_00038,m_ece176882ca8,time_window
d_time_c_c345cf0f1350_00039,m_4fb7e7be6cdb,time_window
d_time_c_c345cf0f1350_00040,m_388ee3d9b799,time_window
d_time_c_c345cf0f1350_00041,m_c1a7d37bbf9c,time_window
d_time_c_c345cf0f1350_00042,m_01fac15dcd9a,time_window
d_time_c_c345cf0f1350_00043,m_5c20793420c8,time_window
d_time_c_c345cf0f1350_00043,m_a289362f7076,time_window
d_time_c_c345cf0f1350_00044,m_d836e16eeace,time_window
d_time_c_c345cf0f1350_00045,m_3b853b9dcd6d,time_window
d_time_c_c345cf0f1350_00046,m_5782d8937005,time_window
d_time_c_c345cf0f1350_00047,m_19ba9718da7e,time_window
d_time_c_c345cf0f1350_00048,m_a63b8ad0d1a8,time_window
d_time_c_c345cf0f1350_00049,m_deb1be4b4e25,time_window
d_time_c_c345cf0f1350_00049,m_e6c41e92f13d,time_window
d_time_c_c345cf0f1350_00050,m_4ee1be7108ab,time_window
d_time_c_c345cf0f1350_00051,m_e27ea97fc8b1,time_window
d_time_c_c345cf0f1350_00052,m_8e16c0bfb5cc,time_window
d_time_c_c345cf0f1350_00053,m_f269e81984d7,time_window
d_time_c_c345cf0f1350_00054,m_89d2a762e785,time_window
d_time_c_c345cf0f1350_00055,m_b1e2ce2458fb,time_window
d_time_c_c345cf0f1350_00056,m_ce1d2d6feff9,time_window
d_time_c_c345cf0f1350_00057,m_0ed83b172b2b,time_window
d_time_c_c345cf0f1350_00058,m_4eaf5c6bb3a7,time_window
d_time_c_c345cf0f1350_00059,m_378e4d469a98,time_window
d_time_c_c345cf0f1350_00060,m_c2dad7526592,time_window
d_time_c_c345cf0f1350_00061,m_009bec8944b9,time_window
d_time_c_c345cf0f1350_00062,m_5efbd3d41608,time_window
d_time_c_c345cf0f1350_00063,m_d83abe41de8c,time_window
d_time_c_c345cf0f1350_00064,m_f6739c65f433,time_window
d_time_c_c345cf0f1350_00064,m_cffb4d12e9b3,time_window
d_time_c_c345cf0f1350_00065,m_0a48311fa279,time_window
d_time_c_c345cf0f1350_00066,m_e3c81bf4b052,time_window
d_time_c_c345cf0f1350_00066,m_8e9e6d434da2,time_window
d_time_c_c345cf0f1350_00066,m_0ae15a5edc82,time_window
d_time_c_c345cf0f1350_00067,m_a7dbc6bec22f,time_window
d_time_c_c345cf0f1350_00068,m_ca267ece9a57,time_window
d_time_c_c345cf0f1350_00068,m_e6bbe0630bfe,time_window
d_time_c_c345cf0f1350_00069,m_7533f7052789,time_window
d_time_c_c345cf0f1350_00069,m_4784ae78d920,time_window
d_time_c_c345cf0f1350_00070,m_91064a44df05,time_window
d_time_c_c345cf0f1350_00071,m_1f34ce7f3544,time_window
d_time_c_c345cf0f1350_00072,m_194bbbd24c69,time_window
d_time_c_c345cf0f1350_00073,m_4f3cfac5d3ed,time_window
d_time_c_c345cf0f1350_00073,m_05aa81cd23ee,time_window
d_time_c_c345cf0f1350_00074,m_687e71972892,time_window
d_time_c_c345cf0f1350_00075,m_0fbbe8c98f47,time_window
d_time_c_c345cf0f1350_00075,m_7e98ebb8ca72,time_window
d_time_c_c345cf0f1350_00075,m_914e81bf4e1b,time_window
d_time_c_c345cf0f1350_00075,m_68707de1b8bd,time_window
d_time_c_c345cf0f1350_00075,m_ab15ceece6c5,time_window
d_time_c_c345cf0f1350_00075,m_fb3720bdf511,time_window
d_time_c_c345cf0f1350_00075,m_2739785c6694,time_window
d_time_c_c345cf0f1350_00076,m_f7b85c738a2f,time_window
d_time_c_c345cf0f1350_00076,m_274941f380f0,time_window
d_time_c_c345cf0f1350_00076,m_236f94e76b73,time_window
d_time_c_c345cf0f1350_00076,m_92f38f260d26,time_window
d_time_c_c345cf0f1350_00077,m_71bbe51d2896,time_window
d_time_c_c345cf0f1350_00078,m_79e2fa7b99b4,time_window
d_time_c_c345cf0f1350_00079,m_b8ca069aec18,time_window
d_time_c_c345cf0f1350_00080,m_40dbb04dea32,time_window
d_time_c_c345cf0f1350_00081,m_3aff451aff61,time_window
d_time_c_c345cf0f1350_00081,m_9a6f9b8e88f2,time_window
d_time_c_c345cf0f1350_00081,m_7e81d67d3357,time_window
d_time_c_c345cf0f1350_00081,m_edc2558089bd,time_window
d_time_c_c345cf0f1350_00082,m_10bd45fccec9,time_window
d_time_c_c345cf0f1350_00082,m_3cb9495036a7,time_window
d_time_c_c345cf0f1350_00083,m_7815a95c8a65,time_window
d_time_c_c345cf0f1350_00083,m_c3da6fc3dbc9,time_window
d_time_c_c345cf0f1350_00083,m_465b07c41907,time_window
d_time_c_c345cf0f1350_00084,m_feec24f1d80d,time_window
d_time_c_c345cf0f1350_00085,m_71f85fecf2d4,time_window
d_time_c_c664df830ba6_00001,m_f6d5ec093d0b,time_window
d_time_c_c664df830ba6_00002,m_7f8ddfe4af55,time_window
d_time_c_c664df830ba6_00003,m_dab6e97d0ac4,time_window
d_time_c_c664df830ba6_00004,m_d84649e53c1b,time_window
d_time_c_c7d110af049c_00001,m_90bea51e45c1,time_window
d_time_c_c7d110af049c_00002,m_cc3b32ad5b45,time_window
d_time_c_c7d110af049c_00002,m_32457df787ca,time_window
d_time_c_c7d110af049c_00003,m_8b454a69e278,time_window
d_time_c_c7d110af049c_00004,m_52af65b76acc,time_window
d_time_c_c7d110af049c_00005,m_054e8134ab53,time_window
d_time_c_c7d110af049c_00005,m_deb22e98885b,time_window
d_time_c_c7d110af049c_00005,m_203728920b03,time_window
d_time_c_c7d110af049c_00005,m_f770d0524381,time_window
d_time_c_c7d110af049c_00006,m_02d6c2f0968b,time_window
d_time_c_c7d110af049c_00007,m_19723033b298,time_window
d_time_c_c7d110af049c_00008,m_e00c1b838ae0,time_window
d_time_c_c7d110af049c_00009,m_09988ca3aa7d,time_window
d_time_c_c7d110af049c_00009,m_360f5a3d0a30,time_window
d_time_c_c7d110af049c_00010,m_73831eb49231,time_window
d_time_c_c7d110af049c_00010,m_028d789da695,time_window
d_time_c_c7d110af049c_00011,m_da0a054328b3,time_window
d_time_c_c7d110af049c_00012,m_aa0d3f09b715,time_window
d_time_c_c7d110af049c_00013,m_63e24eb9bc14,time_window
d_time_c_c7d110af049c_00014,m_efc4079cf88f,time_window
d_time_c_c7d110af049c_00015,m_101e83b65ccb,time_window
d_time_c_c7d110af049c_00016,m_492c52f32c3f,time_window
d_time_c_c7d110af049c_00016,m_b9b811c9ebf7,time_window
d_time_c_c7d110af049c_00017,m_c62ed19d774c,time_window
d_time_c_c7d110af049c_00018,m_fa87f071d945,time_window
d_time_c_c7d110af049c_00019,m_37ddaa13d45d,time_window
d_time_c_c7d110af049c_00020,m_16bc74373249,time_window
d_time_c_ccc58eb1be09_00001,m_ac258e19f62e,time_window
d_time_c_cd77d4cf7c43_00001,m_e0bd847bb752,time_window
d_time_c_cd77d4cf7c43_00002,m_80034665dbee,time_window
d_time_c_cd77d4cf7c43_00002,m_5bc124d904ea,time_window
d_time_c_cd77d4cf7c43_00002,m_b87753e2eced,time_window
d_time_c_cd77d4cf7c43_00002,m_6ef3eb164d21,time_window
d_time_c_cd77d4cf7c43_00002,m_c04c5f9d2889,time_window
d_time_c_cd77d4cf7c43_00002,m_2bfc036bb33f,time_window
d_time_c_cd77d4cf7c43_00002,m_b6dfa65d617b,time_window
d_time_c_cd77d4cf7c43_00002,m_e96a733da837,time_window
d_time_c_cd77d4cf7c43_00002,m_43a9f5cc4bc0,time_window
d_time_c_cd77d4cf7c43_00002,m_0d3291b36f42,time_window
d_time_c_cd77d4cf7c43_00002,m_a4656b057a19,time_window
d_time_c_cd77d4cf7c43_00002,m_2512a16a22dc,time_window
d_time_c_cd77d4cf7c43_00002,m_5d575befff00,time_window
d_time_c_cd77d4cf7c43_00002,m_26dc8e69de79,time_window
d_time_c_cd77d4cf7c43_00003,m_5042bf444c32,time_window
d_time_c_cd77d4cf7c43_00003,m_e2e628384497,time_window
d_time_c_cd77d4cf7c43_00003,m_1486a7c2da27,time_window
d_time_c_cd77d4cf7c43_00003,m_e4c0ef96afe4,time_window
d_time_c_cd77d4cf7c43_00003,m_01f268fb6070,time_window
d_time_c_cd77d4cf7c43_00003,m_24ca2fab34e8,time_window
d_time_c_cd77d4cf7c43_00003,m_2df788d764ad,time_window
d_time_c_cd77d4cf7c43_00003,m_65044f4a4fc7,time_window
d_time_c_cd77d4cf7c43_00003,m_b7c217d0eb65,time_window
d_time_c_cd77d4cf7c43_00003,m_a3d683d53407,time_window
d_time_c_cd77d4cf7c43_00003,m_ce8a4d677796,time_window
d_time_c_cd77d4cf7c43_00003,m_e30b360bfa7e,time_window
d_time_c_cd77d4cf7c43_00003,m_16de8c7d08bd,time_window
d_time_c_cd77d4cf7c43_00003,m_c02ed5dfd0e2,time_window
d_time_c_cd77d4cf7c43_00003,m_fb868df0ffc3,time_window
d_time_c_cd77d4cf7c43_00004,m_411ebc8b5c50,time_window
d_time_c_cd77d4cf7c43_00005,m_ea4aa49a6e04,time_window
d_time_c_cd77d4cf7c43_00005,m_305eca1a07b3,time_window
d_time_c_cd77d4cf7c43_00006,m_5e50efb70262,time_window
d_time_c_cd77d4cf7c43_00006,m_945d39278da2,time_window
d_time_c_cd77d4cf7c43_00006,m_fba826f4bb81,time_window
d_time_c_cd77d4cf7c43_00006,m_0358ffcfbb80,time_window
d_time_c_cd77d4cf7c43_00006,m_d1f8e17616b4,time_window
d_time_c_cd77d4cf7c43_00006,m_0971c7d6c0e3,time_window
d_time_c_cd77d4cf7c43_00006,m_a6d69a1899cc,time_window
d_time_c_cd77d4cf7c43_00007,m_93af8044ec7b,time_window
d_time_c_cd77d4cf7c43_00007,m_bbc42898454b,time_window
d_time_c_cd77d4cf7c43_00008,m_418d2d58f0e9,time_window
d_time_c_cd77d4cf7c43_00008,m_22cad5a3e08d,time_window
d_time_c_cd77d4cf7c43_00008,m_dcb1f2dbcdc9,time_window
d_time_c_cd77d4cf7c43_00008,m_4b1b4f1f17cb,time_window
d_time_c_cd77d4cf7c43_00008,m_3226d3b8d0ed,time_window
d_time_c_cd77d4cf7c43_00008,m_1e4a12523d7b,time_window
d_time_c_cd77d4cf7c43_00008,m_7af29c7df518,time_window
d_time_c_cd77d4cf7c43_00008,m_ea7cbbdc7bf9,time_window
d_time_c_cd77d4cf7c43_00009,m_85cbae3e9110,time_window
d_time_c_cd77d4cf7c43_00009,m_c0dd4046d52e,time_window
d_time_c_cd77d4cf7c43_00010,m_4e435a396493,time_window
d_time_c_cd77d4cf7c43_00011,m_5930fa3b0b28,time_window
d_time_c_cd77d4cf7c43_00011,m_e54370c97ff8,time_window
d_time_c_cd77d4cf7c43_00012,m_c6ca6c560c05,time_window
d_time_c_cd77d4cf7c43_00012,m_035a811ad635,time_window
d_time_c_cd77d4cf7c43_00012,m_572b98e14208,time_window
d_time_c_cd77d4cf7c43_00013,m_1ba04ab67f70,time_window
d_time_c_cd77d4cf7c43_00013,m_4887e29fe732,time_window
d_time_c_cd77d4cf7c43_00013,m_e67e3b89354d,time_window
d_time_c_cd77d4cf7c43_00013,m_737e43b1524e,time_window
d_time_c_cd77d4cf7c43_00013,m_d9555ad251f8,time_window
d_time_c_cd77d4cf7c43_00013,m_d6a2245f3964,time_window
d_time_c_cd77d4cf7c43_00013,m_181cfc2971c4,time_window
d_time_c_cd77d4cf7c43_00013,m_289295c62f70,time_window
d_time_c_cd77d4cf7c43_00013,m_17aaf20390c2,time_window
d_time_c_cd77d4cf7c43_00013,m_31676f951754,time_window
d_time_c_cd77d4cf7c43_00013,m_43af7739c447,time_window
d_time_c_cd77d4cf7c43_00014,m_b86115510023,time_window
d_time_c_cd77d4cf7c43_00014,m_f44a4432b89a,time_window
d_time_c_cd77d4cf7c43_00015,m_e1a21068b69b,time_window
d_time_c_cd77d4cf7c43_00015,m_8801d494c5ef,time_window
d_time_c_cd77d4cf7c43_00015,m_0cb7dddd0182,time_window
d_time_c_cd77d4cf7c43_00015,m_1899f3eec707,time_window
d_time_c_cd77d4cf7c43_00016,m_1eab6a3ccfee,time_window
d_time_c_cd77d4cf7c43_00016,m_320e82de3c10,time_window
d_time_c_cd77d4cf7c43_00016,m_46fe22ee3e54,time_window
d_time_c_cd77d4cf7c43_00016,m_abaeda7f4a48,time_window
d_time_c_cd77d4cf7c43_00016,m_7cd71e2f6829,time_window
d_time_c_cd77d4cf7c43_00016,m_c8e4a256a9a7,time_window
d_time_c_cd77d4cf7c43_00017,m_6318820fcff3,time_window
d_time_c_cd77d4cf7c43_00018,m_965869945ae7,time_window
d_time_c_cd77d4cf7c43_00018,m_aef2731ed4c3,time_window
d_time_c_cd77d4cf7c43_00018,m_8a3a08df966b,time_window
d_time_c_cd77d4cf7c43_00019,m_57da314a74d8,time_window
d_time_c_cd77d4cf7c43_00020,m_2c0dd93ac559,time_window
d_time_c_cd77d4cf7c43_00020,m_0883ac1e07f1,time_window
d_time_c_cd77d4cf7c43_00021,m_0b453227a41b,time_window
d_time_c_cd77d4cf7c43_00022,m_b023c1529da2,time_window
d_time_c_cd77d4cf7c43_00023,m_bae0875ee20a,time_window
d_time_c_cd77d4cf7c43_00024,m_a0b64e6af5d8,time_window
d_time_c_cd77d4cf7c43_00025,m_fe5810c700f9,time_window
d_time_c_cd77d4cf7c43_00026,m_edc3b7213135,time_window
d_time_c_cd77d4cf7c43_00026,m_b3c9dac30d43,time_window
d_time_c_cd77d4cf7c43_00027,m_d2fcde619a62,time_window
d_time_c_cd77d4cf7c43_00028,m_47c38fbac8c2,time_window
d_time_c_cd77d4cf7c43_00028,m_b9057977b807,time_window
d_time_c_cd77d4cf7c43_00029,m_785bc47f0675,time_window
d_time_c_cd77d4cf7c43_00029,m_7197c1b13f3f,time_window
d_time_c_cd77d4cf7c43_00030,m_7c1cadea0c8b,time_window
d_time_c_cd77d4cf7c43_00031,m_21f73dcf53a0,time_window
d_time_c_cd77d4cf7c43_00031,m_34fe652b7b89,time_window
d_time_c_cd77d4cf7c43_00032,m_e8bcaecd2dac,time_window
d_time_c_cd77d4cf7c43_00032,m_133ec45b53df,time_window
d_time_c_cd77d4cf7c43_00032,m_6f2c1cd77a15,time_window
d_time_c_cd77d4cf7c43_00032,m_00532659950e,time_window
d_time_c_cd77d4cf7c43_00032,m_584ba4ccf5f2,time_window
d_time_c_cd77d4cf7c43_00032,m_6865ece44d11,time_window
d_time_c_cd77d4cf7c43_00032,m_83f8b2ad44db,time_window
d_time_c_cd77d4cf7c43_00032,m_3bf84fbba8ef,time_window
d_time_c_cd77d4cf7c43_00032,m_3e397fc97583,time_window
d_time_c_cd77d4cf7c43_00032,m_a6ad8d517e1a,time_window
d_time_c_cd77d4cf7c43_00032,m_6ec9239ea580,time_window
d_time_c_cd77d4cf7c43_00032,m_ae7ab1eb0ebd,time_window
d_time_c_cd77d4cf7c43_00032,m_0de742b92dee,time_window
d_time_c_cd77d4cf7c43_00032,m_a2b65b2ffed8,time_window
d_time_c_cd77d4cf7c43_00033,m_5082fd15f16a,time_window
d_time_c_cd77d4cf7c43_00034,m_1724cfdc6e85,time_window
d_time_c_cd77d4cf7c43_00034,m_d349b5f393a3,time_window
d_time_c_cd77d4cf7c43_00034,m_185316ca12f6,time_window
d_time_c_cd77d4cf7c43_00034,m_5fef2c765bbe,time_window
d_time_c_cd77d4cf7c43_00035,m_926117a44ede,time_window
d_time_c_cd77d4cf7c43_00036,m_79e81a56d58a,time_window
d_time_c_cd77d4cf7c43_00037,m_fab5b25b702d,time_window
d_time_c_cd77d4cf7c43_00038,m_cc533754cb53,time_window
d_time_c_cd77d4cf7c43_00038,m_f276af272960,time_window
d_time_c_cd77d4cf7c43_00038,m_f7587ad7f43a,time_window
d_time_c_cd77d4cf7c43_00039,m_7b7e8052add7,time_window
d_time_c_cd77d4cf7c43_00040,m_9e58b57ec034,time_window
d_time_c_cd77d4cf7c43_00041,m_b23336198f19,time_window
d_time_c_cd77d4cf7c43_00042,m_5d2d842fce62,time_window
d_time_c_cd77d4cf7c43_00042,m_ded2fad7f6e8,time_window
d_time_c_cd77d4cf7c43_00042,m_b7ddf65defde,time_window
d_time_c_cd77d4cf7c43_00043,m_a553ddf7904c,time_window
d_time_c_cd77d4cf7c43_00044,m_fff5f584774e,time_window
d_time_c_cd77d4cf7c43_00044,m_980e8ef6beb7,time_window
d_time_c_cd77d4cf7c43_00045,m_36274eddb3a0,time_window
d_time_c_cd77d4cf7c43_00046,m_784dc7fc8675,time_window
d_time_c_cd77d4cf7c43_00046,m_44bf7bb98312,time_window
d_time_c_cd77d4cf7c43_00046,m_fac885f559c3,time_window
d_time_c_cd77d4cf7c43_00047,m_d528475f1ff7,time_window
d_time_c_cd77d4cf7c43_00048,m_1fc75e85603d,time_window
d_time_c_cd77d4cf7c43_00048,m_5be3bfbf2af8,time_window
d_time_c_cd77d4cf7c43_00048,m_e48fae055155,time_window
d_time_c_cd77d4cf7c43_00048,m_366ab3d6abc7,time_window
d_time_c_cd77d4cf7c43_00049,m_2bbc40c64eac,time_window
d_time_c_cd77d4cf7c43_00050,m_f88c1d4cf4d7,time_window
d_time_c_cd77d4cf7c43_00050,m_854e84af0cbf,time_window
d_time_c_cd77d4cf7c43_00051,m_293faf75353f,time_window
d_time_c_cd77d4cf7c43_00052,m_62cd8e4a655a,time_window
d_time_c_cd77d4cf7c43_00052,m_629690031b80,time_window
d_time_c_cd77d4cf7c43_00052,m_8cc8bd8b3fd1,time_window
d_time_c_cd77d4cf7c43_00052,m_4dfad9692a7f,time_window
d_time_c_cd77d4cf7c43_00052,m_5fd8a34b9433,time_window
d_time_c_cd77d4cf7c43_00052,m_bda425dbd588,time_window
d_time_c_cd77d4cf7c43_00053,m_44c0aad3ad6c,time_window
d_time_c_cd77d4cf7c43_00053,m_6c821a66bb38,time_window
d_time_c_cd77d4cf7c43_00053,m_f8061e0a34ac,time_window
d_time_c_cd77d4cf7c43_00054,m_19741d0f3054,time_window
d_time_c_cd77d4cf7c43_00054,m_1b0ecc8d948a,time_window
d_time_c_cd77d4cf7c43_00054,m_25e134269e1f,time_window
d_time_c_cd77d4cf7c43_00055,m_605fe120202b,time_window
d_time_c_cd77d4cf7c43_00055,m_bc6d161f7b9b,time_window
d_time_c_cd77d4cf7c43_00055,m_54f2c5e9b524,time_window
d_time_c_cd77d4cf7c43_00056,m_cc7b603030c5,time_window
d_time_c_cd77d4cf7c43_00057,m_cfcb38fe053c,time_window
d_time_c_cd77d4cf7c43_00057,m_d7fef9726b41,time_window
d_time_c_cd77d4cf7c43_00058,m_a8e6329310bc,time_window
d_time_c_cd77d4cf7c43_00059,m_614b0c9f476e,time_window
d_time_c_cd77d4cf7c43_00059,m_624e1a37177a,time_window
d_time_c_cd77d4cf7c43_00060,m_f4da373ac44c,time_window
d_time_c_cd77d4cf7c43_00061,m_8948aa95ef3f,time_window
d_time_c_cd77d4cf7c43_00061,m_d2a4175a1357,time_window
d_time_c_cd77d4cf7c43_00061,m_40a0ea428847,time_window
d_time_c_cd77d4cf7c43_00062,m_9f958417d05a,time_window
d_time_c_cd77d4cf7c43_00063,m_c5e1c1e8f2f5,time_window
d_time_c_cd77d4cf7c43_00064,m_c8fda5b961a2,time_window
d_time_c_cd77d4cf7c43_00064,m_7c426cb32119,time_window
d_time_c_cd77d4cf7c43_00064,m_904dccb23efd,time_window
d_time_c_cd77d4cf7c43_00064,m_dd82bed3220a,time_window
d_time_c_cd77d4cf7c43_00064,m_08c6bfd15b83,time_window
d_time_c_cd77d4cf7c43_00065,m_6fd4bd6c11ad,time_window
d_time_c_cd77d4cf7c43_00065,m_e970d8ce63a3,time_window
d_time_c_cd77d4cf7c43_00065,m_d7c9cd48792e,time_window
d_time_c_cd77d4cf7c43_00065,m_12d8b9958c50,time_window
d_time_c_cd77d4cf7c43_00065,m_7cfbc2682935,time_window
d_time_c_cd77d4cf7c43_00065,m_7d2efaba6cbd,time_window
d_time_c_cd77d4cf7c43_00065,m_b2675a7741e6,time_window
d_time_c_cd77d4cf7c43_00065,m_96fcad364478,time_window
d_time_c_cd77d4cf7c43_00066,m_7c8bd742792f,time_window
d_time_c_cd77d4cf7c43_00066,m_2c714d6e2e99,time_window
d_time_c_cd77d4cf7c43_00066,m_6302b6fd2bdd,time_window
d_time_c_cd77d4cf7c43_00066,m_115e76847e74,time_window
d_time_c_cd77d4cf7c43_00066,m_c802f73e38c6,time_window
d_time_c_cd77d4cf7c43_00066,m_4bd84e2d7da8,time_window
d_time_c_cd77d4cf7c43_00066,m_560aae0851ed,time_window
d_time_c_cd77d4cf7c43_00066,m_f23e86881f72,time_window
d_time_c_cd77d4cf7c43_00066,m_5bf8e015a5ab,time_window
d_time_c_cd77d4cf7c43_00067,m_b44eaa88af4b,time_window
d_time_c_cd77d4cf7c43_00067,m_fa81bd63254b,time_window
d_time_c_cd77d4cf7c43_00067,m_e3fcce1283a2,time_window
d_time_c_cd77d4cf7c43_00068,m_eace83ba4c62,time_window
d_time_c_cd77d4cf7c43_00068,m_5dd901d70d65,time_window
d_time_c_cd77d4cf7c43_00069,m_cfcd2696cabf,time_window
d_time_c_cd77d4cf7c43_00070,m_fd8a6095f7e9,time_window
d_time_c_cd77d4cf7c43_00070,m_df02d878d1f2,time_window
d_time_c_cd77d4cf7c43_00070,m_826b10e3296a,time_window
d_time_c_cd77d4cf7c43_00070,m_c1808e6568d9,time_window
d_time_c_cd77d4cf7c43_00070,m_b856df6b3344,time_window
d_time_c_cd77d4cf7c43_00071,m_b9f44feda5a0,time_window
d_time_c_cd77d4cf7c43_00071,m_1b78f0618136,time_window
d_time_c_cd77d4cf7c43_00072,m_d1aa3fd73a98,time_window
d_time_c_cd77d4cf7c43_00073,m_419cb8054ea0,time_window
d_time_c_cd77d4cf7c43_00074,m_2844e9755882,time_window
d_time_c_cd77d4cf7c43_00074,m_23f8857a0101,time_window
d_time_c_cd77d4cf7c43_00074,m_5e1ae6b0568b,time_window
d_time_c_cd77d4cf7c43_00074,m_4fb5761f8268,time_window
d_time_c_cd77d4cf7c43_00075,m_309360b283b0,time_window
d_time_c_cd77d4cf7c43_00075,m_b9ec61f069f3,time_window
d_time_c_cd77d4cf7c43_00075,m_318c7467c364,time_window
d_time_c_cd77d4cf7c43_00075,m_0086e982d7ed,time_window
d_time_c_cd77d4cf7c43_00075,m_da61e0a5d7a9,time_window
d_time_c_cd77d4cf7c43_00075,m_63182d82f439,time_window
d_time_c_cd77d4cf7c43_00075,m_9ed4267214d8,time_window
d_time_c_cd77d4cf7c43_00075,m_8e8b14677821,time_window
d_time_c_cd77d4cf7c43_00075,m_8b6fc1ca0edc,time_window
d_time_c_cd77d4cf7c43_00075,m_3ddcece092ad,time_window
d_time_c_cd77d4cf7c43_00075,m_63439d1ee101,time_window
d_time_c_cd77d4cf7c43_00075,m_dd6a60f95478,time_window
d_time_c_cd77d4cf7c43_00075,m_6d3fd6ca8061,time_window
d_time_c_cd77d4cf7c43_00075,m_a49154aef71d,time_window
d_time_c_cd77d4cf7c43_00075,m_a9a7bd17bb87,time_window
d_time_c_cd77d4cf7c43_00075,m_fb15ead42865,time_window
d_time_c_cd77d4cf7c43_00075,m_f4e5984da44f,time_window
d_time_c_cd77d4cf7c43_00075,m_6f32b2d9e28e,time_window
d_time_c_cd77d4cf7c43_00075,m_cdcb787aecc3,time_window
d_time_c_cd77d4cf7c43_00076,m_990096bc2df4,time_window
d_time_c_cd77d4cf7c43_00077,m_1081b3ae8937,time_window
d_time_c_cd77d4cf7c43_00078,m_7e7d281a4b90,time_window
d_time_c_cd77d4cf7c43_00079,m_36cd0d1d14f7,time_window
d_time_c_cd77d4cf7c43_00080,m_c2775bd09383,time_window
d_time_c_cd77d4cf7c43_00081,m_13319596052c,time_window
d_time_c_cd77d4cf7c43_00082,m_89dc166bd695,time_window
d_time_c_cd77d4cf7c43_00083,m_7b07bf72b1f0,time_window
d_time_c_cd77d4cf7c43_00084,m_03e7c6f16f14,time_window
d_time_c_cd77d4cf7c43_00085,m_32aed4283c9f,time_window
d_time_c_cd77d4cf7c43_00086,m_cd73f558b55f,time_window
d_time_c_cd77d4cf7c43_00086,m_af1f70c5ef72,time_window
d_time_c_cd77d4cf7c43_00086,m_d92e4e391d82,time_window
d_time_c_cd77d4cf7c43_00086,m_6abe205d8d23,time_window
d_time_c_cd77d4cf7c43_00086,m_bdd86f64e386,time_window
d_time_c_cd77d4cf7c43_00086,m_205eca0ed35d,time_window
d_time_c_cd77d4cf7c43_00087,m_b85c6c6f7d7e,time_window
d_time_c_cd77d4cf7c43_00088,m_6e6c391aff9b,time_window
d_time_c_cd77d4cf7c43_00089,m_a133f59f14df,time_window
d_time_c_cd77d4cf7c43_00090,m_32953f17b946,time_window
d_time_c_cd77d4cf7c43_00091,m_65aa20e5349b,time_window
d_time_c_cd77d4cf7c43_00092,m_e74a21496591,time_window
d_time_c_cd77d4cf7c43_00093,m_bcaacc07ef37,time_window
d_time_c_cd77d4cf7c43_00094,m_1e28eafcd0ae,time_window
d_time_c_cd77d4cf7c43_00095,m_8ec7332baf4e,time_window
d_time_c_cd77d4cf7c43_00096,m_d8ba12315f25,time_window
d_time_c_cd77d4cf7c43_00096,m_20fc547ff7e0,time_window
d_time_c_cd77d4cf7c43_00096,m_b6972d1d64e3,time_window
d_time_c_cd77d4cf7c43_00097,m_237524af14e3,time_window
d_time_c_cd77d4cf7c43_00098,m_66fba90d09c1,time_window
d_time_c_cd77d4cf7c43_00099,m_b34c8547a996,time_window
d_time_c_cd77d4cf7c43_00099,m_c9a6ee6a7bc9,time_window
d_time_c_cd77d4cf7c43_00099,m_0ffce5fc8acb,time_window
d_time_c_cd77d4cf7c43_00100,m_986e7c28f1ea,time_window
d_time_c_cd77d4cf7c43_00101,m_c20cdd2f6afb,time_window
d_time_c_cd77d4cf7c43_00102,m_49acec5498cf,time_window
d_time_c_cd77d4cf7c43_00103,m_c6e82a41f160,time_window
d_time_c_cd77d4cf7c43_00104,m_4f79fbfafdb8,time_window
d_time_c_cd77d4cf7c43_00104,m_04534aece5bf,time_window
d_time_c_cd77d4cf7c43_00104,m_0d22cf7711d1,time_window
d_time_c_cd77d4cf7c43_00104,m_49fdbf20f222,time_window
d_time_c_cd77d4cf7c43_00104,m_d3fc82f09d0b,time_window
d_time_c_cd77d4cf7c43_00105,m_cdaa00ada19f,time_window
d_time_c_cd77d4cf7c43_00105,m_0ea900b15f0f,time_window
d_time_c_cd77d4cf7c43_00105,m_d882df78de0e,time_window
d_time_c_cd77d4cf7c43_00106,m_4c0e6f4c5165,time_window
d_time_c_cd77d4cf7c43_00106,m_220d0dba3ef6,time_window
d_time_c_cd77d4cf7c43_00107,m_d0789a9736f8,time_window
d_time_c_cd77d4cf7c43_00107,m_52e55ff53047,time_window
d_time_c_cd77d4cf7c43_00107,m_edb81bbcf5b8,time_window
d_time_c_cd77d4cf7c43_00107,m_54e8303e6a8a,time_window
d_time_c_cd77d4cf7c43_00108,m_2a90dfd4a0fd,time_window
d_time_c_cd77d4cf7c43_00109,m_1938e4ba097b,time_window
d_time_c_cd77d4cf7c43_00109,m_2b010fd6346f,time_window
d_time_c_cd77d4cf7c43_00109,m_084806803582,time_window
d_time_c_cd77d4cf7c43_00110,m_3d26d88ab0d6,time_window
d_time_c_cd77d4cf7c43_00110,m_8bea5c1dda76,time_window
d_time_c_cd77d4cf7c43_00111,m_83c2f877b353,time_window
d_time_c_cd77d4cf7c43_00112,m_3de474866ece,time_window
d_time_c_cd77d4cf7c43_00112,m_3e596247e4fa,time_window
d_time_c_cd77d4cf7c43_00112,m_844032f46c18,time_window
d_time_c_cd77d4cf7c43_00112,m_93c1f3494ee5,time_window
d_time_c_cd77d4cf7c43_00112,m_f524efe2acaf,time_window
d_time_c_cd77d4cf7c43_00113,m_16ecefc68dc6,time_window
d_time_c_cd77d4cf7c43_00114,m_a232e447a547,time_window
d_time_c_cd77d4cf7c43_00114,m_e239f7d1a21d,time_window
d_time_c_cd77d4cf7c43_00114,m_947103edd103,time_window
d_time_c_cd77d4cf7c43_00115,m_e7e836433f71,time_window
d_time_c_cd77d4cf7c43_00116,m_24d9142fcaf5,time_window
d_time_c_cd77d4cf7c43_00117,m_88689e63c1ef,time_window
d_time_c_cd77d4cf7c43_00118,m_8609b35ea4f5,time_window
d_time_c_cd77d4cf7c43_00118,m_40f3828bfca3,time_window
d_time_c_cd77d4cf7c43_00119,m_a9706a0916bb,time_window
d_time_c_cd77d4cf7c43_00120,m_c467d4f5b2ac,time_window
d_time_c_cd77d4cf7c43_00120,m_f61b02d08f9e,time_window
d_time_c_cd77d4cf7c43_00121,m_099a8abd903a,time_window
d_time_c_cd77d4cf7c43_00121,m_dc69b8f675b8,time_window
d_time_c_cd77d4cf7c43_00121,m_4071a0edac04,time_window
d_time_c_cd77d4cf7c43_00122,m_6d4131629566,time_window
d_time_c_d1775b94b9ac_00001,m_60a2fbcb9f54,time_window
d_time_c_d1775b94b9ac_00002,m_0c9b9b36b143,time_window
d_time_c_d1775b94b9ac_00002,m_e2ea6fec0128,time_window
d_time_c_d1775b94b9ac_00003,m_fd95e542cdf4,time_window
d_time_c_d1775b94b9ac_00004,m_f6a6f7a79d52,time_window
d_time_c_d1775b94b9ac_00005,m_9db4a6d1e2a7,time_window
d_time_c_d1775b94b9ac_00006,m_a1492d742791,time_window
d_time_c_d1775b94b9ac_00007,m_15fd08e0ef5b,time_window
d_time_c_d1775b94b9ac_00008,m_7fe9ab44c77f,time_window
d_time_c_d1775b94b9ac_00009,m_96382711177c,time_window
d_time_c_d1775b94b9ac_00009,m_a37578f00428,time_window
d_time_c_d1775b94b9ac_00010,m_2a53c115455f,time_window
d_time_c_d1775b94b9ac_00011,m_480e0e7d0fba,time_window
d_time_c_d1775b94b9ac_00012,m_62467377db2f,time_window
d_time_c_d1775b94b9ac_00012,m_7615fe354189,time_window
d_time_c_d1775b94b9ac_00012,m_69f60127b3b5,time_window
d_time_c_d1775b94b9ac_00013,m_d19a4abab488,time_window
d_time_c_d28f97c0dcef_00001,m_9a78484f135b,time_window
d_time_c_d28f97c0dcef_00001,m_e88cd65baa7e,time_window
d_time_c_d28f97c0dcef_00002,m_9881833362b2,time_window
d_time_c_d28f97c0dcef_00002,m_c377334dc232,time_window
d_time_c_d28f97c0dcef_00002,m_f608f600accb,time_window
d_time_c_d28f97c0dcef_00002,m_646acaf65e28,time_window
d_time_c_d28f97c0dcef_00002,m_05d6786b22c7,time_window
d_time_c_d28f97c0dcef_00003,m_8f50a4fd7570,time_window
d_time_c_d28f97c0dcef_00003,m_49e4a33c238d,time_window
d_time_c_d28f97c0dcef_00003,m_577d1e225fa2,time_window
d_time_c_d28f97c0dcef_00003,m_bc6df96e2d34,time_window
d_time_c_d28f97c0dcef_00004,m_27e49b42c806,time_window
d_time_c_d28f97c0dcef_00004,m_95126d931305,time_window
d_time_c_d28f97c0dcef_00004,m_3197fc690725,time_window
d_time_c_d28f97c0dcef_00004,m_142fc7e39780,time_window
d_time_c_d28f97c0dcef_00004,m_fbcaa7135b5e,time_window
d_time_c_d28f97c0dcef_00004,m_7a3778d4f31c,time_window
d_time_c_d28f97c0dcef_00004,m_c84b99f84cdc,time_window
d_time_c_d28f97c0dcef_00005,m_2030afd32a2a,time_window
d_time_c_d28f97c0dcef_00006,m_84fab4e00087,time_window
d_time_c_d28f97c0dcef_00007,m_1fdc82ecc7e7,time_window
d_time_c_d28f97c0dcef_00008,m_4420907138ae,time_window
d_time_c_d28f97c0dcef_00008,m_824da4703e33,time_window
d_time_c_d28f97c0dcef_00009,m_ff7ce1139544,time_window
d_time_c_d28f97c0dcef_00010,m_aaa9ae3d66d5,time_window
d_time_c_d28f97c0dcef_00011,m_73cd3043b00d,time_window
d_time_c_d28f97c0dcef_00011,m_c96cf7bd7d63,time_window
d_time_c_d28f97c0dcef_00012,m_3fd21ed519eb,time_window
d_time_c_d28f97c0dcef_00012,m_2d1f751a674c,time_window
d_time_c_d28f97c0dcef_00012,m_b62e3b72f01a,time_window
d_time_c_d28f97c0dcef_00013,m_39cf5065e996,time_window
d_time_c_d28f97c0dcef_00014,m_2db291fa8160,time_window
d_time_c_d28f97c0dcef_00014,m_36dd25b13c4f,time_window
d_time_c_d28f97c0dcef_00014,m_50acb3904e36,time_window
d_time_c_d28f97c0dcef_00015,m_f6e81049ee8c,time_window
d_time_c_d28f97c0dcef_00016,m_d13e6d0d0b04,time_window
d_time_c_d28f97c0dcef_00016,m_3cc0333c5b82,time_window
d_time_c_d28f97c0dcef_00017,m_4869d6b1e1ed,time_window
d_time_c_d28f97c0dcef_00018,m_8a21b4c732e1,time_window
d_time_c_d28f97c0dcef_00019,m_22666a68effa,time_window
d_time_c_d28f97c0dcef_00019,m_1ba789328cb8,time_window
d_time_c_d28f97c0dcef_00020,m_4d453975604f,time_window
d_time_c_d28f97c0dcef_00021,m_e437c946e7a4,time_window
d_time_c_d28f97c0dcef_00021,m_a3ec9d941245,time_window
d_time_c_d28f97c0dcef_00021,m_8795b075042c,time_window
d_time_c_d28f97c0dcef_00022,m_1d1f8e9fbd50,time_window
d_time_c_d28f97c0dcef_00023,m_c1b04d8f080f,time_window
d_time_c_d28f97c0dcef_00024,m_88e17a4d0285,time_window
d_time_c_d28f97c0dcef_00025,m_7cbbad803c60,time_window
d_time_c_d28f97c0dcef_00026,m_ca379e20e66c,time_window
d_time_c_d28f97c0dcef_00027,m_506134528123,time_window
d_time_c_d28f97c0dcef_00027,m_57f57d5a2da4,time_window
d_time_c_d28f97c0dcef_00028,m_73a701abcc67,time_window
d_time_c_d28f97c0dcef_00029,m_2c50d086d68a,time_window
d_time_c_d28f97c0dcef_00029,m_b49d178d10a7,time_window
d_time_c_d28f97c0dcef_00029,m_d368f710db4d,time_window
d_time_c_d28f97c0dcef_00029,m_3fafabb8501f,time_window
d_time_c_d28f97c0dcef_00030,m_522511517eed,time_window
d_time_c_d28f97c0dcef_00030,m_6d49d8bfd096,time_window
d_time_c_d28f97c0dcef_00031,m_70573853298f,time_window
d_time_c_d28f97c0dcef_00032,m_190e2bd112a7,time_window
d_time_c_d28f97c0dcef_00032,m_00edb784c9ad,time_window
d_time_c_d28f97c0dcef_00033,m_de206a46cde6,time_window
d_time_c_d28f97c0dcef_00033,m_6c753a6c61ae,time_window
d_time_c_d28f97c0dcef_00034,m_64bf9e75c29b,time_window
d_time_c_d28f97c0dcef_00034,m_5896f4ff45c0,time_window
d_time_c_d28f97c0dcef_00034,m_9f4e89885299,time_window
d_time_c_d28f97c0dcef_00034,m_bfdaa4edceed,time_window
d_time_c_d28f97c0dcef_00034,m_b1742304f31d,time_window
d_time_c_d28f97c0dcef_00034,m_18d3ba06948b,time_window
d_time_c_d28f97c0dcef_00035,m_4e3ff6777a25,time_window
d_time_c_d28f97c0dcef_00035,m_1248fda2308e,time_window
d_time_c_d28f97c0dcef_00035,m_1021160742ca,time_window
d_time_c_d28f97c0dcef_00035,m_6f502d9dbbc2,time_window
d_time_c_d28f97c0dcef_00036,m_5d1e3b7c1e24,time_window
d_time_c_d28f97c0dcef_00036,m_52030b862081,time_window
d_time_c_d28f97c0dcef_00037,m_d37762397fbe,time_window
d_time_c_d28f97c0dcef_00038,m_a4223233497e,time_window
d_time_c_d28f97c0dcef_00038,m_63a655b69b0b,time_window
d_time_c_d28f97c0dcef_00038,m_9f5723f10446,time_window
d_time_c_d28f97c0dcef_00038,m_0752bff45072,time_window
d_time_c_d28f97c0dcef_00039,m_6106ace963d6,time_window
d_time_c_d28f97c0dcef_00039,m_163fb1dae542,time_window
d_time_c_d28f97c0dcef_00039,m_9e55babc949f,time_window
d_time_c_d28f97c0dcef_00040,m_2f8080941c2c,time_window
d_time_c_d28f97c0dcef_00040,m_584ab7edc68b,time_window
d_time_c_d28f97c0dcef_00040,m_e61cc5682a80,time_window
d_time_c_d28f97c0dcef_00040,m_99fb25a41a86,time_window
d_time_c_d28f97c0dcef_00040,m_24a4759ebe59,time_window
d_time_c_d28f97c0dcef_00040,m_d5aff7fabfa4,time_window
d_time_c_d28f97c0dcef_00041,m_edbc3b0328ef,time_window
d_time_c_d28f97c0dcef_00042,m_f641a034d1af,time_window
d_time_c_d28f97c0dcef_00042,m_15b613e55e5e,time_window
d_time_c_d28f97c0dcef_00042,m_0a2f668691c0,time_window
d_time_c_d28f97c0dcef_00042,m_4ff6ae4f3ec8,time_window
d_time_c_d28f97c0dcef_00043,m_a149bf64d1b4,time_window
d_time_c_d28f97c0dcef_00044,m_34b72234f9c0,time_window
d_time_c_d28f97c0dcef_00045,m_669f206d1e09,time_window
d_time_c_d28f97c0dcef_00046,m_507193c45807,time_window
d_time_c_d28f97c0dcef_00047,m_2d1974c20eec,time_window
d_time_c_d28f97c0dcef_00047,m_ad1c297591fe,time_window
d_time_c_d28f97c0dcef_00048,m_d5d741ffa24e,time_window
d_time_c_d28f97c0dcef_00049,m_ee6b38c85240,time_window
d_time_c_d28f97c0dcef_00049,m_54187eb61901,time_window
d_time_c_d28f97c0dcef_00049,m_f134ba1d6500,time_window
d_time_c_d28f97c0dcef_00049,m_a726428ee3c5,time_window
d_time_c_d28f97c0dcef_00050,m_823f8df0ccd6,time_window
d_time_c_d28f97c0dcef_00051,m_76b9fd4b4ca9,time_window
d_time_c_d28f97c0dcef_00051,m_cca9277c806c,time_window
d_time_c_d28f97c0dcef_00051,m_eb9a8b5ff75e,time_window
d_time_c_d28f97c0dcef_00052,m_285045fe3c05,time_window
d_time_c_d28f97c0dcef_00052,m_462643d8e53f,time_window
d_time_c_d28f97c0dcef_00053,m_0bb57f26d7c1,time_window
d_time_c_d28f97c0dcef_00053,m_fcd27aaf2208,time_window
d_time_c_d28f97c0dcef_00053,m_ce72218ab872,time_window
d_time_c_d28f97c0dcef_00053,m_4f4381eae6ff,time_window
d_time_c_d28f97c0dcef_00053,m_51d36cf53909,time_window
d_time_c_d28f97c0dcef_00053,m_064fe22ee001,time_window
d_time_c_d28f97c0dcef_00054,m_63dbac5bea46,time_window
d_time_c_d28f97c0dcef_00055,m_75ce59062ad2,time_window
d_time_c_d28f97c0dcef_00056,m_bb32aebb454a,time_window
d_time_c_d28f97c0dcef_00057,m_0f11998e2d29,time_window
d_time_c_d28f97c0dcef_00058,m_bf0863fe45f5,time_window
d_time_c_d28f97c0dcef_00058,m_6624d8646825,time_window
d_time_c_d28f97c0dcef_00059,m_5822246335b0,time_window
d_time_c_d28f97c0dcef_00060,m_139595a65fdc,time_window
d_time_c_d28f97c0dcef_00060,m_539a5657ca90,time_window
d_time_c_d28f97c0dcef_00061,m_3df06c20b691,time_window
d_time_c_d28f97c0dcef_00061,m_29fae12c8717,time_window
d_time_c_d28f97c0dcef_00061,m_a4f3c8b92832,time_window
d_time_c_d28f97c0dcef_00062,m_7df3b4eecba3,time_window
d_time_c_d28f97c0dcef_00063,m_4d453eb0c2ea,time_window
d_time_c_d28f97c0dcef_00064,m_1097cbe6e869,time_window
d_time_c_d28f97c0dcef_00064,m_66f49836cd72,time_window
d_time_c_d458a4b565ed_00001,m_38321cfc9752,time_window
d_time_c_d458a4b565ed_00001,m_2fd2a3c29bcb,time_window
d_time_c_d458a4b565ed_00002,m_e4209e8a65b8,time_window
d_time_c_d458a4b565ed_00003,m_b4f61c608371,time_window
d_time_c_d458a4b565ed_00003,m_e2b1d50cd781,time_window
d_time_c_d458a4b565ed_00004,m_a7de21ff9366,time_window
d_time_c_d458a4b565ed_00005,m_6f60fb5d2808,time_window
d_time_c_d458a4b565ed_00006,m_39dc7f82670c,time_window
d_time_c_d458a4b565ed_00007,m_94e0336a218c,time_window
d_time_c_d458a4b565ed_00008,m_cc60a740d4c3,time_window
d_time_c_d458a4b565ed_00008,m_97b510b104ee,time_window
d_time_c_d458a4b565ed_00008,m_3716101796a8,time_window
d_time_c_d458a4b565ed_00009,m_6543878d6e5b,time_window
d_time_c_d458a4b565ed_00010,m_0557bddb57ca,time_window
d_time_c_d458a4b565ed_00011,m_48464ba3772e,time_window
d_time_c_d458a4b565ed_00012,m_599dcd7a5d3c,time_window
d_time_c_d458a4b565ed_00013,m_36efff3764cd,time_window
d_time_c_d458a4b565ed_00014,m_8d9d8adac352,time_window
d_time_c_d458a4b565ed_00015,m_1ef55ede24a9,time_window
d_time_c_d458a4b565ed_00016,m_696d54feb0f5,time_window
d_time_c_d458a4b565ed_00016,m_ce345f52dfcd,time_window
d_time_c_d458a4b565ed_00017,m_874dd145c78e,time_window
d_time_c_d458a4b565ed_00017,m_7e019b1b4c54,time_window
d_time_c_d458a4b565ed_00018,m_7d07275cc98e,time_window
d_time_c_d458a4b565ed_00019,m_5289e16e8b4b,time_window
d_time_c_d458a4b565ed_00019,m_b911a29c3d2c,time_window
d_time_c_d458a4b565ed_00019,m_12f43a91edad,time_window
d_time_c_d458a4b565ed_00019,m_2e4be5df2681,time_window
d_time_c_d458a4b565ed_00019,m_6948939d8e4b,time_window
d_time_c_d458a4b565ed_00020,m_945a8073f629,time_window
d_time_c_d458a4b565ed_00021,m_c543a0156f3c,time_window
d_time_c_d458a4b565ed_00021,m_cb0d72ef5174,time_window
d_time_c_d458a4b565ed_00022,m_0472b46d5f4b,time_window
d_time_c_d458a4b565ed_00022,m_9c8534f3a2e1,time_window
d_time_c_d458a4b565ed_00022,m_ff3a0c261100,time_window
d_time_c_d458a4b565ed_00023,m_aa66afba41bf,time_window
d_time_c_d458a4b565ed_00023,m_9a514a6d4729,time_window
d_time_c_d458a4b565ed_00024,m_58fe16eb0f35,time_window
d_time_c_d458a4b565ed_00024,m_4bcecb5fe4a8,time_window
d_time_c_d458a4b565ed_00024,m_1b9ee2aad3e2,time_window
d_time_c_d458a4b565ed_00024,m_e43bab2db941,time_window
d_time_c_d458a4b565ed_00024,m_9d3ab27f14eb,time_window
d_time_c_d458a4b565ed_00025,m_c1633d926f70,time_window
d_time_c_d458a4b565ed_00025,m_af0d9a080d52,time_window
d_time_c_d458a4b565ed_00026,m_5decf4501e44,time_window
d_time_c_d458a4b565ed_00027,m_6f589f76ce65,time_window
d_time_c_d458a4b565ed_00028,m_230d55cf7dc6,time_window
d_time_c_d458a4b565ed_00029,m_f99be7315d07,time_window
d_time_c_d458a4b565ed_00030,m_3d14586dcec4,time_window
d_time_c_d458a4b565ed_00030,m_3dbef2f7d449,time_window
d_time_c_d458a4b565ed_00030,m_c78051faeb7b,time_window
d_time_c_d458a4b565ed_00031,m_c785f9b21450,time_window
d_time_c_d458a4b565ed_00031,m_c11bac8dbc39,time_window
d_time_c_d458a4b565ed_00032,m_9fc5a2872788,time_window
d_time_c_d458a4b565ed_00033,m_28091438e3b0,time_window
d_time_c_de1576c26015_00001,m_11a93a3bf9fc,time_window
d_time_c_de1576c26015_00001,m_e6c8c121196b,time_window
d_time_c_de1576c26015_00002,m_305cee469c18,time_window
d_time_c_de1576c26015_00002,m_50487bf6229e,time_window
d_time_c_de1576c26015_00002,m_ae7d165c4be1,time_window
d_time_c_de1576c26015_00002,m_b2ea4d3c4cf1,time_window
d_time_c_de1576c26015_00002,m_c56c7471b3b7,time_window
d_time_c_de1576c26015_00002,m_dedb3f5a42a9,time_window
d_time_c_de1576c26015_00002,m_f89a7b8e054e,time_window
d_time_c_de1576c26015_00002,m_60861d997e89,time_window
d_time_c_de1576c26015_00002,m_c870c90df376,time_window
d_time_c_de1576c26015_00002,m_1e4c11a4dbcf,time_window
d_time_c_de1576c26015_00002,m_d63ba3658602,time_window
d_time_c_de1576c26015_00002,m_f8d91f837e93,time_window
d_time_c_df713bc1a2f4_00001,m_6ae80999d0fc,time_window
d_time_c_df713bc1a2f4_00002,m_e782203477d8,time_window
d_time_c_df713bc1a2f4_00003,m_eee81558d31f,time_window
d_time_c_df713bc1a2f4_00004,m_67cffbe80688,time_window
d_time_c_df713bc1a2f4_00005,m_865a677132d4,time_window
d_time_c_df713bc1a2f4_00006,m_feaf72dca507,time_window
d_time_c_df713bc1a2f4_00006,m_3398c9069797,time_window
d_time_c_df713bc1a2f4_00007,m_ba173ef5daa5,time_window
d_time_c_df713bc1a2f4_00007,m_f38d45f1fae0,time_window
d_time_c_df713bc1a2f4_00007,m_e041e572cb77,time_window
d_time_c_df713bc1a2f4_00007,m_3377d068554a,time_window
d_time_c_df713bc1a2f4_00007,m_0e69d1412f7e,time_window
d_time_c_df713bc1a2f4_00007,m_526adad89d26,time_window
d_time_c_df713bc1a2f4_00008,m_6a42a28e5fca,time_window
d_time_c_df713bc1a2f4_00009,m_8a08b926aac0,time_window
d_time_c_df713bc1a2f4_00010,m_fe561ccd4e49,time_window
d_time_c_df713bc1a2f4_00010,m_71b34fec1cb4,time_window
d_time_c_df713bc1a2f4_00010,m_ad857ebe28db,time_window
d_time_c_df713bc1a2f4_00011,m_e31c96122c41,time_window
d_time_c_df713bc1a2f4_00012,m_b29d05990293,time_window
d_time_c_df713bc1a2f4_00013,m_042cf9d2ed4e,time_window
d_time_c_df713bc1a2f4_00014,m_102cff5458ef,time_window
d_time_c_df713bc1a2f4_00015,m_419a8f60932f,time_window
d_time_c_df713bc1a2f4_00016,m_1bacb2b008a8,time_window
d_time_c_e331d15e767a_00001,m_3c69a164ccda,time_window
d_time_c_e389b8a07399_00001,m_6d6641edc31d,time_window
d_time_c_e389b8a07399_00002,m_fe25d6f35328,time_window
d_time_c_e389b8a07399_00003,m_88f98f67e164,time_window
d_time_c_e389b8a07399_00004,m_505686903ba3,time_window
d_time_c_e389b8a07399_00005,m_1690ea77cf2c,time_window
d_time_c_e389b8a07399_00006,m_67acb2ec4a78,time_window
d_time_c_e389b8a07399_00006,m_3340c22ce80c,time_window
d_time_c_e389b8a07399_00007,m_66a3f2c94c66,time_window
d_time_c_e389b8a07399_00008,m_82067d005337,time_window
d_time_c_e389b8a07399_00009,m_0d35529d8a7d,time_window
d_time_c_e389b8a07399_00010,m_d08aab1a346d,time_window
d_time_c_e389b8a07399_00011,m_f8c686bb1cf5,time_window
d_time_c_e389b8a07399_00012,m_a75c999609ed,time_window
d_time_c_e389b8a07399_00013,m_76e684d654bf,time_window
d_time_c_e389b8a07399_00014,m_8d4b965137a6,time_window
d_time_c_e389b8a07399_00015,m_3f904028d039,time_window
d_time_c_e389b8a07399_00016,m_2e05deddf5c9,time_window
d_time_c_e389b8a07399_00017,m_ccdfc317e12e,time_window
d_time_c_e389b8a07399_00017,m_8a646a14df7d,time_window
d_time_c_e389b8a07399_00018,m_44349084accf,time_window
d_time_c_e389b8a07399_00018,m_f264310d1610,time_window
d_time_c_e389b8a07399_00019,m_60c47b813d5b,time_window
d_time_c_e389b8a07399_00020,m_3a5d904a8067,time_window
d_time_c_e389b8a07399_00020,m_87212dd5fcbb,time_window
d_time_c_e389b8a07399_00021,m_25b27b8e1eeb,time_window
d_time_c_e389b8a07399_00021,m_ff56a38ecd81,time_window
d_time_c_e389b8a07399_00022,m_26b26745e545,time_window
d_time_c_e389b8a07399_00023,m_55ea5c97c956,time_window
d_time_c_e389b8a07399_00023,m_dcf058216492,time_window
d_time_c_e389b8a07399_00023,m_b6f1db3d3eda,time_window
d_time_c_e389b8a07399_00024,m_2a971fff0b22,time_window
d_time_c_e389b8a07399_00025,m_2d2f06796fdc,time_window
d_time_c_e389b8a07399_00026,m_2a844dd494a7,time_window
d_time_c_e389b8a07399_00026,m_5532edda46bf,time_window
d_time_c_e389b8a07399_00027,m_51e5a854cc96,time_window
d_time_c_e389b8a07399_00027,m_370c85b1811a,time_window
d_time_c_e389b8a07399_00028,m_b5555470551e,time_window
d_time_c_e389b8a07399_00029,m_a743e70ebf95,time_window
d_time_c_e389b8a07399_00029,m_82288b6cf389,time_window
d_time_c_e389b8a07399_00030,m_e34e85acabc9,time_window
d_time_c_e389b8a07399_00030,m_388b275f20e7,time_window
d_time_c_e389b8a07399_00031,m_84fb7eba6af0,time_window
d_time_c_e389b8a07399_00032,m_ef85bbf836f1,time_window
d_time_c_e389b8a07399_00033,m_2b9f03460937,time_window
d_time_c_e389b8a07399_00033,m_17ae19831fd8,time_window
d_time_c_e389b8a07399_00034,m_ebb811a473a1,time_window
d_time_c_e389b8a07399_00035,m_0e3e8bbdb42d,time_window
d_time_c_e389b8a07399_00035,m_fe2474a3e397,time_window
d_time_c_e389b8a07399_00036,m_4fea311de92a,time_window
d_time_c_e389b8a07399_00036,m_c6694232ff04,time_window
d_time_c_e389b8a07399_00037,m_d5a30e79ca4e,time_window
d_time_c_e389b8a07399_00038,m_ab82da7f5764,time_window
d_time_c_e389b8a07399_00039,m_8e23467da536,time_window
d_time_c_e389b8a07399_00039,m_f07d34d889f1,time_window
d_time_c_e389b8a07399_00039,m_61fedccc43b9,time_window
d_time_c_e389b8a07399_00040,m_0a680ebc76ba,time_window
d_time_c_e389b8a07399_00041,m_a4d783078195,time_window
d_time_c_e389b8a07399_00042,m_0b1d284e7a3f,time_window
d_time_c_e389b8a07399_00042,m_ac6aa36e13e5,time_window
d_time_c_e4c40ad8dddb_00001,m_57bd97d126a8,time_window
d_time_c_e4cec8ddf3e9_00001,m_83c94c38c4c0,time_window
d_time_c_e4cec8ddf3e9_00002,m_7b7652b5b47b,time_window
d_time_c_e4cec8ddf3e9_00002,m_9095b0e06016,time_window
d_time_c_e4cec8ddf3e9_00003,m_cef7b6dc984a,time_window
d_time_c_e4cec8ddf3e9_00004,m_a057b1db71ad,time_window
d_time_c_e4cec8ddf3e9_00005,m_e8ab0dd2c41b,time_window
d_time_c_e4cec8ddf3e9_00006,m_b38e76a04753,time_window
d_time_c_e4cec8ddf3e9_00006,m_ecc020f41bbe,time_window
d_time_c_e4cec8ddf3e9_00007,m_a0b4f06d8a02,time_window
d_time_c_e4cec8ddf3e9_00008,m_5b47bfc00006,time_window
d_time_c_e4cec8ddf3e9_00009,m_8c7033b8aaed,time_window
d_time_c_e4cec8ddf3e9_00009,m_a2b8a71a882e,time_window
d_time_c_e4cec8ddf3e9_00010,m_b7edea775901,time_window
d_time_c_e4cec8ddf3e9_00011,m_967a3244b1d8,time_window
d_time_c_e4cec8ddf3e9_00012,m_8076a4caf553,time_window
d_time_c_e4cec8ddf3e9_00013,m_0e34364ec5c7,time_window
d_time_c_e4cec8ddf3e9_00014,m_6e10599c528b,time_window
d_time_c_e4cec8ddf3e9_00015,m_83c78d2cb7b1,time_window
d_time_c_e4cec8ddf3e9_00016,m_9fa7d3ef9d95,time_window
d_time_c_e4cec8ddf3e9_00017,m_b7dde2726351,time_window
d_time_c_e4cec8ddf3e9_00018,m_869a9985f81c,time_window
d_time_c_e4cec8ddf3e9_00018,m_aa9bee71aec6,time_window
d_time_c_e4cec8ddf3e9_00019,m_4f4c00ef21b9,time_window
d_time_c_e4cec8ddf3e9_00020,m_ad169eb3095b,time_window
d_time_c_e4cec8ddf3e9_00021,m_a5d24191e767,time_window
d_time_c_e4cec8ddf3e9_00021,m_ce0e59659563,time_window
d_time_c_e4cec8ddf3e9_00022,m_aa0a5071e54a,time_window
d_time_c_e4cec8ddf3e9_00022,m_f947a3901689,time_window
d_time_c_e4cec8ddf3e9_00022,m_07f55cfa06cf,time_window
d_time_c_e4cec8ddf3e9_00022,m_38734d85d9f8,time_window
d_time_c_e4cec8ddf3e9_00023,m_47f7484a07e1,time_window
d_time_c_e4cec8ddf3e9_00024,m_3cd5b570a51c,time_window
d_time_c_e4cec8ddf3e9_00024,m_8524353bd870,time_window
d_time_c_e4cec8ddf3e9_00024,m_e26941e26cd9,time_window
d_time_c_e4cec8ddf3e9_00025,m_3f9bc997f269,time_window
d_time_c_e4cec8ddf3e9_00026,m_708b627e02b2,time_window
d_time_c_e4cec8ddf3e9_00027,m_5910406aa6d5,time_window
d_time_c_e4cec8ddf3e9_00028,m_2bc7c5087fef,time_window
d_time_c_e4cec8ddf3e9_00028,m_e03457e844bc,time_window
d_time_c_e4cec8ddf3e9_00028,m_0a44ce91ecf0,time_window
d_time_c_e4cec8ddf3e9_00029,m_aa3f86a54b6d,time_window
d_time_c_e4cec8ddf3e9_00030,m_50d2890edc1d,time_window
d_time_c_e4cec8ddf3e9_00031,m_8731071621a7,time_window
d_time_c_e4cec8ddf3e9_00032,m_47b45db2baa8,time_window
d_time_c_e8c62ac5483c_00001,m_a95425292e3e,time_window
d_time_c_e8c62ac5483c_00002,m_91e3366d21b4,time_window
d_time_c_e8c62ac5483c_00003,m_1da67c4f5af8,time_window
d_time_c_e8c62ac5483c_00004,m_1ec5f5a6bc8a,time_window
d_time_c_e8c62ac5483c_00005,m_4b7fa3f71c29,time_window
d_time_c_e8c62ac5483c_00006,m_373f6a0d97bf,time_window
d_time_c_e8c62ac5483c_00007,m_3ee067aa9f14,time_window
d_time_c_e8d1aed21388_00001,m_5c91e3154017,time_window
d_time_c_e8d1aed21388_00002,m_e1d7946f992d,time_window
d_time_c_e8d1aed21388_00003,m_a7149a5e3324,time_window
d_time_c_e8d1aed21388_00004,m_4246daee196b,time_window
d_time_c_e8d1aed21388_00004,m_f10d6339a12f,time_window
d_time_c_e8d1aed21388_00005,m_b247eebf75d1,time_window
d_time_c_e8d1aed21388_00006,m_d2d66fc96398,time_window
d_time_c_e8d1aed21388_00007,m_9b9c79a15f4b,time_window
d_time_c_e8d1aed21388_00007,m_e272d7776761,time_window
d_time_c_e8d1aed21388_00008,m_608dce25f552,time_window
d_time_c_e8d1aed21388_00008,m_d965031658e0,time_window
d_time_c_e8d1aed21388_00009,m_13c1653a70c5,time_window
d_time_c_e8d1aed21388_00010,m_3110122b8117,time_window
d_time_c_e8d1aed21388_00011,m_b23e5996ad56,time_window
d_time_c_e8d1aed21388_00012,m_7fe2d5bd3026,time_window
d_time_c_e92edf73c541_00001,m_6406aae9c17a,time_window
d_time_c_ea155366f1e1_00001,m_8e97eecff0dd,time_window
d_time_c_ea155366f1e1_00002,m_51e63cbb1caf,time_window
d_time_c_ea155366f1e1_00003,m_330d7a6a05a6,time_window
d_time_c_ea155366f1e1_00003,m_71bc32392371,time_window
d_time_c_ea155366f1e1_00004,m_8a7493b333bc,time_window
d_time_c_ea155366f1e1_00005,m_2806a7869d51,time_window
d_time_c_ea155366f1e1_00006,m_e55352f65a4b,time_window
d_time_c_ea155366f1e1_00007,m_c93e0f06b439,time_window
d_time_c_ea155366f1e1_00008,m_b99e18c90cd2,time_window
d_time_c_ea155366f1e1_00009,m_10c275cf508b,time_window
d_time_c_ea155366f1e1_00010,m_99b364d0fcf9,time_window
d_time_c_ea155366f1e1_00011,m_92f5c5b296e0,time_window
d_time_c_ea155366f1e1_00012,m_95d5601f5a01,time_window
d_time_c_ea155366f1e1_00013,m_aa76df6eea5d,time_window
d_time_c_ea155366f1e1_00013,m_d0dfa777065f,time_window
d_time_c_ea155366f1e1_00013,m_fc72ca82effb,time_window
d_time_c_ea155366f1e1_00014,m_f42e4ba12ebc,time_window
d_time_c_ea155366f1e1_00015,m_e2efafc68f97,time_window
d_time_c_ea155366f1e1_00015,m_7d850b7643f6,time_window
d_time_c_ea155366f1e1_00016,m_47d4c6d6da44,time_window
d_time_c_ea155366f1e1_00016,m_8214ca10bb1b,time_window
d_time_c_ea155366f1e1_00017,m_017f9e0a4cd8,time_window
d_time_c_ea155366f1e1_00018,m_5411a9c58711,time_window
d_time_c_ea155366f1e1_00018,m_17ba5e514287,time_window
d_time_c_ea155366f1e1_00019,m_673e99e73b9b,time_window
d_time_c_ea155366f1e1_00020,m_b9d2dbf9ecc5,time_window
d_time_c_ea155366f1e1_00021,m_b98b6872df35,time_window
d_time_c_ea155366f1e1_00021,m_918381d54a51,time_window
d_time_c_ea155366f1e1_00022,m_24cbbe6834c2,time_window
d_time_c_ea155366f1e1_00023,m_1db44c09f298,time_window
d_time_c_ea155366f1e1_00024,m_5c390d6723c3,time_window
d_time_c_ea155366f1e1_00024,m_5385b31ba46d,time_window
d_time_c_ea155366f1e1_00025,m_1c475af4d901,time_window
d_time_c_ea155366f1e1_00026,m_7655d4cf36ff,time_window
d_time_c_ea155366f1e1_00027,m_b746e50a217c,time_window
d_time_c_ea155366f1e1_00028,m_0b17ea2860e0,time_window
d_time_c_ea155366f1e1_00029,m_e7cf67443727,time_window
d_time_c_ea155366f1e1_00030,m_7ffe1855fc83,time_window
d_time_c_ea155366f1e1_00030,m_bac5856f6dfc,time_window
d_time_c_ea155366f1e1_00030,m_65ea64304530,time_window
d_time_c_ea155366f1e1_00031,m_0c045d972b6e,time_window
d_time_c_ea155366f1e1_00031,m_91eef993daeb,time_window
d_time_c_ea155366f1e1_00031,m_7c03bc7ebc5b,time_window
d_time_c_ea155366f1e1_00032,m_4fb5ba1965fa,time_window
d_time_c_ea155366f1e1_00032,m_ea6f00841e93,time_window
d_time_c_ea155366f1e1_00033,m_acb02bcf6a22,time_window
d_time_c_ea155366f1e1_00033,m_13a520f0822d,time_window
d_time_c_ea155366f1e1_00034,m_c1dbf7209692,time_window
d_time_c_ea155366f1e1_00035,m_942b65906371,time_window
d_time_c_ea155366f1e1_00036,m_ef0203013e2a,time_window
d_time_c_ea155366f1e1_00036,m_e7064eb3bcd9,time_window
d_time_c_ea155366f1e1_00036,m_666bf13c8698,time_window
d_time_c_ea155366f1e1_00036,m_f056643f944d,time_window
d_time_c_ea155366f1e1_00036,m_7b12b49c5906,time_window
d_time_c_ea155366f1e1_00036,m_858fdce9c541,time_window
d_time_c_ea155366f1e1_00037,m_b526fd89384c,time_window
d_time_c_ea155366f1e1_00037,m_32845fc3f59a,time_window
d_time_c_ea155366f1e1_00037,m_dba3a4bb9917,time_window
d_time_c_ea155366f1e1_00038,m_5fa006d49a3f,time_window
d_time_c_ea155366f1e1_00039,m_870011659ad5,time_window
d_time_c_ea155366f1e1_00039,m_0feb8c288a82,time_window
d_time_c_ea155366f1e1_00039,m_86ce1d762f7b,time_window
d_time_c_ea155366f1e1_00039,m_6e3c593bc82f,time_window
d_time_c_ea155366f1e1_00039,m_fcfa5217619b,time_window
d_time_c_ea155366f1e1_00039,m_25a85dc4fe22,time_window
d_time_c_ea155366f1e1_00039,m_33c268c6d698,time_window
d_time_c_ea155366f1e1_00039,m_d34f6649d627,time_window
d_time_c_ea155366f1e1_00039,m_efea2e6d511c,time_window
d_time_c_ea155366f1e1_00040,m_1d596eefa456,time_window
d_time_c_ea155366f1e1_00041,m_eff98c503abb,time_window
d_time_c_ea155366f1e1_00042,m_038c5a82e632,time_window
d_time_c_ea155366f1e1_00043,m_6b708269501a,time_window
d_time_c_ea155366f1e1_00044,m_0c8c9078d179,time_window
d_time_c_ea155366f1e1_00045,m_1a2ca0297219,time_window
d_time_c_ea155366f1e1_00045,m_b148e7434b94,time_window
d_time_c_ea155366f1e1_00046,m_7048c088c491,time_window
d_time_c_ea155366f1e1_00047,m_54bb42e402f6,time_window
d_time_c_ea155366f1e1_00048,m_8b27064b5203,time_window
d_time_c_ea155366f1e1_00049,m_3a5cbefbbf82,time_window
d_time_c_ea155366f1e1_00050,m_bd3acac0584c,time_window
d_time_c_ea155366f1e1_00051,m_66a0bb17b963,time_window
d_time_c_ea155366f1e1_00052,m_5598127721dc,time_window
d_time_c_ea155366f1e1_00053,m_e9d6bdfbc4dd,time_window
d_time_c_ea155366f1e1_00053,m_5cb6302230ff,time_window
d_time_c_ea155366f1e1_00054,m_97691cbb72e7,time_window
d_time_c_ea155366f1e1_00054,m_c34d75f61fb4,time_window
d_time_c_ea155366f1e1_00055,m_3c46d6a50351,time_window
d_time_c_ea155366f1e1_00056,m_be64386498e7,time_window
d_time_c_ea155366f1e1_00057,m_ef08fc34ca2a,time_window
d_time_c_ea155366f1e1_00057,m_e306b734d9e9,time_window
d_time_c_ea155366f1e1_00058,m_adc5218c12d9,time_window
d_time_c_ea155366f1e1_00059,m_1959a0a6efb2,time_window
d_time_c_ea155366f1e1_00059,m_f1a92f2846d3,time_window
d_time_c_ea155366f1e1_00059,m_34078d5db720,time_window
d_time_c_ea155366f1e1_00059,m_a0af97c90218,time_window
d_time_c_ea155366f1e1_00060,m_2761fd655b3d,time_window
d_time_c_ea155366f1e1_00061,m_efe38209d8c5,time_window
d_time_c_ea155366f1e1_00062,m_1085ef312536,time_window
d_time_c_ea155366f1e1_00062,m_e3b039233f40,time_window
d_time_c_ea155366f1e1_00062,m_c80a7653a95d,time_window
d_time_c_ea155366f1e1_00063,m_12620257c683,time_window
d_time_c_ea155366f1e1_00064,m_289a3f55f95e,time_window
d_time_c_ea155366f1e1_00065,m_c7327841ba6e,time_window
d_time_c_ea155366f1e1_00066,m_63619005583a,time_window
d_time_c_edba70d8957b_00001,m_0dc9ef708478,time_window
d_time_c_edba70d8957b_00002,m_9e3e3948996d,time_window
d_time_c_edba70d8957b_00003,m_ef98afe2d84e,time_window
d_time_c_edba70d8957b_00004,m_3f504e79b8d4,time_window
d_time_c_edba70d8957b_00005,m_d3ce39993317,time_window
d_time_c_edba70d8957b_00006,m_c3935a389e50,time_window
d_time_c_edba70d8957b_00006,m_36849c2fd17d,time_window
d_time_c_edba70d8957b_00007,m_8b8d335f1027,time_window
d_time_c_edba70d8957b_00008,m_215cdc38bec2,time_window
d_time_c_edba70d8957b_00008,m_57ba559e0ff1,time_window
d_time_c_edba70d8957b_00008,m_079cc3906ac4,time_window
d_time_c_ee3e83cd89f3_00001,m_4526b78a1292,time_window
d_time_c_ee3e83cd89f3_00002,m_f01da486b827,time_window
d_time_c_f62ee4b860fb_00001,m_eb3a944e1a11,time_window
d_time_c_f62ee4b860fb_00002,m_986ef4692e29,time_window
d_time_c_f62ee4b860fb_00003,m_80926256159c,time_window
d_time_c_f62ee4b860fb_00004,m_8370dea2c141,time_window
d_time_c_f62ee4b860fb_00005,m_a56545e337dd,time_window
d_time_c_f62ee4b860fb_00005,m_0053ccaaebc1,time_window
d_time_c_f62ee4b860fb_00006,m_ec346b7a11b6,time_window
d_time_c_f62ee4b860fb_00006,m_f04c7e2a0ab7,time_window
d_time_c_f62ee4b860fb_00007,m_27f2d2f9e516,time_window
d_time_c_f62ee4b860fb_00007,m_0651d694fc65,time_window
d_time_c_f8d39b6e2251_00001,m_acebe85f61ce,time_window
d_time_c_f8d39b6e2251_00002,m_366968d7def6,time_window
d_time_c_fa593a0c196d_00001,m_4094c4614d96,time_window
d_time_c_fa593a0c196d_00002,m_5e6dae246c91,time_window
d_time_c_fa593a0c196d_00003,m_bb0ba9d257f4,time_window
d_time_c_fa593a0c196d_00004,m_16adeb8793e0,time_window
d_time_c_fa593a0c196d_00005,m_caea58bbc369,time_window
d_time_c_fa593a0c196d_00006,m_251189a14d17,time_window
d_time_c_fa593a0c196d_00007,m_46b566bc59b2,time_window
d_time_c_fa593a0c196d_00008,m_26314facf188,time_window
d_time_c_fa593a0c196d_00009,m_e10ec5bd79b0,time_window
d_time_c_fa593a0c196d_00010,m_e5424c04c6e9,time_window
d_time_c_fa593a0c196d_00011,m_944c6ddd7354,time_window
d_time_c_fa593a0c196d_00012,m_efbbf64bb175,time_window
d_time_c_fa593a0c196d_00013,m_359723528ff3,time_window
d_time_c_fa593a0c196d_00014,m_2179565ba49e,time_window
d_time_c_fa593a0c196d_00015,m_c273800c3c9d,time_window
d_time_c_fa593a0c196d_00016,m_35f2ce4da496,time_window
d_time_c_fec8e021a8cc_00001,m_b1259df0ea2c,time_window
d_time_c_fec8e021a8cc_00002,m_ea657da09a5a,time_window
d_time_c_fec8e021a8cc_00003,m_7ce5f3ee9627,time_window
d_time_c_fec8e021a8cc_00003,m_b8bdd8a23d2e,time_window
d_time_c_fec8e021a8cc_00003,m_a32aff868b05,time_window
d_time_c_fec8e021a8cc_00004,m_2595f21c0b61,time_window
d_time_c_fec8e021a8cc_00005,m_c10d894c8397,time_window
d_time_c_fec8e021a8cc_00006,m_a7f608af5e13,time_window
d_time_c_fec8e021a8cc_00007,m_8552b287d89f,time_window
d_time_c_fec8e021a8cc_00008,m_a3fd2d7ba29b,time_window
d_time_c_fec8e021a8cc_00009,m_a8c5017de95f,time_window
d_time_c_fec8e021a8cc_00010,m_11161d1c93a7,time_window
d_time_c_fec8e021a8cc_00011,m_3f884b55397d,time_window
d_time_c_fec8e021a8cc_00012,m_51651b660390,time_window
d_time_c_fec8e021a8cc_00012,m_9c64cde3042d,time_window
d_time_c_fec8e021a8cc_00012,m_30fb76ff024e,time_window
d_time_c_fec8e021a8cc_00012,m_1c6e34356623,time_window
d_time_c_fec8e021a8cc_00012,m_2eaf85b9ba4f,time_window
d_time_c_fec8e021a8cc_00012,m_75ce8cc482f4,time_window
d_time_c_fec8e021a8cc_00012,m_f2468c959105,time_window
d_time_c_fec8e021a8cc_00012,m_7dffd74c1858,time_window
d_time_c_fec8e021a8cc_00012,m_9f229e5593bc,time_window
d_time_c_fec8e021a8cc_00012,m_2126b6c22977,time_window
d_time_c_fec8e021a8cc_00012,m_ddedc11f1b2f,time_window
d_time_c_fec8e021a8cc_00012,m_116a4accb097,time_window
d_time_c_fec8e021a8cc_00013,m_c4cd12d768c4,time_window
d_time_c_fec8e021a8cc_00014,m_7bd65c64ff49,time_window
d_time_c_fec8e021a8cc_00014,m_146e80406c41,time_window
d_time_c_fec8e021a8cc_00014,m_a215d4e3aa41,time_window
d_time_c_fec8e021a8cc_00014,m_15c878696795,time_window
d_time_c_fec8e021a8cc_00014,m_558dec305950,time_window
d_time_c_fec8e021a8cc_00014,m_eda24a7d4f0f,time_window
d_time_c_fec8e021a8cc_00014,m_29279385ec3a,time_window
d_time_c_fec8e021a8cc_00014,m_ec44e8ffe5d8,time_window
d_time_c_fec8e021a8cc_00015,m_7ffc9d507843,time_window
d_time_c_fec8e021a8cc_00016,m_1629e6bf4512,time_window
d_time_c_fec8e021a8cc_00017,m_1003379e5b79,time_window
d_time_c_fec8e021a8cc_00017,m_d3433f41f060,time_window
d_time_c_fec8e021a8cc_00017,m_1ca6cbd57e99,time_window
d_time_c_fec8e021a8cc_00017,m_be9bc159c095,time_window
d_time_c_fec8e021a8cc_00018,m_dbc471465190,time_window
d_time_c_fec8e021a8cc_00019,m_b50e2b355ca9,time_window
d_time_c_fec8e021a8cc_00020,m_0736a96a8ffa,time_window
d_time_c_fec8e021a8cc_00020,m_7a0dec78a133,time_window
d_time_c_fec8e021a8cc_00021,m_387b274dd3a9,time_window
