event_id,discussion_id
e_00000,d_parent_3dfdd1042c30
e_00001,d_parent_1eda41850690
e_00002,d_parent_07425a5b730e
e_00003,d_parent_902e791f75e3
e_00004,d_parent_1a447e23b152
e_00005,d_parent_d25011246b34
e_00006,d_parent_63524ddc02c6
e_00007,d_parent_3029777c254c
e_00008,d_parent_6fe629798b92
e_00009,d_parent_8d5dd4acee87
e_00010,d_parent_947667befad0
e_00011,d_parent_84defb700dc6
e_00012,d_parent_cf8101f249f9
e_00013,d_parent_4d8e2724a318
e_00014,d_parent_224c16ce241a
e_00015,d_parent_e93a999cea26
e_00016,d_parent_f89f65b5b616
e_00017,d_parent_261382411bb8
e_00018,d_parent_8f23743f8c2d
e_00019,d_parent_0736daa0b206
e_00020,d_parent_a7e2e18eb1be
e_00021,d_parent_5c72c647efd1
e_00022,d_parent_aadf3168f6bb
e_00023,d_parent_4d716463c099
e_00024,d_parent_de62fff97711
e_00025,d_parent_1d4536924206
e_00026,d_parent_223562f64596
e_00027,d_parent_9a17a545cf08
e_00028,d_parent_2e360f2c22f1
e_00029,d_parent_fd7a871112f4
e_00030,d_parent_933fc0afbfd6
e_00031,d_parent_30a95fa3dda5
e_00032,d_parent_eac4e027ad2a
e_00033,d_parent_8e769a9d0ecd
e_00034,d_parent_0dc8f1662d70
e_00035,d_parent_4cd446339210
e_00036,d_parent_c2d8b51d75bb
e_00037,d_parent_67f1d6c6243b
e_00038,d_parent_97e656fc3669
e_00039,d_parent_3dcc510f2a9d
e_00040,d_parent_a07f0cd0ce0f
e_00041,d_parent_5ba99d2a7a84
e_00042,d_parent_3ff0d870a08a
e_00042,d_parent_9648e069376e
e_00043,d_parent_bbd3c9199999
e_00044,d_parent_9d9a1df6e95a
e_00045,d_parent_d6cc2db990aa
e_00046,d_parent_3e961f54d60f
e_00047,d_parent_12c33ed2139b
e_00048,d_parent_51ff49992540
e_00049,d_parent_123521ea11d7
e_00049,d_parent_88a78343d2c5
e_00050,d_parent_fdc4575ae0aa
e_00051,d_parent_275be2013493
e_00052,d_parent_1bf85a3e28b1
e_00053,d_parent_6e2b56f53356
e_00054,d_parent_c8ff6bfcd0dc
e_00055,d_parent_d9a0046ef62c
e_00056,d_parent_77d14d7ce38e
e_00057,d_parent_464b966fc5b7
e_00058,d_parent_f59505ba23a2
e_00059,d_parent_3f2ba3b0d284
e_00060,d_parent_e4a6a036cca5
e_00061,d_parent_4aef368876e5
e_00062,d_parent_95ddf8770033
e_00063,d_parent_cba6c246b8fa
e_00064,d_parent_1589b49e5705
e_04204,d_parent_41b08f3d2c31
e_00065,d_parent_d395b257e30c
e_00066,d_parent_45103c8b5642
e_00067,d_parent_5e5b52e183a8
e_00068,d_parent_43ef4cc1ddf7
e_00069,d_parent_13c798bf2d2e
e_00070,d_parent_6687fa61ded4
e_00071,d_parent_449ce213fed1
e_00072,d_parent_1006fb8e7451
e_00073,d_parent_87ec4b07b1d9
e_00074,d_parent_889df917c876
e_00075,d_parent_af6126541fa2
e_00076,d_parent_b3cb3133aa1e
e_00077,d_parent_40adfde7c081
e_00078,d_parent_dfe9281f9e05
e_00079,d_parent_b318d7262c82
e_00080,d_parent_aa41bb28def6
e_00081,d_parent_64c03f74e527
e_00082,d_parent_bd048ee633b0
e_00083,d_parent_2a92acf55c4f
e_00053,d_parent_ebbb6b30da7c
e_00084,d_parent_ed3104aa6d8c
e_00053,d_parent_9d8c697e1ba7
e_00085,d_parent_9939388e5e56
e_00086,d_parent_84b1ea3b5601
e_00087,d_parent_664542b50f21
e_00088,d_parent_a802feda7e0c
e_00089,d_parent_bccba9d06b6f
e_00090,d_parent_6974fdf2cfe8
e_00091,d_parent_955f3c021acc
e_00092,d_parent_b403b41f077b
e_00093,d_parent_d69d77527908
e_00094,d_parent_2c87e7c3e19a
e_00095,d_parent_c95275ac2a4b
e_00096,d_parent_484e4757886f
e_00097,d_parent_430df2f9f42a
e_00098,d_parent_ce4d61c5cf66
e_00099,d_parent_e34908a4cec9
e_00100,d_parent_9bab272f60a4
e_00101,d_parent_9ccc1f2b936d
e_00102,d_parent_001c5ec17774
e_00103,d_parent_79b849290f59
e_00103,d_parent_ae697688ecfb
e_00104,d_parent_9565852cf939
e_00103,d_parent_c94ca50b4b4e
e_00105,d_parent_d678bade979d
e_00106,d_parent_73ccd20e73e8
e_00107,d_parent_07a0fc5c075d
e_00108,d_parent_4d2d78bcf732
e_00109,d_parent_e5ed7da33d9f
e_00110,d_parent_234c87ed01ee
e_00111,d_parent_ab303bd20b19
e_00112,d_parent_4190438c50b5
e_00113,d_parent_a3384d8595e4
e_00110,d_parent_b2f315b8d6ad
e_00114,d_parent_044272d8ed55
e_00115,d_parent_873176d2b211
e_00116,d_parent_988f3aafb12c
e_00117,d_parent_d20667b868dc
e_00118,d_parent_2f25a8f412e7
e_00119,d_parent_e71f15283358
e_00120,d_parent_66013a70044e
e_00121,d_parent_dba1d0d1c239
e_00122,d_parent_699a7965438b
e_00123,d_parent_a7525e883036
e_00124,d_parent_34dba4405cb9
e_00125,d_parent_c03b19d2a70a
e_00126,d_parent_419a66f0d470
e_00127,d_parent_3ae798358ac5
e_00128,d_parent_c8253359b62c
e_00129,d_parent_5712ab27a1d8
e_00130,d_parent_97e25ed70ae8
e_00131,d_parent_79dded29dfa9
e_00132,d_parent_a5c2c39c2aa3
e_00125,d_parent_2c9017d0dfe8
e_00133,d_parent_265cc5f68fc2
e_00134,d_parent_7fc5388aa26d
e_00135,d_parent_9ad54172ab37
e_00136,d_parent_710a2d996b9b
e_00137,d_parent_40b2b92134b3
e_00138,d_parent_6e0268c121a9
e_00139,d_parent_d935f8bc9773
e_00140,d_parent_73c09aa94e13
e_00141,d_parent_282c1b0cf798
e_00142,d_parent_6162451cc2a6
e_00143,d_parent_b05e3f583d05
e_00144,d_parent_23fb09df28ed
e_00145,d_parent_591bec0d39f2
e_00146,d_parent_7dedfd2b4d75
e_00147,d_parent_4bee4f832466
e_00148,d_parent_58d0a9dfb316
e_00149,d_parent_afdb97c899e2
e_00150,d_parent_7dd81dd56907
e_00150,d_parent_c88de22a84d1
e_00151,d_parent_5222f1afccfa
e_00152,d_parent_bec8d7e4700a
e_00153,d_parent_c2604adda9c3
e_00154,d_parent_360c470abe95
e_00155,d_parent_be5013e14066
e_00156,d_parent_501b7834618e
e_00157,d_parent_182969769b0b
e_00158,d_parent_4c624d054e83
e_00159,d_parent_bc569df795d5
e_00160,d_parent_5ae6c57011dd
e_00161,d_parent_822e67fe000b
e_00162,d_parent_afbb98cc6893
e_00163,d_parent_58ad28f35392
e_00164,d_parent_4cb6f5d09723
e_00165,d_parent_f4d2235dff88
e_00166,d_parent_1c164e4805be
e_00167,d_parent_b158830fc62b
e_00168,d_parent_dce419584cbd
e_00169,d_parent_a81f05b674f6
e_00170,d_parent_fbcb085ea57a
e_00171,d_parent_f3b20206e3ec
e_00172,d_parent_e6427b522597
e_00173,d_parent_d8b58531a6e8
e_00174,d_parent_73d24bd0dd8e
e_00175,d_parent_e482b33de693
e_00176,d_parent_cb94f68f3ef5
e_00177,d_parent_92b550fa14f8
e_00178,d_parent_4f89de830cd9
e_00179,d_parent_a7edae333f5c
e_00180,d_parent_616c54d20a39
e_00181,d_parent_057dc83e5c0a
e_00182,d_parent_64f3dad5d128
e_00183,d_parent_3aff0d24ee80
e_00184,d_parent_44dd91ae249c
e_00185,d_parent_b351049706a1
e_00186,d_parent_eb93999e3aa9
e_00187,d_parent_b7b3fd5928b1
e_00188,d_parent_5e711a78cf54
e_00189,d_parent_94ed7d3e8807
e_00190,d_parent_4a619eab78b4
e_00191,d_parent_1b2692eda2cd
e_00029,d_parent_d7062455aad4
e_00192,d_parent_27b4a5a4f707
e_00193,d_parent_0f0f85e1c4fd
e_00193,d_parent_52cbbb6233ac
e_00194,d_parent_562091ab4526
e_00195,d_parent_c2cc53941354
e_00196,d_parent_57f80c0cef43
e_00197,d_parent_81cdae25f392
e_00198,d_parent_63342efde007
e_00199,d_parent_e30b636b1270
e_00200,d_parent_2a7dce67a98e
e_00201,d_parent_14329fe48b9b
e_00202,d_parent_c339302f189f
e_00203,d_parent_562f712043aa
e_00204,d_parent_b2f8866cf872
e_00205,d_parent_786a45c09ee6
e_00206,d_parent_5ec2717f3371
e_00207,d_parent_dba208a4c9f6
e_00208,d_parent_980f50c9bcd4
e_00178,d_parent_a3d8c8d4ad6f
e_00209,d_parent_2fa98c605d1e
e_00210,d_parent_7524df6929b4
e_00211,d_parent_c6eccbf2623f
e_00211,d_parent_e172cc424528
e_00212,d_parent_4ca4d6230c02
e_00213,d_parent_76ba6f99f740
e_00214,d_parent_2708221d80af
e_00038,d_parent_5819c6f3d91f
e_00037,d_parent_419163da5c3f
e_00038,d_parent_60070e6955dd
e_00215,d_parent_b260c9dd6f27
e_00216,d_parent_ba47d87b09a5
e_00217,d_parent_ba1247375531
e_00218,d_parent_b8b53877e447
e_00217,d_parent_d79a8a2f7dd4
e_00219,d_parent_2790201bb99e
e_00220,d_parent_0af9910b858d
e_00221,d_parent_0b8b8d266e21
e_00222,d_parent_9d7c3533cceb
e_00223,d_parent_60a046be9a80
e_00224,d_parent_eb2119982a24
e_00225,d_parent_c88674ef4ee9
e_00226,d_parent_43dc50fdd8eb
e_00227,d_parent_2a2041fa1355
e_00228,d_parent_7e3e7d21acf6
e_00229,d_parent_fb9cc20861bf
e_00213,d_parent_3e94a36f056d
e_00230,d_parent_9d5a2d4c1965
e_00231,d_parent_2d6c1390b03a
e_00232,d_parent_23104d2c35dd
e_00233,d_parent_464f4a2eaf7a
e_00234,d_parent_1b0a7ea220ed
e_00049,d_parent_5ae11bf8aba0
e_00235,d_parent_cb2bb74951a5
e_00236,d_parent_0bf60baf8e78
e_00237,d_parent_f30dbf2699c3
e_00238,d_parent_38d1b7df9afc
e_00239,d_parent_62d70e5b0b9c
e_00240,d_parent_c10d56db628e
e_00241,d_parent_cbe8c6bf65d5
e_00242,d_parent_30611bcb2a7b
e_00243,d_parent_471f6fe1af17
e_00244,d_parent_0bf83959637d
e_00245,d_parent_4e8691ce06eb
e_00049,d_parent_ff56c629b7a3
e_00246,d_parent_df35394203e5
e_00247,d_parent_6136d446bc66
e_00248,d_parent_eae7cad91dc2
e_00249,d_parent_9dd6a7eae815
e_00250,d_parent_6830888c3948
e_00251,d_parent_ddd670500eeb
e_00252,d_parent_916fdae9dff4
e_00253,d_parent_1208fdd0d38f
e_00254,d_parent_716896a7071a
e_00255,d_parent_555b5914c202
e_00256,d_parent_01c44cd468ab
e_00257,d_parent_1c81f539a351
e_00258,d_parent_2030acdae613
e_00259,d_parent_d623d9f7097e
e_00260,d_parent_2cb3a3883b3a
e_00261,d_parent_5e4e268eec0f
e_00262,d_parent_9ee289437bdf
e_00263,d_parent_40217818ff19
e_00264,d_parent_a3525f4eac87
e_00265,d_parent_4875d5b03ed0
e_00266,d_parent_a0eedf966a02
e_00267,d_parent_b5f7cf04c8c9
e_00268,d_parent_ad464d2161a9
e_00269,d_parent_fa52d68dd2e2
e_00270,d_parent_2de49ffdb5d6
e_00271,d_parent_acf15e5690d0
e_00272,d_parent_123e083fdb6f
e_00273,d_parent_4c14d982c997
e_00274,d_parent_f6051d423871
e_00275,d_parent_52e2954f0d11
e_00276,d_parent_66ed15798be5
e_00277,d_parent_5f490eb3fd69
e_00278,d_parent_d785f71ff754
e_00279,d_parent_a934284926a9
e_00280,d_parent_64186c440611
e_00281,d_parent_31ce4cabee01
e_00282,d_parent_08e81dee75db
e_00283,d_parent_ac5d1ec6a48e
e_00275,d_parent_a580e8935be6
e_00284,d_parent_32885b882ff3
e_00285,d_parent_5e29c575ed8d
e_00243,d_parent_2cec94168794
e_00286,d_parent_bc7dc51df926
e_00287,d_parent_6d7298f168f8
e_00288,d_parent_506d7616a006
e_00289,d_parent_87dbc81d0276
e_00290,d_parent_ac82b91f8bbf
e_00291,d_parent_f0f3a99e13b7
e_00292,d_parent_4ce69c3a2d08
e_00293,d_parent_a2e309a2cb3b
e_00294,d_parent_1bc8d4a27b72
e_00295,d_parent_570d7fb5e153
e_00296,d_parent_b86877a5e80a
e_00297,d_parent_cae2c6c0ec22
e_00298,d_parent_211195be1b7b
e_00299,d_parent_9e45604942db
e_00300,d_parent_4576983563f0
e_00301,d_parent_4aafbbb58ff3
e_00302,d_parent_b3e4e21dd22d
e_00303,d_parent_6df734ff5c66
e_00304,d_parent_a1cec528249b
e_00305,d_parent_a7e4b56b0c4c
e_00306,d_parent_bc061afab569
e_00307,d_parent_efb4353a0d43
e_00308,d_parent_64df0cfed572
e_00309,d_parent_f61380d8c3df
e_00310,d_parent_b9e3f8ffe3c2
e_00311,d_parent_934c2c2e1f0f
e_00312,d_parent_fee0c75f00e5
e_00313,d_parent_f07f7000695d
e_00314,d_parent_c53b8a7661d3
e_00315,d_parent_05616fef9523
e_00316,d_parent_f82f09ebfd77
e_00097,d_parent_d70465b15828
e_00317,d_parent_d16cc18a3283
e_00318,d_parent_1891975e7f81
e_00319,d_parent_fb49c95aa751
e_00320,d_parent_bdce666613f0
e_00321,d_parent_8264a5434806
e_00322,d_parent_24199fd3e594
e_00323,d_parent_37f61471af4d
e_00324,d_parent_93d925fcf394
e_00325,d_parent_6dcdfc73624a
e_00326,d_parent_ec03475f0dac
e_00327,d_parent_a5ffed7c03e3
e_00322,d_parent_1571d7a655f6
e_00328,d_parent_178de4c04108
e_00329,d_parent_f22bc0d306e6
e_00330,d_parent_fd47ce52f069
e_00331,d_parent_599f9dcbc6f2
e_00332,d_parent_77407f97b163
e_00333,d_parent_79495ca7d506
e_00334,d_parent_ef1c538ae77c
e_00335,d_parent_2d7440c6eb82
e_00336,d_parent_6819f844eff7
e_00125,d_parent_0a7d3649c9a1
e_00337,d_parent_f698bf9402a8
e_00338,d_parent_e8478d6d6115
e_00339,d_parent_25104033796e
e_00340,d_parent_2c9e769a07c0
e_00341,d_parent_e9f039d58681
e_00342,d_parent_bd79e9ecd518
e_00343,d_parent_e859a9ecabba
e_00125,d_parent_8e07267613e7
e_00344,d_parent_7eb9c8a36077
e_00345,d_parent_8f2a4eed49ac
e_00346,d_parent_fe1466a437ef
e_00347,d_parent_638e30460d64
e_00348,d_parent_fd703fdb6632
e_00349,d_parent_aec6cd5c2185
e_00350,d_parent_00f1f9ac7b91
e_00351,d_parent_59e05d43f6b4
e_00352,d_parent_ad6e6a2a5578
e_00353,d_parent_c111e8fd2099
e_00354,d_parent_4e10eba95d83
e_00355,d_parent_6bd6c5b86664
e_00356,d_parent_349110da57fa
e_00357,d_parent_3f82df404c87
e_00358,d_parent_82d92a2d2590
e_00359,d_parent_33a8181fece2
e_00360,d_parent_6c33540ce543
e_00359,d_parent_71de14920e9d
e_00361,d_parent_ee2518150d5a
e_00362,d_parent_94e06c2815e7
e_00363,d_parent_175659a4648a
e_00364,d_parent_5132d5d05619
e_00365,d_parent_539948345b3e
e_00366,d_parent_18e6a69ad755
e_00367,d_parent_d87244a598ea
e_00368,d_parent_7fda670ce107
e_00369,d_parent_9cbc3c468685
e_00370,d_parent_5e72194d0b59
e_00371,d_parent_b9f0883e92fc
e_00372,d_parent_ea73843493fb
e_00373,d_parent_7122c8ec36f9
e_00371,d_parent_688c9e1fe4ec
e_00374,d_parent_b47675e24533
e_00375,d_parent_831c801eba20
e_00373,d_parent_1f3d22fa7dd1
e_00376,d_parent_0fe52c93e67d
e_00377,d_parent_19657c853b43
e_00378,d_parent_fda646918ab3
e_00379,d_parent_b417589e7dc0
e_00380,d_parent_268c942dcd61
e_00381,d_parent_826ea1a561de
e_00382,d_parent_08e9d90fcccb
e_00382,d_parent_3db537e9a25e
e_00383,d_parent_c45217ff923f
e_00384,d_parent_bd30a8ef5f4c
e_00385,d_parent_b27296e336d2
e_00386,d_parent_7e9de0ed539a
e_00387,d_parent_7b966c35daa7
e_00388,d_parent_9bde1542942a
e_00389,d_parent_4f5f2dc99d41
e_00390,d_parent_5502951f83c6
e_00391,d_parent_43bd7df7da90
e_00113,d_parent_3f7cff2f1ed7
e_00392,d_parent_54e84f3154d5
e_00393,d_parent_438e9305cf53
e_00394,d_parent_5b02e93f5d87
e_00394,d_parent_d06106963051
e_00395,d_parent_7daa8fd4d8a5
e_00396,d_parent_526a53d616bd
e_00397,d_parent_9e551004c0db
e_00398,d_parent_5d739941232b
e_00110,d_parent_8b01bd55c823
e_00399,d_parent_2212956fb650
e_00400,d_parent_f25af864ba91
e_00401,d_parent_023ee089f61c
e_00402,d_parent_076f49e89b43
e_00403,d_parent_65c1fd1fbbc5
e_00403,d_parent_27c718e8d7cc
e_00404,d_parent_f8f759f873a3
e_04205,d_parent_16c575a6401f
e_00405,d_parent_c5b22dc8de81
e_00037,d_parent_ca6828d50769
e_00037,d_parent_bce133aa1995
e_00037,d_parent_77bb959b3c23
e_00406,d_parent_9fd98403adc8
e_00407,d_parent_db9a7b56f552
e_00408,d_parent_a94fa7add515
e_00409,d_parent_a1d9e68905a5
e_00410,d_parent_3406321986c2
e_00411,d_parent_297f55009ff2
e_00412,d_parent_5ddaa92d2f00
e_00413,d_parent_bc34498541e8
e_00414,d_parent_2bfa66f5a6c3
e_00412,d_parent_08ec94fa393e
e_00412,d_parent_0b75ecfdb4e3
e_00049,d_parent_fba352e73da9
e_00415,d_parent_5052056c9966
e_00416,d_parent_279b46ad3a22
e_00417,d_parent_c7c5267df4a5
e_00049,d_parent_c0685980a40f
e_00415,d_parent_dfaef5bff66f
e_00418,d_parent_457e5f9b55dc
e_00419,d_parent_1912377b6885
e_00420,d_parent_c4041694b57a
e_00421,d_parent_23c45d6b8cc0
e_00422,d_parent_ff38427ba7f6
e_00423,d_parent_e8b2d95822b4
e_00275,d_parent_709fd1348d2b
e_00081,d_parent_32218cf6dbd7
e_00424,d_parent_3c04f8483cf1
e_00425,d_parent_da5ecfbd5027
e_00053,d_parent_403c229aab32
e_00426,d_parent_6eb2c3b6f26b
e_00427,d_parent_35f569b1e883
e_00428,d_parent_34a3f4562057
e_00429,d_parent_a2b40bf47f1c
e_00430,d_parent_3cfcc0040a12
e_00431,d_parent_7db4a3a7c54c
e_00432,d_parent_ec693c6b1378
e_00433,d_parent_a202acaddc83
e_00434,d_parent_0aba789cbfa8
e_00435,d_parent_d669818afcb5
e_00436,d_parent_ea8e642102b6
e_00437,d_parent_1a85bc33e8f8
e_00438,d_parent_d52c133473b9
e_00439,d_parent_b869339e1bd0
e_00440,d_parent_6319d3b1c58e
e_00441,d_parent_634c0640b00d
e_00442,d_parent_2a3ccd1a562b
e_00443,d_parent_f5fd6f68cca4
e_00444,d_parent_32a35980bac7
e_00445,d_parent_03360ceb6260
e_00446,d_parent_864c0dccb6dc
e_00447,d_parent_293ae0c11452
e_00448,d_parent_db035b602854
e_00449,d_parent_041bf973bc27
e_00110,d_parent_78a81b294500
e_00450,d_parent_1d7d6a162532
e_00451,d_parent_04525538f46e
e_00452,d_parent_7776a6918fba
e_00453,d_parent_b01c15f38e2d
e_00454,d_parent_12788f5e9162
e_00455,d_parent_9e9a479b4125
e_00456,d_parent_5b92799d0f0a
e_00457,d_parent_eb2d44bc3811
e_00125,d_parent_dbdad610f217
e_00458,d_parent_ad305bd6b928
e_00459,d_parent_36cd9c799b71
e_00460,d_parent_7a07ea9a2d72
e_00461,d_parent_dd71bec1e730
e_00462,d_parent_94af4a45ba9b
e_00463,d_parent_6022c3c9b288
e_00464,d_parent_b78391f388b4
e_00465,d_parent_2b5fa5d137a7
e_00466,d_parent_64ce6d20681b
e_00467,d_parent_31608eb797d1
e_00468,d_parent_953a0e2393a1
e_00469,d_parent_d888f046020f
e_00470,d_parent_74c16d51b4e8
e_00471,d_parent_6a0da8867955
e_00472,d_parent_52eb3047fb33
e_00473,d_parent_82b403e6aa7f
e_00474,d_parent_f36f56f1a970
e_00475,d_parent_39c7e2b3b48b
e_00476,d_parent_066b5402f7fb
e_00477,d_parent_d68a616f36b7
e_00478,d_parent_079244c5fdec
e_00479,d_parent_0376d7e79e03
e_00480,d_parent_58d763a5df66
e_00481,d_parent_c16d5e38fc42
e_00482,d_parent_08065c1881ec
e_00483,d_parent_ae9d03c9f48c
e_00484,d_parent_6f06e7b8f624
e_00485,d_parent_1cff6e5a94f3
e_00486,d_parent_e3c6891d0a22
e_00487,d_parent_6e0d69c109fd
e_00488,d_parent_dd9bad3cbaab
e_00489,d_parent_e05ad6b43dec
e_00490,d_parent_e572a20f3c34
e_00491,d_parent_8fddd8772038
e_00488,d_parent_1a1aac7e1127
e_00492,d_parent_9a4cfb46d1a8
e_00492,d_parent_a81cd8958f80
e_00493,d_parent_030c09baea60
e_00494,d_parent_8cc2d4452013
e_00495,d_parent_a65336e0bce6
e_00038,d_parent_b7223b42fa94
e_00496,d_parent_887ed274e71a
e_00497,d_parent_62ed60258f5e
e_00498,d_parent_2ea79306466c
e_00499,d_parent_947268753b7b
e_00500,d_parent_7214ab18b631
e_00501,d_parent_e5032bee5db2
e_00502,d_parent_673c33e04edd
e_00503,d_parent_062e05b967f3
e_00504,d_parent_0766aa009d91
e_00505,d_parent_02019c656089
e_00506,d_parent_5b138b8279a3
e_00507,d_parent_53b03bc68e11
e_00508,d_parent_e6a00aabae02
e_00509,d_parent_aec579527026
e_00053,d_parent_d15c1b1e8f34
e_00510,d_parent_a484ffed7aed
e_00511,d_parent_333085056856
e_00512,d_parent_af9cf5f75aa0
e_00513,d_parent_b4ff8a5def8a
e_00514,d_parent_f099a6865f2e
e_00515,d_parent_6b841c31d6bf
e_00516,d_parent_542f50ff3ef1
e_00517,d_parent_d0d25bfce3ed
e_00518,d_parent_61c789bbae36
e_00519,d_parent_d9ea4e18fdbf
e_00389,d_parent_72312337ef84
e_00520,d_parent_2835f81bc930
e_00521,d_parent_990f6c71a107
e_00522,d_parent_291f7bd43321
e_00523,d_parent_abe79a73598e
e_00524,d_parent_68d40e747604
e_00525,d_parent_03bd4aac3189
e_00526,d_parent_14ee05e09bf3
e_00527,d_parent_3f03dbec15ed
e_00528,d_parent_d81016cb4b6d
e_00529,d_parent_2e4f14f6834d
e_00530,d_parent_0846beb0f5e9
e_00531,d_parent_bdcbbe683d4d
e_00532,d_parent_67c692a3310c
e_00533,d_parent_5fba4fb94360
e_00534,d_parent_182e89ead61c
e_00535,d_parent_16d77f16db8f
e_00536,d_parent_8dedbb878226
e_00537,d_parent_0050a3497646
e_00538,d_parent_e35700f5666c
e_00538,d_parent_4f6fbb541353
e_00539,d_parent_ee484108bf78
e_00540,d_parent_dee9c6c2dd28
e_00541,d_parent_c0e68cf68bc9
e_00542,d_parent_245e19c88500
e_00543,d_parent_5d2a4b1f6e26
e_00544,d_parent_afe06fbfe1ce
e_00545,d_parent_e15a298d50b5
e_00097,d_parent_bc83c95ff387
e_00546,d_parent_79540786845c
e_00547,d_parent_f2e66e96fb68
e_00548,d_parent_57a26571e708
e_00549,d_parent_5455cdb05709
e_00110,d_parent_413e2552ae53
e_00550,d_parent_235c0756e30c
e_00551,d_parent_e6ee2e5aa893
e_00552,d_parent_ee6fa3e8fcd1
e_00553,d_parent_9474abc3e612
e_00554,d_parent_b3893cbf7b1b
e_00555,d_parent_09dc9a56de51
e_00556,d_parent_8f9ce712040f
e_00557,d_parent_379ab5e14095
e_00558,d_parent_dc62928524a6
e_00110,d_parent_8c13908c5a98
e_00559,d_parent_b26c3b042971
e_00560,d_parent_54b964e2e887
e_00561,d_parent_dddb051fcf93
e_00562,d_parent_d9eba4695eb8
e_00563,d_parent_e5cc6d49507d
e_00564,d_parent_1a10db7bc2eb
e_00565,d_parent_0b898e25d6ab
e_00566,d_parent_ca6f00a99375
e_00567,d_parent_bfebe59f36d8
e_00568,d_parent_32518324d288
e_00569,d_parent_6b76bb644e77
e_00570,d_parent_c8f9c1619078
e_00571,d_parent_c5268a07eb09
e_00572,d_parent_534f59f4e4ce
e_00573,d_parent_1557b401d96a
e_00574,d_parent_442be87fdc8e
e_00575,d_parent_62da1a076d60
e_00574,d_parent_0fef547176e6
e_00576,d_parent_6421ead611c2
e_00577,d_parent_332776129672
e_00578,d_parent_a739e8f39a0e
e_00579,d_parent_6fb182fc370a
e_00580,d_parent_89c72f0ace2a
e_00581,d_parent_7c55bddeb8ca
e_00582,d_parent_3b1d5f3f3a23
e_00583,d_parent_dafe082d816f
e_00584,d_parent_119f24bfbcac
e_00584,d_parent_5fe6cba8db72
e_00585,d_parent_57593572e34a
e_00142,d_parent_7625b1c0eac2
e_00586,d_parent_6dda90e2884b
e_00587,d_parent_fa9b90617150
e_00588,d_parent_40d96541d011
e_00589,d_parent_f778f44e7b1d
e_00053,d_parent_39a95cf737ad
e_00590,d_parent_15e30b97b44c
e_00591,d_parent_80cbbcb25601
e_00592,d_parent_4c5346eeeb49
e_00593,d_parent_3fefee45985d
e_00587,d_parent_f8821462c924
e_00594,d_parent_f1eca7e0ddfb
e_00595,d_parent_bd39aa526ea4
e_00596,d_parent_3b6d7e234a50
e_00597,d_parent_fe4ed634ad8f
e_00598,d_parent_9a22ddc8dde9
e_00599,d_parent_ed0c0fc1a29e
e_00600,d_parent_0591d41283b9
e_00601,d_parent_0f15ce3fc996
e_00602,d_parent_65d808005b7b
e_00603,d_parent_eb06e3a07ab2
e_00597,d_parent_3da7785c5b4c
e_00604,d_parent_d50b34373493
e_00485,d_parent_d845ccdd0d4e
e_00605,d_parent_1ca5861d0a16
e_00606,d_parent_40fdcff726cc
e_00607,d_parent_6c207ea3d91d
e_00608,d_parent_c214bd66d540
e_00609,d_parent_b060b76a2d6b
e_00215,d_parent_c5f4a625f55a
e_00610,d_parent_dc73d369a3e7
e_00611,d_parent_5cfe7cac83d7
e_00612,d_parent_73e009dcb2cd
e_00613,d_parent_3ba68cf6ecd1
e_00614,d_parent_6ab90b2dd9df
e_00615,d_parent_145054fe9fc2
e_00038,d_parent_f625c2bf09af
e_00616,d_parent_c780ff50b0db
e_00617,d_parent_af33ac3d2438
e_00618,d_parent_f00f9e5e89c0
e_00619,d_parent_513c4eaaa983
e_00620,d_parent_9fb52cfea7b6
e_00621,d_parent_2d46c993ab37
e_00622,d_parent_4148b6e86240
e_00623,d_parent_a8d78ae0179e
e_00624,d_parent_d63cdf48aaea
e_00625,d_parent_656fb0c511b9
e_00626,d_parent_5ae33914be29
e_00627,d_parent_2215eb0f196a
e_00628,d_parent_a3e151dcd823
e_00629,d_parent_1dedfcd99c85
e_00049,d_parent_118456e74488
e_00630,d_parent_be7069e78d14
e_00631,d_parent_9cd0c1b429b0
e_00631,d_parent_86225a0aeb17
e_00632,d_parent_bd3e2cd3d346
e_00633,d_parent_433756dd9a09
e_00412,d_parent_71d232791f9b
e_00634,d_parent_0c3b8fa518c8
e_00635,d_parent_d178c9f3ebe6
e_00412,d_parent_cd4ff58bed71
e_00636,d_parent_8f75421bb3bc
e_00502,d_parent_c60a2a2be872
e_00637,d_parent_80ece9de9ba0
e_00638,d_parent_5a9980bf9122
e_00639,d_parent_a5a0d9e55f79
e_00634,d_parent_563e2f7eec88
e_00634,d_parent_8478efdc757d
e_00640,d_parent_7d8244ce924f
e_00502,d_parent_b22ba536276c
e_00641,d_parent_12afac98217c
e_00642,d_parent_df5a0b4a0f30
e_00643,d_parent_a0b68e1d3349
e_00644,d_parent_d496ff829580
e_00502,d_parent_a1b3dc10acdd
e_00502,d_parent_6370e59ba279
e_00645,d_parent_62c6df18d162
e_00646,d_parent_fe9d1092cbf5
e_00647,d_parent_864f25fb9989
e_00648,d_parent_95b2511595ad
e_00649,d_parent_5299e830f3e7
e_00415,d_parent_66e3ba5e31f8
e_00650,d_parent_953f71de4786
e_00651,d_parent_6f503cd58bec
e_00652,d_parent_9a152bb8bcff
e_00415,d_parent_0744fe1d3a9a
e_00653,d_parent_f224810f360c
e_00654,d_parent_e27070fd454d
e_00655,d_parent_33c3a28c0479
e_00656,d_parent_98a92509954b
e_00657,d_parent_133f692e6e93
e_00658,d_parent_ef75483a0a51
e_00658,d_parent_f6eb48726f53
e_00659,d_parent_9096025a010b
e_00659,d_parent_2f5edc7dede3
e_00660,d_parent_fc6143cbfb9b
e_00658,d_parent_5aca85595968
e_00661,d_parent_29bf189098c9
e_00662,d_parent_4a91c60e022b
e_00663,d_parent_ffb2cc1f8cdf
e_00664,d_parent_4dbcd5470d00
e_00665,d_parent_a6765c3881d2
e_04206,d_parent_71eb2c44a5c4
e_00666,d_parent_1edcc80b7972
e_00667,d_parent_bcffa40e5711
e_04207,d_parent_ccb818192449
e_00668,d_parent_e173ebd4cbf0
e_00669,d_parent_bcd025fcfaf3
e_00667,d_parent_dcaf359ec8d4
e_00279,d_parent_413ecb25a7e3
e_00670,d_parent_fc9f1e3f2fd7
e_00671,d_parent_de6e794add2f
e_00671,d_parent_35308bdc8428
e_00672,d_parent_4d7849c2f083
e_00673,d_parent_7720cc529020
e_00674,d_parent_070487050128
e_00675,d_parent_3717f360e9a7
e_00262,d_parent_20e51ccd5739
e_00676,d_parent_3b0746153af3
e_00677,d_parent_d7443dc4b339
e_00678,d_parent_72b261c3c1ad
e_00081,d_parent_c7152ea3f8d1
e_00679,d_parent_69c814143e88
e_00680,d_parent_f16c33abd482
e_00681,d_parent_a7f42723ea30
e_00682,d_parent_9f01dfacc2d2
e_00683,d_parent_1b89cd459ef1
e_00684,d_parent_cfe9cc6641e9
e_00685,d_parent_27b1182f4c7d
e_00684,d_parent_69b2001b8e38
e_00686,d_parent_4917e625078f
e_00687,d_parent_eb934ae9f65b
e_00688,d_parent_2010378c8221
e_00689,d_parent_1373ee013d31
e_00387,d_parent_bf250571dddc
e_00690,d_parent_7125e01abafb
e_00691,d_parent_24f40e0c7236
e_00692,d_parent_cb240a42a2e0
e_00693,d_parent_5260f725e476
e_00694,d_parent_c6ccc8a3b9d0
e_00695,d_parent_2173203a2417
e_00696,d_parent_3f4a625a031a
e_00697,d_parent_58124575ac50
e_00697,d_parent_9f519bacf79a
e_00697,d_parent_f3761c2ad843
e_00698,d_parent_dbca22cbbc27
e_00699,d_parent_fabd62314a48
e_00700,d_parent_8407f7a474ce
e_00701,d_parent_b37212e6c4b9
e_00702,d_parent_728ffc884dce
e_00703,d_parent_eefbd11bf538
e_00704,d_parent_1deacc5cc122
e_00705,d_parent_3b624aeba70f
e_00706,d_parent_786cab204d35
e_00707,d_parent_3c0ad120fdce
e_00708,d_parent_e2850cd73644
e_00709,d_parent_e5babb4d9c4e
e_00709,d_parent_404eadab0318
e_00710,d_parent_50797dcfdd45
e_00711,d_parent_28ea86691257
e_00712,d_parent_96b8d196c629
e_00713,d_parent_c0c36a8048f8
e_00714,d_parent_5a626f59cdf7
e_00715,d_parent_faac33550d6e
e_00102,d_parent_4d32278f98ef
e_00716,d_parent_e4bfdfc811ae
e_00717,d_parent_bb071e6b3541
e_00717,d_parent_5d1a2893edf9
e_00718,d_parent_abdc68830860
e_00719,d_parent_a107ffc90ff0
e_00720,d_parent_4ffe5032de65
e_00720,d_parent_45a3a1e80617
e_00721,d_parent_428fa27ba99d
e_00103,d_parent_d4730805a5a0
e_00103,d_parent_597e07e0cb3b
e_00722,d_parent_7c85018b926a
e_00723,d_parent_8aaf9e9b9e46
e_00103,d_parent_d583fb8e8e15
e_00724,d_parent_3fda7ba16a5c
e_00725,d_parent_b2b8e3e3098d
e_00726,d_parent_c01684f1f96b
e_00727,d_parent_57645a3b5562
e_00728,d_parent_e0420b949ea5
e_00729,d_parent_1fdea854c85d
e_00730,d_parent_ac9d619c0384
e_00731,d_parent_b8ff8d710ce5
e_00732,d_parent_2121e34a002e
e_00733,d_parent_ffb9b94c9e3a
e_00734,d_parent_1f77d4b4f6c1
e_00735,d_parent_1a27efca3cf2
e_00736,d_parent_e5bfe9ee2f5d
e_00737,d_parent_c07afc277de4
e_00738,d_parent_e226d5dc0a48
e_00739,d_parent_76ec983bd829
e_00740,d_parent_4de763949fa4
e_00741,d_parent_48457861effd
e_00742,d_parent_15fa8c611080
e_00743,d_parent_bb1d130a41c3
e_00744,d_parent_4bf0df51105b
e_00745,d_parent_8bd49e13fec8
e_00745,d_parent_e6ea4e3228f0
e_00746,d_parent_6ca2ab2bbd0a
e_00110,d_parent_c4719f954f10
e_00747,d_parent_cede9c01120e
e_00748,d_parent_70e5aa7dc4a1
e_00749,d_parent_97c57332d0f4
e_00749,d_parent_bf0c90074ce3
e_00110,d_parent_2f58ba24e58d
e_00750,d_parent_cb84b1391742
e_00751,d_parent_856370d3af05
e_00752,d_parent_301098ef8318
e_00753,d_parent_d016fb951746
e_00754,d_parent_edf0ea1f7399
e_00755,d_parent_be9c2e1b1cc7
e_00755,d_parent_49317581f38c
e_00756,d_parent_170cc4d3e5ad
e_00757,d_parent_2437b503345c
e_00758,d_parent_1ffcdc8b2c01
e_00125,d_parent_7ff2f2005983
e_00759,d_parent_e8d01735cd04
e_00760,d_parent_35a0ec4371c9
e_00761,d_parent_a69ed3ca3687
e_00762,d_parent_1d63acd56f46
e_00763,d_parent_9781aaa0c0cf
e_00763,d_parent_25193fd4112f
e_00764,d_parent_6946b827f6da
e_00765,d_parent_6afeeb31973e
e_00766,d_parent_ffccf65a9a63
e_00764,d_parent_9e1857d7e39a
e_00767,d_parent_ea57c3a73347
e_00459,d_parent_d3170e279a5d
e_00768,d_parent_bf70bc68ff01
e_00769,d_parent_27fc87693411
e_00770,d_parent_e5f8182ac1ac
e_00771,d_parent_c27009c4fac1
e_00772,d_parent_b26fcefeeb29
e_00773,d_parent_ccdd2f84bcc6
e_00774,d_parent_9551bd7d6884
e_00775,d_parent_7dc8c6231a9c
e_00125,d_parent_084869741b65
e_00776,d_parent_a81abac7ede0
e_00777,d_parent_92e54006ea41
e_00778,d_parent_f609c3f5a801
e_00779,d_parent_4d3a48fa4c68
e_00780,d_parent_96d953207d5d
e_00781,d_parent_72611a28c649
e_00782,d_parent_7c688282d5e3
e_00353,d_parent_c1ad95aff995
e_00783,d_parent_971701d6280a
e_00784,d_parent_b85b166400f6
e_00785,d_parent_7faaa48b205e
e_00786,d_parent_2ad68460d01f
e_00787,d_parent_9f85b43d0efe
e_00788,d_parent_a72335149e17
e_00789,d_parent_0cbd151788a9
e_00472,d_parent_f07394b00419
e_00790,d_parent_2b0aaa4a1b51
e_00785,d_parent_e3b7d6379a13
e_00791,d_parent_e8f99253b0d9
e_00792,d_parent_0947919def19
e_00793,d_parent_82c23d3a5fee
e_00792,d_parent_fd5b34d92a8e
e_00794,d_parent_fd7ab56e4318
e_00795,d_parent_244a6b8b5f47
e_00796,d_parent_9ef3199b9ef2
e_00797,d_parent_b38aab0b5871
e_00798,d_parent_3f42c954c3db
e_00799,d_parent_4e8e937efcff
e_00800,d_parent_07e7ca471b1e
e_00801,d_parent_c0f878480770
e_00802,d_parent_e02fc880ad16
e_00803,d_parent_19fbb554f191
e_00804,d_parent_677f4ef04c24
e_00805,d_parent_dd6b62444a51
e_00806,d_parent_7d358d816a5b
e_00807,d_parent_7b58e7688896
e_00808,d_parent_35e9f6945a6a
e_00809,d_parent_407c1421752c
e_00810,d_parent_82a5b184d540
e_00811,d_parent_8e8df4ad74c0
e_00812,d_parent_658e3ca57998
e_00813,d_parent_de8be58f6c9e
e_00814,d_parent_8ee035a81166
e_00110,d_parent_cfec54bc9b32
e_00813,d_parent_3829d90dfe32
e_00815,d_parent_97aaebd8a1b0
e_00816,d_parent_ae6c2af43993
e_00817,d_parent_5aa0e7858f7a
e_00818,d_parent_b1469a252a95
e_00155,d_parent_e96a1ad5dbbf
e_00587,d_parent_b7725e5c765f
e_00598,d_parent_b78688025858
e_00485,d_parent_6b8b80106eef
e_00819,d_parent_4a795892cd60
e_00820,d_parent_e5844f60cb99
e_00597,d_parent_a67aa381257b
e_00597,d_parent_195253574aec
e_00821,d_parent_31342ed27dbc
e_00822,d_parent_92c2ed9408c7
e_00823,d_parent_ca13175dd089
e_00824,d_parent_bf4a1f7e8bc9
e_00825,d_parent_627af117cb87
e_00826,d_parent_a22ff02a50b8
e_00827,d_parent_e12b17dbc998
e_00827,d_parent_c4efaade46f5
e_00828,d_parent_b2fe03c506b8
e_00829,d_parent_086b8a4f2d5a
e_00830,d_parent_ae02a3e02829
e_00411,d_parent_90526fd9b519
e_00831,d_parent_4f448246b09d
e_00049,d_parent_fb5beabb7d54
e_00049,d_parent_3d00d12fedf8
e_00415,d_parent_49327e959355
e_00832,d_parent_785612f57c95
e_00833,d_parent_bc68783d9c65
e_00082,d_parent_8ffc1f54766a
e_00834,d_parent_c9f7f48d6973
e_00835,d_parent_df60ad07cc11
e_00836,d_parent_9a2dde15df0b
e_00429,d_parent_c7c084713cf0
e_00837,d_parent_c80775beb9b3
e_04208,d_parent_8af55dc2ba2e
e_00838,d_parent_d0055aad2ead
e_00838,d_parent_30f5ecf8130a
e_00839,d_parent_0c2e313954ba
e_00840,d_parent_0fa3bb5c031a
e_00841,d_parent_bfef010ff117
e_00842,d_parent_900b5f7b4e93
e_00843,d_parent_f40faec06f48
e_00125,d_parent_720566681cc0
e_00844,d_parent_63b43334efed
e_00845,d_parent_61eae3c864a1
e_00846,d_parent_191942270ac0
e_00847,d_parent_ae1bc8a2d984
e_00784,d_parent_fdc32c15a8dd
e_00791,d_parent_389fe20ff45f
e_00848,d_parent_a085ff14f652
e_00791,d_parent_2d4e538d984a
e_00849,d_parent_ca0ce3a624b1
e_00850,d_parent_582e1598665d
e_00851,d_parent_94f7c9e4792e
e_00852,d_parent_d05305a5fca9
e_00853,d_parent_901129777963
e_00829,d_parent_2c7180a2ec73
e_00854,d_parent_386ee5e0bc09
e_00855,d_parent_1b478ffca0d1
e_00856,d_parent_d0120b62f00b
e_00856,d_parent_bfee320f9681
e_00857,d_parent_1b7a1972074d
e_00613,d_parent_83e3981fb02a
e_00858,d_parent_c7f609348e19
e_00859,d_parent_56f83fbfe017
e_00859,d_parent_271306cc6ff9
e_00860,d_parent_abac35868169
e_00861,d_parent_37e6145cec0d
e_00861,d_parent_a567d5f418ff
e_00862,d_parent_288f3966f739
e_00863,d_parent_1a24bf9adcb6
e_00864,d_parent_968f0eb8b7b6
e_00865,d_parent_943bdc948d9e
e_00865,d_parent_924e53e9d3ab
e_00863,d_parent_de5ecee50dea
e_00863,d_parent_eee6498f741d
e_00866,d_parent_05e2aa023388
e_00867,d_parent_65678e10680d
e_00868,d_parent_2891729de2f6
e_00037,d_parent_fbb6ea9d2d67
e_00869,d_parent_1df55abe358f
e_00869,d_parent_a2908512a601
e_00870,d_parent_107eb6643810
e_00871,d_parent_f02f7ed5377a
e_00870,d_parent_6b2032139a37
e_00872,d_parent_79e139837e2c
e_00872,d_parent_9a51c83c3779
e_00873,d_parent_987450dd85cd
e_00874,d_parent_237481db4919
e_00875,d_parent_1ec3cedfcbd4
e_00876,d_parent_2ede422ee2e2
e_00877,d_parent_8e285d293628
e_00877,d_parent_8d78c20fac6d
e_00878,d_parent_02ebae0aa658
e_00879,d_parent_b9174fbed056
e_00879,d_parent_2b50f2ea635f
e_00880,d_parent_3a98005b5fc4
e_00881,d_parent_70e744abfb9d
e_00882,d_parent_def1d4703dc6
e_00883,d_parent_382d929b9e8c
e_00883,d_parent_4f47d9b3b17f
e_00884,d_parent_9b06042d73d2
e_00643,d_parent_ac094a73224c
e_00885,d_parent_8a62703ee55c
e_00886,d_parent_4e4f43014e10
e_00887,d_parent_a6614337dd31
e_00888,d_parent_f4a5aa8e2349
e_00889,d_parent_ea2e78078c47
e_00890,d_parent_5d68397c06e2
e_00891,d_parent_7d3b36284049
e_00892,d_parent_aa9d437396c5
e_00893,d_parent_551dd1ede3a4
e_00894,d_parent_7be109d31ef5
e_00894,d_parent_3ce5f8dc8432
e_00895,d_parent_a1d588a6f151
e_00896,d_parent_68829e81d8a7
e_00897,d_parent_10625bb973fa
e_00535,d_parent_3f92ab631605
e_00898,d_parent_ff10dc1a923f
e_00899,d_parent_984685639818
e_00097,d_parent_81dec50613a4
e_00900,d_parent_c87f77f93622
e_00901,d_parent_734c57fa6383
e_00902,d_parent_664b3db86a31
e_00903,d_parent_8fe40cb3811d
e_00903,d_parent_1b8b7b3b58a9
e_00903,d_parent_dbc92625688f
e_00904,d_parent_d14b2e5835d8
e_00905,d_parent_7e91d9c74e0f
e_00906,d_parent_963e1b2ec791
e_00907,d_parent_c2b2ba76575b
e_00908,d_parent_82969a36a67b
e_00890,d_parent_0f676763c33a
e_00909,d_parent_b9032bba8441
e_00910,d_parent_d5ba3d9adda9
e_00911,d_parent_a89876cb63b3
e_00912,d_parent_6239286a7ac3
e_00913,d_parent_11dba5c0e8ac
e_00914,d_parent_ca087edec997
e_00915,d_parent_6ebc49bc1fb2
e_00916,d_parent_faec99f991ae
e_00917,d_parent_25ca1d096fe5
e_00918,d_parent_94b1fff8fb0f
e_00919,d_parent_1066ac2dc3ce
e_00920,d_parent_63e6577fcc0f
e_00921,d_parent_51418aff8364
e_00922,d_parent_a84499261839
e_00371,d_parent_0c49fa88794a
e_00923,d_parent_1c1023667203
e_00924,d_parent_a1358286f94f
e_00037,d_parent_9c49ce44de2c
e_00925,d_parent_9e97f26d2810
e_00215,d_parent_2977cbb7f701
e_00926,d_parent_d76890f957a8
e_00927,d_parent_034c758be2b7
e_00928,d_parent_2599f3ea8f8c
e_00929,d_parent_00bb62ed36ed
e_00930,d_parent_776d410df2a9
e_00927,d_parent_98bff0cea080
e_00931,d_parent_bb88a9f7d730
e_00932,d_parent_d8edafc3a26f
e_00933,d_parent_978294097007
e_00934,d_parent_b319062d159b
e_00935,d_parent_f7d5a9be85a1
e_00936,d_parent_5332982d0c34
e_00658,d_parent_fd8f60473c09
e_00937,d_parent_24220271aa81
e_00938,d_parent_df684ea9b925
e_00939,d_parent_3896f1cc5f55
e_00940,d_parent_39fac31ee1e2
e_00941,d_parent_38e7c4a3911f
e_00942,d_parent_e89ce594127e
e_00270,d_parent_82fb842ce333
e_00943,d_parent_025d3ac310bf
e_00944,d_parent_08cbe40d46bf
e_00053,d_parent_696ed705fec7
e_00945,d_parent_d95d0601c6f7
e_00946,d_parent_a05c8ecf928f
e_00947,d_parent_9abe16112b35
e_00948,d_parent_1fd5f7cfac0f
e_00949,d_parent_cdc6186b258d
e_00950,d_parent_a34db0ab6893
e_00951,d_parent_db298387cad7
e_00952,d_parent_d05264db1332
e_00953,d_parent_22851cc50697
e_00954,d_parent_1bec13d2113b
e_00955,d_parent_4791da2efdd1
e_00955,d_parent_bbdbb16fca2a
e_00955,d_parent_3d3973c3fe15
e_00956,d_parent_2fe59a3b5b97
e_00957,d_parent_c731c7060189
e_00958,d_parent_a9a1742d5679
e_00959,d_parent_597ad8b89c38
e_00960,d_parent_8c98dba6e025
e_00958,d_parent_8d1e9cca93c3
e_00961,d_parent_c28c78ae9940
e_00962,d_parent_d779a4c49004
e_00962,d_parent_a4b52661cc7d
e_00962,d_parent_6f20d33b9536
e_00963,d_parent_681bd07ea4fe
e_00964,d_parent_a55dd4c73ff2
e_00101,d_parent_ed6019b28d99
e_00961,d_parent_18282e3637c6
e_00965,d_parent_f794651b19a0
e_00966,d_parent_949dc7da5a35
e_00967,d_parent_32a6ab4e04e1
e_00968,d_parent_438d1fe9e11d
e_00969,d_parent_7c6a3da3d130
e_00970,d_parent_4f7ed2e7bca2
e_00971,d_parent_d4b00107e59e
e_00972,d_parent_196f6dccb27e
e_00972,d_parent_58a89910214c
e_00331,d_parent_b368f98ab21f
e_00973,d_parent_123571bedd82
e_00974,d_parent_c0175b81c2f2
e_00975,d_parent_8c9963b295a0
e_00976,d_parent_6ca5023af153
e_00977,d_parent_642d3d1e00b5
e_00978,d_parent_e1f4f5c33ea2
e_00113,d_parent_15c969624c53
e_00979,d_parent_ddea34a94bb0
e_00110,d_parent_fd636a5baa7d
e_00980,d_parent_f302967fb459
e_00981,d_parent_1db26e08e1fb
e_00982,d_parent_30e1eaa5c005
e_00983,d_parent_ffff610e7d4b
e_00984,d_parent_ca973f429825
e_00985,d_parent_c5708f243516
e_00986,d_parent_74325bb112d6
e_00987,d_parent_124f2c8f0cc5
e_00988,d_parent_3faf67877427
e_00989,d_parent_a790a468e944
e_00990,d_parent_a5ed299c6455
e_00991,d_parent_8e36b4b2d6da
e_00992,d_parent_f38ef82401fc
e_00993,d_parent_e243a34d5795
e_00994,d_parent_0a9137958580
e_00995,d_parent_73ed815ac2c8
e_00996,d_parent_b3485fca344c
e_00997,d_parent_70c29ff490e4
e_00998,d_parent_42720d89f16c
e_00998,d_parent_b22a4da42c09
e_00999,d_parent_6d6427248f91
e_01000,d_parent_8efb897e9b3a
e_01001,d_parent_022984e91340
e_01001,d_parent_c27c677e962c
e_01002,d_parent_6aed29686d27
e_01003,d_parent_23e04037b995
e_01004,d_parent_c3822adba226
e_01004,d_parent_665e1db8a922
e_01005,d_parent_7189518595d3
e_01006,d_parent_eb4dc2719da1
e_01007,d_parent_fa95ebfba5fd
e_01008,d_parent_e2d1beab6ebe
e_00597,d_parent_52e30b2226c1
e_01009,d_parent_4ff7883425c8
e_00201,d_parent_97b465e8201e
e_01010,d_parent_08c2990b9856
e_01011,d_parent_4dabcd04c7e5
e_01012,d_parent_034749a8b01d
e_01013,d_parent_af51b306f918
e_01014,d_parent_eb11311716e3
e_01015,d_parent_7282fc2c59f8
e_01016,d_parent_c0f22377e101
e_01017,d_parent_1f266f3b229d
e_00049,d_parent_1ba1ea773810
e_01018,d_parent_67323d59832c
e_01019,d_parent_3498a7de91fe
e_01020,d_parent_e73ba0c0a7ae
e_01021,d_parent_016905076647
e_00502,d_parent_a7b6e16e49e4
e_01022,d_parent_28369654a151
e_00415,d_parent_f9b833e9d97b
e_01023,d_parent_5ed2a514e99a
e_00667,d_parent_3a2096eb4565
e_01024,d_parent_d3db2bec965a
e_01025,d_parent_f3e3dabc1ef5
e_01026,d_parent_9b3d17919688
e_01027,d_parent_302ba3a027f1
e_01026,d_parent_5893f69e1a98
e_01028,d_parent_f598db6a26df
e_01029,d_parent_cf5a90729a4d
e_01030,d_parent_290c5183ea34
e_01031,d_parent_8e33280829d9
e_01032,d_parent_d92988aec7a0
e_01033,d_parent_08896a878c5d
e_01034,d_parent_036a6975f751
e_01029,d_parent_389a833d89f6
e_01035,d_parent_7fc55d483fa9
e_01032,d_parent_d15882161d83
e_00435,d_parent_0fe69931d2ff
e_01036,d_parent_c09baaee8577
e_01037,d_parent_c4a1d5711ab7
e_01038,d_parent_a66254ee2e72
e_01039,d_parent_c91f719ae95a
e_01040,d_parent_99138c62092d
e_01041,d_parent_e2ffcc957b68
e_01042,d_parent_28681ddb94f0
e_01043,d_parent_2f0d731dcf24
e_00125,d_parent_8d2e630dd506
e_01044,d_parent_742641d100e3
e_00125,d_parent_487cf86095a5
e_00125,d_parent_ed56c2f7c675
e_01045,d_parent_08fd5d9fd90d
e_01046,d_parent_6a6c2a41fc71
e_01047,d_parent_d2526ecc4313
e_00472,d_parent_3d84690a7f79
e_01048,d_parent_0736428d8d38
e_01049,d_parent_df26386ebcdd
e_01050,d_parent_1af5a70e9aba
e_01051,d_parent_409d31a7a23b
e_01052,d_parent_671be76e3804
e_01053,d_parent_27f506cb3350
e_01054,d_parent_8a70fd3bbabf
e_01055,d_parent_aba8e0a32ffd
e_00489,d_parent_cd36c3c8bb61
e_01056,d_parent_ededf755ab0a
e_01057,d_parent_9f59fb28ec8e
e_01058,d_parent_53a1d28e23e5
e_01059,d_parent_91337eaee933
e_01060,d_parent_a4d9ac1a29a5
e_00038,d_parent_64a756d3905a
e_01061,d_parent_b2e16e8f0c6e
e_00213,d_parent_6c74b668a47b
e_00414,d_parent_8e089c229b20
e_01062,d_parent_2c10ff67146a
e_01063,d_parent_582799346856
e_01064,d_parent_4ca529df68f0
e_01064,d_parent_2f5ef6b95d13
e_01065,d_parent_72c389f1c63a
e_01066,d_parent_9eb63191c29e
e_01067,d_parent_381ad3407160
e_01068,d_parent_542d71aafd86
e_01069,d_parent_446dd04cc731
e_01070,d_parent_61b913d5b267
e_01071,d_parent_ce965d004f24
e_01072,d_parent_2f3f1bfcc8ad
e_01073,d_parent_559cd06b5317
e_01074,d_parent_a9d410ff708e
e_00435,d_parent_676b3f44a19d
e_01075,d_parent_ea314dcd987c
e_01076,d_parent_569570da7554
e_01077,d_parent_2692b0c3e8e4
e_00319,d_parent_8262957bf1b1
e_01078,d_parent_87d28f31ae85
e_01078,d_parent_0e5dc3d4cb3c
e_00103,d_parent_5c4e4b2daaf3
e_01079,d_parent_7692cec07e3a
e_01080,d_parent_2ee7c382408c
e_00103,d_parent_687f91e327f2
e_00110,d_parent_89668605544a
e_01081,d_parent_3cc66f7b5dbb
e_00110,d_parent_1ea89191253f
e_01082,d_parent_701e6ff5755d
e_01083,d_parent_92c4325a4632
e_01084,d_parent_d18f8161e047
e_01085,d_parent_48c4162daf4a
e_01086,d_parent_c82de22f536d
e_01087,d_parent_87e31c47968f
e_01088,d_parent_a86ce1d45555
e_00459,d_parent_32bae5eebadf
e_01089,d_parent_5f131128d739
e_01090,d_parent_ac608825dd4d
e_01091,d_parent_f0767ef55f3f
e_01092,d_parent_6590d384a661
e_01093,d_parent_fd00b47b540f
e_00474,d_parent_97c637b2407f
e_01094,d_parent_372d86f23f61
e_01095,d_parent_a71556f88da7
e_00158,d_parent_eefe9e7c6c43
e_01096,d_parent_72f2060e9e88
e_01097,d_parent_11de8d90e6b0
e_01098,d_parent_ad24f475397f
e_01099,d_parent_1a9ae5fb943d
e_01100,d_parent_462c1a382c33
e_01101,d_parent_bd34bea314b4
e_01102,d_parent_5b4130dda68b
e_01103,d_parent_7c3a62ed5991
e_01104,d_parent_f28d7918b3ef
e_01105,d_parent_90124062ac18
e_00371,d_parent_9d960e680bbf
e_01106,d_parent_68dc7d404d7b
e_01107,d_parent_75157b45ba34
e_00331,d_parent_0a57a3fbc2c2
e_01108,d_parent_87ea058722a7
e_00101,d_parent_1ed5097ae914
e_01008,d_parent_788d63d27fbf
e_01109,d_parent_127e6d3501c1
e_01110,d_parent_b4d95b4b572b
e_01111,d_parent_48dd688e76e7
e_01112,d_parent_df7c6ccdfee6
e_01113,d_parent_192b70f2f940
e_01114,d_parent_184134f2dc9f
e_01115,d_parent_b5f2adf0a95b
e_00597,d_parent_0bade4fdd08c
e_01116,d_parent_cbed55804f74
e_01117,d_parent_da36f5676e44
e_01118,d_parent_9fdfe1525d06
e_01119,d_parent_1a6148735986
e_01120,d_parent_87e86ca3741a
e_01121,d_parent_420fe912e184
e_00262,d_parent_87668ad96e96
e_01122,d_parent_75ac777e810f
e_01122,d_parent_65b31f0a6a62
e_01123,d_parent_262e063502f2
e_01124,d_parent_df0a432a3ca2
e_00081,d_parent_5f2ae9c45df8
e_01125,d_parent_9449369d5a96
e_01126,d_parent_7283af9b2791
e_04209,d_parent_f1763c5fa556
e_01127,d_parent_d29b4ae6a714
e_01128,d_parent_fbe3aab95a7e
e_01129,d_parent_7a89b531299b
e_01130,d_parent_54a8322f926d
e_01131,d_parent_d9be4cf36c3a
e_01132,d_parent_28e5c227e104
e_01133,d_parent_c6baf5ab8be1
e_01134,d_parent_9965237aab28
e_01135,d_parent_db99973482d2
e_00113,d_parent_d989d18938c3
e_01136,d_parent_49b4c2aaa7ce
e_01137,d_parent_e946ce493df5
e_01138,d_parent_d4b6f4fd7f25
e_01139,d_parent_29ad2b90cd6d
e_01138,d_parent_4175c3c8c17e
e_00847,d_parent_a829f614aeab
e_01140,d_parent_57b013364147
e_01141,d_parent_0356b6120015
e_00847,d_parent_16825fd35d8b
e_01142,d_parent_139716551360
e_00789,d_parent_c71942a621c6
e_01143,d_parent_3dd9acca097d
e_01144,d_parent_35175c77d058
e_00789,d_parent_51652ee6e7ad
e_01145,d_parent_2b456411da1e
e_01146,d_parent_a8cd43e16d70
e_00994,d_parent_9f10617505ae
e_01147,d_parent_3beba91d1771
e_00994,d_parent_e41cdadb2784
e_01148,d_parent_3fc361c3e6b3
e_01149,d_parent_71a6100b0e5d
e_01150,d_parent_40651d822138
e_01151,d_parent_adb242aa3d5b
e_01151,d_parent_d9d2c062aeae
e_00924,d_parent_63936868595c
e_01152,d_parent_fb9b20a764af
e_01153,d_parent_9880964ab521
e_01154,d_parent_4c1eed16cea9
e_01155,d_parent_c9643d14a36b
e_01156,d_parent_ad990f837d68
e_01152,d_parent_fd2f1baa5ef3
e_01157,d_parent_0f33c6e0fb33
e_01156,d_parent_dcf72bb6bf4e
e_01158,d_parent_aa81b9ff5527
e_01159,d_parent_b0da0f744707
e_01159,d_parent_d35b0881a0c0
e_01160,d_parent_cac6ab847ad3
e_01161,d_parent_e24184bf6b69
e_01162,d_parent_c13a3e8d4446
e_01163,d_parent_5eae8aba3097
e_01164,d_parent_958aa1d5e8e7
e_01165,d_parent_849b8db61a86
e_01166,d_parent_c6b449761c60
e_01167,d_parent_1c2bbe34601d
e_00215,d_parent_a78661facc3d
e_00215,d_parent_b129b201979d
e_01168,d_parent_594235294bd9
e_01169,d_parent_266e9c2869e6
e_01170,d_parent_31242b322072
e_01171,d_parent_8827b312b435
e_01172,d_parent_7dccd6a4b216
e_01173,d_parent_d1dc80451069
e_01174,d_parent_dd2d264e1a37
e_01175,d_parent_5c0813897d64
e_01176,d_parent_181fd8e3449e
e_01177,d_parent_d8f90f887a94
e_00635,d_parent_d2f98d0c1a6e
e_01178,d_parent_122f78e43243
e_01178,d_parent_09b00228219c
e_01179,d_parent_ba4e7c29a267
e_01180,d_parent_97ec3476e568
e_01181,d_parent_ee68afe248d0
e_01182,d_parent_b62a0d97f5a3
e_01183,d_parent_fbd287b7b8c0
e_01183,d_parent_afbc55b89c62
e_01184,d_parent_1790e166e6d9
e_01185,d_parent_ffb836c15832
e_01186,d_parent_ff1b3bdef2ba
e_01187,d_parent_9adb10222d4f
e_01188,d_parent_ad14946deed9
e_01189,d_parent_c02fc079bfb1
e_01189,d_parent_87b2e9bef13b
e_01190,d_parent_9d941a4914fb
e_01191,d_parent_eda002abdb41
e_01192,d_parent_bdddbdd98dfc
e_01193,d_parent_8d210c1930c3
e_01194,d_parent_31fb5a2b3e3b
e_01195,d_parent_5a0a615a684f
e_01196,d_parent_44fb3e11e9ca
e_01197,d_parent_58d1d86e245d
e_01198,d_parent_7ffbf9c74bd7
e_01199,d_parent_d867508bd722
e_01200,d_parent_ac07dc1600b0
e_01200,d_parent_3cd745b3104e
e_01201,d_parent_c3eae863177c
e_01202,d_parent_be7bb080418d
e_01203,d_parent_dda785b52576
e_01204,d_parent_6b873b8c7c3a
e_01205,d_parent_fcc1589af287
e_01206,d_parent_19c25eb87231
e_01206,d_parent_347e862aeb7b
e_01203,d_parent_d2e5c47d677d
e_01207,d_parent_c58488247fbf
e_01207,d_parent_74e2b04aa379
e_01207,d_parent_edf2529719f9
e_01203,d_parent_e192b27f01f6
e_01203,d_parent_296bc4f622c7
e_01208,d_parent_b15112c808f5
e_01209,d_parent_a76356a5d979
e_01203,d_parent_c3f3fcf77714
e_01210,d_parent_f032824d7749
e_01210,d_parent_a3461b5bc852
e_01211,d_parent_2a042ef84c7b
e_01212,d_parent_44386e5210c5
e_01213,d_parent_8ba0c403abe3
e_01214,d_parent_650e08a0a69a
e_01214,d_parent_e838495f6336
e_01215,d_parent_932284b43457
e_01216,d_parent_5f6a2a0a7617
e_01217,d_parent_fcf4d624334c
e_01218,d_parent_30d6598334e5
e_01219,d_parent_1eb08e5d5049
e_01220,d_parent_5a94a18312cd
e_01221,d_parent_8d212ca8681a
e_01220,d_parent_e0bc0b3810e8
e_01220,d_parent_14f87b26de71
e_01222,d_parent_abaa30827861
e_01223,d_parent_da537170ec92
e_01223,d_parent_f13c6e28ab31
e_01222,d_parent_82c16a8dc96c
e_01224,d_parent_601bd4282dda
e_01225,d_parent_ff9ec3eaf8c8
e_01225,d_parent_62bdd0dd5e51
e_01226,d_parent_976bc9abb027
e_01226,d_parent_98a8eb29994d
e_01227,d_parent_81d3c2cbd90b
e_01228,d_parent_d73fa36b297e
e_01229,d_parent_5b73673032bc
e_01230,d_parent_ecf9d5b8bf02
e_01231,d_parent_4e4437c0dc9c
e_01232,d_parent_743bf562f2f5
e_01233,d_parent_d9d6c0fcfdf3
e_00085,d_parent_f767c4079be5
e_01234,d_parent_c4fa9ded6325
e_01235,d_parent_8684a87aea86
e_01236,d_parent_cfa6c0506ac4
e_01236,d_parent_d6dbbdd00706
e_01237,d_parent_bd238ad711ec
e_01238,d_parent_81022ddbf1fc
e_01239,d_parent_0f0d58c82d17
e_01240,d_parent_ed03522c9e7b
e_01241,d_parent_1b6a920612bc
e_01237,d_parent_8651bfff261c
e_01242,d_parent_39c839917979
e_01243,d_parent_18b1fab4ba59
e_01243,d_parent_959bdcf628cf
e_01244,d_parent_9f29060229dd
e_01245,d_parent_446f8bc63fac
e_01245,d_parent_91060780948b
e_01246,d_parent_54346fdf440c
e_01247,d_parent_002b0ae290b4
e_01248,d_parent_4865f33f14e9
e_01249,d_parent_7e84c3e499df
e_01249,d_parent_7f6696de47c5
e_01250,d_parent_11589f459f46
e_01251,d_parent_c3b45385c94a
e_01252,d_parent_61b62dc52958
e_01253,d_parent_7744ed0e26d1
e_01253,d_parent_146090acbc15
e_01254,d_parent_7118610f024e
e_01255,d_parent_2ace1c04210c
e_01256,d_parent_a10dfe9b7280
e_01255,d_parent_92732b9dfd0e
e_01256,d_parent_e847a0ac83b1
e_01257,d_parent_b184dab26855
e_01258,d_parent_831151aede24
e_01257,d_parent_df21f903ab25
e_01259,d_parent_cd89a1d1aa67
e_01259,d_parent_f7e26da6e3af
e_01260,d_parent_031783374839
e_01260,d_parent_9cda9af5cff9
e_01258,d_parent_39d87fa470fc
e_01261,d_parent_87d3354d8015
e_00097,d_parent_e8c1d7251fdd
e_01262,d_parent_25cb24c0627f
e_01263,d_parent_b617d5fb04a6
e_01264,d_parent_aa624c2f3ee7
e_01265,d_parent_1129c3edf6f7
e_01266,d_parent_cce6955b5324
e_01267,d_parent_568bddf5934f
e_01268,d_parent_774f001c04e1
e_01268,d_parent_776ab0e4787a
e_01269,d_parent_5c4bd1e9048a
e_01270,d_parent_9dead2cf91b1
e_01271,d_parent_6093e18679b1
e_01272,d_parent_81a5459e764b
e_01273,d_parent_95b3821f7aeb
e_01274,d_parent_d17744e9942b
e_01275,d_parent_1b3b3d846776
e_01276,d_parent_3e52d177acd6
e_01277,d_parent_42ebe754bb12
e_01278,d_parent_d7c417790672
e_01279,d_parent_2691730cefa7
e_01280,d_parent_1e365d3e8928
e_01281,d_parent_e926cf106a54
e_01282,d_parent_ae709c4adf14
e_01283,d_parent_0d747c0416ad
e_01283,d_parent_778e48ea41c4
e_01284,d_parent_fee49423ef8d
e_01285,d_parent_2c794087963a
e_01286,d_parent_f4f6fe38fb9c
e_01287,d_parent_20f37a346a8e
e_01288,d_parent_0c266ee0a7d1
e_01289,d_parent_02eb77b913b6
e_01290,d_parent_095ef4bfbd32
e_01291,d_parent_04a45011578f
e_01292,d_parent_7673b44f4362
e_01293,d_parent_8c1687b3c591
e_01294,d_parent_03a1b6fbb0c9
e_00759,d_parent_c2e2ad6c90ae
e_01295,d_parent_c35007695b45
e_01296,d_parent_3303ae5b66af
e_01297,d_parent_fd8d7f96cd92
e_01298,d_parent_a576622b73e1
e_01299,d_parent_8b6bebaf6205
e_01300,d_parent_eef95f504d2c
e_01301,d_parent_d1e30416846c
e_01302,d_parent_26f5454ec06f
e_01303,d_parent_79c5ed63c405
e_01304,d_parent_1f84dc8c7b1f
e_01305,d_parent_46b72a0a1f34
e_01306,d_parent_bfa483e12e4a
e_01307,d_parent_f8ad9302a1d6
e_01308,d_parent_df172d1ea03b
e_00165,d_parent_50635dfd4838
e_01309,d_parent_821a3fa09ff8
e_01310,d_parent_dc463c87a2c1
e_01311,d_parent_581d4cfa27e7
e_01311,d_parent_ee69d046dd6f
e_01312,d_parent_b8b8725f089b
e_01313,d_parent_0587120a0cee
e_01314,d_parent_e4b02d100afc
e_01315,d_parent_1fca7c2070ed
e_01316,d_parent_ab4f4889928e
e_01317,d_parent_f55eb07b9483
e_01318,d_parent_54afa36128e9
e_01319,d_parent_27dc18a73266
e_01320,d_parent_7d075e4ee53c
e_01321,d_parent_8d70137181f9
e_01322,d_parent_5cc132ecabde
e_01323,d_parent_ee6ab5c44220
e_00165,d_parent_1cb06a0ff75b
e_01324,d_parent_c1297f2c9876
e_01325,d_parent_85842758a6b8
e_01326,d_parent_6b1dd670da8c
e_01327,d_parent_67d3d23ee1b9
e_01328,d_parent_22ac624a4298
e_01329,d_parent_e8bcebc28d6d
e_01330,d_parent_ba323e5d9f91
e_01331,d_parent_d7c19323abb3
e_01039,d_parent_8d639bb9878a
e_01332,d_parent_ee59158bec33
e_01333,d_parent_a99beec0aea3
e_01334,d_parent_16962904e8a5
e_01335,d_parent_ec06cd0333c3
e_01336,d_parent_71f1fe036a4d
e_00125,d_parent_e270b34a06d7
e_01337,d_parent_84a941000404
e_01338,d_parent_8d950a69ef86
e_00828,d_parent_ec7a829a87e6
e_01339,d_parent_1f59a204f11b
e_01340,d_parent_cf5404ea0246
e_01341,d_parent_67630a09c0e8
e_00901,d_parent_99f49c233893
e_01342,d_parent_bb90e84c48c5
e_01343,d_parent_792719664324
e_00532,d_parent_b49accb25f58
e_01344,d_parent_7a89d7cd94b7
e_01345,d_parent_48cee26f3807
e_01346,d_parent_15e134c06477
e_01347,d_parent_4ad213fb8926
e_01348,d_parent_40403def5fa0
e_01349,d_parent_9c43ae5f9ef9
e_01350,d_parent_1b7b26c12b15
e_01351,d_parent_e9bf2b7d6ba7
e_01352,d_parent_0789c730bb30
e_01353,d_parent_23c78a523208
e_01354,d_parent_4e5b16223c0e
e_01355,d_parent_caf79dcf43a2
e_01356,d_parent_b688bc2fc326
e_01357,d_parent_9abced35efb2
e_01358,d_parent_7c8cd0421a2e
e_01359,d_parent_ddf331ccd8bb
e_01360,d_parent_cb7a73c85a75
e_01361,d_parent_4b9fcc5483d7
e_01362,d_parent_1daf8260d2ad
e_01363,d_parent_212f795c65ce
e_00471,d_parent_9d5d9129a552
e_01364,d_parent_ab44bb12270a
e_00359,d_parent_6d053bd93d58
e_01364,d_parent_8a13bf56f7da
e_01337,d_parent_0f624c1c5720
e_00359,d_parent_ed59e5df5cf9
e_00159,d_parent_232db3f3bc40
e_01365,d_parent_8aa32b9c19c6
e_00159,d_parent_27d4a7b2db40
e_01366,d_parent_be0f5f5cb1ac
e_01367,d_parent_6eb9f78970c5
e_01366,d_parent_a0466669bd6e
e_01368,d_parent_afb3cf4b0a1d
e_01369,d_parent_c1c4cceeb666
e_00587,d_parent_426b1d307290
e_01370,d_parent_1386049af666
e_01371,d_parent_84af44c48435
e_01372,d_parent_d5c369c5ca9c
e_01373,d_parent_ddc39d283a50
e_01374,d_parent_e39587061dd3
e_01375,d_parent_484d1e862f90
e_01376,d_parent_ef9a3f12ceae
e_01377,d_parent_ff4082e31136
e_01378,d_parent_40bbe7d27243
e_01379,d_parent_4d245515238d
e_01380,d_parent_001cc4c8043b
e_01381,d_parent_5f50223a0122
e_01382,d_parent_d90ab75b00ce
e_01383,d_parent_923c8ba18066
e_01384,d_parent_33395abc4e71
e_01385,d_parent_33cabff5b820
e_01386,d_parent_747f1270ab84
e_01387,d_parent_7fb73720446e
e_01388,d_parent_6db1c1642580
e_01384,d_parent_8bb0fda5e8a9
e_01389,d_parent_9df1a4d4d409
e_01390,d_parent_297654799542
e_01391,d_parent_a57138c66e4d
e_01392,d_parent_4a8f35429efa
e_01393,d_parent_6d1d83bcebe6
e_01394,d_parent_97292bd104df
e_01395,d_parent_18169a8cf6b9
e_00597,d_parent_d9b402ed5fac
e_01396,d_parent_a736a8c09125
e_01397,d_parent_64f515ba9369
e_01398,d_parent_9061f31bffb6
e_01399,d_parent_7a5a29866d42
e_01400,d_parent_cfeec69b5ed4
e_00489,d_parent_bd339e914ac8
e_00037,d_parent_e7eaac20e25f
e_00038,d_parent_a726f0f2cc6f
e_01401,d_parent_b1a62490b429
e_00502,d_parent_277fef12d858
e_01402,d_parent_1b26b45d2351
e_01403,d_parent_436259140a64
e_01404,d_parent_39cffcff543b
e_01405,d_parent_7ee673d3341b
e_01406,d_parent_37fb88041fae
e_00215,d_parent_8a4eae7a597d
e_01407,d_parent_5de6e8229286
e_01408,d_parent_c1bf7f375dcc
e_01409,d_parent_3704f6a28d15
e_01410,d_parent_7a539c4ee548
e_01411,d_parent_8cf9a2544169
e_01411,d_parent_06cb856210ba
e_01412,d_parent_2b021522c523
e_00051,d_parent_5cd508ff5ff2
e_01413,d_parent_436bbb45ce8c
e_01414,d_parent_25662ac5a6db
e_01415,d_parent_471daac298d7
e_00651,d_parent_dbc46a1cbfa7
e_01416,d_parent_ce313568394b
e_01417,d_parent_9bba0892531f
e_01418,d_parent_58764a94ccd9
e_01419,d_parent_2269a119d370
e_01420,d_parent_ee79d0180adb
e_01421,d_parent_1b1acbf3c765
e_01422,d_parent_aeb51fe36285
e_01423,d_parent_c2c3467578bc
e_01424,d_parent_ca4504f98724
e_00270,d_parent_d96128c7b839
e_01425,d_parent_194e82f7c9f9
e_00677,d_parent_3d2048d551e1
e_00677,d_parent_6ee8049d0faa
e_01426,d_parent_9093de486a49
e_01427,d_parent_53bc5b0c464f
e_01428,d_parent_c4a8fdfdd0a7
e_01429,d_parent_651d00f58e94
e_01430,d_parent_dd115f20564f
e_00677,d_parent_df4ec8fc0b97
e_00686,d_parent_8116d69dcf25
e_00686,d_parent_df947022ebd2
e_01431,d_parent_5b3b6446e302
e_01432,d_parent_fa3637f4a88b
e_01433,d_parent_f4c46e40e6ea
e_01434,d_parent_0d48fe35439a
e_01435,d_parent_840e0ddf3d28
e_01436,d_parent_5d09f56888d2
e_01437,d_parent_490d1b0f17df
e_01438,d_parent_f418fcc85194
e_01439,d_parent_378d11ff77ff
e_01440,d_parent_3363aa43ed7b
e_01441,d_parent_e2317ae8a608
e_00299,d_parent_1a8d9f8b2216
e_01442,d_parent_f6b3806483ce
e_04210,d_parent_62940e66c2b7
e_01443,d_parent_cd07a451c399
e_01444,d_parent_073212f90789
e_01445,d_parent_c646f8af1093
e_01446,d_parent_eb34b35e93d1
e_01447,d_parent_82a11347adc4
e_01448,d_parent_22016c648ff6
e_01449,d_parent_d4eb1564b480
e_01450,d_parent_9b77dd9cff96
e_01451,d_parent_15afa25a4c6e
e_01452,d_parent_33a43af7ee00
e_01452,d_parent_b4796cbcd31a
e_00840,d_parent_b7499649baa9
e_01453,d_parent_1f9f30a0db73
e_01454,d_parent_867e127da958
e_00535,d_parent_1981c482f83b
e_01455,d_parent_8da5fa10e02a
e_01456,d_parent_4d1cf4e1ec81
e_01457,d_parent_541fa025f5ae
e_00319,d_parent_01df96ecf0ac
e_01458,d_parent_a718c314becb
e_01459,d_parent_877195b444e8
e_01460,d_parent_9a08e524241e
e_01461,d_parent_49cda47bad44
e_01462,d_parent_d484f1d74a3e
e_00443,d_parent_0421863d3287
e_01463,d_parent_2935b0d9a2bd
e_00708,d_parent_b28be7ac4e72
e_01464,d_parent_bf3907d02b05
e_01465,d_parent_1f1ea13014d5
e_01466,d_parent_a795bf2006f5
e_01467,d_parent_6e4d99006cd8
e_00322,d_parent_f54896357ccd
e_00708,d_parent_93e1d1832362
e_01468,d_parent_cf6d5b3f1bf0
e_01469,d_parent_6c6fac31d5ea
e_00101,d_parent_959e14395f7b
e_00909,d_parent_183a252473e9
e_01470,d_parent_e4f4954fc448
e_01080,d_parent_96b365e4565f
e_01471,d_parent_19b81e1c93b6
e_01471,d_parent_4150c9780e46
e_01471,d_parent_5492e025eb40
e_01472,d_parent_0775ef12fa73
e_01473,d_parent_1f2f05b55c7d
e_01474,d_parent_cf938cf58004
e_01475,d_parent_1e28dd544346
e_01476,d_parent_856818d3a19a
e_01477,d_parent_6f2febed1520
e_01478,d_parent_1a8c26933bec
e_01479,d_parent_ce8e70836487
e_01480,d_parent_7f128d838062
e_01481,d_parent_ec8b9b6aea72
e_00113,d_parent_1545daab6001
e_00740,d_parent_6b25bc5e3293
e_00110,d_parent_a02c1e7fee6a
e_00110,d_parent_7fdde0c785b0
e_01482,d_parent_4116698ed8cd
e_01483,d_parent_932015d892e1
e_01484,d_parent_a83cba1f77c9
e_01485,d_parent_35be96aacb6d
e_01486,d_parent_5b0ad9f45c8c
e_01487,d_parent_6fb2b5020caf
e_01488,d_parent_020a1440aa16
e_01489,d_parent_6c8bdb439fce
e_01490,d_parent_81a349f7501d
e_00757,d_parent_e575154f0ed9
e_01491,d_parent_b9cc1be43a59
e_01492,d_parent_2cdbf24ee355
e_01493,d_parent_4a912117d298
e_01494,d_parent_e0ddd6e6015d
e_01495,d_parent_f6a8b0660352
e_01496,d_parent_cb742e63d901
e_01497,d_parent_39c126016bb5
e_01498,d_parent_cab6517c9472
e_01499,d_parent_686731046153
e_01500,d_parent_7004a2ec3303
e_01501,d_parent_97a07f28f7af
e_01502,d_parent_f53e42c1a2d5
e_01503,d_parent_cfa7b64615fa
e_01504,d_parent_b46512e54267
e_01505,d_parent_0cedce3d354c
e_01506,d_parent_1179d5775a52
e_01507,d_parent_70a3fc6d4784
e_01508,d_parent_04c1f9c36562
e_01509,d_parent_ef1a656de046
e_01510,d_parent_71ce488159d1
e_01511,d_parent_4650e3f51d04
e_01512,d_parent_4a87f66e40c0
e_01513,d_parent_ac9216e07d51
e_01514,d_parent_33ec6c0d3094
e_01515,d_parent_7f0f7913c6f3
e_01516,d_parent_ec3a01c8d695
e_01517,d_parent_c80c26a70674
e_01518,d_parent_d0dece511533
e_01519,d_parent_68af7174deaa
e_01520,d_parent_56a90b90dc2f
e_01521,d_parent_fe1851639e0c
e_00139,d_parent_8783de58a54f
e_01522,d_parent_a3d7a2643bd5
e_01523,d_parent_ca6f13e492a3
e_01524,d_parent_06458672eebe
e_01525,d_parent_29e4992afc5f
e_01525,d_parent_7f916bf586d4
e_01526,d_parent_7bc5508a285b
e_01527,d_parent_1166354129aa
e_00784,d_parent_e00c961b7df9
e_01528,d_parent_c1d02ed0a853
e_01529,d_parent_a5bd28aaab20
e_01530,d_parent_9fd3c91a733e
e_01531,d_parent_dd8160e8a2eb
e_01532,d_parent_16b5090225b2
e_01337,d_parent_4326eea43b65
e_01533,d_parent_987872d4ac46
e_01313,d_parent_b9ead150d003
e_01534,d_parent_c0f9206e46a7
e_00587,d_parent_a3ac920c0cc4
e_01535,d_parent_13866c4d2edf
e_00163,d_parent_49d42c6ed2e8
e_01536,d_parent_a2dde5ce7302
e_01537,d_parent_6b5912a2e804
e_01538,d_parent_20d8558e37b5
e_01539,d_parent_051604626137
e_01540,d_parent_4bf4c8bda9fb
e_01541,d_parent_05561b07b03d
e_01542,d_parent_7e368104779d
e_01543,d_parent_a3435c13a2be
e_01544,d_parent_30eb3cfbdbc3
e_01545,d_parent_258e4a9d7647
e_01546,d_parent_4b1d32836f3d
e_01547,d_parent_65a232e19cce
e_01548,d_parent_77cd61e33726
e_01549,d_parent_35442318cb36
e_01550,d_parent_f2fc53848b73
e_01551,d_parent_ae94d75d885e
e_01552,d_parent_73bb30e2f5c4
e_01553,d_parent_72a0c203ab13
e_00412,d_parent_3e010de08c2f
e_00051,d_parent_35c7e6b4c722
e_01554,d_parent_18b997bad9d4
e_01555,d_parent_f573c1b4702a
e_00643,d_parent_69ff810ce5f7
e_01556,d_parent_ef25ecdac57e
e_00051,d_parent_0133af0d525a
e_01557,d_parent_ff0040d90f6a
e_01558,d_parent_302fd1b86a89
e_01559,d_parent_a3cf36da59cb
e_04211,d_parent_adcf75f75fa6
e_01560,d_parent_8df46846ba87
e_01561,d_parent_847f0e2f3ad7
e_01562,d_parent_6af46bcc0388
e_01563,d_parent_e0c1f9c99c91
e_00097,d_parent_db5378198c43
e_01564,d_parent_136f50b3aa25
e_01565,d_parent_09094ee1f75b
e_01566,d_parent_749ba3bd7410
e_01567,d_parent_fa5e1ec934f4
e_01568,d_parent_98c4fcd1d5f4
e_01569,d_parent_368516b2b5ed
e_01570,d_parent_b672fa167a3c
e_01571,d_parent_c93d06193ea4
e_01572,d_parent_2e56a8605890
e_01573,d_parent_a46311b3c5f4
e_01574,d_parent_6aecff39532a
e_01488,d_parent_c64f73e11b9a
e_01575,d_parent_75f0d837a449
e_01576,d_parent_672ba41447bb
e_01577,d_parent_83dab28126d3
e_00158,d_parent_91a06d92e0b4
e_01578,d_parent_559a8621f26e
e_01579,d_parent_80a7eea31eec
e_01580,d_parent_68fc27b0ef88
e_01581,d_parent_91274b4373be
e_01581,d_parent_881de46cfd87
e_01582,d_parent_e4b357217e16
e_01583,d_parent_92fa17faa84a
e_01584,d_parent_5b6fe73fee4d
e_01585,d_parent_38b96f917e6f
e_01586,d_parent_e60a3c521e87
e_01587,d_parent_ac5d8c6617bd
e_01588,d_parent_03135f3f74e7
e_00213,d_parent_fc89879af449
e_01589,d_parent_f35563e4a437
e_01590,d_parent_96d013b240fd
e_01591,d_parent_aaa6ec2fbf71
e_01592,d_parent_7d17282e5213
e_01593,d_parent_e1dd57042821
e_01594,d_parent_b83714c0af0a
e_01595,d_parent_de6686a1532e
e_01596,d_parent_4aea51e350f5
e_01597,d_parent_eb743d65d6de
e_01598,d_parent_0f65ce973ba3
e_01599,d_parent_02fc8f6d5af0
e_01600,d_parent_b4a0ebf747e3
e_01601,d_parent_0d3abcf65847
e_01602,d_parent_b0c4a1c620ef
e_01603,d_parent_b08aa5b37285
e_01604,d_parent_e73a3e33f084
e_01605,d_parent_51ee8f62beb3
e_01605,d_parent_5021b3bb4cee
e_01606,d_parent_41c55b98462b
e_01607,d_parent_061f92c90b04
e_01608,d_parent_4762de2fb7bb
e_01609,d_parent_6a83ddda5b8d
e_01610,d_parent_39f5156116ea
e_01611,d_parent_d52c1cee4844
e_01611,d_parent_3182e3cfddf1
e_01612,d_parent_30d2f8f75de1
e_01613,d_parent_ca3a59e07f04
e_01614,d_parent_cc5424766b85
e_00613,d_parent_c3a84b486acd
e_00385,d_parent_df3d8917047a
e_01615,d_parent_cf12566bf144
e_01616,d_parent_5eb4cb1baac8
e_01617,d_parent_482c2aae2059
e_01617,d_parent_ed018a2f887a
e_01618,d_parent_91ac889e647a
e_01618,d_parent_43e762ae7624
e_00502,d_parent_e5e2cca22411
e_01619,d_parent_008872138a35
e_01619,d_parent_794c34343427
e_01619,d_parent_f511fb149840
e_01620,d_parent_dab6e52e882f
e_01620,d_parent_2e7322d6f5cc
e_01621,d_parent_9a970b0b0850
e_01622,d_parent_80fb27f8d62d
e_01622,d_parent_3759f5d4c091
e_01623,d_parent_46ded8eeccde
e_01624,d_parent_d751fb198d53
e_01625,d_parent_6ab5866bd64b
e_01626,d_parent_4e289be13143
e_01627,d_parent_d0a69964c875
e_01628,d_parent_6604b61d83bd
e_01629,d_parent_14601a5be772
e_00667,d_parent_121ab67bdcb2
e_01630,d_parent_d7d34d5f3658
e_01631,d_parent_1d0a0b2ff011
e_01632,d_parent_c498026d8b7e
e_01633,d_parent_7c97c2d1c0be
e_01027,d_parent_68a1e6e27ce8
e_01634,d_parent_1294656dd940
e_00243,d_parent_7eeea95b6396
e_01635,d_parent_69df1a9512e1
e_01635,d_parent_805e8986cef3
e_01636,d_parent_247c496baa18
e_01636,d_parent_040561b7fddd
e_01637,d_parent_3b471390c359
e_01638,d_parent_d9d6080c55c3
e_01639,d_parent_ab61e3db785d
e_01640,d_parent_f339e6388f7f
e_01641,d_parent_d34be926c5db
e_01642,d_parent_396104077379
e_01643,d_parent_61e5d500362e
e_01644,d_parent_421e70743408
e_01644,d_parent_45e52e7cbf2d
e_00727,d_parent_63f138502d99
e_01645,d_parent_a3839c0dbf2c
e_01646,d_parent_731874cd4736
e_01647,d_parent_e36b099c3fa1
e_01647,d_parent_19cf72e72ad6
e_01648,d_parent_52379eef1d2e
e_01649,d_parent_f0c2028e8565
e_01649,d_parent_b0f678cf605b
e_01650,d_parent_1fd2f52447f5
e_01650,d_parent_07c57d4f7560
e_01651,d_parent_885736e5209b
e_01652,d_parent_431b87d9e7bf
e_00125,d_parent_2cf27d0404e3
e_01653,d_parent_584b0cd76f12
e_01654,d_parent_c380e186cdea
e_01655,d_parent_86197cba48c1
e_00125,d_parent_321a9d4ccb19
e_01656,d_parent_4fed4001e160
e_01657,d_parent_2eb5c3019f5f
e_01658,d_parent_369bab149e8c
e_01659,d_parent_5c7d3ecefb90
e_01660,d_parent_9b998a1d67d3
e_00038,d_parent_3eb29d396b42
e_01415,d_parent_511f75b15049
e_01661,d_parent_5a20db83a819
e_00049,d_parent_9abde4263326
e_01662,d_parent_9d5c289f81fa
e_01663,d_parent_70225f754b3c
e_01664,d_parent_13c14b74e82f
e_01665,d_parent_dda097362a31
e_01666,d_parent_00521a197c98
e_01667,d_parent_89ad9602249b
e_01662,d_parent_2f2a2d804e6c
e_01668,d_parent_e202f329b2f2
e_01669,d_parent_59f494df1db5
e_00279,d_parent_e49646820ea0
e_01670,d_parent_ce2ff914b363
e_00279,d_parent_363655c2cf9c
e_01671,d_parent_6ab6b59f4458
e_01672,d_parent_bb31fa7b81f4
e_01673,d_parent_1806c16a14aa
e_01674,d_parent_60e30d469ac3
e_01675,d_parent_6498a2f65029
e_01676,d_parent_08b18d495943
e_01677,d_parent_a701d2cf24c8
e_01678,d_parent_80ee3959f3f4
e_01679,d_parent_18851f4da2e4
e_01499,d_parent_8ff12421f731
e_01499,d_parent_dfd919095af9
e_00643,d_parent_6fd8c8cc40e7
e_01680,d_parent_0f05255d19e5
e_01681,d_parent_b313151b60f1
e_01682,d_parent_8faa68b88634
e_01683,d_parent_d020d3de499a
e_01629,d_parent_cec6441dc041
e_01684,d_parent_7983f493393e
e_01685,d_parent_8f99265583dc
e_00053,d_parent_8b1090738d9b
e_01686,d_parent_6d5a3ddfac7b
e_01687,d_parent_551b5ab1bf22
e_01688,d_parent_368ad4d182ab
e_01689,d_parent_97c21731c243
e_01690,d_parent_46cdfd15126d
e_01691,d_parent_731b3a821315
e_01690,d_parent_0e130e94b405
e_01692,d_parent_c91836518fb2
e_01693,d_parent_a1ee7c938468
e_00103,d_parent_4e1f2f65dfe8
e_01694,d_parent_e10a2ee77e06
e_00458,d_parent_bcdef2dc0931
e_01695,d_parent_941a641c5e2f
e_01696,d_parent_c81a584758d5
e_01697,d_parent_9a7917b350d3
e_00128,d_parent_151552a9ed0e
e_00847,d_parent_7eb160f70bac
e_01698,d_parent_a79dbfbc1cb4
e_01699,d_parent_678e31b13133
e_01700,d_parent_ff6da5b84c78
e_00784,d_parent_a273eb896666
e_00472,d_parent_5e09dc0ddb11
e_01701,d_parent_dc2121d5dd46
e_01701,d_parent_77ff8dfdecc5
e_01701,d_parent_bf622b788a7f
e_01702,d_parent_03244c468eee
e_01703,d_parent_7e9146a12fd7
e_01704,d_parent_f8986c0b08cb
e_00176,d_parent_b0c587e8e35b
e_01705,d_parent_81d8e7830d34
e_01706,d_parent_296209527ea5
e_01707,d_parent_2d7b67f05352
e_01708,d_parent_cfa457667589
e_01709,d_parent_9820689ae3c2
e_01710,d_parent_72fecc891075
e_01711,d_parent_dffb819f638d
e_01712,d_parent_f2e0a8eb3249
e_01713,d_parent_3c666bb72c31
e_01714,d_parent_d6090669490c
e_00489,d_parent_f649215d8809
e_01715,d_parent_dbd68d98eb50
e_01716,d_parent_34f1445827cb
e_01717,d_parent_c555148780af
e_00039,d_parent_bf15d9b3eebb
e_00039,d_parent_03847a4e6256
e_00215,d_parent_7ff8bf951140
e_01718,d_parent_6938183dd340
e_00215,d_parent_cf130d6f2b83
e_01717,d_parent_c4edd91a977f
e_01719,d_parent_7f8c4f5321ed
e_01720,d_parent_26a5fa9a1654
e_00502,d_parent_5d6d010be7c9
e_01721,d_parent_d873d3d5e185
e_01722,d_parent_e11bdc5a2102
e_01723,d_parent_3896e526c523
e_00651,d_parent_0f2716a2bd6f
e_00651,d_parent_74bca910bfd5
e_01724,d_parent_b3077f645e9f
e_01725,d_parent_d95e48290279
e_01726,d_parent_881d8fb05601
e_01727,d_parent_2ab0ba14e52d
e_01728,d_parent_298bd0fe62f4
e_01729,d_parent_8676d4e27d1a
e_01727,d_parent_77e42c46c1f8
e_01730,d_parent_cb86eacfea69
e_01731,d_parent_617ad220eed9
e_01731,d_parent_98094da7ea6c
e_01732,d_parent_beeabdc323f6
e_00686,d_parent_396ae4c4e6a8
e_01733,d_parent_26da8be1e877
e_01733,d_parent_01da7449705c
e_00081,d_parent_b5d1c793363c
e_01733,d_parent_b3a2602fb9d8
e_01734,d_parent_2c13f931b9b3
e_01735,d_parent_7d599ae002f2
e_01736,d_parent_836ed70bf3f0
e_01737,d_parent_6cb58d5b673c
e_01738,d_parent_bd1df3b43eef
e_01739,d_parent_fb802e572592
e_01740,d_parent_29a9832b28f9
e_00243,d_parent_887680314c84
e_01741,d_parent_a30c57c2973c
e_01742,d_parent_da346531c3e4
e_00243,d_parent_309fe6e06c98
e_01743,d_parent_2aa75111bde6
e_00243,d_parent_ee4ecd0eb914
e_01744,d_parent_b62b39122a72
e_01744,d_parent_ec16f3918112
e_00243,d_parent_ad697b5f69e2
e_01745,d_parent_05429945a188
e_01746,d_parent_f5301d729175
e_01747,d_parent_b7e7c7f8481f
e_01746,d_parent_354cc713c884
e_01748,d_parent_d5d5101d9b00
e_01749,d_parent_58477146bd22
e_01750,d_parent_d27de1ad5e71
e_01751,d_parent_0eb7f731de0c
e_01752,d_parent_a5a70f92a817
e_01753,d_parent_35769b95edd5
e_01754,d_parent_f966751be3c4
e_01755,d_parent_b7532fd7bae3
e_01756,d_parent_9314d9642518
e_01757,d_parent_8a4cbdba09b3
e_01758,d_parent_709f14cb1c2d
e_01759,d_parent_e8de8da51637
e_01759,d_parent_6d04932c4d77
e_01760,d_parent_2e035e5f7724
e_01761,d_parent_7c2cc6740ee4
e_01762,d_parent_9fe0535e771c
e_01763,d_parent_f3cde70c931a
e_01764,d_parent_63bb6c0b253b
e_01765,d_parent_10b37521686e
e_01766,d_parent_de55b07f3e52
e_01767,d_parent_c44ef8d4f40a
e_01768,d_parent_6f43270321d6
e_01769,d_parent_eb55396ecd0a
e_01770,d_parent_d3f34d65acd6
e_01771,d_parent_25dd3a5cd558
e_00319,d_parent_f6c19de7ed55
e_01772,d_parent_7d2103c0a1b9
e_01773,d_parent_bd981b73b583
e_01774,d_parent_30a8ebd8bfb1
e_01775,d_parent_9db6b2ccf5e7
e_00721,d_parent_d4be75935206
e_00113,d_parent_c3a329775704
e_01776,d_parent_ebb48abf5b81
e_01777,d_parent_54690ea7b414
e_01778,d_parent_d14104dd8e2d
e_01779,d_parent_b963cb87d140
e_01780,d_parent_0ed816167952
e_01781,d_parent_2365c3a15da2
e_01782,d_parent_5bf1fb1eb4a0
e_01137,d_parent_c9b002adaa2d
e_01783,d_parent_58332de2e4c3
e_00459,d_parent_d246e8ad3327
e_01784,d_parent_4acc19476254
e_01785,d_parent_9004363fa661
e_01786,d_parent_665d600e579b
e_01787,d_parent_074a543d20de
e_01788,d_parent_803ad9c31245
e_01789,d_parent_bd99940ee3b6
e_01790,d_parent_f5d3e17c6831
e_01791,d_parent_4f6acebf8706
e_01792,d_parent_0640fc3ce635
e_01526,d_parent_551d6adbb0f1
e_01793,d_parent_a7009f653f54
e_00141,d_parent_e31cc818605c
e_01794,d_parent_f2aa9e469092
e_01795,d_parent_2eb8c8706ad1
e_00587,d_parent_f3366f1d7070
e_01796,d_parent_2fc7ad648e4f
e_01797,d_parent_31e31ec57f52
e_01798,d_parent_a726ee1c44d4
e_01799,d_parent_012f7aef049d
e_01800,d_parent_b4ed7afc5552
e_01801,d_parent_e37c5d78fdf1
e_01581,d_parent_21885d94245c
e_01802,d_parent_6a698218e6a6
e_01803,d_parent_230ff13b6537
e_00373,d_parent_71a053ca2128
e_01581,d_parent_3648b6547884
e_01804,d_parent_f3dda6f3b5d7
e_00037,d_parent_f37c4d72baef
e_01805,d_parent_78516b302e47
e_01806,d_parent_0cb9e2a5c5fb
e_01807,d_parent_b6eeccefda75
e_00051,d_parent_08edf7169f74
e_01808,d_parent_91b974a1a3d6
e_00759,d_parent_e063b5bdc6d0
e_01809,d_parent_3d8d500c7f6e
e_01810,d_parent_fe28825734d0
e_01811,d_parent_1bdc717c1559
e_01812,d_parent_6199969a3b9b
e_01813,d_parent_56d383a76329
e_01814,d_parent_1144e7d5cddb
e_01008,d_parent_1c6a03890a55
e_01815,d_parent_3d2c0d25076a
e_01816,d_parent_2e73cc98e2e7
e_00667,d_parent_42121c54a87c
e_00686,d_parent_ef8206a1fa31
e_00081,d_parent_5170d7c12658
e_01817,d_parent_c06e07d7a555
e_01818,d_parent_0b74a5ef0a77
e_01819,d_parent_fde5b2db78c7
e_01820,d_parent_309792915994
e_00693,d_parent_69e48fec895e
e_00693,d_parent_eda01c7d02e7
e_01821,d_parent_d10df4c932f0
e_01822,d_parent_316dd3c00c48
e_01823,d_parent_286ba41289c4
e_01824,d_parent_df4d69b6e74a
e_01825,d_parent_befa8cf02b3d
e_01826,d_parent_118964309eb9
e_01827,d_parent_63d7ae552a17
e_00561,d_parent_13e662a8e10b
e_01828,d_parent_f37dafcfaab2
e_01829,d_parent_7047db8fbee3
e_01830,d_parent_f6d39f2ce636
e_01831,d_parent_78eb3302eb94
e_01832,d_parent_6f4896b9abbe
e_01833,d_parent_17cd0053ffd8
e_01834,d_parent_0ffe31737295
e_01835,d_parent_ff40ec4e141e
e_00819,d_parent_03e435b7a33b
e_01836,d_parent_8c6d32060ef7
e_01837,d_parent_099a0419d2f2
e_01838,d_parent_481319535d3d
e_01839,d_parent_04ed2b6e6d06
e_01840,d_parent_b8b30aa0003e
e_01841,d_parent_f96b2776b449
e_01842,d_parent_57cf74a16a0a
e_01843,d_parent_562e5547f6a0
e_01844,d_parent_96838c56caa3
e_00597,d_parent_7a549f3a8bd2
e_01845,d_parent_a3a04f3541e6
e_01846,d_parent_d61c3a5b1a46
e_00201,d_parent_e5e55a398e80
e_01847,d_parent_5f695075bfac
e_01848,d_parent_13b5efbfbf9f
e_01849,d_parent_7eb1aafcc7c9
e_01850,d_parent_89c836b8aed4
e_00606,d_parent_2b0aa05aee9d
e_01851,d_parent_47005bb91968
e_01852,d_parent_70b8bca0329b
e_01853,d_parent_9af19dca6b40
e_01854,d_parent_6bb156b41b05
e_01855,d_parent_363a4e2205ff
e_01405,d_parent_9919720ba311
e_01856,d_parent_000fc452ae7e
e_01718,d_parent_714585490ecc
e_01857,d_parent_064a3447410c
e_01858,d_parent_16a30d61f986
e_01859,d_parent_ce9babbdd199
e_01860,d_parent_a341ad525652
e_00502,d_parent_b4bde9fe9510
e_01861,d_parent_3d552ebcad91
e_00502,d_parent_9910011eb82c
e_01862,d_parent_6c809d0b766d
e_01863,d_parent_3f2ecd05285f
e_01864,d_parent_55f3c5d2862f
e_01865,d_parent_235bb4e22c18
e_01866,d_parent_25ce12af3e3e
e_00051,d_parent_51d557e6fd45
e_01867,d_parent_67e177e00f72
e_01868,d_parent_34b8014f441c
e_01869,d_parent_329538680819
e_00049,d_parent_888e21ef33f9
e_00051,d_parent_99107aa9cf09
e_00627,d_parent_1807a153c5ba
e_00502,d_parent_787a6e22c5ca
e_00502,d_parent_322c6c5395ac
e_00415,d_parent_24316f204d9e
e_01870,d_parent_f15050efd869
e_01871,d_parent_5a7dbfb94309
e_01872,d_parent_e3393d6f7406
e_01873,d_parent_198fcc7c8acd
e_00662,d_parent_10f0a12db07e
e_01874,d_parent_6c356bc43246
e_01875,d_parent_328d1149a13f
e_01876,d_parent_958e4dde26d1
e_01877,d_parent_809f4058ce1b
e_01878,d_parent_8accf264034e
e_01879,d_parent_e565ff2ee949
e_01628,d_parent_de1dfbc561dc
e_01880,d_parent_3bd1f290f920
e_01881,d_parent_488a31690d6d
e_01882,d_parent_ea04671ff37c
e_01883,d_parent_7d9de17b2989
e_01427,d_parent_4c4e80b65615
e_01884,d_parent_ad5a4df9e045
e_01885,d_parent_53848a995ed9
e_01886,d_parent_8348418505a7
e_01887,d_parent_7f49bed52061
e_01888,d_parent_fdc9a8e520c5
e_01889,d_parent_10c01975dfe7
e_01890,d_parent_995477ae937b
e_01891,d_parent_1ea65296c21f
e_01892,d_parent_28221d595ca0
e_01893,d_parent_616301e42fc3
e_01894,d_parent_40d9ea96f210
e_01895,d_parent_e674634e4fba
e_01896,d_parent_23525555f6b0
e_01897,d_parent_2588d04205be
e_00081,d_parent_8c9269aff745
e_00053,d_parent_6778f840b0f6
e_01898,d_parent_a5dd4e7b3acc
e_01899,d_parent_04f44b35b688
e_00085,d_parent_c0af17bdbf91
e_01900,d_parent_3560bd2b445a
e_00053,d_parent_d82eaf0ce711
e_01901,d_parent_5dd2a223512a
e_01902,d_parent_db0c6719e2a1
e_00053,d_parent_1abd92b535a6
e_01903,d_parent_a05c3cc00fb8
e_01904,d_parent_309cf906ffb0
e_01905,d_parent_b5c9870588c0
e_01906,d_parent_a73170435d06
e_01907,d_parent_2741f1581952
e_01908,d_parent_ea38d641017f
e_01028,d_parent_803afccd7a71
e_01909,d_parent_09e008ded57f
e_01910,d_parent_54d59950cfc7
e_01911,d_parent_bccfad26c3d9
e_01239,d_parent_20d0605f2aa7
e_01912,d_parent_014ed8b55868
e_01912,d_parent_c207a2441156
e_01913,d_parent_ed2e3c5f1988
e_01914,d_parent_8b6f147fd279
e_00319,d_parent_f005fb6bd1e4
e_01915,d_parent_b470e1acf3e1
e_01916,d_parent_69d1bf0f07ea
e_01917,d_parent_0e93060e9954
e_01918,d_parent_d273fe7ba061
e_01919,d_parent_8e9fd1058fef
e_01920,d_parent_b64fe791cf4c
e_01921,d_parent_7f76b36267d6
e_04212,d_parent_a59dc6b35c7c
e_01922,d_parent_8c08e30e91ef
e_01923,d_parent_22a9b418ef0d
e_01924,d_parent_e761f00c045e
e_01925,d_parent_0032296dea92
e_01926,d_parent_ded18a71b9d6
e_01690,d_parent_64371620d464
e_01927,d_parent_0c4656b47e5d
e_00319,d_parent_3e3da6b2fe89
e_01928,d_parent_24027ae47a21
e_01929,d_parent_5a255e5d2164
e_01930,d_parent_e8d6addfcfd5
e_01931,d_parent_9a7217868381
e_01932,d_parent_ecd630095963
e_01933,d_parent_87ef82381661
e_00110,d_parent_61da99ee2d32
e_01934,d_parent_12812ad1692c
e_01935,d_parent_1d0305f1dfa9
e_00110,d_parent_8c621232c256
e_01936,d_parent_f6dc6458aeff
e_01937,d_parent_dfb8c038fa0b
e_01938,d_parent_e4460487f0dd
e_01938,d_parent_00ab320ce9e2
e_01939,d_parent_d3350b65bdf8
e_01940,d_parent_12ebfee2598c
e_01941,d_parent_a30fcadb7053
e_01942,d_parent_891324c8035d
e_01942,d_parent_4183901b4809
e_01943,d_parent_7860605ff20d
e_01944,d_parent_a3b13881ba71
e_01137,d_parent_889af6ed6bae
e_01945,d_parent_f4cc2ac33c1c
e_01946,d_parent_de91c1f3bee2
e_01947,d_parent_031d21e8055d
e_01948,d_parent_969faf6e6620
e_01949,d_parent_c957357b8fe1
e_01949,d_parent_ea8ce7710fa4
e_01950,d_parent_ff31f5534969
e_01951,d_parent_f1974e4b7105
e_01952,d_parent_6c7661ba170a
e_01953,d_parent_f22bda385acf
e_00910,d_parent_2bd92da4c043
e_01954,d_parent_ba2565abaceb
e_01955,d_parent_0bf91a4218da
e_00125,d_parent_dcd29d3b47a8
e_01956,d_parent_849fee0b3a54
e_01957,d_parent_3c88a57dbf14
e_01958,d_parent_f5db1daaec13
e_04213,d_parent_5f4a4bcacc39
e_01959,d_parent_9e789340f323
e_01960,d_parent_c2917b3ee5fc
e_01961,d_parent_23ca81002250
e_01962,d_parent_8f08491df875
e_01963,d_parent_bcd7f731d3aa
e_01964,d_parent_3db016333b55
e_01965,d_parent_7e6a829a11bf
e_01966,d_parent_c8f26fb6451a
e_01966,d_parent_8dd130f181a8
e_01967,d_parent_ba721f32eaf6
e_01968,d_parent_f897d11624f1
e_01969,d_parent_9af2af7ad405
e_01970,d_parent_d331d8d0fa10
e_00472,d_parent_0f72dec9ff33
e_01971,d_parent_c453e101a99a
e_01972,d_parent_1d105c58c7b9
e_01973,d_parent_6d8874191af1
e_00158,d_parent_54ed7ebef385
e_01974,d_parent_2596a23b1082
e_00784,d_parent_2a03f80af7df
e_01975,d_parent_a0ed4023ee36
e_01976,d_parent_28c78044d55f
e_01977,d_parent_f801de6f44ec
e_01978,d_parent_c2ea0d1d125f
e_01979,d_parent_bb230b2ef8b0
e_01980,d_parent_6af58f4ad571
e_01978,d_parent_900c99a23799
e_01981,d_parent_d319b6049225
e_01982,d_parent_79c102a9fe10
e_01983,d_parent_21a9a5118399
e_01984,d_parent_cf55d4d9851e
e_01985,d_parent_a70efd9739d9
e_01986,d_parent_daf3559f5684
e_01987,d_parent_1514aaf870e1
e_01988,d_parent_3b82ac2c743e
e_00472,d_parent_08847812e29e
e_01989,d_parent_82fd0e81233f
e_01990,d_parent_3faccb89e795
e_01535,d_parent_ff249307224f
e_01991,d_parent_41812c7189f7
e_01992,d_parent_1541ecb7aa41
e_00994,d_parent_9f4ecdd59dca
e_01993,d_parent_44821f0f3c21
e_01994,d_parent_44cb834e73a8
e_01995,d_parent_2a5e88d58f9b
e_01996,d_parent_498ebfbdc0a8
e_01997,d_parent_4af44f319448
e_01998,d_parent_db3bed209b93
e_01999,d_parent_69e0e5fabf61
e_02000,d_parent_4d910306ea00
e_00791,d_parent_e43e4b6904ed
e_02001,d_parent_d1a63dd36656
e_02002,d_parent_e4f9f3243833
e_02003,d_parent_c86b6bf4e011
e_02004,d_parent_61cb15ee0677
e_02005,d_parent_fff44fbc968a
e_02006,d_parent_86871d9a7e18
e_02007,d_parent_7afd329c1bcf
e_00711,d_parent_0d4c1e981e05
e_00103,d_parent_859e48597bae
e_02008,d_parent_2fd06664d9e5
e_00789,d_parent_42ff37e9002b
e_02009,d_parent_765280aac86c
e_02010,d_parent_a911f846447b
e_02011,d_parent_ff222c6bf81c
e_02012,d_parent_e27ed8b1a667
e_02013,d_parent_90ff43c7afdb
e_00429,d_parent_59e882e2b14e
e_02014,d_parent_5492f717320f
e_02015,d_parent_9b56922a5321
e_00029,d_parent_f8b21256cd9b
e_02016,d_parent_2de5fe1ad87c
e_02017,d_parent_703c945c80ea
e_02018,d_parent_eca66f77afd3
e_02019,d_parent_f8aff50d8cca
e_00606,d_parent_50f0bc1e80fc
e_00385,d_parent_e432735122ce
e_02020,d_parent_4917ba63c96a
e_02021,d_parent_9b9077934500
e_00385,d_parent_6a1b7d404fb4
e_00606,d_parent_673b1e8b8276
e_02022,d_parent_32718d048930
e_02022,d_parent_c621918dcab6
e_02023,d_parent_93c0b8dceb6f
e_02024,d_parent_044126d99a05
e_01718,d_parent_77d2c8bd29ce
e_00039,d_parent_e9403d230fcf
e_00613,d_parent_ae45ec277aea
e_01718,d_parent_abcad2c25d13
e_02025,d_parent_474989b497af
e_02026,d_parent_8ac56289064d
e_02027,d_parent_0ee5ee7587da
e_01168,d_parent_8c73cb7b977f
e_02028,d_parent_febb416b08e4
e_02029,d_parent_013fd45b5c6b
e_02030,d_parent_7de646039ae3
e_02031,d_parent_b4a960ada568
e_00415,d_parent_391084e6772a
e_02032,d_parent_bcaad43e4d4f
e_02033,d_parent_56a8b2c8d27e
e_02034,d_parent_60d98ea71595
e_04214,d_parent_45290f6d1cb1
e_02035,d_parent_c615096c7fc0
e_02036,d_parent_b62d2fb6fe10
e_02037,d_parent_cf68b099a112
e_02038,d_parent_437455c39a7a
e_02038,d_parent_378c607f46cd
e_02038,d_parent_8c2aba2bbf6f
e_02039,d_parent_3c8201b02d06
e_02040,d_parent_18c83fc497e3
e_02041,d_parent_38531fcd9693
e_02042,d_parent_d5a88ad694b3
e_02043,d_parent_ad881815b318
e_02044,d_parent_2b46cc1c1c3b
e_02045,d_parent_da3fc5df4d6f
e_02046,d_parent_764ac33bc512
e_02047,d_parent_622d2f3639e4
e_02048,d_parent_f0472b984684
e_02049,d_parent_1f5987b396d5
e_02050,d_parent_239d201f3b0b
e_02051,d_parent_d0373fb656fa
e_02052,d_parent_d4ff2877c1b7
e_02053,d_parent_3a096a0b4d63
e_02054,d_parent_629a233bf768
e_02055,d_parent_780e8f148846
e_02056,d_parent_2aaa6b165009
e_02057,d_parent_549c896c8d7d
e_02058,d_parent_adbfdcd5bda1
e_02059,d_parent_0c6838a99c3b
e_01540,d_parent_988b7eee0649
e_02060,d_parent_31dc828d7370
e_02061,d_parent_111d9e0a8583
e_02062,d_parent_9796c150ec3e
e_02063,d_parent_5ce74ff9c659
e_02063,d_parent_80cc6a955bab
e_02064,d_parent_5e16aa3d7a61
e_02065,d_parent_1aa5003dadac
e_02066,d_parent_5f2ec46b2249
e_02067,d_parent_b9383406011a
e_02068,d_parent_8ac2f24514b0
e_02069,d_parent_fbb11770becd
e_02070,d_parent_63be63cb0a7a
e_02071,d_parent_412a2d39989d
e_02072,d_parent_1a404a03275d
e_02073,d_parent_e18c49c43ec4
e_02074,d_parent_877a720ed7c9
e_02075,d_parent_ea1696cbf7ba
e_02076,d_parent_a07fbcdfd967
e_02077,d_parent_4545dd4daa4d
e_02078,d_parent_070d92ce2f32
e_02079,d_parent_c9385e948804
e_01927,d_parent_c14118dbf5d9
e_02080,d_parent_5e924f73da4c
e_02081,d_parent_f9b9ddf95b6f
e_02082,d_parent_f467788d2eb9
e_01929,d_parent_a5f3833f76cf
e_02081,d_parent_cec6932d45b8
e_02083,d_parent_202ed3ac497d
e_01039,d_parent_223e1820724d
e_02084,d_parent_46ee8ab0968e
e_00971,d_parent_4356a2fab168
e_00740,d_parent_6b7f23d3d00d
e_02085,d_parent_25d61183377d
e_01284,d_parent_070b84620163
e_02086,d_parent_7199c79e2bfa
e_02087,d_parent_3c8be7d8925e
e_02088,d_parent_682d36022c07
e_02088,d_parent_ff5eaca10bbc
e_02089,d_parent_e765cef22e65
e_02090,d_parent_eb307f565242
e_02091,d_parent_1b9db323b465
e_01581,d_parent_9dc8557340f9
e_00791,d_parent_6efb765b8d1a
e_02092,d_parent_c82563263c80
e_02093,d_parent_ceba71aed534
e_02094,d_parent_c9bafdb09dcd
e_00037,d_parent_4ee41e566985
e_02094,d_parent_efd2fab9c934
e_02095,d_parent_7791cf8f1f86
e_02096,d_parent_be46c960838e
e_02097,d_parent_b1edaadcee83
e_02098,d_parent_cd29686a7599
e_02099,d_parent_d20a6790c595
e_02100,d_parent_51fef40edc0a
e_02101,d_parent_19eb3e261091
e_02102,d_parent_0186e0546806
e_00097,d_parent_3d9032d2289a
e_02103,d_parent_a012fc3eb21c
e_00322,d_parent_e948f9d956fd
e_01581,d_parent_9525ede46882
e_02104,d_parent_1c0302c3f4df
e_02105,d_parent_9a51b5ad3852
e_01718,d_parent_51567e9369c5
e_00412,d_parent_adbf9acdef4a
e_02106,d_parent_b0fc64181466
e_02107,d_parent_a7adf5bb998a
e_02108,d_parent_78fe479b1e1c
e_02109,d_parent_2b76b7837716
e_02110,d_parent_6de1a369e2ff
e_02111,d_parent_dc1245467ec2
e_02112,d_parent_aa9ad5350c2d
e_02113,d_parent_8cf3a9ba8cba
e_02114,d_parent_2f06372e775a
e_02115,d_parent_635f7ae32714
e_02116,d_parent_8225d129fd70
e_02117,d_parent_bbba05676e03
e_02118,d_parent_362fa77904ed
e_02119,d_parent_b7f5a8fffebb
e_02120,d_parent_5744ddeb9741
e_02121,d_parent_5e55a05c94bc
e_02122,d_parent_17b341179234
e_02123,d_parent_8b5abb06123b
e_02124,d_parent_10b7065e9b64
e_02125,d_parent_62d543261472
e_02126,d_parent_574b13ffc5c0
e_02127,d_parent_082a5f584a9e
e_02128,d_parent_6f5ad6271689
e_01499,d_parent_4ec95b07f854
e_02129,d_parent_04d4b0e40d23
e_02130,d_parent_7fb51953f113
e_02131,d_parent_f125a8fa0742
e_02132,d_parent_0565ef4b64c7
e_02133,d_parent_fc966ba4aa40
e_02134,d_parent_e35e4823b618
e_02135,d_parent_9b03ced05647
e_02136,d_parent_c7d3e1415c83
e_02137,d_parent_7bfb88890092
e_02138,d_parent_c8dc466bf7da
e_02139,d_parent_b81f367a8c32
e_00024,d_parent_053eb9e90082
e_02140,d_parent_fd0e404fba39
e_02141,d_parent_264a021b2ed9
e_02142,d_parent_96704e71b574
e_02143,d_parent_13ef138f5ab6
e_02144,d_parent_0ccc12617ceb
e_02145,d_parent_73b84185a30b
e_02146,d_parent_da62757de53a
e_02147,d_parent_702be04843c0
e_02148,d_parent_84902fd0a888
e_02149,d_parent_75fc4470fb3e
e_02150,d_parent_9ec132e0f703
e_02151,d_parent_11b98121eaed
e_00613,d_parent_d5cc9dbc1a86
e_02152,d_parent_639b2c0aeccb
e_02153,d_parent_a05be3a117b5
e_02154,d_parent_d44e180ea235
e_02155,d_parent_c2b9d0737736
e_02156,d_parent_41003d2c7ead
e_02157,d_parent_fb4c5bf505b3
e_02158,d_parent_09531453d455
e_02159,d_parent_00f3fae50689
e_02160,d_parent_138160b485ce
e_00049,d_parent_3040705b2fef
e_00643,d_parent_d88fd235e7f2
e_02161,d_parent_9c8352d2cdb2
e_02162,d_parent_c58326ee2e5f
e_02163,d_parent_016a26c38e2d
e_02164,d_parent_785bc29d1f68
e_02165,d_parent_fee96ccebed8
e_02166,d_parent_e295cbab678e
e_02167,d_parent_7233f54f29a2
e_02168,d_parent_0198551cd7a7
e_02169,d_parent_7aac60c4d364
e_00275,d_parent_4c8153fed350
e_02170,d_parent_27c0b1431d6e
e_02171,d_parent_fdb5936a5bfd
e_02172,d_parent_2dd7544b5a87
e_00004,d_parent_910c72e02d1a
e_02173,d_parent_86c9cd5c75f6
e_02174,d_parent_5fa953956d78
e_02175,d_parent_8f5fcef9ca96
e_02176,d_parent_6b7b42921559
e_02177,d_parent_2409ecb9efd0
e_00319,d_parent_85ab9e95174e
e_02178,d_parent_d4fa294fa3de
e_02179,d_parent_935e1ef0bdc9
e_02180,d_parent_bc009ec42fd5
e_02181,d_parent_0ecef700412d
e_02182,d_parent_08a4d6a321f6
e_02183,d_parent_ea8219f2c776
e_00721,d_parent_77b61015007e
e_02184,d_parent_48df6b575901
e_02185,d_parent_ca5731d8b4e9
e_02186,d_parent_719417ad148d
e_02187,d_parent_bf8a201e72d5
e_02188,d_parent_0f57b9a25c67
e_01332,d_parent_5f7d95eb0bb1
e_02189,d_parent_e392e4942f9b
e_02190,d_parent_4568a53a1a0f
e_01083,d_parent_130dc14a00e4
e_02191,d_parent_af3198c4967d
e_02192,d_parent_0e83f88f9b9f
e_02193,d_parent_ce7c90496388
e_02194,d_parent_11824d855dee
e_02195,d_parent_cb0d328a5720
e_02196,d_parent_837e85c84490
e_02197,d_parent_ee2b451a2493
e_02198,d_parent_acb818bff438
e_02199,d_parent_825c64c1d477
e_02088,d_parent_2b6a741280bc
e_02200,d_parent_6403ded8bc86
e_01977,d_parent_9acdf4f7ae3a
e_02201,d_parent_8a0299075ce0
e_02202,d_parent_df41dfa4756c
e_02203,d_parent_83bcc849518c
e_02204,d_parent_0d13b2273514
e_00994,d_parent_b9ac904ec98c
e_04215,d_parent_2d97bb9d1a33
e_02205,d_parent_ac89cc6a9ef9
e_00415,d_parent_5d4193bb8afd
e_02206,d_parent_916af3c187ae
e_02207,d_parent_83e79448dfce
e_00547,d_parent_8c5350f3b091
e_02208,d_parent_e7ff064a557c
e_02209,d_parent_4f976a93d753
e_02210,d_parent_6f7fa31788a6
e_02211,d_parent_870b8d8c509d
e_01535,d_parent_3dc8cb3b72e2
e_00597,d_parent_e572437d6b40
e_02212,d_parent_da6fd6c99c7d
e_02213,d_parent_a845535df3ea
e_02214,d_parent_e8e5650b924d
e_02215,d_parent_22a3e20e6a0d
e_02216,d_parent_f4f50e6393f0
e_00081,d_parent_a9f501d32ce2
e_02217,d_parent_a983e5e01b8c
e_00387,d_parent_36aeb9f32ae3
e_00695,d_parent_d9c04dc410c3
e_02218,d_parent_fd93ee4474e5
e_02219,d_parent_8592b1b217cf
e_02220,d_parent_be87484d5112
e_02221,d_parent_5e53e84937ec
e_01008,d_parent_f01fe2e48528
e_02222,d_parent_225455b715dc
e_04216,d_parent_3c59459451d9
e_02223,d_parent_108ebefd5953
e_02224,d_parent_b10da39d964f
e_02225,d_parent_16acb9c58bdf
e_02226,d_parent_25a8b8e56b7a
e_00651,d_parent_26d9a99d5bdd
e_00049,d_parent_4c8d916be9ea
e_01819,d_parent_4f9cf0fc34d6
e_02227,d_parent_fbbeb484256b
e_02228,d_parent_894da7986449
e_02229,d_parent_684bd6005dab
e_02230,d_parent_bd977e5f779a
e_02231,d_parent_90f5393c0aa6
e_00319,d_parent_9ba4dd627281
e_02232,d_parent_380571b718cb
e_02233,d_parent_75618bf2916d
e_02234,d_parent_369ef8f838a3
e_00472,d_parent_7acb5dbe83f7
e_02235,d_parent_22a44ced90ff
e_02236,d_parent_c514a84ee96f
e_02237,d_parent_2c1377788630
e_02238,d_parent_8eb936da8d76
e_02239,d_parent_ab0d8bab60b3
e_02240,d_parent_02d6f9d8b25f
e_02240,d_parent_f42d1bc0cd35
e_02241,d_parent_9661fb478dc0
e_02242,d_parent_d2ca330d6dc8
e_01393,d_parent_5c89832af681
e_02242,d_parent_f62631733ae1
e_02243,d_parent_fd13f2d63b61
e_02244,d_parent_d60bcacbda7d
e_02244,d_parent_e0f7e06f673a
e_00038,d_parent_5036417187a5
e_02245,d_parent_0f153b4d01a0
e_00829,d_parent_3b913070e9f4
e_02246,d_parent_d6cdd5984211
e_02247,d_parent_782bd85e5d24
e_00829,d_parent_8d274c55e39e
e_00829,d_parent_58e6f4b3145e
e_01718,d_parent_47bd0ef2a32b
e_02248,d_parent_a0f49f675642
e_02249,d_parent_6c46e5dd4d1a
e_02250,d_parent_c1cfbba2efd4
e_02251,d_parent_f5d603c16bb1
e_00385,d_parent_b3e6950cc4cc
e_02252,d_parent_29876072d18a
e_02252,d_parent_1199e59f932d
e_00626,d_parent_db2309a3973e
e_02253,d_parent_20d0ba6de9ee
e_02254,d_parent_d343aaf50a3c
e_02255,d_parent_dc9cb34391d8
e_02256,d_parent_db76af43e4eb
e_02257,d_parent_5f8d47373cbf
e_02258,d_parent_d27146e27c8f
e_00051,d_parent_88733dabf58b
e_02258,d_parent_d6663c68bab8
e_02259,d_parent_68f49c7ce18d
e_02259,d_parent_eae6fe9e9959
e_02260,d_parent_a6bbc4d72663
e_02261,d_parent_e807b8a2877c
e_02262,d_parent_03241cc1d851
e_02263,d_parent_737316f27313
e_02264,d_parent_c0da5b327bb9
e_02265,d_parent_f0d152865b96
e_02266,d_parent_b179946885da
e_00677,d_parent_e0b1487c66f1
e_00422,d_parent_7a4f62fbacf4
e_02267,d_parent_5c578343034e
e_01628,d_parent_90ce480552ff
e_00668,d_parent_2cb9748c8318
e_00668,d_parent_173df1305f81
e_02267,d_parent_f176a5d3f01b
e_02268,d_parent_06324f6b1332
e_00677,d_parent_bab1514608ac
e_02269,d_parent_834b4ddd0c58
e_02270,d_parent_8848b0dc1850
e_02271,d_parent_aff95905e0ab
e_02270,d_parent_27291a921adf
e_02270,d_parent_8cfd313aed84
e_02270,d_parent_88814284fceb
e_02272,d_parent_d965a5873743
e_02273,d_parent_690e54c2fe8c
e_02273,d_parent_c8c504531fc2
e_02274,d_parent_768501b3f028
e_02275,d_parent_1ad39ae80803
e_02276,d_parent_5944f4afa834
e_02277,d_parent_ed320c7975a5
e_02277,d_parent_619e6ce7a004
e_02278,d_parent_de548ce8ebdd
e_00053,d_parent_8a3bad8fdb02
e_02279,d_parent_c4a7737c2695
e_02280,d_parent_778682675087
e_02280,d_parent_900e6e2f0506
e_00053,d_parent_60365192d4dd
e_02281,d_parent_c9e207d11721
e_00053,d_parent_57fa24e56eb5
e_02282,d_parent_4c853eb666d8
e_02283,d_parent_32afd13f9799
e_02284,d_parent_7eaae6cf612f
e_02285,d_parent_34c2603f7957
e_00053,d_parent_e42854e62342
e_02286,d_parent_0f4a9489557b
e_02287,d_parent_b8daf146c6c8
e_02288,d_parent_2f38b465c665
e_02289,d_parent_27786de0b7a5
e_02290,d_parent_e338abd1f11a
e_02291,d_parent_6733c3ad0f57
e_02291,d_parent_345809009969
e_02292,d_parent_4f096f5be01c
e_02293,d_parent_d173a469a885
e_02294,d_parent_577dd3cb7cc1
e_02293,d_parent_f978fb82ec50
e_02295,d_parent_f5db8992fd4d
e_02296,d_parent_b9799ad7faa5
e_02297,d_parent_0700ea420419
e_02298,d_parent_5122c746a87c
e_00535,d_parent_6a0e5d67fa47
e_02299,d_parent_a8f0e46f80ab
e_02299,d_parent_070078b857c7
e_02300,d_parent_85e690d7bfac
e_02301,d_parent_4afa342e8e5e
e_02302,d_parent_024741b20b73
e_02303,d_parent_a038990306aa
e_02304,d_parent_bf7a28afe544
e_02305,d_parent_938bffd2db69
e_02306,d_parent_9c70368c86d7
e_02307,d_parent_d8d0670211ee
e_02308,d_parent_2e2f190b69b6
e_00547,d_parent_b46690bb3bf5
e_02309,d_parent_8ecb1b5fe9ae
e_02310,d_parent_8242baa43808
e_02311,d_parent_e8ca0c7fde09
e_02312,d_parent_c25865954355
e_02313,d_parent_df5115dcfb66
e_02314,d_parent_f7a746e167b6
e_02315,d_parent_c36d1d4178bf
e_02316,d_parent_c52e2b99ba50
e_02317,d_parent_c4acb884a45b
e_02318,d_parent_6d596d2d439a
e_02319,d_parent_3cc72d46dad7
e_02320,d_parent_85c52209d8d9
e_02321,d_parent_b3c346131603
e_02322,d_parent_40e8f2516dfe
e_02323,d_parent_49bd3aaf2e8f
e_02324,d_parent_ae335a661e6d
e_02325,d_parent_6665bf873786
e_00753,d_parent_529794701259
e_01043,d_parent_c9b7952bb650
e_02326,d_parent_b9aedfb64935
e_02327,d_parent_1e4e9a18c4bc
e_02328,d_parent_b7f52ff0603a
e_02329,d_parent_225eb732a9cd
e_02330,d_parent_da4a4e974e74
e_02331,d_parent_096d146b31e9
e_00125,d_parent_89dbef1b532e
e_02332,d_parent_6b2abba093b1
e_02333,d_parent_fbaf8bf022a2
e_02334,d_parent_a7f0946aaf63
e_02335,d_parent_a3de452610e6
e_02336,d_parent_be5aa3cac53d
e_02337,d_parent_218ab0d7ee42
e_00359,d_parent_da1780a86ea2
e_02338,d_parent_bf0dfb1ec137
e_02339,d_parent_bd470165336e
e_02340,d_parent_1c95b89880d0
e_02341,d_parent_cfec3505e431
e_02342,d_parent_f719ca2d3655
e_02343,d_parent_bf304593d810
e_02344,d_parent_237497885cdf
e_02345,d_parent_50313c28ad36
e_02346,d_parent_8f7c3eb0ef10
e_02347,d_parent_0d874176b697
e_02348,d_parent_10099d451dcc
e_02343,d_parent_69bed5e8163b
e_02343,d_parent_3bc01020e923
e_02349,d_parent_4e67d356f49d
e_02350,d_parent_3e64f4ace5fb
e_02351,d_parent_ae03542799ee
e_02352,d_parent_5db741517b5a
e_00474,d_parent_1021c2c3222c
e_00474,d_parent_844a5135da22
e_02353,d_parent_c21a97404796
e_02354,d_parent_094f01e1e3a3
e_02355,d_parent_32cea2782d5c
e_02356,d_parent_67cce7cccd32
e_01103,d_parent_4a59ff27e873
e_01581,d_parent_17e983965af1
e_02357,d_parent_728a16b55e6e
e_02358,d_parent_65b9383448a2
e_02359,d_parent_ba0d71e48843
e_02360,d_parent_7061bb997c15
e_02361,d_parent_b642d65b7fb0
e_02362,d_parent_a020257ea781
e_00262,d_parent_4f4c4ef28d03
e_02363,d_parent_ad1bb3d4c7bd
e_02364,d_parent_47256ac4a78e
e_02365,d_parent_7863e6dbdb1b
e_01254,d_parent_c8effbda1628
e_02366,d_parent_a1e0c8251d54
e_02367,d_parent_998985b952e4
e_02368,d_parent_2535135b2a54
e_00113,d_parent_249a711c168d
e_02369,d_parent_8ca8057578ca
e_00727,d_parent_690171e066d3
e_02370,d_parent_7fbc65a3acc1
e_02371,d_parent_2446f0cf49ab
e_00362,d_parent_5c381b3e2a69
e_02372,d_parent_b59200c145eb
e_01338,d_parent_20b306e1222f
e_02373,d_parent_d782603d4924
e_00165,d_parent_3230bb5b6bc4
e_00165,d_parent_64645e4ebb73
e_01718,d_parent_e9a616b26ae4
e_02374,d_parent_b69b1a557fa6
e_02375,d_parent_760c0e0cf96d
e_02376,d_parent_a937aa9d02d5
e_02377,d_parent_4c42f4f2516c
e_02378,d_parent_b757f66ebff6
e_02379,d_parent_61e9ef2b25d8
e_02380,d_parent_63b4972a19a3
e_01067,d_parent_836adf59d3fd
e_02381,d_parent_f8fe48154f4f
e_02382,d_parent_1b8dc6b3fb29
e_00740,d_parent_d4b2399337ed
e_02383,d_parent_88a0884f8f8f
e_00113,d_parent_42a763d40bec
e_00110,d_parent_324fa7b1f54e
e_02384,d_parent_cadf2a5e9eca
e_02385,d_parent_9466b2667b6d
e_02386,d_parent_df63e5113c30
e_02387,d_parent_0b492b78c043
e_00125,d_parent_27f5dfd78c00
e_02388,d_parent_9318c45bbeff
e_02389,d_parent_6d98b4324848
e_02390,d_parent_31042effa30e
e_02391,d_parent_4fb1de93a4a0
e_02392,d_parent_d08c2b9bc093
e_02392,d_parent_ed298a428c2b
e_02393,d_parent_11e220cf53b8
e_02394,d_parent_3144c7a3e343
e_00669,d_parent_8f4f2aa69875
e_02395,d_parent_1e9eed62a1ce
e_02396,d_parent_b748f9a57f60
e_02397,d_parent_8e0995c884f2
e_02398,d_parent_affaafe2fe39
e_02399,d_parent_72e3c35d8485
e_02400,d_parent_b0aa60a659d7
e_02401,d_parent_753bd26300e2
e_02402,d_parent_f5fa4f5a7e36
e_02403,d_parent_04489a14df5e
e_00717,d_parent_0210bdffd885
e_02404,d_parent_dd1e37ea367c
e_02405,d_parent_5b811aa9e4f4
e_02406,d_parent_1690a3df0f88
e_02407,d_parent_59f8ac727e51
e_02407,d_parent_d308b85f005e
e_02408,d_parent_88e8dcd9842e
e_00125,d_parent_c641978bef1b
e_02409,d_parent_5de38906b9d8
e_02410,d_parent_ece9556eb096
e_02411,d_parent_c7212c2c76be
e_02412,d_parent_10c7807d2282
e_00201,d_parent_9328146280dc
e_00597,d_parent_de7f0a827ce2
e_02413,d_parent_326832b34e8f
e_00029,d_parent_38b471280783
e_02414,d_parent_8cbcef9da603
e_02415,d_parent_c9b112b4a428
e_00027,d_parent_54c75eaac50f
e_02416,d_parent_acc9609b7265
e_02417,d_parent_5e5ef750c910
e_00029,d_parent_95b790665886
e_02418,d_parent_0b0698e206fd
e_02419,d_parent_58556a0159bd
e_02420,d_parent_fde4523c16a4
e_02421,d_parent_3f510bea5a18
e_02422,d_parent_eea705ac0f4e
e_02423,d_parent_b4b64a8956d5
e_02424,d_parent_b981bca92902
e_00051,d_parent_6f5fdadf5e7a
e_02425,d_parent_ec8d16b8e4bf
e_00051,d_parent_25f04c0a5ca2
e_00051,d_parent_4f3e29f21d49
e_02426,d_parent_94ba71038934
e_00049,d_parent_2bc548d2a71a
e_00051,d_parent_562a33e55da5
e_00049,d_parent_98c248ea9dfc
e_00049,d_parent_c7f7d6d0f9b9
e_02427,d_parent_69ef9d8fd43b
e_02428,d_parent_fa82f3f71317
e_02429,d_parent_d3aa42b09cc1
e_00627,d_parent_771ca45ec238
e_00051,d_parent_d9cf3c1924f1
e_02430,d_parent_01076867c811
e_02431,d_parent_2c9c7e796480
e_00081,d_parent_9118c1ac484d
e_01124,d_parent_b984472b76cb
e_02432,d_parent_279d53397b73
e_02432,d_parent_181bb233c4de
e_00387,d_parent_f747bf6b8a61
e_02433,d_parent_b5062880d3cc
e_02434,d_parent_531b5c1bbff2
e_02435,d_parent_d34b37c5bbc1
e_02436,d_parent_785bfa375f0a
e_02437,d_parent_67a353623e9f
e_02438,d_parent_78be9cda5c43
e_02439,d_parent_2b014c14c6ba
e_02439,d_parent_9bc199395784
e_02440,d_parent_09bdd8fb1565
e_02441,d_parent_c435e5f92b46
e_02442,d_parent_a2db921580b6
e_02443,d_parent_05faa64436b4
e_01452,d_parent_f76136ca6fec
e_02444,d_parent_b0ffccd06b35
e_02445,d_parent_30e4c22ac27f
e_01451,d_parent_1515bca3f73a
e_01456,d_parent_3985e6aa26d5
e_02446,d_parent_622e930e03b5
e_02447,d_parent_db8df441d019
e_02448,d_parent_7e9258bb036f
e_02449,d_parent_96b512db7f13
e_02450,d_parent_10bb867f73cc
e_02451,d_parent_9a11e405ef6c
e_02452,d_parent_8ec1f5481ef2
e_02453,d_parent_7cdc6d79eb27
e_02454,d_parent_e4d3079baf1d
e_02455,d_parent_ada04ccd268a
e_02456,d_parent_ab22db754bd8
e_02457,d_parent_c9d9eb898e0a
e_02458,d_parent_349a8b8b65d0
e_02459,d_parent_e7b4066f7d0f
e_02460,d_parent_505b852953f9
e_02461,d_parent_788df7cdb18c
e_02462,d_parent_2be4c2976bbb
e_02463,d_parent_50b7155d240b
e_02459,d_parent_23376ef1e18b
e_02459,d_parent_7c392105d8bb
e_02464,d_parent_fdc81ee76eb9
e_02464,d_parent_bac7ee694c4a
e_02464,d_parent_d25972eb872a
e_02465,d_parent_88de80d8ee9c
e_02459,d_parent_f9b89ef4a4eb
e_02466,d_parent_edac88d12604
e_02459,d_parent_1c7b13e075c9
e_02467,d_parent_2e4a181521aa
e_02468,d_parent_9fcf165a549c
e_02469,d_parent_a1a51b3315b3
e_00110,d_parent_5026d79ce443
e_02470,d_parent_d88185bae883
e_00110,d_parent_78c86869c1c1
e_02471,d_parent_d325014bc463
e_00110,d_parent_ae346329f5a9
e_02472,d_parent_fd350e3b24c0
e_02473,d_parent_57b008014c94
e_02474,d_parent_fb22bef5e329
e_02475,d_parent_d93c63eb89df
e_02476,d_parent_b81775fb6f27
e_02477,d_parent_5670e0fde003
e_02478,d_parent_cb307488a61c
e_02479,d_parent_a41cc099ae9c
e_02480,d_parent_bd85c0ffcde5
e_02481,d_parent_a7ae349957fd
e_02482,d_parent_083737c3b86a
e_02483,d_parent_b825ee3395ad
e_02484,d_parent_a4e1861e00dd
e_02485,d_parent_1c31e43ed608
e_02486,d_parent_62b85db878e7
e_02487,d_parent_44ebe824e631
e_02488,d_parent_4e7e624671ac
e_02489,d_parent_ee5632353aa9
e_02490,d_parent_9726cf25751e
e_02491,d_parent_4f151048e352
e_02492,d_parent_9f17341f8431
e_02493,d_parent_58a2571e5611
e_02494,d_parent_a7b0dcbd9348
e_02495,d_parent_3d1b80bf67ad
e_02476,d_parent_a3193fa725ed
e_02496,d_parent_80b0ea8caf21
e_02497,d_parent_c0f3bc9a02a4
e_02498,d_parent_759df40ea9d4
e_02499,d_parent_d25492f137c1
e_02500,d_parent_0e46983848c6
e_02501,d_parent_5b2b23c96f3a
e_02502,d_parent_768866be3805
e_02503,d_parent_99c0783ccb7d
e_02504,d_parent_7ab7ebd3d622
e_02502,d_parent_5aabf1192e14
e_02505,d_parent_87f301bf255a
e_02506,d_parent_0451a9bc9dbd
e_02507,d_parent_357111c43aaa
e_02508,d_parent_e890c516dfa8
e_02509,d_parent_9bd16c9a623c
e_02510,d_parent_4ff0d9cd33a4
e_02511,d_parent_744df7a37655
e_02512,d_parent_234a1409bf9b
e_00359,d_parent_741fff005aa8
e_00474,d_parent_b81843d8933e
e_02513,d_parent_0f5a2c37cc63
e_02514,d_parent_5fb5875e196d
e_02515,d_parent_3b5cd2c19e06
e_01989,d_parent_68fc49e076d2
e_02516,d_parent_4ccff1d8dd05
e_02517,d_parent_2a1409110539
e_02518,d_parent_91504847dcca
e_02519,d_parent_1b25bb91b1ae
e_00371,d_parent_3f31e0243e1b
e_02520,d_parent_b72dc651290d
e_02521,d_parent_7f8346a06353
e_02522,d_parent_4e4d3aaa92a0
e_02523,d_parent_514ac96372da
e_02524,d_parent_0089a99f4c11
e_02525,d_parent_beb3218c3b03
e_02526,d_parent_75bea4fd66d3
e_02527,d_parent_a8f6487109aa
e_02526,d_parent_74a2ddee9130
e_02526,d_parent_a4e66c79c756
e_02528,d_parent_cf0f99089f50
e_02529,d_parent_773654f8a2c7
e_02530,d_parent_0e12b582e0f0
e_02531,d_parent_4b75c8c420af
e_02532,d_parent_9d1cd6cff3ff
e_02533,d_parent_9faac30b7f91
e_02534,d_parent_2a656826b23d
e_02535,d_parent_092715b9e35e
e_02534,d_parent_81197c862016
e_02536,d_parent_3b08b75c3bea
e_02537,d_parent_278e5d3f0008
e_02538,d_parent_d82207ed30ac
e_02539,d_parent_714e20200e46
e_02540,d_parent_5da079f770f0
e_02541,d_parent_52836aa11484
e_02542,d_parent_a4fbbf13edf4
e_02542,d_parent_f8a85ca3e9f7
e_02543,d_parent_92fbace89a47
e_02544,d_parent_f5464b774a80
e_02545,d_parent_8e6d7877ad42
e_02546,d_parent_6916cf628219
e_02547,d_parent_7f3ffefea578
e_02548,d_parent_b83a6bebcee9
e_02549,d_parent_d3e3987ce9db
e_02550,d_parent_2d2ecdf041a7
e_02551,d_parent_0b548a915aba
e_02552,d_parent_612de374adf8
e_02553,d_parent_39366fe070e5
e_02554,d_parent_bc26a85eaceb
e_02555,d_parent_700102580652
e_02556,d_parent_0a141e225277
e_02556,d_parent_857c451b79e4
e_02557,d_parent_4dcc5ffbf12a
e_02558,d_parent_1ff328094f6e
e_02559,d_parent_d3442b05c5b1
e_02560,d_parent_229fba9dcd8d
e_02561,d_parent_84e493c20bd5
e_02562,d_parent_ce40008a5e33
e_02562,d_parent_4e590bd3ee2f
e_00125,d_parent_36cfa23530a5
e_02563,d_parent_70e8d4c15e51
e_02564,d_parent_8e48f23c86cb
e_00101,d_parent_bc23534724c3
e_02565,d_parent_d66e71acd2d2
e_00101,d_parent_85c9d5abcc45
e_02566,d_parent_d8122db379c7
e_02567,d_parent_18f6a158577e
e_02567,d_parent_ada756f4aa58
e_02568,d_parent_6bc65801ad96
e_02569,d_parent_9827c0151046
e_02569,d_parent_c8e7a8d56b1c
e_02570,d_parent_3e70e54e89f9
e_02571,d_parent_de4354cc3c12
e_02572,d_parent_ed7d4f44c9da
e_02573,d_parent_aebbaf6869ea
e_02574,d_parent_f216d72b1e1b
e_02573,d_parent_c73ff509b546
e_02575,d_parent_fdfd6ae82561
e_00322,d_parent_863be94c69c2
e_02576,d_parent_9063e3230366
e_02577,d_parent_b621fa6b0f24
e_02578,d_parent_751d54cabb2a
e_02579,d_parent_a759c0dcc2ac
e_02580,d_parent_5800e6835294
e_02581,d_parent_9a9afeabdc5d
e_02582,d_parent_36dedbb85fcd
e_02583,d_parent_4b1985a6df6f
e_02584,d_parent_a36a513ee850
e_02585,d_parent_2e325127f692
e_02585,d_parent_53c8a18ec941
e_02584,d_parent_590d895a12c4
e_02586,d_parent_95063755ce91
e_01478,d_parent_e8cf9f2ceddb
e_02587,d_parent_438a642b9a17
e_02588,d_parent_a9fa264186a3
e_02589,d_parent_c6468108f041
e_02590,d_parent_4bb8b828ecec
e_02321,d_parent_93672569e14e
e_00125,d_parent_ca4cb8f95260
e_02591,d_parent_64ce0e2b72aa
e_02592,d_parent_1e7e9d9e8c38
e_02592,d_parent_6bd5355ca2fe
e_02593,d_parent_6a5a849bdbe6
e_02594,d_parent_6df3e59f6d63
e_02595,d_parent_3c82c626c725
e_02596,d_parent_b6e31b7fcbc9
e_02597,d_parent_3dfccd152806
e_00359,d_parent_dc888a63a27f
e_02598,d_parent_d23e08698af8
e_02599,d_parent_226eb1dc374a
e_02600,d_parent_a5a9703b6a80
e_02601,d_parent_44bd75faff9b
e_02602,d_parent_9fa85b4e9400
e_02602,d_parent_9f4462bc482a
e_00362,d_parent_5b7b09773deb
e_02603,d_parent_28e35f030772
e_02604,d_parent_1dcd087a70bb
e_02605,d_parent_9fa6d633ec41
e_02606,d_parent_0cddb12263c1
e_02218,d_parent_44ad13e70282
e_02607,d_parent_1680b76e8aec
e_00587,d_parent_0cce78821f9b
e_02605,d_parent_7a7811381d11
e_01119,d_time_c_0d8aa19e2d7c_00001
e_02608,d_time_c_0d8aa19e2d7c_00002
e_02609,d_time_c_0d8aa19e2d7c_00003
e_02610,d_time_c_0d8aa19e2d7c_00004
e_00415,d_time_c_0d8aa19e2d7c_00005
e_02611,d_time_c_0d8aa19e2d7c_00006
e_02612,d_time_c_0d8aa19e2d7c_00007
e_00415,d_time_c_0d8aa19e2d7c_00008
e_02361,d_time_c_0d8aa19e2d7c_00009
e_00081,d_time_c_0d8aa19e2d7c_00010
e_02613,d_time_c_0d8aa19e2d7c_00011
e_02614,d_time_c_0d8aa19e2d7c_00012
e_04217,d_time_c_0d8aa19e2d7c_00013
e_02615,d_time_c_0d8aa19e2d7c_00014
e_02014,d_time_c_0d8aa19e2d7c_00015
e_02369,d_time_c_0d8aa19e2d7c_00016
e_02616,d_time_c_0d8aa19e2d7c_00017
e_02368,d_time_c_0d8aa19e2d7c_00018
e_02617,d_time_c_0d8aa19e2d7c_00019
e_02133,d_time_c_0d8aa19e2d7c_00020
e_00785,d_time_c_0d8aa19e2d7c_00021
e_02618,d_time_c_0d8aa19e2d7c_00022
e_02619,d_time_c_0d8aa19e2d7c_00023
e_01338,d_time_c_0d8aa19e2d7c_00024
e_02620,d_time_c_1537c1c06a2a_00001
e_02621,d_time_c_1537c1c06a2a_00002
e_02622,d_time_c_1537c1c06a2a_00003
e_00412,d_time_c_1537c1c06a2a_00004
e_02623,d_time_c_1537c1c06a2a_00005
e_02624,d_time_c_1537c1c06a2a_00006
e_02625,d_time_c_1537c1c06a2a_00007
e_02626,d_time_c_1537c1c06a2a_00008
e_02627,d_time_c_1ce7be1353a5_00001
e_02628,d_time_c_1ce7be1353a5_00002
e_02629,d_time_c_1ce7be1353a5_00003
e_00597,d_time_c_1ce7be1353a5_00004
e_02630,d_time_c_1ce7be1353a5_00005
e_02631,d_time_c_1ce7be1353a5_00006
e_02632,d_time_c_1ce7be1353a5_00007
e_02633,d_time_c_1ce7be1353a5_00008
e_00597,d_time_c_1ce7be1353a5_00009
e_01390,d_time_c_1ce7be1353a5_00010
e_02634,d_time_c_1ce7be1353a5_00011
e_02635,d_time_c_1ce7be1353a5_00012
e_02636,d_time_c_1ce7be1353a5_00013
e_02637,d_time_c_1ce7be1353a5_00014
e_02638,d_time_c_1ce7be1353a5_00015
e_02639,d_time_c_1ce7be1353a5_00016
e_00039,d_time_c_1ce7be1353a5_00017
e_02640,d_time_c_1ce7be1353a5_00018
e_00615,d_time_c_1ce7be1353a5_00019
e_00215,d_time_c_1ce7be1353a5_00020
e_00385,d_time_c_1ce7be1353a5_00021
e_01408,d_time_c_1ce7be1353a5_00022
e_02641,d_time_c_1ce7be1353a5_00023
e_02642,d_time_c_1ce7be1353a5_00024
e_02643,d_time_c_1ce7be1353a5_00025
e_02644,d_time_c_1ce7be1353a5_00026
e_02645,d_time_c_1ce7be1353a5_00027
e_02646,d_time_c_1ce7be1353a5_00028
e_02647,d_time_c_1ce7be1353a5_00029
e_02648,d_time_c_1ce7be1353a5_00030
e_00635,d_time_c_1ce7be1353a5_00031
e_00651,d_time_c_1ce7be1353a5_00032
e_01416,d_time_c_1ce7be1353a5_00033
e_00651,d_time_c_1ce7be1353a5_00034
e_02649,d_time_c_1ce7be1353a5_00035
e_00651,d_time_c_1ce7be1353a5_00036
e_02650,d_time_c_1ce7be1353a5_00037
e_02651,d_time_c_1ce7be1353a5_00038
e_02652,d_time_c_1ce7be1353a5_00039
e_02653,d_time_c_1ce7be1353a5_00040
e_02654,d_time_c_1ce7be1353a5_00041
e_02655,d_time_c_1ce7be1353a5_00042
e_02656,d_time_c_1ce7be1353a5_00043
e_02657,d_time_c_1ce7be1353a5_00044
e_02658,d_time_c_1ce7be1353a5_00045
e_02659,d_time_c_1ce7be1353a5_00046
e_02660,d_time_c_1ce7be1353a5_00047
e_02661,d_time_c_1ce7be1353a5_00048
e_02662,d_time_c_1ce7be1353a5_00049
e_01438,d_time_c_1ce7be1353a5_00050
e_02663,d_time_c_1ce7be1353a5_00051
e_01440,d_time_c_1ce7be1353a5_00052
e_02664,d_time_c_1ce7be1353a5_00053
e_02665,d_time_c_1ce7be1353a5_00054
e_02666,d_time_c_1ce7be1353a5_00055
e_02667,d_time_c_1ce7be1353a5_00056
e_02668,d_time_c_1ce7be1353a5_00057
e_02669,d_time_c_1ce7be1353a5_00058
e_02670,d_time_c_1ce7be1353a5_00059
e_02671,d_time_c_1ce7be1353a5_00060
e_01450,d_time_c_1ce7be1353a5_00061
e_02672,d_time_c_1ce7be1353a5_00062
e_01452,d_time_c_1ce7be1353a5_00063
e_02673,d_time_c_1ce7be1353a5_00064
e_01457,d_time_c_1ce7be1353a5_00065
e_02674,d_time_c_1ce7be1353a5_00066
e_01461,d_time_c_1ce7be1353a5_00067
e_02675,d_time_c_1ce7be1353a5_00068
e_02676,d_time_c_1ce7be1353a5_00069
e_02677,d_time_c_1ce7be1353a5_00070
e_02678,d_time_c_1ce7be1353a5_00071
e_02679,d_time_c_1ce7be1353a5_00072
e_02563,d_time_c_1ce7be1353a5_00073
e_02680,d_time_c_1ce7be1353a5_00074
e_04218,d_time_c_1ce7be1353a5_00075
e_02681,d_time_c_1ce7be1353a5_00076
e_00909,d_time_c_1ce7be1353a5_00077
e_01471,d_time_c_1ce7be1353a5_00078
e_00322,d_time_c_1ce7be1353a5_00079
e_00103,d_time_c_1ce7be1353a5_00080
e_01476,d_time_c_1ce7be1353a5_00081
e_02682,d_time_c_1ce7be1353a5_00082
e_02683,d_time_c_1ce7be1353a5_00083
e_02684,d_time_c_1ce7be1353a5_00084
e_02685,d_time_c_1ce7be1353a5_00085
e_02686,d_time_c_1ce7be1353a5_00086
e_02687,d_time_c_1ce7be1353a5_00087
e_02688,d_time_c_1ce7be1353a5_00088
e_02689,d_time_c_1ce7be1353a5_00089
e_01287,d_time_c_1ce7be1353a5_00090
e_02690,d_time_c_1ce7be1353a5_00091
e_02691,d_time_c_1ce7be1353a5_00092
e_00910,d_time_c_1ce7be1353a5_00093
e_02692,d_time_c_1ce7be1353a5_00094
e_00759,d_time_c_1ce7be1353a5_00095
e_00561,d_time_c_1ce7be1353a5_00096
e_02693,d_time_c_1ce7be1353a5_00097
e_02694,d_time_c_1ce7be1353a5_00098
e_02695,d_time_c_1ce7be1353a5_00099
e_02696,d_time_c_1ce7be1353a5_00100
e_02697,d_time_c_1ce7be1353a5_00101
e_02698,d_time_c_1ce7be1353a5_00102
e_02699,d_time_c_1ce7be1353a5_00103
e_02700,d_time_c_1ce7be1353a5_00104
e_01499,d_time_c_1ce7be1353a5_00105
e_00142,d_time_c_1ce7be1353a5_00106
e_02701,d_time_c_1ce7be1353a5_00107
e_04219,d_time_c_1ce7be1353a5_00108
e_01523,d_time_c_1ce7be1353a5_00109
e_00359,d_time_c_1ce7be1353a5_00110
e_02055,d_time_c_1ce7be1353a5_00111
e_00472,d_time_c_1ce7be1353a5_00112
e_02702,d_time_c_1ce7be1353a5_00113
e_02703,d_time_c_1ce7be1353a5_00114
e_01528,d_time_c_1ce7be1353a5_00115
e_02704,d_time_c_1ce7be1353a5_00116
e_02705,d_time_c_1ce7be1353a5_00117
e_02706,d_time_c_1ce7be1353a5_00118
e_02707,d_time_c_1ce7be1353a5_00119
e_04220,d_time_c_1ce7be1353a5_00120
e_00163,d_time_c_1ce7be1353a5_00121
e_02708,d_time_c_1ce7be1353a5_00122
e_01542,d_time_c_1ce7be1353a5_00123
e_02709,d_time_c_1d85b36eeb4b_00001
e_02710,d_time_c_1d85b36eeb4b_00002
e_02711,d_time_c_1d85b36eeb4b_00003
e_00029,d_time_c_1d85b36eeb4b_00004
e_02712,d_time_c_1d85b36eeb4b_00005
e_00039,d_time_c_1d85b36eeb4b_00006
e_02713,d_time_c_1d85b36eeb4b_00007
e_04221,d_time_c_1d85b36eeb4b_00008
e_01055,d_time_c_1d85b36eeb4b_00009
e_02714,d_time_c_1d85b36eeb4b_00010
e_01718,d_time_c_1d85b36eeb4b_00011
e_02715,d_time_c_1d85b36eeb4b_00012
e_02716,d_time_c_1d85b36eeb4b_00013
e_02717,d_time_c_1d85b36eeb4b_00014
e_02718,d_time_c_1d85b36eeb4b_00015
e_02719,d_time_c_1d85b36eeb4b_00016
e_02720,d_time_c_1d85b36eeb4b_00017
e_00415,d_time_c_1d85b36eeb4b_00018
e_02721,d_time_c_1d85b36eeb4b_00019
e_02108,d_time_c_1d85b36eeb4b_00020
e_02722,d_time_c_1d85b36eeb4b_00021
e_01435,d_time_c_1d85b36eeb4b_00022
e_02288,d_time_c_1d85b36eeb4b_00023
e_02723,d_time_c_1d85b36eeb4b_00024
e_02724,d_time_c_1d85b36eeb4b_00025
e_02725,d_time_c_1d85b36eeb4b_00026
e_02726,d_time_c_1d85b36eeb4b_00027
e_02727,d_time_c_1d85b36eeb4b_00028
e_02728,d_time_c_1d85b36eeb4b_00029
e_02729,d_time_c_1d85b36eeb4b_00030
e_02730,d_time_c_1d85b36eeb4b_00031
e_00103,d_time_c_1d85b36eeb4b_00032
e_02731,d_time_c_1d85b36eeb4b_00033
e_02732,d_time_c_1d85b36eeb4b_00034
e_02733,d_time_c_1d85b36eeb4b_00035
e_00103,d_time_c_1d85b36eeb4b_00036
e_02734,d_time_c_1d85b36eeb4b_00037
e_02735,d_time_c_1d85b36eeb4b_00038
e_02736,d_time_c_1d85b36eeb4b_00039
e_02737,d_time_c_1d85b36eeb4b_00040
e_02738,d_time_c_1d85b36eeb4b_00041
e_02739,d_time_c_1d85b36eeb4b_00042
e_02740,d_time_c_1d85b36eeb4b_00043
e_02741,d_time_c_1d85b36eeb4b_00044
e_00847,d_time_c_1d85b36eeb4b_00045
e_02742,d_time_c_1d85b36eeb4b_00046
e_02743,d_time_c_1d85b36eeb4b_00047
e_02744,d_time_c_1d85b36eeb4b_00048
e_02057,d_time_c_1d85b36eeb4b_00049
e_02745,d_time_c_1d85b36eeb4b_00050
e_02056,d_time_c_1d85b36eeb4b_00051
e_00790,d_time_c_1d85b36eeb4b_00052
e_02746,d_time_c_1d85b36eeb4b_00053
e_02747,d_time_c_1d85b36eeb4b_00054
e_00587,d_time_c_1d85b36eeb4b_00055
e_02748,d_time_c_1d85b36eeb4b_00056
e_02749,d_time_c_1d85b36eeb4b_00057
e_02750,d_time_c_1d85b36eeb4b_00058
e_02751,d_time_c_2245f4556690_00001
e_00597,d_time_c_2245f4556690_00002
e_02752,d_time_c_2245f4556690_00003
e_02753,d_time_c_2245f4556690_00004
e_02754,d_time_c_2245f4556690_00005
e_02755,d_time_c_2245f4556690_00006
e_02756,d_time_c_2245f4556690_00007
e_02757,d_time_c_2245f4556690_00008
e_02758,d_time_c_2245f4556690_00009
e_02759,d_time_c_2245f4556690_00010
e_00037,d_time_c_2245f4556690_00011
e_02760,d_time_c_2245f4556690_00012
e_02761,d_time_c_2245f4556690_00013
e_02762,d_time_c_2245f4556690_00014
e_00222,d_time_c_2245f4556690_00015
e_02763,d_time_c_2245f4556690_00016
e_00830,d_time_c_2245f4556690_00017
e_00411,d_time_c_2245f4556690_00018
e_02764,d_time_c_2245f4556690_00019
e_02765,d_time_c_2245f4556690_00020
e_02766,d_time_c_2245f4556690_00021
e_02767,d_time_c_2245f4556690_00022
e_02768,d_time_c_2245f4556690_00023
e_02769,d_time_c_2245f4556690_00024
e_02770,d_time_c_2245f4556690_00025
e_02771,d_time_c_2245f4556690_00026
e_02772,d_time_c_2245f4556690_00027
e_01753,d_time_c_2245f4556690_00028
e_02773,d_time_c_2245f4556690_00029
e_02774,d_time_c_2245f4556690_00030
e_01035,d_time_c_2245f4556690_00031
e_02075,d_time_c_2245f4556690_00032
e_02775,d_time_c_2245f4556690_00033
e_00838,d_time_c_2245f4556690_00034
e_02776,d_time_c_2245f4556690_00035
e_02777,d_time_c_2245f4556690_00036
e_02038,d_time_c_2245f4556690_00037
e_02038,d_time_c_2245f4556690_00038
e_02778,d_time_c_2245f4556690_00039
e_00446,d_time_c_2245f4556690_00040
e_00103,d_time_c_2245f4556690_00041
e_02779,d_time_c_2245f4556690_00042
e_02780,d_time_c_2245f4556690_00043
e_02781,d_time_c_2245f4556690_00044
e_02782,d_time_c_2245f4556690_00045
e_00110,d_time_c_2245f4556690_00046
e_02783,d_time_c_2245f4556690_00047
e_02784,d_time_c_2245f4556690_00048
e_00125,d_time_c_2245f4556690_00049
e_02785,d_time_c_2245f4556690_00050
e_02786,d_time_c_2245f4556690_00051
e_02787,d_time_c_2245f4556690_00052
e_00764,d_time_c_2245f4556690_00053
e_02788,d_time_c_2245f4556690_00054
e_02789,d_time_c_2245f4556690_00055
e_02790,d_time_c_2245f4556690_00056
e_02791,d_time_c_2245f4556690_00057
e_04222,d_time_c_2245f4556690_00058
e_04223,d_time_c_2245f4556690_00059
e_02792,d_time_c_2245f4556690_00060
e_02793,d_time_c_2245f4556690_00061
e_02794,d_time_c_2245f4556690_00062
e_02795,d_time_c_2245f4556690_00063
e_02796,d_time_c_2245f4556690_00064
e_02797,d_time_c_2245f4556690_00065
e_02798,d_time_c_249cc4c97f3f_00001
e_02799,d_time_c_249cc4c97f3f_00002
e_02800,d_time_c_249cc4c97f3f_00003
e_00394,d_time_c_249cc4c97f3f_00004
e_01160,d_time_c_249cc4c97f3f_00005
e_02801,d_time_c_249cc4c97f3f_00006
e_00829,d_time_c_249cc4c97f3f_00007
e_01055,d_time_c_249cc4c97f3f_00008
e_00617,d_time_c_249cc4c97f3f_00009
e_02802,d_time_c_249cc4c97f3f_00010
e_02803,d_time_c_249cc4c97f3f_00011
e_00049,d_time_c_249cc4c97f3f_00012
e_02718,d_time_c_249cc4c97f3f_00013
e_00651,d_time_c_249cc4c97f3f_00014
e_00415,d_time_c_249cc4c97f3f_00015
e_00085,d_time_c_249cc4c97f3f_00016
e_04224,d_time_c_249cc4c97f3f_00017
e_02804,d_time_c_249cc4c97f3f_00018
e_02805,d_time_c_249cc4c97f3f_00019
e_00101,d_time_c_249cc4c97f3f_00020
e_02806,d_time_c_249cc4c97f3f_00021
e_02807,d_time_c_249cc4c97f3f_00022
e_02808,d_time_c_249cc4c97f3f_00023
e_02809,d_time_c_249cc4c97f3f_00024
e_02810,d_time_c_249cc4c97f3f_00025
e_02811,d_time_c_249cc4c97f3f_00026
e_02812,d_time_c_249cc4c97f3f_00027
e_04225,d_time_c_249cc4c97f3f_00028
e_02813,d_time_c_249cc4c97f3f_00029
e_00355,d_time_c_249cc4c97f3f_00030
e_02814,d_time_c_249cc4c97f3f_00031
e_02815,d_time_c_249cc4c97f3f_00032
e_02816,d_time_c_249cc4c97f3f_00033
e_02817,d_time_c_249cc4c97f3f_00034
e_00169,d_time_c_2a1b52442815_00001
e_02818,d_time_c_2a1b52442815_00002
e_00027,d_time_c_2a1b52442815_00003
e_04226,d_time_c_2a1b52442815_00004
e_00201,d_time_c_2a1b52442815_00005
e_02718,d_time_c_2a1b52442815_00006
e_02819,d_time_c_2a1b52442815_00007
e_02820,d_time_c_2a1b52442815_00008
e_00522,d_time_c_2a1b52442815_00009
e_01333,d_time_c_2a1b52442815_00010
e_02821,d_time_c_2a1b52442815_00011
e_02822,d_time_c_2a1b52442815_00012
e_01951,d_time_c_2a1b52442815_00013
e_00784,d_time_c_2a1b52442815_00014
e_02823,d_time_c_2a1b52442815_00015
e_02824,d_time_c_2a1b52442815_00016
e_02825,d_time_c_2cf6984910af_00001
e_02826,d_time_c_2cf6984910af_00002
e_02827,d_time_c_2cf6984910af_00003
e_02828,d_time_c_2cf6984910af_00004
e_00027,d_time_c_2cf6984910af_00005
e_02829,d_time_c_2cf6984910af_00006
e_02830,d_time_c_2cf6984910af_00007
e_01055,d_time_c_2cf6984910af_00008
e_02831,d_time_c_2cf6984910af_00009
e_02832,d_time_c_2cf6984910af_00010
e_02833,d_time_c_2cf6984910af_00011
e_00871,d_time_c_2cf6984910af_00012
e_00880,d_time_c_2cf6984910af_00013
e_00215,d_time_c_2cf6984910af_00014
e_00049,d_time_c_2cf6984910af_00015
e_02834,d_time_c_2cf6984910af_00016
e_02835,d_time_c_2cf6984910af_00017
e_02718,d_time_c_2cf6984910af_00018
e_00641,d_time_c_2cf6984910af_00019
e_02836,d_time_c_2cf6984910af_00020
e_02837,d_time_c_2cf6984910af_00021
e_02838,d_time_c_2cf6984910af_00022
e_02839,d_time_c_2cf6984910af_00023
e_02840,d_time_c_2cf6984910af_00024
e_02841,d_time_c_2cf6984910af_00025
e_02842,d_time_c_2cf6984910af_00026
e_01429,d_time_c_2cf6984910af_00027
e_02843,d_time_c_2cf6984910af_00028
e_02844,d_time_c_2cf6984910af_00029
e_02845,d_time_c_2cf6984910af_00030
e_02846,d_time_c_2cf6984910af_00031
e_02847,d_time_c_2cf6984910af_00032
e_02848,d_time_c_2cf6984910af_00033
e_02849,d_time_c_2cf6984910af_00034
e_01638,d_time_c_2cf6984910af_00035
e_02850,d_time_c_2cf6984910af_00036
e_00894,d_time_c_2cf6984910af_00037
e_02851,d_time_c_2cf6984910af_00038
e_02852,d_time_c_2cf6984910af_00039
e_02853,d_time_c_2cf6984910af_00040
e_02854,d_time_c_2cf6984910af_00041
e_02855,d_time_c_2cf6984910af_00042
e_02685,d_time_c_2cf6984910af_00043
e_02856,d_time_c_2cf6984910af_00044
e_02857,d_time_c_2cf6984910af_00045
e_02858,d_time_c_2cf6984910af_00046
e_02859,d_time_c_2cf6984910af_00047
e_02860,d_time_c_2cf6984910af_00048
e_02861,d_time_c_2cf6984910af_00049
e_02862,d_time_c_2cf6984910af_00050
e_02863,d_time_c_2cf6984910af_00051
e_02864,d_time_c_2cf6984910af_00052
e_02865,d_time_c_2cf6984910af_00053
e_01532,d_time_c_2cf6984910af_00054
e_02866,d_time_c_2cf6984910af_00055
e_00158,d_time_c_2cf6984910af_00056
e_02746,d_time_c_2cf6984910af_00057
e_00789,d_time_c_2cf6984910af_00058
e_00994,d_time_c_2cf6984910af_00059
e_02867,d_time_c_2cf6984910af_00060
e_02868,d_time_c_2cf6984910af_00061
e_02869,d_time_c_2cf6984910af_00062
e_02870,d_time_c_2e375a2c4dba_00001
e_01382,d_time_c_2e375a2c4dba_00002
e_02871,d_time_c_2e375a2c4dba_00003
e_00485,d_time_c_2e375a2c4dba_00004
e_00485,d_time_c_2e375a2c4dba_00005
e_02872,d_time_c_2e375a2c4dba_00006
e_02873,d_time_c_2e375a2c4dba_00007
e_02874,d_time_c_2e375a2c4dba_00008
e_02875,d_time_c_2e375a2c4dba_00009
e_02876,d_time_c_2e375a2c4dba_00010
e_02877,d_time_c_2e375a2c4dba_00011
e_00049,d_time_c_2e375a2c4dba_00012
e_00931,d_time_c_2e375a2c4dba_00013
e_02878,d_time_c_2e375a2c4dba_00014
e_02721,d_time_c_2e375a2c4dba_00015
e_02879,d_time_c_2e375a2c4dba_00016
e_02880,d_time_c_2e375a2c4dba_00017
e_00939,d_time_c_2e375a2c4dba_00018
e_00942,d_time_c_2e375a2c4dba_00019
e_02881,d_time_c_2e375a2c4dba_00020
e_02882,d_time_c_2e375a2c4dba_00021
e_02883,d_time_c_2e375a2c4dba_00022
e_02884,d_time_c_2e375a2c4dba_00023
e_02885,d_time_c_2e375a2c4dba_00024
e_02886,d_time_c_2e375a2c4dba_00025
e_00949,d_time_c_2e375a2c4dba_00026
e_02887,d_time_c_2e375a2c4dba_00027
e_02888,d_time_c_2e375a2c4dba_00028
e_02889,d_time_c_2e375a2c4dba_00029
e_02890,d_time_c_2e375a2c4dba_00030
e_02891,d_time_c_2e375a2c4dba_00031
e_02892,d_time_c_2e375a2c4dba_00032
e_02893,d_time_c_2e375a2c4dba_00033
e_02894,d_time_c_2e375a2c4dba_00034
e_02895,d_time_c_2e375a2c4dba_00035
e_02896,d_time_c_2e375a2c4dba_00036
e_02897,d_time_c_2e375a2c4dba_00037
e_02898,d_time_c_2e375a2c4dba_00038
e_00961,d_time_c_2e375a2c4dba_00039
e_02899,d_time_c_2e375a2c4dba_00040
e_02900,d_time_c_2e375a2c4dba_00041
e_04227,d_time_c_2e375a2c4dba_00042
e_02901,d_time_c_2e375a2c4dba_00043
e_02902,d_time_c_2e375a2c4dba_00044
e_02903,d_time_c_2e375a2c4dba_00045
e_02904,d_time_c_2e375a2c4dba_00046
e_02905,d_time_c_2e375a2c4dba_00047
e_02906,d_time_c_2e375a2c4dba_00048
e_02907,d_time_c_2e375a2c4dba_00049
e_02908,d_time_c_2e375a2c4dba_00050
e_01498,d_time_c_2e375a2c4dba_00051
e_00125,d_time_c_2e375a2c4dba_00052
e_04228,d_time_c_2e375a2c4dba_00053
e_02909,d_time_c_2e375a2c4dba_00054
e_02910,d_time_c_2e375a2c4dba_00055
e_02911,d_time_c_2e375a2c4dba_00056
e_00985,d_time_c_2e375a2c4dba_00057
e_02912,d_time_c_2e375a2c4dba_00058
e_00992,d_time_c_2e375a2c4dba_00059
e_00994,d_time_c_2e375a2c4dba_00060
e_00995,d_time_c_2e375a2c4dba_00061
e_02750,d_time_c_2e375a2c4dba_00062
e_02913,d_time_c_323a7d69bdc8_00001
e_02914,d_time_c_323a7d69bdc8_00002
e_02915,d_time_c_323a7d69bdc8_00003
e_02916,d_time_c_323a7d69bdc8_00004
e_01707,d_time_c_323a7d69bdc8_00005
e_01119,d_time_c_323a7d69bdc8_00006
e_01586,d_time_c_323a7d69bdc8_00007
e_00597,d_time_c_323a7d69bdc8_00008
e_00597,d_time_c_323a7d69bdc8_00009
e_00039,d_time_c_323a7d69bdc8_00010
e_02917,d_time_c_323a7d69bdc8_00011
e_02918,d_time_c_323a7d69bdc8_00012
e_00829,d_time_c_323a7d69bdc8_00013
e_01718,d_time_c_323a7d69bdc8_00014
e_02919,d_time_c_323a7d69bdc8_00015
e_01718,d_time_c_323a7d69bdc8_00016
e_02920,d_time_c_323a7d69bdc8_00017
e_00502,d_time_c_323a7d69bdc8_00018
e_01721,d_time_c_323a7d69bdc8_00019
e_00502,d_time_c_323a7d69bdc8_00020
e_00049,d_time_c_323a7d69bdc8_00021
e_02921,d_time_c_323a7d69bdc8_00022
e_01416,d_time_c_323a7d69bdc8_00023
e_00651,d_time_c_323a7d69bdc8_00024
e_00642,d_time_c_323a7d69bdc8_00025
e_02922,d_time_c_323a7d69bdc8_00026
e_02923,d_time_c_323a7d69bdc8_00027
e_00415,d_time_c_323a7d69bdc8_00028
e_02924,d_time_c_323a7d69bdc8_00029
e_04229,d_time_c_323a7d69bdc8_00030
e_01730,d_time_c_323a7d69bdc8_00031
e_02925,d_time_c_323a7d69bdc8_00032
e_01628,d_time_c_323a7d69bdc8_00033
e_02926,d_time_c_323a7d69bdc8_00034
e_00081,d_time_c_323a7d69bdc8_00035
e_02927,d_time_c_323a7d69bdc8_00036
e_02928,d_time_c_323a7d69bdc8_00037
e_00243,d_time_c_323a7d69bdc8_00038
e_02929,d_time_c_323a7d69bdc8_00039
e_02930,d_time_c_323a7d69bdc8_00040
e_02931,d_time_c_323a7d69bdc8_00041
e_02932,d_time_c_323a7d69bdc8_00042
e_02933,d_time_c_323a7d69bdc8_00043
e_02934,d_time_c_323a7d69bdc8_00044
e_02935,d_time_c_323a7d69bdc8_00045
e_02936,d_time_c_323a7d69bdc8_00046
e_01754,d_time_c_323a7d69bdc8_00047
e_01760,d_time_c_323a7d69bdc8_00048
e_02937,d_time_c_323a7d69bdc8_00049
e_00097,d_time_c_323a7d69bdc8_00050
e_02938,d_time_c_323a7d69bdc8_00051
e_02939,d_time_c_323a7d69bdc8_00052
e_02940,d_time_c_323a7d69bdc8_00053
e_02941,d_time_c_323a7d69bdc8_00054
e_02942,d_time_c_323a7d69bdc8_00055
e_02943,d_time_c_323a7d69bdc8_00056
e_02944,d_time_c_323a7d69bdc8_00057
e_00727,d_time_c_323a7d69bdc8_00058
e_02945,d_time_c_323a7d69bdc8_00059
e_02946,d_time_c_323a7d69bdc8_00060
e_02947,d_time_c_323a7d69bdc8_00061
e_02948,d_time_c_323a7d69bdc8_00062
e_02949,d_time_c_323a7d69bdc8_00063
e_02950,d_time_c_323a7d69bdc8_00064
e_02951,d_time_c_323a7d69bdc8_00065
e_02952,d_time_c_323a7d69bdc8_00066
e_02953,d_time_c_323a7d69bdc8_00067
e_00561,d_time_c_323a7d69bdc8_00068
e_01295,d_time_c_323a7d69bdc8_00069
e_02954,d_time_c_323a7d69bdc8_00070
e_00125,d_time_c_323a7d69bdc8_00071
e_02955,d_time_c_323a7d69bdc8_00072
e_02956,d_time_c_323a7d69bdc8_00073
e_02957,d_time_c_323a7d69bdc8_00074
e_02958,d_time_c_323a7d69bdc8_00075
e_02959,d_time_c_323a7d69bdc8_00076
e_02960,d_time_c_323a7d69bdc8_00077
e_01793,d_time_c_323a7d69bdc8_00078
e_02961,d_time_c_323a7d69bdc8_00079
e_00792,d_time_c_323a7d69bdc8_00080
e_02962,d_time_c_323a7d69bdc8_00081
e_01798,d_time_c_323a7d69bdc8_00082
e_01799,d_time_c_323a7d69bdc8_00083
e_02963,d_time_c_323a7d69bdc8_00084
e_02964,d_time_c_323a7d69bdc8_00085
e_02965,d_time_c_3612cca6cbb5_00001
e_02966,d_time_c_3612cca6cbb5_00002
e_02967,d_time_c_3612cca6cbb5_00003
e_02968,d_time_c_3612cca6cbb5_00004
e_02969,d_time_c_3612cca6cbb5_00005
e_02970,d_time_c_3612cca6cbb5_00006
e_01718,d_time_c_3612cca6cbb5_00007
e_02971,d_time_c_3612cca6cbb5_00008
e_02972,d_time_c_3612cca6cbb5_00009
e_00412,d_time_c_3612cca6cbb5_00010
e_02973,d_time_c_3612cca6cbb5_00011
e_02974,d_time_c_3612cca6cbb5_00012
e_02975,d_time_c_3612cca6cbb5_00013
e_02976,d_time_c_3612cca6cbb5_00014
e_02977,d_time_c_3612cca6cbb5_00015
e_02978,d_time_c_3612cca6cbb5_00016
e_02979,d_time_c_3612cca6cbb5_00017
e_02980,d_time_c_3612cca6cbb5_00018
e_02981,d_time_c_3612cca6cbb5_00019
e_02214,d_time_c_3612cca6cbb5_00020
e_00085,d_time_c_3612cca6cbb5_00021
e_02982,d_time_c_3612cca6cbb5_00022
e_02983,d_time_c_3612cca6cbb5_00023
e_02984,d_time_c_3612cca6cbb5_00024
e_02985,d_time_c_3612cca6cbb5_00025
e_02986,d_time_c_3612cca6cbb5_00026
e_02987,d_time_c_3612cca6cbb5_00027
e_02988,d_time_c_3612cca6cbb5_00028
e_02988,d_time_c_3612cca6cbb5_00029
e_02989,d_time_c_3612cca6cbb5_00030
e_00535,d_time_c_3612cca6cbb5_00031
e_02990,d_time_c_3612cca6cbb5_00032
e_02991,d_time_c_3612cca6cbb5_00033
e_02992,d_time_c_3612cca6cbb5_00034
e_02993,d_time_c_3612cca6cbb5_00035
e_02406,d_time_c_3612cca6cbb5_00036
e_02994,d_time_c_3612cca6cbb5_00037
e_02995,d_time_c_3612cca6cbb5_00038
e_02996,d_time_c_3612cca6cbb5_00039
e_02997,d_time_c_3612cca6cbb5_00040
e_02791,d_time_c_3612cca6cbb5_00041
e_02998,d_time_c_3612cca6cbb5_00042
e_02999,d_time_c_3612cca6cbb5_00043
e_03000,d_time_c_3612cca6cbb5_00044
e_03001,d_time_c_3612cca6cbb5_00045
e_03002,d_time_c_3612cca6cbb5_00046
e_03003,d_time_c_4162d2f5fc4a_00001
e_04230,d_time_c_4162d2f5fc4a_00002
e_00038,d_time_c_4162d2f5fc4a_00003
e_03004,d_time_c_4162d2f5fc4a_00004
e_03005,d_time_c_4162d2f5fc4a_00005
e_03006,d_time_c_4162d2f5fc4a_00006
e_00319,d_time_c_4162d2f5fc4a_00007
e_03007,d_time_c_4162d2f5fc4a_00008
e_00110,d_time_c_4162d2f5fc4a_00009
e_03008,d_time_c_4162d2f5fc4a_00010
e_02752,d_time_c_431c93a79c4e_00001
e_02752,d_time_c_431c93a79c4e_00002
e_00597,d_time_c_431c93a79c4e_00003
e_02752,d_time_c_431c93a79c4e_00004
e_02752,d_time_c_431c93a79c4e_00005
e_03009,d_time_c_431c93a79c4e_00006
e_03009,d_time_c_431c93a79c4e_00007
e_03009,d_time_c_431c93a79c4e_00008
e_03010,d_time_c_431c93a79c4e_00009
e_03010,d_time_c_431c93a79c4e_00010
e_03010,d_time_c_431c93a79c4e_00011
e_03011,d_time_c_431c93a79c4e_00012
e_03012,d_time_c_431c93a79c4e_00013
e_03011,d_time_c_431c93a79c4e_00014
e_03011,d_time_c_431c93a79c4e_00015
e_03013,d_time_c_431c93a79c4e_00016
e_03013,d_time_c_431c93a79c4e_00017
e_03013,d_time_c_431c93a79c4e_00018
e_03013,d_time_c_431c93a79c4e_00019
e_03014,d_time_c_431c93a79c4e_00020
e_03015,d_time_c_431c93a79c4e_00021
e_03015,d_time_c_431c93a79c4e_00022
e_03015,d_time_c_431c93a79c4e_00023
e_01753,d_time_c_431c93a79c4e_00024
e_01753,d_time_c_431c93a79c4e_00025
e_01753,d_time_c_431c93a79c4e_00026
e_01753,d_time_c_431c93a79c4e_00027
e_01753,d_time_c_431c93a79c4e_00028
e_01753,d_time_c_431c93a79c4e_00029
e_03016,d_time_c_431c93a79c4e_00030
e_02778,d_time_c_431c93a79c4e_00031
e_02778,d_time_c_431c93a79c4e_00032
e_02778,d_time_c_431c93a79c4e_00033
e_02778,d_time_c_431c93a79c4e_00034
e_03017,d_time_c_431c93a79c4e_00035
e_03017,d_time_c_431c93a79c4e_00036
e_03018,d_time_c_431c93a79c4e_00037
e_03018,d_time_c_431c93a79c4e_00038
e_02784,d_time_c_431c93a79c4e_00039
e_02784,d_time_c_431c93a79c4e_00040
e_02784,d_time_c_431c93a79c4e_00041
e_02784,d_time_c_431c93a79c4e_00042
e_02784,d_time_c_431c93a79c4e_00043
e_02784,d_time_c_431c93a79c4e_00044
e_02784,d_time_c_431c93a79c4e_00045
e_02793,d_time_c_431c93a79c4e_00046
e_02793,d_time_c_431c93a79c4e_00047
e_02793,d_time_c_431c93a79c4e_00048
e_02793,d_time_c_431c93a79c4e_00049
e_01612,d_time_c_4f11d121bc6a_00001
e_03019,d_time_c_4f11d121bc6a_00002
e_03020,d_time_c_4f11d121bc6a_00003
e_03021,d_time_c_4f11d121bc6a_00004
e_01055,d_time_c_4f11d121bc6a_00005
e_03022,d_time_c_4f11d121bc6a_00006
e_00385,d_time_c_4f11d121bc6a_00007
e_01718,d_time_c_4f11d121bc6a_00008
e_03023,d_time_c_4f11d121bc6a_00009
e_00412,d_time_c_4f11d121bc6a_00010
e_00049,d_time_c_4f11d121bc6a_00011
e_01619,d_time_c_4f11d121bc6a_00012
e_00642,d_time_c_4f11d121bc6a_00013
e_03024,d_time_c_4f11d121bc6a_00014
e_00415,d_time_c_4f11d121bc6a_00015
e_03025,d_time_c_4f11d121bc6a_00016
e_01623,d_time_c_4f11d121bc6a_00017
e_01625,d_time_c_4f11d121bc6a_00018
e_01628,d_time_c_4f11d121bc6a_00019
e_01628,d_time_c_4f11d121bc6a_00020
e_03026,d_time_c_4f11d121bc6a_00021
e_03027,d_time_c_4f11d121bc6a_00022
e_03028,d_time_c_4f11d121bc6a_00023
e_03029,d_time_c_4f11d121bc6a_00024
e_03030,d_time_c_4f11d121bc6a_00025
e_03031,d_time_c_4f11d121bc6a_00026
e_01635,d_time_c_4f11d121bc6a_00027
e_03032,d_time_c_4f11d121bc6a_00028
e_03033,d_time_c_4f11d121bc6a_00029
e_02665,d_time_c_4f11d121bc6a_00030
e_01636,d_time_c_4f11d121bc6a_00031
e_03034,d_time_c_4f11d121bc6a_00032
e_01639,d_time_c_4f11d121bc6a_00033
e_03035,d_time_c_4f11d121bc6a_00034
e_03036,d_time_c_4f11d121bc6a_00035
e_01643,d_time_c_4f11d121bc6a_00036
e_03037,d_time_c_4f11d121bc6a_00037
e_01039,d_time_c_4f11d121bc6a_00038
e_03038,d_time_c_4f11d121bc6a_00039
e_00322,d_time_c_4f11d121bc6a_00040
e_03039,d_time_c_4f11d121bc6a_00041
e_03040,d_time_c_4f11d121bc6a_00042
e_03041,d_time_c_4f11d121bc6a_00043
e_03042,d_time_c_4f11d121bc6a_00044
e_01645,d_time_c_4f11d121bc6a_00045
e_01648,d_time_c_4f11d121bc6a_00046
e_03043,d_time_c_4f11d121bc6a_00047
e_03044,d_time_c_4f11d121bc6a_00048
e_01650,d_time_c_4f11d121bc6a_00049
e_01652,d_time_c_4f11d121bc6a_00050
e_03045,d_time_c_4f11d121bc6a_00051
e_00125,d_time_c_4f11d121bc6a_00052
e_03046,d_time_c_4f11d121bc6a_00053
e_03047,d_time_c_4f11d121bc6a_00054
e_01655,d_time_c_4f11d121bc6a_00055
e_03048,d_time_c_4f11d121bc6a_00056
e_00350,d_time_c_4f11d121bc6a_00057
e_01657,d_time_c_4f11d121bc6a_00058
e_00362,d_time_c_4f11d121bc6a_00059
e_03049,d_time_c_4f11d121bc6a_00060
e_04231,d_time_c_4f11d121bc6a_00061
e_03050,d_time_c_4f11d121bc6a_00062
e_03051,d_time_c_511ce9f1ab1e_00001
e_00686,d_time_c_511ce9f1ab1e_00002
e_01741,d_time_c_511ce9f1ab1e_00003
e_03052,d_time_c_511ce9f1ab1e_00004
e_01920,d_time_c_511ce9f1ab1e_00005
e_03053,d_time_c_511ce9f1ab1e_00006
e_03054,d_time_c_511ce9f1ab1e_00007
e_03055,d_time_c_511ce9f1ab1e_00008
e_03056,d_time_c_511ce9f1ab1e_00009
e_02619,d_time_c_511ce9f1ab1e_00010
e_03057,d_time_c_511ce9f1ab1e_00011
e_00163,d_time_c_511ce9f1ab1e_00012
e_03058,d_time_c_52b8e90afade_00001
e_01150,d_time_c_52b8e90afade_00002
e_03059,d_time_c_52b8e90afade_00003
e_03060,d_time_c_52b8e90afade_00004
e_01153,d_time_c_52b8e90afade_00005
e_03061,d_time_c_52b8e90afade_00006
e_03062,d_time_c_52b8e90afade_00007
e_03063,d_time_c_52b8e90afade_00008
e_01166,d_time_c_52b8e90afade_00009
e_00215,d_time_c_52b8e90afade_00010
e_03064,d_time_c_52b8e90afade_00011
e_01172,d_time_c_52b8e90afade_00012
e_01176,d_time_c_52b8e90afade_00013
e_03065,d_time_c_52b8e90afade_00014
e_01178,d_time_c_52b8e90afade_00015
e_03066,d_time_c_52b8e90afade_00016
e_03067,d_time_c_52b8e90afade_00017
e_01188,d_time_c_52b8e90afade_00018
e_03068,d_time_c_52b8e90afade_00019
e_03069,d_time_c_52b8e90afade_00020
e_03070,d_time_c_52b8e90afade_00021
e_01193,d_time_c_52b8e90afade_00022
e_01203,d_time_c_52b8e90afade_00023
e_01213,d_time_c_52b8e90afade_00024
e_01222,d_time_c_52b8e90afade_00025
e_01227,d_time_c_52b8e90afade_00026
e_03071,d_time_c_52b8e90afade_00027
e_03072,d_time_c_52b8e90afade_00028
e_03073,d_time_c_52b8e90afade_00029
e_01239,d_time_c_52b8e90afade_00030
e_03074,d_time_c_52b8e90afade_00031
e_03075,d_time_c_52b8e90afade_00032
e_03076,d_time_c_52b8e90afade_00033
e_01248,d_time_c_52b8e90afade_00034
e_03077,d_time_c_52b8e90afade_00035
e_01250,d_time_c_52b8e90afade_00036
e_03078,d_time_c_52b8e90afade_00037
e_03079,d_time_c_52b8e90afade_00038
e_03080,d_time_c_52b8e90afade_00039
e_01262,d_time_c_52b8e90afade_00040
e_03081,d_time_c_52b8e90afade_00041
e_03082,d_time_c_52b8e90afade_00042
e_03083,d_time_c_52b8e90afade_00043
e_03084,d_time_c_52b8e90afade_00044
e_03085,d_time_c_52b8e90afade_00045
e_00553,d_time_c_52b8e90afade_00046
e_03086,d_time_c_52b8e90afade_00047
e_03087,d_time_c_52b8e90afade_00048
e_00103,d_time_c_52b8e90afade_00049
e_03088,d_time_c_52b8e90afade_00050
e_03089,d_time_c_52b8e90afade_00051
e_03090,d_time_c_52b8e90afade_00052
e_03091,d_time_c_52b8e90afade_00053
e_03092,d_time_c_52b8e90afade_00054
e_00741,d_time_c_52b8e90afade_00055
e_03093,d_time_c_52b8e90afade_00056
e_03094,d_time_c_52b8e90afade_00057
e_01287,d_time_c_52b8e90afade_00058
e_03095,d_time_c_52b8e90afade_00059
e_03096,d_time_c_52b8e90afade_00060
e_03097,d_time_c_52b8e90afade_00061
e_03098,d_time_c_52b8e90afade_00062
e_03099,d_time_c_52b8e90afade_00063
e_03100,d_time_c_52b8e90afade_00064
e_03101,d_time_c_52b8e90afade_00065
e_01301,d_time_c_52b8e90afade_00066
e_03102,d_time_c_52b8e90afade_00067
e_03103,d_time_c_52b8e90afade_00068
e_03104,d_time_c_52b8e90afade_00069
e_01311,d_time_c_52b8e90afade_00070
e_01317,d_time_c_52b8e90afade_00071
e_00165,d_time_c_52b8e90afade_00072
e_03105,d_time_c_52b8e90afade_00073
e_03106,d_time_c_52b8e90afade_00074
e_03107,d_time_c_54aeb246546e_00001
e_03108,d_time_c_54aeb246546e_00002
e_03109,d_time_c_54aeb246546e_00003
e_01703,d_time_c_54aeb246546e_00004
e_03110,d_time_c_54aeb246546e_00005
e_03111,d_time_c_54aeb246546e_00006
e_04232,d_time_c_54aeb246546e_00007
e_02830,d_time_c_54aeb246546e_00008
e_03112,d_time_c_54aeb246546e_00009
e_03113,d_time_c_54aeb246546e_00010
e_03114,d_time_c_54aeb246546e_00011
e_03115,d_time_c_54aeb246546e_00012
e_03116,d_time_c_54aeb246546e_00013
e_03117,d_time_c_54aeb246546e_00014
e_02374,d_time_c_54aeb246546e_00015
e_00385,d_time_c_54aeb246546e_00016
e_03118,d_time_c_54aeb246546e_00017
e_03119,d_time_c_54aeb246546e_00018
e_03120,d_time_c_54aeb246546e_00019
e_00215,d_time_c_54aeb246546e_00020
e_00215,d_time_c_54aeb246546e_00021
e_04233,d_time_c_54aeb246546e_00022
e_03121,d_time_c_54aeb246546e_00023
e_03122,d_time_c_54aeb246546e_00024
e_00038,d_time_c_54aeb246546e_00025
e_03123,d_time_c_54aeb246546e_00026
e_03124,d_time_c_54aeb246546e_00027
e_03125,d_time_c_54aeb246546e_00028
e_03126,d_time_c_54aeb246546e_00029
e_03127,d_time_c_54aeb246546e_00030
e_03128,d_time_c_54aeb246546e_00031
e_03129,d_time_c_54aeb246546e_00032
e_03130,d_time_c_54aeb246546e_00033
e_03131,d_time_c_54aeb246546e_00034
e_03132,d_time_c_54aeb246546e_00035
e_03133,d_time_c_54aeb246546e_00036
e_03134,d_time_c_54aeb246546e_00037
e_03135,d_time_c_54aeb246546e_00038
e_03136,d_time_c_54aeb246546e_00039
e_03137,d_time_c_54aeb246546e_00040
e_03138,d_time_c_54aeb246546e_00041
e_02646,d_time_c_54aeb246546e_00042
e_00049,d_time_c_54aeb246546e_00043
e_00642,d_time_c_54aeb246546e_00044
e_03139,d_time_c_54aeb246546e_00045
e_03140,d_time_c_54aeb246546e_00046
e_03141,d_time_c_54aeb246546e_00047
e_03142,d_time_c_54aeb246546e_00048
e_00643,d_time_c_54aeb246546e_00049
e_03143,d_time_c_54aeb246546e_00050
e_03144,d_time_c_54aeb246546e_00051
e_00502,d_time_c_54aeb246546e_00052
e_03145,d_time_c_54aeb246546e_00053
e_01878,d_time_c_54aeb246546e_00054
e_03146,d_time_c_54aeb246546e_00055
e_03147,d_time_c_54aeb246546e_00056
e_03148,d_time_c_54aeb246546e_00057
e_01879,d_time_c_54aeb246546e_00058
e_03026,d_time_c_54aeb246546e_00059
e_03149,d_time_c_54aeb246546e_00060
e_03150,d_time_c_54aeb246546e_00061
e_02769,d_time_c_54aeb246546e_00062
e_00668,d_time_c_54aeb246546e_00063
e_02769,d_time_c_54aeb246546e_00064
e_03151,d_time_c_54aeb246546e_00065
e_02769,d_time_c_54aeb246546e_00066
e_03152,d_time_c_54aeb246546e_00067
e_02656,d_time_c_54aeb246546e_00068
e_03153,d_time_c_54aeb246546e_00069
e_03154,d_time_c_54aeb246546e_00070
e_03155,d_time_c_54aeb246546e_00071
e_04234,d_time_c_54aeb246546e_00072
e_03156,d_time_c_54aeb246546e_00073
e_00081,d_time_c_54aeb246546e_00074
e_03157,d_time_c_54aeb246546e_00075
e_03158,d_time_c_54aeb246546e_00076
e_03159,d_time_c_54aeb246546e_00077
e_00053,d_time_c_54aeb246546e_00078
e_03160,d_time_c_54aeb246546e_00079
e_00053,d_time_c_54aeb246546e_00080
e_03161,d_time_c_54aeb246546e_00081
e_03162,d_time_c_54aeb246546e_00082
e_03163,d_time_c_54aeb246546e_00083
e_03164,d_time_c_54aeb246546e_00084
e_03165,d_time_c_54aeb246546e_00085
e_03166,d_time_c_54aeb246546e_00086
e_03167,d_time_c_54aeb246546e_00087
e_03168,d_time_c_54aeb246546e_00088
e_03169,d_time_c_54aeb246546e_00089
e_03170,d_time_c_54aeb246546e_00090
e_03171,d_time_c_54aeb246546e_00091
e_03172,d_time_c_54aeb246546e_00092
e_03173,d_time_c_54aeb246546e_00093
e_03174,d_time_c_54aeb246546e_00094
e_00435,d_time_c_54aeb246546e_00095
e_03175,d_time_c_54aeb246546e_00096
e_03176,d_time_c_54aeb246546e_00097
e_03177,d_time_c_54aeb246546e_00098
e_03178,d_time_c_54aeb246546e_00099
e_01769,d_time_c_54aeb246546e_00100
e_03179,d_time_c_54aeb246546e_00101
e_01690,d_time_c_54aeb246546e_00102
e_03180,d_time_c_54aeb246546e_00103
e_00708,d_time_c_54aeb246546e_00104
e_03181,d_time_c_54aeb246546e_00105
e_00101,d_time_c_54aeb246546e_00106
e_03182,d_time_c_54aeb246546e_00107
e_03183,d_time_c_54aeb246546e_00108
e_00322,d_time_c_54aeb246546e_00109
e_03184,d_time_c_54aeb246546e_00110
e_01039,d_time_c_54aeb246546e_00111
e_04235,d_time_c_54aeb246546e_00112
e_03185,d_time_c_54aeb246546e_00113
e_03186,d_time_c_54aeb246546e_00114
e_03187,d_time_c_54aeb246546e_00115
e_03188,d_time_c_54aeb246546e_00116
e_03189,d_time_c_54aeb246546e_00117
e_03190,d_time_c_54aeb246546e_00118
e_03191,d_time_c_54aeb246546e_00119
e_03192,d_time_c_54aeb246546e_00120
e_00110,d_time_c_54aeb246546e_00121
e_01941,d_time_c_54aeb246546e_00122
e_01943,d_time_c_54aeb246546e_00123
e_00110,d_time_c_54aeb246546e_00124
e_03193,d_time_c_54aeb246546e_00125
e_03194,d_time_c_54aeb246546e_00126
e_03195,d_time_c_54aeb246546e_00127
e_01949,d_time_c_54aeb246546e_00128
e_03196,d_time_c_54aeb246546e_00129
e_03197,d_time_c_54aeb246546e_00130
e_03198,d_time_c_54aeb246546e_00131
e_03199,d_time_c_54aeb246546e_00132
e_03200,d_time_c_54aeb246546e_00133
e_03201,d_time_c_54aeb246546e_00134
e_03202,d_time_c_54aeb246546e_00135
e_03203,d_time_c_54aeb246546e_00136
e_03204,d_time_c_54aeb246546e_00137
e_03205,d_time_c_54aeb246546e_00138
e_00125,d_time_c_54aeb246546e_00139
e_03206,d_time_c_54aeb246546e_00140
e_01962,d_time_c_54aeb246546e_00141
e_03207,d_time_c_54aeb246546e_00142
e_03208,d_time_c_54aeb246546e_00143
e_03209,d_time_c_54aeb246546e_00144
e_03210,d_time_c_54aeb246546e_00145
e_03211,d_time_c_54aeb246546e_00146
e_01972,d_time_c_54aeb246546e_00147
e_03212,d_time_c_54aeb246546e_00148
e_03213,d_time_c_54aeb246546e_00149
e_01979,d_time_c_54aeb246546e_00150
e_03212,d_time_c_54aeb246546e_00151
e_00789,d_time_c_54aeb246546e_00152
e_03214,d_time_c_54aeb246546e_00153
e_00790,d_time_c_54aeb246546e_00154
e_02351,d_time_c_54aeb246546e_00155
e_03215,d_time_c_54aeb246546e_00156
e_02604,d_time_c_54aeb246546e_00157
e_03216,d_time_c_54aeb246546e_00158
e_03217,d_time_c_54aeb246546e_00159
e_03218,d_time_c_54aeb246546e_00160
e_03219,d_time_c_54aeb246546e_00161
e_01535,d_time_c_54aeb246546e_00162
e_01999,d_time_c_54aeb246546e_00163
e_02868,d_time_c_54aeb246546e_00164
e_03220,d_time_c_54aeb246546e_00165
e_03221,d_time_c_54aeb246546e_00166
e_03222,d_time_c_54aeb246546e_00167
e_03223,d_time_c_577808fbba67_00001
e_03224,d_time_c_577808fbba67_00002
e_01384,d_time_c_577808fbba67_00003
e_03225,d_time_c_577808fbba67_00004
e_02413,d_time_c_577808fbba67_00005
e_03226,d_time_c_577808fbba67_00006
e_03227,d_time_c_577808fbba67_00007
e_03228,d_time_c_577808fbba67_00008
e_00038,d_time_c_577808fbba67_00009
e_03229,d_time_c_577808fbba67_00010
e_03230,d_time_c_577808fbba67_00011
e_03231,d_time_c_577808fbba67_00012
e_03232,d_time_c_577808fbba67_00013
e_03233,d_time_c_577808fbba67_00014
e_03234,d_time_c_577808fbba67_00015
e_03235,d_time_c_577808fbba67_00016
e_00051,d_time_c_577808fbba67_00017
e_00049,d_time_c_577808fbba67_00018
e_03236,d_time_c_577808fbba67_00019
e_03237,d_time_c_577808fbba67_00020
e_03238,d_time_c_577808fbba67_00021
e_03239,d_time_c_577808fbba67_00022
e_03240,d_time_c_577808fbba67_00023
e_03241,d_time_c_577808fbba67_00024
e_01911,d_time_c_577808fbba67_00025
e_03242,d_time_c_577808fbba67_00026
e_03243,d_time_c_577808fbba67_00027
e_03244,d_time_c_577808fbba67_00028
e_00839,d_time_c_577808fbba67_00029
e_03245,d_time_c_577808fbba67_00030
e_03246,d_time_c_577808fbba67_00031
e_03247,d_time_c_577808fbba67_00032
e_03248,d_time_c_577808fbba67_00033
e_00909,d_time_c_577808fbba67_00034
e_03249,d_time_c_577808fbba67_00035
e_03250,d_time_c_577808fbba67_00036
e_03251,d_time_c_577808fbba67_00037
e_03252,d_time_c_577808fbba67_00038
e_03253,d_time_c_577808fbba67_00039
e_02905,d_time_c_577808fbba67_00040
e_02459,d_time_c_577808fbba67_00041
e_03254,d_time_c_577808fbba67_00042
e_03255,d_time_c_577808fbba67_00043
e_01478,d_time_c_577808fbba67_00044
e_03256,d_time_c_577808fbba67_00045
e_03257,d_time_c_577808fbba67_00046
e_03258,d_time_c_577808fbba67_00047
e_00740,d_time_c_577808fbba67_00048
e_03259,d_time_c_577808fbba67_00049
e_03260,d_time_c_577808fbba67_00050
e_03261,d_time_c_577808fbba67_00051
e_03262,d_time_c_577808fbba67_00052
e_02496,d_time_c_577808fbba67_00053
e_03263,d_time_c_577808fbba67_00054
e_03264,d_time_c_577808fbba67_00055
e_02498,d_time_c_577808fbba67_00056
e_03265,d_time_c_577808fbba67_00057
e_03266,d_time_c_577808fbba67_00058
e_02128,d_time_c_577808fbba67_00059
e_00462,d_time_c_577808fbba67_00060
e_03267,d_time_c_577808fbba67_00061
e_03268,d_time_c_577808fbba67_00062
e_03269,d_time_c_577808fbba67_00063
e_00139,d_time_c_577808fbba67_00064
e_03270,d_time_c_577808fbba67_00065
e_03271,d_time_c_577808fbba67_00066
e_03272,d_time_c_577808fbba67_00067
e_00474,d_time_c_577808fbba67_00068
e_03273,d_time_c_577808fbba67_00069
e_03274,d_time_c_577808fbba67_00070
e_00155,d_time_c_577808fbba67_00071
e_00785,d_time_c_577808fbba67_00072
e_03275,d_time_c_577808fbba67_00073
e_03276,d_time_c_577808fbba67_00074
e_01997,d_time_c_577808fbba67_00075
e_03277,d_time_c_577808fbba67_00076
e_03278,d_time_c_577808fbba67_00077
e_03279,d_time_c_577808fbba67_00078
e_00791,d_time_c_577808fbba67_00079
e_02868,d_time_c_577808fbba67_00080
e_03280,d_time_c_577808fbba67_00081
e_03281,d_time_c_577808fbba67_00082
e_02523,d_time_c_577808fbba67_00083
e_04236,d_time_c_577808fbba67_00084
e_02526,d_time_c_589cb9143888_00001
e_03282,d_time_c_589cb9143888_00002
e_03283,d_time_c_589cb9143888_00003
e_03284,d_time_c_589cb9143888_00004
e_00113,d_time_c_589cb9143888_00005
e_03285,d_time_c_589cb9143888_00006
e_02529,d_time_c_589cb9143888_00007
e_01499,d_time_c_589cb9143888_00008
e_03286,d_time_c_58ecf584b6fc_00001
e_03287,d_time_c_58ecf584b6fc_00002
e_03288,d_time_c_58ecf584b6fc_00003
e_03289,d_time_c_58ecf584b6fc_00004
e_03290,d_time_c_58ecf584b6fc_00005
e_00039,d_time_c_58ecf584b6fc_00006
e_03291,d_time_c_58ecf584b6fc_00007
e_01866,d_time_c_58ecf584b6fc_00008
e_00415,d_time_c_58ecf584b6fc_00009
e_03292,d_time_c_58ecf584b6fc_00010
e_01067,d_time_c_58ecf584b6fc_00011
e_03293,d_time_c_58ecf584b6fc_00012
e_01629,d_time_c_58ecf584b6fc_00013
e_04237,d_time_c_58ecf584b6fc_00014
e_03294,d_time_c_58ecf584b6fc_00015
e_02075,d_time_c_58ecf584b6fc_00016
e_03295,d_time_c_58ecf584b6fc_00017
e_03296,d_time_c_58ecf584b6fc_00018
e_01755,d_time_c_58ecf584b6fc_00019
e_00435,d_time_c_58ecf584b6fc_00020
e_03297,d_time_c_58ecf584b6fc_00021
e_01929,d_time_c_58ecf584b6fc_00022
e_03298,d_time_c_58ecf584b6fc_00023
e_03299,d_time_c_58ecf584b6fc_00024
e_03300,d_time_c_58ecf584b6fc_00025
e_03301,d_time_c_58ecf584b6fc_00026
e_03302,d_time_c_58ecf584b6fc_00027
e_03303,d_time_c_58ecf584b6fc_00028
e_03304,d_time_c_58ecf584b6fc_00029
e_03305,d_time_c_58ecf584b6fc_00030
e_03306,d_time_c_58ecf584b6fc_00031
e_03307,d_time_c_58ecf584b6fc_00032
e_03308,d_time_c_58ecf584b6fc_00033
e_03309,d_time_c_58ecf584b6fc_00034
e_00474,d_time_c_58ecf584b6fc_00035
e_03310,d_time_c_58ecf584b6fc_00036
e_00371,d_time_c_58ecf584b6fc_00037
e_03311,d_time_c_5a3e0226a061_00001
e_03312,d_time_c_5a3e0226a061_00002
e_03313,d_time_c_5a3e0226a061_00003
e_03314,d_time_c_5a3e0226a061_00004
e_01110,d_time_c_5a3e0226a061_00005
e_00081,d_time_c_5a3e0226a061_00006
e_03315,d_time_c_5a3e0226a061_00007
e_03316,d_time_c_5a3e0226a061_00008
e_03317,d_time_c_5a3e0226a061_00009
e_02857,d_time_c_5a3e0226a061_00010
e_00155,d_time_c_5a3e0226a061_00011
e_03318,d_time_c_5a3e0226a061_00012
e_01114,d_time_c_5a3e0226a061_00013
e_03319,d_time_c_621e60312c20_00001
e_03320,d_time_c_621e60312c20_00002
e_03321,d_time_c_621e60312c20_00003
e_03322,d_time_c_621e60312c20_00004
e_03323,d_time_c_621e60312c20_00005
e_03324,d_time_c_621e60312c20_00006
e_03325,d_time_c_621e60312c20_00007
e_00020,d_time_c_621e60312c20_00008
e_03326,d_time_c_621e60312c20_00009
e_01008,d_time_c_621e60312c20_00010
e_01842,d_time_c_621e60312c20_00011
e_04238,d_time_c_621e60312c20_00012
e_03327,d_time_c_621e60312c20_00013
e_03328,d_time_c_621e60312c20_00014
e_03329,d_time_c_621e60312c20_00015
e_00829,d_time_c_621e60312c20_00016
e_04239,d_time_c_621e60312c20_00017
e_03330,d_time_c_621e60312c20_00018
e_00617,d_time_c_621e60312c20_00019
e_03331,d_time_c_621e60312c20_00020
e_03332,d_time_c_621e60312c20_00021
e_03333,d_time_c_621e60312c20_00022
e_03334,d_time_c_621e60312c20_00023
e_04240,d_time_c_621e60312c20_00024
e_03335,d_time_c_621e60312c20_00025
e_03336,d_time_c_621e60312c20_00026
e_03337,d_time_c_621e60312c20_00027
e_03338,d_time_c_621e60312c20_00028
e_03339,d_time_c_621e60312c20_00029
e_00502,d_time_c_621e60312c20_00030
e_03340,d_time_c_621e60312c20_00031
e_03341,d_time_c_621e60312c20_00032
e_03342,d_time_c_621e60312c20_00033
e_03343,d_time_c_621e60312c20_00034
e_03344,d_time_c_621e60312c20_00035
e_03345,d_time_c_621e60312c20_00036
e_03346,d_time_c_621e60312c20_00037
e_03347,d_time_c_621e60312c20_00038
e_03348,d_time_c_621e60312c20_00039
e_03349,d_time_c_621e60312c20_00040
e_03350,d_time_c_621e60312c20_00041
e_01878,d_time_c_621e60312c20_00042
e_00059,d_time_c_621e60312c20_00043
e_03351,d_time_c_621e60312c20_00044
e_03352,d_time_c_621e60312c20_00045
e_01067,d_time_c_621e60312c20_00046
e_03353,d_time_c_621e60312c20_00047
e_03354,d_time_c_621e60312c20_00048
e_03355,d_time_c_621e60312c20_00049
e_03356,d_time_c_621e60312c20_00050
e_03357,d_time_c_621e60312c20_00051
e_03358,d_time_c_621e60312c20_00052
e_01878,d_time_c_621e60312c20_00053
e_00665,d_time_c_621e60312c20_00054
e_03359,d_time_c_621e60312c20_00055
e_03360,d_time_c_621e60312c20_00056
e_03361,d_time_c_621e60312c20_00057
e_03362,d_time_c_621e60312c20_00058
e_03363,d_time_c_621e60312c20_00059
e_03364,d_time_c_621e60312c20_00060
e_03365,d_time_c_621e60312c20_00061
e_04241,d_time_c_621e60312c20_00062
e_03366,d_time_c_621e60312c20_00063
e_03367,d_time_c_621e60312c20_00064
e_03368,d_time_c_621e60312c20_00065
e_03369,d_time_c_621e60312c20_00066
e_03370,d_time_c_621e60312c20_00067
e_03371,d_time_c_621e60312c20_00068
e_00090,d_time_c_621e60312c20_00069
e_03372,d_time_c_621e60312c20_00070
e_00319,d_time_c_621e60312c20_00071
e_00440,d_time_c_621e60312c20_00072
e_03373,d_time_c_621e60312c20_00073
e_03374,d_time_c_621e60312c20_00074
e_03375,d_time_c_621e60312c20_00075
e_03376,d_time_c_621e60312c20_00076
e_00100,d_time_c_621e60312c20_00077
e_03377,d_time_c_621e60312c20_00078
e_03378,d_time_c_621e60312c20_00079
e_00547,d_time_c_621e60312c20_00080
e_00104,d_time_c_621e60312c20_00081
e_03379,d_time_c_621e60312c20_00082
e_03380,d_time_c_621e60312c20_00083
e_00322,d_time_c_621e60312c20_00084
e_01039,d_time_c_621e60312c20_00085
e_03381,d_time_c_621e60312c20_00086
e_00103,d_time_c_621e60312c20_00087
e_01478,d_time_c_621e60312c20_00088
e_00740,d_time_c_621e60312c20_00089
e_00112,d_time_c_621e60312c20_00090
e_00740,d_time_c_621e60312c20_00091
e_03382,d_time_c_621e60312c20_00092
e_03383,d_time_c_621e60312c20_00093
e_00115,d_time_c_621e60312c20_00094
e_00116,d_time_c_621e60312c20_00095
e_03384,d_time_c_621e60312c20_00096
e_03385,d_time_c_621e60312c20_00097
e_03386,d_time_c_621e60312c20_00098
e_03387,d_time_c_621e60312c20_00099
e_03261,d_time_c_621e60312c20_00100
e_00764,d_time_c_621e60312c20_00101
e_03388,d_time_c_621e60312c20_00102
e_00766,d_time_c_621e60312c20_00103
e_03389,d_time_c_621e60312c20_00104
e_03390,d_time_c_621e60312c20_00105
e_03391,d_time_c_621e60312c20_00106
e_03392,d_time_c_621e60312c20_00107
e_03393,d_time_c_621e60312c20_00108
e_03394,d_time_c_621e60312c20_00109
e_03395,d_time_c_621e60312c20_00110
e_03396,d_time_c_621e60312c20_00111
e_03397,d_time_c_621e60312c20_00112
e_03398,d_time_c_621e60312c20_00113
e_03399,d_time_c_621e60312c20_00114
e_03400,d_time_c_621e60312c20_00115
e_03401,d_time_c_621e60312c20_00116
e_01142,d_time_c_621e60312c20_00117
e_04242,d_time_c_621e60312c20_00118
e_03402,d_time_c_621e60312c20_00119
e_03403,d_time_c_621e60312c20_00120
e_03404,d_time_c_621e60312c20_00121
e_03405,d_time_c_621e60312c20_00122
e_03406,d_time_c_621e60312c20_00123
e_03407,d_time_c_621e60312c20_00124
e_03408,d_time_c_621e60312c20_00125
e_03409,d_time_c_621e60312c20_00126
e_03410,d_time_c_621e60312c20_00127
e_02746,d_time_c_621e60312c20_00128
e_02962,d_time_c_621e60312c20_00129
e_03411,d_time_c_621e60312c20_00130
e_00163,d_time_c_621e60312c20_00131
e_02868,d_time_c_621e60312c20_00132
e_00587,d_time_c_621e60312c20_00133
e_03412,d_time_c_6721ecd65968_00001
e_03413,d_time_c_6721ecd65968_00002
e_00038,d_time_c_6721ecd65968_00003
e_03414,d_time_c_6721ecd65968_00004
e_03415,d_time_c_6721ecd65968_00005
e_03416,d_time_c_6721ecd65968_00006
e_02615,d_time_c_6721ecd65968_00007
e_03417,d_time_c_6721ecd65968_00008
e_03418,d_time_c_6721ecd65968_00009
e_03419,d_time_c_67f693448467_00001
e_03420,d_time_c_67f693448467_00002
e_03421,d_time_c_67f693448467_00003
e_03339,d_time_c_67f693448467_00004
e_00643,d_time_c_67f693448467_00005
e_03422,d_time_c_67f693448467_00006
e_03423,d_time_c_67f693448467_00007
e_03424,d_time_c_67f693448467_00008
e_03425,d_time_c_67f693448467_00009
e_03426,d_time_c_67f693448467_00010
e_02888,d_time_c_67f693448467_00011
e_03427,d_time_c_67f693448467_00012
e_01690,d_time_c_67f693448467_00013
e_03428,d_time_c_67f693448467_00014
e_03429,d_time_c_67f693448467_00015
e_03430,d_time_c_67f693448467_00016
e_03431,d_time_c_67f693448467_00017
e_03432,d_time_c_67f693448467_00018
e_01354,d_time_c_67f693448467_00019
e_03433,d_time_c_67f693448467_00020
e_03434,d_time_c_67f693448467_00021
e_03435,d_time_c_67f693448467_00022
e_03436,d_time_c_67f693448467_00023
e_03437,d_time_c_67f693448467_00024
e_03438,d_time_c_67f693448467_00025
e_02128,d_time_c_67f693448467_00026
e_03439,d_time_c_67f693448467_00027
e_03440,d_time_c_67f693448467_00028
e_03441,d_time_c_67f693448467_00029
e_01364,d_time_c_67f693448467_00030
e_01317,d_time_c_67f693448467_00031
e_03442,d_time_c_67f693448467_00032
e_03443,d_time_c_67f693448467_00033
e_03444,d_time_c_67f693448467_00034
e_01366,d_time_c_67f693448467_00035
e_01380,d_time_c_67f693448467_00036
e_03445,d_time_c_67f693448467_00037
e_03446,d_time_c_6993ce80cf79_00001
e_03447,d_time_c_6993ce80cf79_00002
e_03448,d_time_c_6993ce80cf79_00003
e_03449,d_time_c_6993ce80cf79_00004
e_00440,d_time_c_6993ce80cf79_00005
e_03450,d_time_c_6993ce80cf79_00006
e_03451,d_time_c_6993ce80cf79_00007
e_00125,d_time_c_6993ce80cf79_00008
e_03452,d_time_c_6b375b7866f6_00001
e_03453,d_time_c_6b375b7866f6_00002
e_01586,d_time_c_6b375b7866f6_00003
e_03454,d_time_c_6b375b7866f6_00004
e_03455,d_time_c_6b375b7866f6_00005
e_02718,d_time_c_6b375b7866f6_00006
e_00049,d_time_c_6b375b7866f6_00007
e_03456,d_time_c_6b375b7866f6_00008
e_00243,d_time_c_6b375b7866f6_00009
e_00081,d_time_c_6b375b7866f6_00010
e_03457,d_time_c_6b375b7866f6_00011
e_02288,d_time_c_6b375b7866f6_00012
e_01239,d_time_c_6b375b7866f6_00013
e_01594,d_time_c_6b375b7866f6_00014
e_01598,d_time_c_6b375b7866f6_00015
e_03458,d_time_c_6b375b7866f6_00016
e_00547,d_time_c_6b375b7866f6_00017
e_03459,d_time_c_6b375b7866f6_00018
e_03460,d_time_c_6b375b7866f6_00019
e_03461,d_time_c_6b375b7866f6_00020
e_03462,d_time_c_6b375b7866f6_00021
e_04243,d_time_c_6b375b7866f6_00022
e_01582,d_time_c_6b375b7866f6_00023
e_03463,d_time_c_6b375b7866f6_00024
e_03464,d_time_c_6b375b7866f6_00025
e_03465,d_time_c_6b375b7866f6_00026
e_03466,d_time_c_6b375b7866f6_00027
e_03467,d_time_c_6d0637ae806e_00001
e_03468,d_time_c_6d0637ae806e_00002
e_03469,d_time_c_6d0637ae806e_00003
e_03470,d_time_c_6f648b4af1ce_00001
e_03471,d_time_c_6f648b4af1ce_00002
e_03472,d_time_c_6f648b4af1ce_00003
e_00819,d_time_c_775533f20e2d_00001
e_03473,d_time_c_775533f20e2d_00002
e_03474,d_time_c_775533f20e2d_00003
e_03475,d_time_c_775533f20e2d_00004
e_03476,d_time_c_775533f20e2d_00005
e_03477,d_time_c_775533f20e2d_00006
e_00847,d_time_c_775533f20e2d_00007
e_03478,d_time_c_775533f20e2d_00008
e_03479,d_time_c_775533f20e2d_00009
e_03480,d_time_c_775533f20e2d_00010
e_03481,d_time_c_7a919fc428fd_00001
e_03482,d_time_c_7a919fc428fd_00002
e_03483,d_time_c_7a919fc428fd_00003
e_00085,d_time_c_7a919fc428fd_00004
e_00004,d_time_c_7a919fc428fd_00005
e_03484,d_time_c_7a919fc428fd_00006
e_02804,d_time_c_7a919fc428fd_00007
e_03485,d_time_c_7a919fc428fd_00008
e_03486,d_time_c_7a919fc428fd_00009
e_03487,d_time_c_7a919fc428fd_00010
e_03488,d_time_c_7a919fc428fd_00011
e_03489,d_time_c_7a919fc428fd_00012
e_03490,d_time_c_7a919fc428fd_00013
e_03491,d_time_c_7a919fc428fd_00014
e_03492,d_time_c_7d8ce874bbc8_00001
e_01054,d_time_c_7d8ce874bbc8_00002
e_03493,d_time_c_7d8ce874bbc8_00003
e_01055,d_time_c_7d8ce874bbc8_00004
e_03494,d_time_c_7d8ce874bbc8_00005
e_00215,d_time_c_7d8ce874bbc8_00006
e_00412,d_time_c_7d8ce874bbc8_00007
e_03495,d_time_c_7d8ce874bbc8_00008
e_03496,d_time_c_7d8ce874bbc8_00009
e_03497,d_time_c_7d8ce874bbc8_00010
e_03498,d_time_c_7d8ce874bbc8_00011
e_03499,d_time_c_7d8ce874bbc8_00012
e_03500,d_time_c_7d8ce874bbc8_00013
e_03501,d_time_c_7d8ce874bbc8_00014
e_01071,d_time_c_7d8ce874bbc8_00015
e_03502,d_time_c_7d8ce874bbc8_00016
e_03503,d_time_c_7d8ce874bbc8_00017
e_03504,d_time_c_7d8ce874bbc8_00018
e_03505,d_time_c_7d8ce874bbc8_00019
e_03506,d_time_c_7d8ce874bbc8_00020
e_00389,d_time_c_7d8ce874bbc8_00021
e_03507,d_time_c_7d8ce874bbc8_00022
e_01039,d_time_c_7d8ce874bbc8_00023
e_02806,d_time_c_7d8ce874bbc8_00024
e_00103,d_time_c_7d8ce874bbc8_00025
e_03508,d_time_c_7d8ce874bbc8_00026
e_00113,d_time_c_7d8ce874bbc8_00027
e_02949,d_time_c_7d8ce874bbc8_00028
e_03509,d_time_c_7d8ce874bbc8_00029
e_03510,d_time_c_7d8ce874bbc8_00030
e_03511,d_time_c_7d8ce874bbc8_00031
e_03512,d_time_c_7d8ce874bbc8_00032
e_03513,d_time_c_7d8ce874bbc8_00033
e_03514,d_time_c_7d8ce874bbc8_00034
e_03515,d_time_c_7d8ce874bbc8_00035
e_03516,d_time_c_7d8ce874bbc8_00036
e_03517,d_time_c_7d8ce874bbc8_00037
e_03518,d_time_c_7d8ce874bbc8_00038
e_04244,d_time_c_7d8ce874bbc8_00039
e_03519,d_time_c_7d8ce874bbc8_00040
e_03520,d_time_c_7d8ce874bbc8_00041
e_01698,d_time_c_7d8ce874bbc8_00042
e_03521,d_time_c_7d8ce874bbc8_00043
e_03522,d_time_c_7d8ce874bbc8_00044
e_03523,d_time_c_7d8ce874bbc8_00045
e_00158,d_time_c_7d8ce874bbc8_00046
e_01535,d_time_c_7d8ce874bbc8_00047
e_03524,d_time_c_7d8ce874bbc8_00048
e_03525,d_time_c_7d8ce874bbc8_00049
e_03526,d_time_c_7d8ce874bbc8_00050
e_03527,d_time_c_7f769c190328_00001
e_03528,d_time_c_7f769c190328_00002
e_00215,d_time_c_8007bff0bbfa_00001
e_03529,d_time_c_93090f8a06e7_00001
e_03530,d_time_c_93090f8a06e7_00002
e_03469,d_time_c_93090f8a06e7_00003
e_03531,d_time_c_938b7b4633cd_00001
e_03532,d_time_c_938b7b4633cd_00002
e_03107,d_time_c_938b7b4633cd_00003
e_03533,d_time_c_938b7b4633cd_00004
e_03534,d_time_c_938b7b4633cd_00005
e_00024,d_time_c_938b7b4633cd_00006
e_02140,d_time_c_938b7b4633cd_00007
e_03535,d_time_c_938b7b4633cd_00008
e_03536,d_time_c_938b7b4633cd_00009
e_03537,d_time_c_938b7b4633cd_00010
e_03538,d_time_c_938b7b4633cd_00011
e_02151,d_time_c_938b7b4633cd_00012
e_03539,d_time_c_938b7b4633cd_00013
e_00215,d_time_c_938b7b4633cd_00014
e_03540,d_time_c_938b7b4633cd_00015
e_03541,d_time_c_938b7b4633cd_00016
e_03542,d_time_c_938b7b4633cd_00017
e_00038,d_time_c_938b7b4633cd_00018
e_04245,d_time_c_938b7b4633cd_00019
e_03543,d_time_c_938b7b4633cd_00020
e_03544,d_time_c_938b7b4633cd_00021
e_03545,d_time_c_938b7b4633cd_00022
e_00049,d_time_c_938b7b4633cd_00023
e_03546,d_time_c_938b7b4633cd_00024
e_00049,d_time_c_938b7b4633cd_00025
e_03547,d_time_c_938b7b4633cd_00026
e_03548,d_time_c_938b7b4633cd_00027
e_03549,d_time_c_938b7b4633cd_00028
e_03550,d_time_c_938b7b4633cd_00029
e_03551,d_time_c_938b7b4633cd_00030
e_02285,d_time_c_938b7b4633cd_00031
e_00522,d_time_c_938b7b4633cd_00032
e_03552,d_time_c_938b7b4633cd_00033
e_03553,d_time_c_938b7b4633cd_00034
e_01920,d_time_c_938b7b4633cd_00035
e_03554,d_time_c_938b7b4633cd_00036
e_03555,d_time_c_938b7b4633cd_00037
e_02179,d_time_c_938b7b4633cd_00038
e_03556,d_time_c_938b7b4633cd_00039
e_03557,d_time_c_938b7b4633cd_00040
e_00718,d_time_c_938b7b4633cd_00041
e_00721,d_time_c_938b7b4633cd_00042
e_03558,d_time_c_938b7b4633cd_00043
e_02184,d_time_c_938b7b4633cd_00044
e_03559,d_time_c_938b7b4633cd_00045
e_03560,d_time_c_938b7b4633cd_00046
e_00110,d_time_c_938b7b4633cd_00047
e_01332,d_time_c_938b7b4633cd_00048
e_03561,d_time_c_938b7b4633cd_00049
e_00128,d_time_c_938b7b4633cd_00050
e_02476,d_time_c_938b7b4633cd_00051
e_02193,d_time_c_938b7b4633cd_00052
e_03562,d_time_c_938b7b4633cd_00053
e_02195,d_time_c_938b7b4633cd_00054
e_02088,d_time_c_938b7b4633cd_00055
e_03563,d_time_c_938b7b4633cd_00056
e_00784,d_time_c_938b7b4633cd_00057
e_03564,d_time_c_938b7b4633cd_00058
e_02201,d_time_c_938b7b4633cd_00059
e_00472,d_time_c_938b7b4633cd_00060
e_03565,d_time_c_938b7b4633cd_00061
e_00155,d_time_c_938b7b4633cd_00062
e_03566,d_time_c_938b7b4633cd_00063
e_03567,d_time_c_938b7b4633cd_00064
e_03568,d_time_c_938b7b4633cd_00065
e_00371,d_time_c_938b7b4633cd_00066
e_03569,d_time_c_960912d6db52_00001
e_02148,d_time_c_960912d6db52_00002
e_02534,d_time_c_960912d6db52_00003
e_03570,d_time_c_960912d6db52_00004
e_03571,d_time_c_960912d6db52_00005
e_03572,d_time_c_960912d6db52_00006
e_03573,d_time_c_960912d6db52_00007
e_00502,d_time_c_960912d6db52_00008
e_03574,d_time_c_960912d6db52_00009
e_03575,d_time_c_960912d6db52_00010
e_03576,d_time_c_960912d6db52_00011
e_03577,d_time_c_960912d6db52_00012
e_03578,d_time_c_960912d6db52_00013
e_03579,d_time_c_960912d6db52_00014
e_03580,d_time_c_960912d6db52_00015
e_03581,d_time_c_960912d6db52_00016
e_03582,d_time_c_960912d6db52_00017
e_02558,d_time_c_960912d6db52_00018
e_03583,d_time_c_960912d6db52_00019
e_03584,d_time_c_960912d6db52_00020
e_02562,d_time_c_960912d6db52_00021
e_03585,d_time_c_960912d6db52_00022
e_02898,d_time_c_960912d6db52_00023
e_00101,d_time_c_960912d6db52_00024
e_03586,d_time_c_960912d6db52_00025
e_00101,d_time_c_960912d6db52_00026
e_03587,d_time_c_960912d6db52_00027
e_02583,d_time_c_960912d6db52_00028
e_03588,d_time_c_960912d6db52_00029
e_03589,d_time_c_960912d6db52_00030
e_03590,d_time_c_960912d6db52_00031
e_03591,d_time_c_960912d6db52_00032
e_03592,d_time_c_960912d6db52_00033
e_03593,d_time_c_960912d6db52_00034
e_00110,d_time_c_960912d6db52_00035
e_03594,d_time_c_960912d6db52_00036
e_02047,d_time_c_960912d6db52_00037
e_03595,d_time_c_960912d6db52_00038
e_02596,d_time_c_960912d6db52_00039
e_02598,d_time_c_960912d6db52_00040
e_02601,d_time_c_960912d6db52_00041
e_01582,d_time_c_960912d6db52_00042
e_02748,d_time_c_960912d6db52_00043
e_00404,d_time_c_9b2f242d74af_00001
e_02235,d_time_c_9b2f242d74af_00002
e_03596,d_time_c_9b2f242d74af_00003
e_03597,d_time_c_9b2f242d74af_00004
e_03598,d_time_c_9b2f242d74af_00005
e_03599,d_time_c_9b2f242d74af_00006
e_00215,d_time_c_9b2f242d74af_00007
e_00037,d_time_c_9b2f242d74af_00008
e_03600,d_time_c_9b2f242d74af_00009
e_03601,d_time_c_9b2f242d74af_00010
e_03602,d_time_c_9b2f242d74af_00011
e_03603,d_time_c_9b2f242d74af_00012
e_03604,d_time_c_9b2f242d74af_00013
e_00412,d_time_c_9b2f242d74af_00014
e_03605,d_time_c_9b2f242d74af_00015
e_03606,d_time_c_9b2f242d74af_00016
e_03607,d_time_c_9b2f242d74af_00017
e_00415,d_time_c_9b2f242d74af_00018
e_03608,d_time_c_9b2f242d74af_00019
e_03609,d_time_c_9b2f242d74af_00020
e_01416,d_time_c_9b2f242d74af_00021
e_03610,d_time_c_9b2f242d74af_00022
e_01416,d_time_c_9b2f242d74af_00023
e_00417,d_time_c_9b2f242d74af_00024
e_03611,d_time_c_9b2f242d74af_00025
e_01878,d_time_c_9b2f242d74af_00026
e_03612,d_time_c_9b2f242d74af_00027
e_00422,d_time_c_9b2f242d74af_00028
e_03613,d_time_c_9b2f242d74af_00029
e_03614,d_time_c_9b2f242d74af_00030
e_03615,d_time_c_9b2f242d74af_00031
e_03616,d_time_c_9b2f242d74af_00032
e_03617,d_time_c_9b2f242d74af_00033
e_00686,d_time_c_9b2f242d74af_00034
e_00085,d_time_c_9b2f242d74af_00035
e_03618,d_time_c_9b2f242d74af_00036
e_00081,d_time_c_9b2f242d74af_00037
e_00085,d_time_c_9b2f242d74af_00038
e_03619,d_time_c_9b2f242d74af_00039
e_00427,d_time_c_9b2f242d74af_00040
e_03620,d_time_c_9b2f242d74af_00041
e_03621,d_time_c_9b2f242d74af_00042
e_02725,d_time_c_9b2f242d74af_00043
e_03166,d_time_c_9b2f242d74af_00044
e_03622,d_time_c_9b2f242d74af_00045
e_03623,d_time_c_9b2f242d74af_00046
e_00319,d_time_c_9b2f242d74af_00047
e_03624,d_time_c_9b2f242d74af_00048
e_00319,d_time_c_9b2f242d74af_00049
e_01917,d_time_c_9b2f242d74af_00050
e_00319,d_time_c_9b2f242d74af_00051
e_03625,d_time_c_9b2f242d74af_00052
e_03626,d_time_c_9b2f242d74af_00053
e_03627,d_time_c_9b2f242d74af_00054
e_03428,d_time_c_9b2f242d74af_00055
e_00443,d_time_c_9b2f242d74af_00056
e_03628,d_time_c_9b2f242d74af_00057
e_03629,d_time_c_9b2f242d74af_00058
e_03630,d_time_c_9b2f242d74af_00059
e_03184,d_time_c_9b2f242d74af_00060
e_03631,d_time_c_9b2f242d74af_00061
e_03632,d_time_c_9b2f242d74af_00062
e_03633,d_time_c_9b2f242d74af_00063
e_03634,d_time_c_9b2f242d74af_00064
e_00110,d_time_c_9b2f242d74af_00065
e_02616,d_time_c_9b2f242d74af_00066
e_00110,d_time_c_9b2f242d74af_00067
e_03635,d_time_c_9b2f242d74af_00068
e_03636,d_time_c_9b2f242d74af_00069
e_00453,d_time_c_9b2f242d74af_00070
e_03637,d_time_c_9b2f242d74af_00071
e_03638,d_time_c_9b2f242d74af_00072
e_03639,d_time_c_9b2f242d74af_00073
e_03640,d_time_c_9b2f242d74af_00074
e_01295,d_time_c_9b2f242d74af_00075
e_02822,d_time_c_9b2f242d74af_00076
e_03641,d_time_c_9b2f242d74af_00077
e_03642,d_time_c_9b2f242d74af_00078
e_03643,d_time_c_9b2f242d74af_00079
e_00125,d_time_c_9b2f242d74af_00080
e_03644,d_time_c_9b2f242d74af_00081
e_03645,d_time_c_9b2f242d74af_00082
e_03646,d_time_c_9b2f242d74af_00083
e_02864,d_time_c_9b2f242d74af_00084
e_00464,d_time_c_9b2f242d74af_00085
e_00466,d_time_c_9b2f242d74af_00086
e_00467,d_time_c_9b2f242d74af_00087
e_02791,d_time_c_9b2f242d74af_00088
e_03647,d_time_c_9b2f242d74af_00089
e_03648,d_time_c_9b2f242d74af_00090
e_01789,d_time_c_9b2f242d74af_00091
e_03649,d_time_c_9b2f242d74af_00092
e_03650,d_time_c_9b2f242d74af_00093
e_01526,d_time_c_9b2f242d74af_00094
e_00472,d_time_c_9b2f242d74af_00095
e_00158,d_time_c_9b2f242d74af_00096
e_03651,d_time_c_9b2f242d74af_00097
e_03652,d_time_c_9b2f242d74af_00098
e_00158,d_time_c_9b2f242d74af_00099
e_03491,d_time_c_9b2f242d74af_00100
e_03653,d_time_c_9b2f242d74af_00101
e_03654,d_time_c_9b2f242d74af_00102
e_03655,d_time_c_9b2f242d74af_00103
e_03656,d_time_c_9b2f242d74af_00104
e_03657,d_time_c_9b2f242d74af_00105
e_00373,d_time_c_9b2f242d74af_00106
e_03658,d_time_c_9d44d8dc3ef6_00001
e_03659,d_time_c_9ffb24a4b604_00001
e_03660,d_time_c_9ffb24a4b604_00002
e_03661,d_time_c_9ffb24a4b604_00003
e_03662,d_time_c_9ffb24a4b604_00004
e_01718,d_time_c_9ffb24a4b604_00005
e_03663,d_time_c_9ffb24a4b604_00006
e_03664,d_time_c_9ffb24a4b604_00007
e_03665,d_time_c_9ffb24a4b604_00008
e_03666,d_time_c_9ffb24a4b604_00009
e_00051,d_time_c_9ffb24a4b604_00010
e_01559,d_time_c_9ffb24a4b604_00011
e_03667,d_time_c_9ffb24a4b604_00012
e_03668,d_time_c_9ffb24a4b604_00013
e_04246,d_time_c_9ffb24a4b604_00014
e_03669,d_time_c_9ffb24a4b604_00015
e_03670,d_time_c_9ffb24a4b604_00016
e_03671,d_time_c_9ffb24a4b604_00017
e_01818,d_time_c_9ffb24a4b604_00018
e_01563,d_time_c_9ffb24a4b604_00019
e_03284,d_time_c_9ffb24a4b604_00020
e_03672,d_time_c_9ffb24a4b604_00021
e_04247,d_time_c_9ffb24a4b604_00022
e_03673,d_time_c_9ffb24a4b604_00023
e_00389,d_time_c_9ffb24a4b604_00024
e_03674,d_time_c_9ffb24a4b604_00025
e_00319,d_time_c_9ffb24a4b604_00026
e_03675,d_time_c_9ffb24a4b604_00027
e_00322,d_time_c_9ffb24a4b604_00028
e_03676,d_time_c_9ffb24a4b604_00029
e_03677,d_time_c_9ffb24a4b604_00030
e_02806,d_time_c_9ffb24a4b604_00031
e_03678,d_time_c_9ffb24a4b604_00032
e_00110,d_time_c_9ffb24a4b604_00033
e_03679,d_time_c_9ffb24a4b604_00034
e_03680,d_time_c_9ffb24a4b604_00035
e_03681,d_time_c_9ffb24a4b604_00036
e_00561,d_time_c_9ffb24a4b604_00037
e_03682,d_time_c_9ffb24a4b604_00038
e_03683,d_time_c_9ffb24a4b604_00039
e_00784,d_time_c_9ffb24a4b604_00040
e_03684,d_time_c_9ffb24a4b604_00041
e_03685,d_time_c_9ffb24a4b604_00042
e_03686,d_time_c_a06aa3deff4d_00001
e_03687,d_time_c_a06aa3deff4d_00002
e_03688,d_time_c_a06aa3deff4d_00003
e_03689,d_time_c_a06aa3deff4d_00004
e_01120,d_time_c_a06aa3deff4d_00005
e_03690,d_time_c_a06aa3deff4d_00006
e_03691,d_time_c_a06aa3deff4d_00007
e_00240,d_time_c_a06aa3deff4d_00008
e_03692,d_time_c_a06aa3deff4d_00009
e_03693,d_time_c_a06aa3deff4d_00010
e_03694,d_time_c_a06aa3deff4d_00011
e_03695,d_time_c_a06aa3deff4d_00012
e_01122,d_time_c_a06aa3deff4d_00013
e_04248,d_time_c_a06aa3deff4d_00014
e_00243,d_time_c_a06aa3deff4d_00015
e_01124,d_time_c_a06aa3deff4d_00016
e_03696,d_time_c_a06aa3deff4d_00017
e_00053,d_time_c_a06aa3deff4d_00018
e_00389,d_time_c_a06aa3deff4d_00019
e_03697,d_time_c_a06aa3deff4d_00020
e_01129,d_time_c_a06aa3deff4d_00021
e_03698,d_time_c_a06aa3deff4d_00022
e_03699,d_time_c_a06aa3deff4d_00023
e_03700,d_time_c_a06aa3deff4d_00024
e_03701,d_time_c_a06aa3deff4d_00025
e_03702,d_time_c_a06aa3deff4d_00026
e_03703,d_time_c_a06aa3deff4d_00027
e_03704,d_time_c_a06aa3deff4d_00028
e_03705,d_time_c_a06aa3deff4d_00029
e_00727,d_time_c_a06aa3deff4d_00030
e_00110,d_time_c_a06aa3deff4d_00031
e_03706,d_time_c_a06aa3deff4d_00032
e_02685,d_time_c_a06aa3deff4d_00033
e_03707,d_time_c_a06aa3deff4d_00034
e_03708,d_time_c_a06aa3deff4d_00035
e_03709,d_time_c_a06aa3deff4d_00036
e_03710,d_time_c_a06aa3deff4d_00037
e_03711,d_time_c_a06aa3deff4d_00038
e_03712,d_time_c_a06aa3deff4d_00039
e_01139,d_time_c_a06aa3deff4d_00040
e_03713,d_time_c_a06aa3deff4d_00041
e_03714,d_time_c_a06aa3deff4d_00042
e_03715,d_time_c_a06aa3deff4d_00043
e_03716,d_time_c_a06aa3deff4d_00044
e_03717,d_time_c_a06aa3deff4d_00045
e_02960,d_time_c_a06aa3deff4d_00046
e_03718,d_time_c_a06aa3deff4d_00047
e_02866,d_time_c_a06aa3deff4d_00048
e_01144,d_time_c_a06aa3deff4d_00049
e_00158,d_time_c_a06aa3deff4d_00050
e_03719,d_time_c_a06aa3deff4d_00051
e_02619,d_time_c_a06aa3deff4d_00052
e_03720,d_time_c_a06aa3deff4d_00053
e_03721,d_time_c_a06aa3deff4d_00054
e_03722,d_time_c_a06aa3deff4d_00055
e_03723,d_time_c_a06aa3deff4d_00056
e_02868,d_time_c_a06aa3deff4d_00057
e_03724,d_time_c_a06aa3deff4d_00058
e_03725,d_time_c_a06aa3deff4d_00059
e_03726,d_time_c_a0e480b25aef_00001
e_03727,d_time_c_a0e480b25aef_00002
e_01332,d_time_c_a0e480b25aef_00003
e_03728,d_time_c_a0e480b25aef_00004
e_03729,d_time_c_a0e480b25aef_00005
e_02791,d_time_c_a0e480b25aef_00006
e_03730,d_time_c_a0e480b25aef_00007
e_03731,d_time_c_a496160a6fa7_00001
e_02064,d_time_c_a496160a6fa7_00002
e_00829,d_time_c_a496160a6fa7_00003
e_01718,d_time_c_a496160a6fa7_00004
e_03732,d_time_c_a496160a6fa7_00005
e_03733,d_time_c_a496160a6fa7_00006
e_03734,d_time_c_a496160a6fa7_00007
e_03735,d_time_c_a496160a6fa7_00008
e_00643,d_time_c_a496160a6fa7_00009
e_03736,d_time_c_a496160a6fa7_00010
e_03359,d_time_c_a496160a6fa7_00011
e_01429,d_time_c_a496160a6fa7_00012
e_03737,d_time_c_a496160a6fa7_00013
e_03738,d_time_c_a496160a6fa7_00014
e_03739,d_time_c_a496160a6fa7_00015
e_01760,d_time_c_a496160a6fa7_00016
e_00322,d_time_c_a496160a6fa7_00017
e_00103,d_time_c_a496160a6fa7_00018
e_03740,d_time_c_a496160a6fa7_00019
e_03741,d_time_c_a496160a6fa7_00020
e_03742,d_time_c_a496160a6fa7_00021
e_03743,d_time_c_a496160a6fa7_00022
e_03744,d_time_c_a496160a6fa7_00023
e_01961,d_time_c_a496160a6fa7_00024
e_03745,d_time_c_a496160a6fa7_00025
e_00158,d_time_c_a496160a6fa7_00026
e_01526,d_time_c_a496160a6fa7_00027
e_03746,d_time_c_a496160a6fa7_00028
e_00158,d_time_c_a496160a6fa7_00029
e_01102,d_time_c_a496160a6fa7_00030
e_03747,d_time_c_ab2344ef2e7c_00001
e_03748,d_time_c_ac9af007aadd_00001
e_01718,d_time_c_b310957652e6_00001
e_03749,d_time_c_b310957652e6_00002
e_02922,d_time_c_b310957652e6_00003
e_00651,d_time_c_b310957652e6_00004
e_01879,d_time_c_b310957652e6_00005
e_00522,d_time_c_b310957652e6_00006
e_00522,d_time_c_b310957652e6_00007
e_00397,d_time_c_b310957652e6_00008
e_00103,d_time_c_b310957652e6_00009
e_03750,d_time_c_b310957652e6_00010
e_00110,d_time_c_b310957652e6_00011
e_03751,d_time_c_b310957652e6_00012
e_03752,d_time_c_b310957652e6_00013
e_03753,d_time_c_b310957652e6_00014
e_00128,d_time_c_b310957652e6_00015
e_03754,d_time_c_b310957652e6_00016
e_03755,d_time_c_b310957652e6_00017
e_03756,d_time_c_b310957652e6_00018
e_00400,d_time_c_b310957652e6_00019
e_03757,d_time_c_b310957652e6_00020
e_03310,d_time_c_b310957652e6_00021
e_03758,d_time_c_b310957652e6_00022
e_03759,d_time_c_bb05f6f851e2_00001
e_03760,d_time_c_bb05f6f851e2_00002
e_02830,d_time_c_bb05f6f851e2_00003
e_00394,d_time_c_bb05f6f851e2_00004
e_03761,d_time_c_bb05f6f851e2_00005
e_03762,d_time_c_bb05f6f851e2_00006
e_03763,d_time_c_bb05f6f851e2_00007
e_03764,d_time_c_bb05f6f851e2_00008
e_03765,d_time_c_bb05f6f851e2_00009
e_00613,d_time_c_bb05f6f851e2_00010
e_03766,d_time_c_bb05f6f851e2_00011
e_00617,d_time_c_bb05f6f851e2_00012
e_04249,d_time_c_bb05f6f851e2_00013
e_00215,d_time_c_bb05f6f851e2_00014
e_00039,d_time_c_bb05f6f851e2_00015
e_03767,d_time_c_bb05f6f851e2_00016
e_03768,d_time_c_bb05f6f851e2_00017
e_03769,d_time_c_bb05f6f851e2_00018
e_03770,d_time_c_bb05f6f851e2_00019
e_03771,d_time_c_bb05f6f851e2_00020
e_00215,d_time_c_bb05f6f851e2_00021
e_00408,d_time_c_bb05f6f851e2_00022
e_03772,d_time_c_bb05f6f851e2_00023
e_03773,d_time_c_bb05f6f851e2_00024
e_00642,d_time_c_bb05f6f851e2_00025
e_03774,d_time_c_bb05f6f851e2_00026
e_00642,d_time_c_bb05f6f851e2_00027
e_03775,d_time_c_bb05f6f851e2_00028
e_03776,d_time_c_bb05f6f851e2_00029
e_03777,d_time_c_bb05f6f851e2_00030
e_03778,d_time_c_bb05f6f851e2_00031
e_00639,d_time_c_bb05f6f851e2_00032
e_03779,d_time_c_bb05f6f851e2_00033
e_00646,d_time_c_bb05f6f851e2_00034
e_00642,d_time_c_bb05f6f851e2_00035
e_03780,d_time_c_bb05f6f851e2_00036
e_03781,d_time_c_bb05f6f851e2_00037
e_00415,d_time_c_bb05f6f851e2_00038
e_03782,d_time_c_bb05f6f851e2_00039
e_03783,d_time_c_bb05f6f851e2_00040
e_03784,d_time_c_bb05f6f851e2_00041
e_03785,d_time_c_bb05f6f851e2_00042
e_02611,d_time_c_bb05f6f851e2_00043
e_03786,d_time_c_bb05f6f851e2_00044
e_03787,d_time_c_bb05f6f851e2_00045
e_03788,d_time_c_bb05f6f851e2_00046
e_03789,d_time_c_bb05f6f851e2_00047
e_03790,d_time_c_bb05f6f851e2_00048
e_03791,d_time_c_bb05f6f851e2_00049
e_03792,d_time_c_bb05f6f851e2_00050
e_03793,d_time_c_bb05f6f851e2_00051
e_03794,d_time_c_bb05f6f851e2_00052
e_03795,d_time_c_bb05f6f851e2_00053
e_01629,d_time_c_bb05f6f851e2_00054
e_03796,d_time_c_bb05f6f851e2_00055
e_03797,d_time_c_bb05f6f851e2_00056
e_03798,d_time_c_bb05f6f851e2_00057
e_03799,d_time_c_bb05f6f851e2_00058
e_00085,d_time_c_bb05f6f851e2_00059
e_03800,d_time_c_bb05f6f851e2_00060
e_03801,d_time_c_bb05f6f851e2_00061
e_03802,d_time_c_bb05f6f851e2_00062
e_03803,d_time_c_bb05f6f851e2_00063
e_03804,d_time_c_bb05f6f851e2_00064
e_03366,d_time_c_bb05f6f851e2_00065
e_02666,d_time_c_bb05f6f851e2_00066
e_03805,d_time_c_bb05f6f851e2_00067
e_00693,d_time_c_bb05f6f851e2_00068
e_02207,d_time_c_bb05f6f851e2_00069
e_00698,d_time_c_bb05f6f851e2_00070
e_00389,d_time_c_bb05f6f851e2_00071
e_01913,d_time_c_bb05f6f851e2_00072
e_00535,d_time_c_bb05f6f851e2_00073
e_00309,d_time_c_bb05f6f851e2_00074
e_01769,d_time_c_bb05f6f851e2_00075
e_03806,d_time_c_bb05f6f851e2_00076
e_00709,d_time_c_bb05f6f851e2_00077
e_03807,d_time_c_bb05f6f851e2_00078
e_00103,d_time_c_bb05f6f851e2_00079
e_03808,d_time_c_bb05f6f851e2_00080
e_03809,d_time_c_bb05f6f851e2_00081
e_00101,d_time_c_bb05f6f851e2_00082
e_03184,d_time_c_bb05f6f851e2_00083
e_03810,d_time_c_bb05f6f851e2_00084
e_00101,d_time_c_bb05f6f851e2_00085
e_00331,d_time_c_bb05f6f851e2_00086
e_03811,d_time_c_bb05f6f851e2_00087
e_00331,d_time_c_bb05f6f851e2_00088
e_02779,d_time_c_bb05f6f851e2_00089
e_03812,d_time_c_bb05f6f851e2_00090
e_03472,d_time_c_bb05f6f851e2_00091
e_03813,d_time_c_bb05f6f851e2_00092
e_03814,d_time_c_bb05f6f851e2_00093
e_03815,d_time_c_bb05f6f851e2_00094
e_03816,d_time_c_bb05f6f851e2_00095
e_03817,d_time_c_bb05f6f851e2_00096
e_03818,d_time_c_bb05f6f851e2_00097
e_03819,d_time_c_bb05f6f851e2_00098
e_03820,d_time_c_bb05f6f851e2_00099
e_03821,d_time_c_bb05f6f851e2_00100
e_03822,d_time_c_bb05f6f851e2_00101
e_00764,d_time_c_bb05f6f851e2_00102
e_03823,d_time_c_bb05f6f851e2_00103
e_03824,d_time_c_bb05f6f851e2_00104
e_00764,d_time_c_bb05f6f851e2_00105
e_00764,d_time_c_bb05f6f851e2_00106
e_03825,d_time_c_bb05f6f851e2_00107
e_03826,d_time_c_bb05f6f851e2_00108
e_03827,d_time_c_bb05f6f851e2_00109
e_03207,d_time_c_bb05f6f851e2_00110
e_01698,d_time_c_bb05f6f851e2_00111
e_03828,d_time_c_bb05f6f851e2_00112
e_03829,d_time_c_bb05f6f851e2_00113
e_03830,d_time_c_bb05f6f851e2_00114
e_00158,d_time_c_bb05f6f851e2_00115
e_03831,d_time_c_bb05f6f851e2_00116
e_03832,d_time_c_bb05f6f851e2_00117
e_03833,d_time_c_bb05f6f851e2_00118
e_03834,d_time_c_bb05f6f851e2_00119
e_03835,d_time_c_bb05f6f851e2_00120
e_03836,d_time_c_bb05f6f851e2_00121
e_03837,d_time_c_bb05f6f851e2_00122
e_04250,d_time_c_bdf533c63b2a_00001
e_03838,d_time_c_bdf533c63b2a_00002
e_03839,d_time_c_bdf533c63b2a_00003
e_03840,d_time_c_bdf533c63b2a_00004
e_00385,d_time_c_bdf533c63b2a_00005
e_01718,d_time_c_bdf533c63b2a_00006
e_02764,d_time_c_bdf533c63b2a_00007
e_02226,d_time_c_bdf533c63b2a_00008
e_03841,d_time_c_bdf533c63b2a_00009
e_00643,d_time_c_bdf533c63b2a_00010
e_03842,d_time_c_bdf533c63b2a_00011
e_03843,d_time_c_bdf533c63b2a_00012
e_03844,d_time_c_bdf533c63b2a_00013
e_02230,d_time_c_bdf533c63b2a_00014
e_03845,d_time_c_bdf533c63b2a_00015
e_03846,d_time_c_bdf533c63b2a_00016
e_03847,d_time_c_bdf533c63b2a_00017
e_00472,d_time_c_bdf533c63b2a_00018
e_03321,d_time_c_c345cf0f1350_00001
e_03848,d_time_c_c345cf0f1350_00002
e_03849,d_time_c_c345cf0f1350_00003
e_03850,d_time_c_c345cf0f1350_00004
e_03661,d_time_c_c345cf0f1350_00005
e_03851,d_time_c_c345cf0f1350_00006
e_03852,d_time_c_c345cf0f1350_00007
e_03853,d_time_c_c345cf0f1350_00008
e_03854,d_time_c_c345cf0f1350_00009
e_00613,d_time_c_c345cf0f1350_00010
e_03855,d_time_c_c345cf0f1350_00011
e_03229,d_time_c_c345cf0f1350_00012
e_03856,d_time_c_c345cf0f1350_00013
e_03857,d_time_c_c345cf0f1350_00014
e_03858,d_time_c_c345cf0f1350_00015
e_03859,d_time_c_c345cf0f1350_00016
e_03860,d_time_c_c345cf0f1350_00017
e_03861,d_time_c_c345cf0f1350_00018
e_02255,d_time_c_c345cf0f1350_00019
e_03862,d_time_c_c345cf0f1350_00020
e_03863,d_time_c_c345cf0f1350_00021
e_01176,d_time_c_c345cf0f1350_00022
e_03864,d_time_c_c345cf0f1350_00023
e_03865,d_time_c_c345cf0f1350_00024
e_03866,d_time_c_c345cf0f1350_00025
e_03867,d_time_c_c345cf0f1350_00026
e_03868,d_time_c_c345cf0f1350_00027
e_03869,d_time_c_c345cf0f1350_00028
e_03870,d_time_c_c345cf0f1350_00029
e_03871,d_time_c_c345cf0f1350_00030
e_03872,d_time_c_c345cf0f1350_00031
e_03873,d_time_c_c345cf0f1350_00032
e_02269,d_time_c_c345cf0f1350_00033
e_03874,d_time_c_c345cf0f1350_00034
e_03875,d_time_c_c345cf0f1350_00035
e_00053,d_time_c_c345cf0f1350_00036
e_02282,d_time_c_c345cf0f1350_00037
e_02284,d_time_c_c345cf0f1350_00038
e_02292,d_time_c_c345cf0f1350_00039
e_02293,d_time_c_c345cf0f1350_00040
e_03876,d_time_c_c345cf0f1350_00041
e_03877,d_time_c_c345cf0f1350_00042
e_00535,d_time_c_c345cf0f1350_00043
e_03878,d_time_c_c345cf0f1350_00044
e_02302,d_time_c_c345cf0f1350_00045
e_03879,d_time_c_c345cf0f1350_00046
e_03880,d_time_c_c345cf0f1350_00047
e_02306,d_time_c_c345cf0f1350_00048
e_03881,d_time_c_c345cf0f1350_00049
e_01039,d_time_c_c345cf0f1350_00050
e_03882,d_time_c_c345cf0f1350_00051
e_02310,d_time_c_c345cf0f1350_00052
e_00740,d_time_c_c345cf0f1350_00053
e_03883,d_time_c_c345cf0f1350_00054
e_03884,d_time_c_c345cf0f1350_00055
e_03885,d_time_c_c345cf0f1350_00056
e_03886,d_time_c_c345cf0f1350_00057
e_00561,d_time_c_c345cf0f1350_00058
e_02322,d_time_c_c345cf0f1350_00059
e_03887,d_time_c_c345cf0f1350_00060
e_03888,d_time_c_c345cf0f1350_00061
e_00128,d_time_c_c345cf0f1350_00062
e_00759,d_time_c_c345cf0f1350_00063
e_03889,d_time_c_c345cf0f1350_00064
e_03890,d_time_c_c345cf0f1350_00065
e_03891,d_time_c_c345cf0f1350_00066
e_02334,d_time_c_c345cf0f1350_00067
e_03892,d_time_c_c345cf0f1350_00068
e_02501,d_time_c_c345cf0f1350_00069
e_03893,d_time_c_c345cf0f1350_00070
e_04251,d_time_c_c345cf0f1350_00071
e_03894,d_time_c_c345cf0f1350_00072
e_03895,d_time_c_c345cf0f1350_00073
e_02337,d_time_c_c345cf0f1350_00074
e_03896,d_time_c_c345cf0f1350_00075
e_03897,d_time_c_c345cf0f1350_00076
e_03898,d_time_c_c345cf0f1350_00077
e_02348,d_time_c_c345cf0f1350_00078
e_01049,d_time_c_c345cf0f1350_00079
e_03898,d_time_c_c345cf0f1350_00080
e_02343,d_time_c_c345cf0f1350_00081
e_03899,d_time_c_c345cf0f1350_00082
e_02343,d_time_c_c345cf0f1350_00083
e_01535,d_time_c_c345cf0f1350_00084
e_03900,d_time_c_c345cf0f1350_00085
e_00849,d_time_c_c664df830ba6_00001
e_03901,d_time_c_c664df830ba6_00002
e_00759,d_time_c_c664df830ba6_00003
e_00371,d_time_c_c664df830ba6_00004
e_00819,d_time_c_c7d110af049c_00001
e_00502,d_time_c_c7d110af049c_00002
e_03902,d_time_c_c7d110af049c_00003
e_00415,d_time_c_c7d110af049c_00004
e_03903,d_time_c_c7d110af049c_00005
e_01669,d_time_c_c7d110af049c_00006
e_03904,d_time_c_c7d110af049c_00007
e_03905,d_time_c_c7d110af049c_00008
e_03906,d_time_c_c7d110af049c_00009
e_03907,d_time_c_c7d110af049c_00010
e_03908,d_time_c_c7d110af049c_00011
e_03909,d_time_c_c7d110af049c_00012
e_03910,d_time_c_c7d110af049c_00013
e_00749,d_time_c_c7d110af049c_00014
e_03887,d_time_c_c7d110af049c_00015
e_03911,d_time_c_c7d110af049c_00016
e_03912,d_time_c_c7d110af049c_00017
e_01966,d_time_c_c7d110af049c_00018
e_03913,d_time_c_c7d110af049c_00019
e_03914,d_time_c_c7d110af049c_00020
e_03915,d_time_c_ccc58eb1be09_00001
e_03916,d_time_c_cd77d4cf7c43_00001
e_03917,d_time_c_cd77d4cf7c43_00002
e_03918,d_time_c_cd77d4cf7c43_00003
e_03919,d_time_c_cd77d4cf7c43_00004
e_03920,d_time_c_cd77d4cf7c43_00005
e_03921,d_time_c_cd77d4cf7c43_00006
e_03922,d_time_c_cd77d4cf7c43_00007
e_03923,d_time_c_cd77d4cf7c43_00008
e_00192,d_time_c_cd77d4cf7c43_00009
e_03924,d_time_c_cd77d4cf7c43_00010
e_03925,d_time_c_cd77d4cf7c43_00011
e_03926,d_time_c_cd77d4cf7c43_00012
e_03927,d_time_c_cd77d4cf7c43_00013
e_02757,d_time_c_cd77d4cf7c43_00014
e_03928,d_time_c_cd77d4cf7c43_00015
e_03929,d_time_c_cd77d4cf7c43_00016
e_03930,d_time_c_cd77d4cf7c43_00017
e_00215,d_time_c_cd77d4cf7c43_00018
e_03931,d_time_c_cd77d4cf7c43_00019
e_03932,d_time_c_cd77d4cf7c43_00020
e_00039,d_time_c_cd77d4cf7c43_00021
e_03933,d_time_c_cd77d4cf7c43_00022
e_00224,d_time_c_cd77d4cf7c43_00023
e_03934,d_time_c_cd77d4cf7c43_00024
e_02254,d_time_c_cd77d4cf7c43_00025
e_00213,d_time_c_cd77d4cf7c43_00026
e_00211,d_time_c_cd77d4cf7c43_00027
e_03935,d_time_c_cd77d4cf7c43_00028
e_00049,d_time_c_cd77d4cf7c43_00029
e_03936,d_time_c_cd77d4cf7c43_00030
e_03937,d_time_c_cd77d4cf7c43_00031
e_03938,d_time_c_cd77d4cf7c43_00032
e_03939,d_time_c_cd77d4cf7c43_00033
e_03940,d_time_c_cd77d4cf7c43_00034
e_03941,d_time_c_cd77d4cf7c43_00035
e_03942,d_time_c_cd77d4cf7c43_00036
e_03943,d_time_c_cd77d4cf7c43_00037
e_03944,d_time_c_cd77d4cf7c43_00038
e_03945,d_time_c_cd77d4cf7c43_00039
e_03946,d_time_c_cd77d4cf7c43_00040
e_03947,d_time_c_cd77d4cf7c43_00041
e_03948,d_time_c_cd77d4cf7c43_00042
e_00415,d_time_c_cd77d4cf7c43_00043
e_00627,d_time_c_cd77d4cf7c43_00044
e_00253,d_time_c_cd77d4cf7c43_00045
e_00254,d_time_c_cd77d4cf7c43_00046
e_03949,d_time_c_cd77d4cf7c43_00047
e_03950,d_time_c_cd77d4cf7c43_00048
e_03951,d_time_c_cd77d4cf7c43_00049
e_03869,d_time_c_cd77d4cf7c43_00050
e_03952,d_time_c_cd77d4cf7c43_00051
e_03953,d_time_c_cd77d4cf7c43_00052
e_03954,d_time_c_cd77d4cf7c43_00053
e_03955,d_time_c_cd77d4cf7c43_00054
e_03956,d_time_c_cd77d4cf7c43_00055
e_03957,d_time_c_cd77d4cf7c43_00056
e_03958,d_time_c_cd77d4cf7c43_00057
e_00284,d_time_c_cd77d4cf7c43_00058
e_03959,d_time_c_cd77d4cf7c43_00059
e_03960,d_time_c_cd77d4cf7c43_00060
e_01124,d_time_c_cd77d4cf7c43_00061
e_00081,d_time_c_cd77d4cf7c43_00062
e_00243,d_time_c_cd77d4cf7c43_00063
e_03961,d_time_c_cd77d4cf7c43_00064
e_03962,d_time_c_cd77d4cf7c43_00065
e_00295,d_time_c_cd77d4cf7c43_00066
e_03963,d_time_c_cd77d4cf7c43_00067
e_03915,d_time_c_cd77d4cf7c43_00068
e_03964,d_time_c_cd77d4cf7c43_00069
e_03965,d_time_c_cd77d4cf7c43_00070
e_03966,d_time_c_cd77d4cf7c43_00071
e_03967,d_time_c_cd77d4cf7c43_00072
e_03968,d_time_c_cd77d4cf7c43_00073
e_03969,d_time_c_cd77d4cf7c43_00074
e_03970,d_time_c_cd77d4cf7c43_00075
e_03507,d_time_c_cd77d4cf7c43_00076
e_03971,d_time_c_cd77d4cf7c43_00077
e_03972,d_time_c_cd77d4cf7c43_00078
e_00901,d_time_c_cd77d4cf7c43_00079
e_03973,d_time_c_cd77d4cf7c43_00080
e_03974,d_time_c_cd77d4cf7c43_00081
e_00322,d_time_c_cd77d4cf7c43_00082
e_01039,d_time_c_cd77d4cf7c43_00083
e_03975,d_time_c_cd77d4cf7c43_00084
e_03976,d_time_c_cd77d4cf7c43_00085
e_00323,d_time_c_cd77d4cf7c43_00086
e_00103,d_time_c_cd77d4cf7c43_00087
e_03977,d_time_c_cd77d4cf7c43_00088
e_03978,d_time_c_cd77d4cf7c43_00089
e_00110,d_time_c_cd77d4cf7c43_00090
e_00329,d_time_c_cd77d4cf7c43_00091
e_00330,d_time_c_cd77d4cf7c43_00092
e_03979,d_time_c_cd77d4cf7c43_00093
e_01137,d_time_c_cd77d4cf7c43_00094
e_02048,d_time_c_cd77d4cf7c43_00095
e_03980,d_time_c_cd77d4cf7c43_00096
e_00339,d_time_c_cd77d4cf7c43_00097
e_03981,d_time_c_cd77d4cf7c43_00098
e_03982,d_time_c_cd77d4cf7c43_00099
e_03983,d_time_c_cd77d4cf7c43_00100
e_03984,d_time_c_cd77d4cf7c43_00101
e_01499,d_time_c_cd77d4cf7c43_00102
e_03985,d_time_c_cd77d4cf7c43_00103
e_00344,d_time_c_cd77d4cf7c43_00104
e_03986,d_time_c_cd77d4cf7c43_00105
e_03987,d_time_c_cd77d4cf7c43_00106
e_00351,d_time_c_cd77d4cf7c43_00107
e_03988,d_time_c_cd77d4cf7c43_00108
e_03989,d_time_c_cd77d4cf7c43_00109
e_03990,d_time_c_cd77d4cf7c43_00110
e_00472,d_time_c_cd77d4cf7c43_00111
e_03991,d_time_c_cd77d4cf7c43_00112
e_03992,d_time_c_cd77d4cf7c43_00113
e_00472,d_time_c_cd77d4cf7c43_00114
e_03993,d_time_c_cd77d4cf7c43_00115
e_00371,d_time_c_cd77d4cf7c43_00116
e_03994,d_time_c_cd77d4cf7c43_00117
e_01309,d_time_c_cd77d4cf7c43_00118
e_00372,d_time_c_cd77d4cf7c43_00119
e_03995,d_time_c_cd77d4cf7c43_00120
e_03996,d_time_c_cd77d4cf7c43_00121
e_00373,d_time_c_cd77d4cf7c43_00122
e_00215,d_time_c_d1775b94b9ac_00001
e_03997,d_time_c_d1775b94b9ac_00002
e_03998,d_time_c_d1775b94b9ac_00003
e_03999,d_time_c_d1775b94b9ac_00004
e_00049,d_time_c_d1775b94b9ac_00005
e_04252,d_time_c_d1775b94b9ac_00006
e_04000,d_time_c_d1775b94b9ac_00007
e_04001,d_time_c_d1775b94b9ac_00008
e_04002,d_time_c_d1775b94b9ac_00009
e_01287,d_time_c_d1775b94b9ac_00010
e_00766,d_time_c_d1775b94b9ac_00011
e_04003,d_time_c_d1775b94b9ac_00012
e_04004,d_time_c_d1775b94b9ac_00013
e_01003,d_time_c_d28f97c0dcef_00001
e_04005,d_time_c_d28f97c0dcef_00002
e_04006,d_time_c_d28f97c0dcef_00003
e_04007,d_time_c_d28f97c0dcef_00004
e_02830,d_time_c_d28f97c0dcef_00005
e_00613,d_time_c_d28f97c0dcef_00006
e_01012,d_time_c_d28f97c0dcef_00007
e_00489,d_time_c_d28f97c0dcef_00008
e_00385,d_time_c_d28f97c0dcef_00009
e_00215,d_time_c_d28f97c0dcef_00010
e_02159,d_time_c_d28f97c0dcef_00011
e_04008,d_time_c_d28f97c0dcef_00012
e_04009,d_time_c_d28f97c0dcef_00013
e_04010,d_time_c_d28f97c0dcef_00014
e_04011,d_time_c_d28f97c0dcef_00015
e_00049,d_time_c_d28f97c0dcef_00016
e_04012,d_time_c_d28f97c0dcef_00017
e_00642,d_time_c_d28f97c0dcef_00018
e_04013,d_time_c_d28f97c0dcef_00019
e_04014,d_time_c_d28f97c0dcef_00020
e_04015,d_time_c_d28f97c0dcef_00021
e_04016,d_time_c_d28f97c0dcef_00022
e_03791,d_time_c_d28f97c0dcef_00023
e_04017,d_time_c_d28f97c0dcef_00024
e_01628,d_time_c_d28f97c0dcef_00025
e_02214,d_time_c_d28f97c0dcef_00026
e_04018,d_time_c_d28f97c0dcef_00027
e_04019,d_time_c_d28f97c0dcef_00028
e_00053,d_time_c_d28f97c0dcef_00029
e_00053,d_time_c_d28f97c0dcef_00030
e_04020,d_time_c_d28f97c0dcef_00031
e_01031,d_time_c_d28f97c0dcef_00032
e_04021,d_time_c_d28f97c0dcef_00033
e_04022,d_time_c_d28f97c0dcef_00034
e_04023,d_time_c_d28f97c0dcef_00035
e_01689,d_time_c_d28f97c0dcef_00036
e_04024,d_time_c_d28f97c0dcef_00037
e_04025,d_time_c_d28f97c0dcef_00038
e_03299,d_time_c_d28f97c0dcef_00039
e_00103,d_time_c_d28f97c0dcef_00040
e_00322,d_time_c_d28f97c0dcef_00041
e_00321,d_time_c_d28f97c0dcef_00042
e_00101,d_time_c_d28f97c0dcef_00043
e_04026,d_time_c_d28f97c0dcef_00044
e_04027,d_time_c_d28f97c0dcef_00045
e_04028,d_time_c_d28f97c0dcef_00046
e_00766,d_time_c_d28f97c0dcef_00047
e_02327,d_time_c_d28f97c0dcef_00048
e_00764,d_time_c_d28f97c0dcef_00049
e_00125,d_time_c_d28f97c0dcef_00050
e_03715,d_time_c_d28f97c0dcef_00051
e_00847,d_time_c_d28f97c0dcef_00052
e_04029,d_time_c_d28f97c0dcef_00053
e_04030,d_time_c_d28f97c0dcef_00054
e_04253,d_time_c_d28f97c0dcef_00055
e_04031,d_time_c_d28f97c0dcef_00056
e_00158,d_time_c_d28f97c0dcef_00057
e_04032,d_time_c_d28f97c0dcef_00058
e_04033,d_time_c_d28f97c0dcef_00059
e_00155,d_time_c_d28f97c0dcef_00060
e_01048,d_time_c_d28f97c0dcef_00061
e_04034,d_time_c_d28f97c0dcef_00062
e_04035,d_time_c_d28f97c0dcef_00063
e_02868,d_time_c_d28f97c0dcef_00064
e_00602,d_time_c_d458a4b565ed_00001
e_00597,d_time_c_d458a4b565ed_00002
e_04036,d_time_c_d458a4b565ed_00003
e_04037,d_time_c_d458a4b565ed_00004
e_04038,d_time_c_d458a4b565ed_00005
e_04039,d_time_c_d458a4b565ed_00006
e_04254,d_time_c_d458a4b565ed_00007
e_04040,d_time_c_d458a4b565ed_00008
e_03359,d_time_c_d458a4b565ed_00009
e_04041,d_time_c_d458a4b565ed_00010
e_00243,d_time_c_d458a4b565ed_00011
e_04042,d_time_c_d458a4b565ed_00012
e_04043,d_time_c_d458a4b565ed_00013
e_04044,d_time_c_d458a4b565ed_00014
e_02725,d_time_c_d458a4b565ed_00015
e_04045,d_time_c_d458a4b565ed_00016
e_01451,d_time_c_d458a4b565ed_00017
e_04046,d_time_c_d458a4b565ed_00018
e_00740,d_time_c_d458a4b565ed_00019
e_04047,d_time_c_d458a4b565ed_00020
e_01776,d_time_c_d458a4b565ed_00021
e_00740,d_time_c_d458a4b565ed_00022
e_00741,d_time_c_d458a4b565ed_00023
e_04048,d_time_c_d458a4b565ed_00024
e_00759,d_time_c_d458a4b565ed_00025
e_03514,d_time_c_d458a4b565ed_00026
e_02387,d_time_c_d458a4b565ed_00027
e_00847,d_time_c_d458a4b565ed_00028
e_03684,d_time_c_d458a4b565ed_00029
e_04049,d_time_c_d458a4b565ed_00030
e_04050,d_time_c_d458a4b565ed_00031
e_04051,d_time_c_d458a4b565ed_00032
e_02961,d_time_c_d458a4b565ed_00033
e_04052,d_time_c_de1576c26015_00001
e_03592,d_time_c_de1576c26015_00002
e_04053,d_time_c_df713bc1a2f4_00001
e_00037,d_time_c_df713bc1a2f4_00002
e_02873,d_time_c_df713bc1a2f4_00003
e_02030,d_time_c_df713bc1a2f4_00004
e_04054,d_time_c_df713bc1a2f4_00005
e_04055,d_time_c_df713bc1a2f4_00006
e_04056,d_time_c_df713bc1a2f4_00007
e_04057,d_time_c_df713bc1a2f4_00008
e_00243,d_time_c_df713bc1a2f4_00009
e_04058,d_time_c_df713bc1a2f4_00010
e_00322,d_time_c_df713bc1a2f4_00011
e_04059,d_time_c_df713bc1a2f4_00012
e_04060,d_time_c_df713bc1a2f4_00013
e_04061,d_time_c_df713bc1a2f4_00014
e_04062,d_time_c_df713bc1a2f4_00015
e_04063,d_time_c_df713bc1a2f4_00016
e_04064,d_time_c_e331d15e767a_00001
e_04065,d_time_c_e389b8a07399_00001
e_04066,d_time_c_e389b8a07399_00002
e_03535,d_time_c_e389b8a07399_00003
e_04067,d_time_c_e389b8a07399_00004
e_02064,d_time_c_e389b8a07399_00005
e_04068,d_time_c_e389b8a07399_00006
e_04069,d_time_c_e389b8a07399_00007
e_04070,d_time_c_e389b8a07399_00008
e_04071,d_time_c_e389b8a07399_00009
e_00635,d_time_c_e389b8a07399_00010
e_04072,d_time_c_e389b8a07399_00011
e_04255,d_time_c_e389b8a07399_00012
e_04073,d_time_c_e389b8a07399_00013
e_00674,d_time_c_e389b8a07399_00014
e_04074,d_time_c_e389b8a07399_00015
e_00081,d_time_c_e389b8a07399_00016
e_04075,d_time_c_e389b8a07399_00017
e_04076,d_time_c_e389b8a07399_00018
e_04077,d_time_c_e389b8a07399_00019
e_04078,d_time_c_e389b8a07399_00020
e_04079,d_time_c_e389b8a07399_00021
e_00103,d_time_c_e389b8a07399_00022
e_04080,d_time_c_e389b8a07399_00023
e_03038,d_time_c_e389b8a07399_00024
e_00909,d_time_c_e389b8a07399_00025
e_04081,d_time_c_e389b8a07399_00026
e_01827,d_time_c_e389b8a07399_00027
e_04082,d_time_c_e389b8a07399_00028
e_04083,d_time_c_e389b8a07399_00029
e_02128,d_time_c_e389b8a07399_00030
e_04084,d_time_c_e389b8a07399_00031
e_04085,d_time_c_e389b8a07399_00032
e_04086,d_time_c_e389b8a07399_00033
e_00472,d_time_c_e389b8a07399_00034
e_04087,d_time_c_e389b8a07399_00035
e_04088,d_time_c_e389b8a07399_00036
e_04089,d_time_c_e389b8a07399_00037
e_04090,d_time_c_e389b8a07399_00038
e_01582,d_time_c_e389b8a07399_00039
e_00994,d_time_c_e389b8a07399_00040
e_04091,d_time_c_e389b8a07399_00041
e_04092,d_time_c_e389b8a07399_00042
e_00163,d_time_c_e4c40ad8dddb_00001
e_01703,d_time_c_e4cec8ddf3e9_00001
e_04093,d_time_c_e4cec8ddf3e9_00002
e_04094,d_time_c_e4cec8ddf3e9_00003
e_04095,d_time_c_e4cec8ddf3e9_00004
e_00829,d_time_c_e4cec8ddf3e9_00005
e_04096,d_time_c_e4cec8ddf3e9_00006
e_00385,d_time_c_e4cec8ddf3e9_00007
e_04097,d_time_c_e4cec8ddf3e9_00008
e_04098,d_time_c_e4cec8ddf3e9_00009
e_04099,d_time_c_e4cec8ddf3e9_00010
e_04100,d_time_c_e4cec8ddf3e9_00011
e_04101,d_time_c_e4cec8ddf3e9_00012
e_00674,d_time_c_e4cec8ddf3e9_00013
e_01628,d_time_c_e4cec8ddf3e9_00014
e_04102,d_time_c_e4cec8ddf3e9_00015
e_04103,d_time_c_e4cec8ddf3e9_00016
e_04104,d_time_c_e4cec8ddf3e9_00017
e_03877,d_time_c_e4cec8ddf3e9_00018
e_04105,d_time_c_e4cec8ddf3e9_00019
e_04106,d_time_c_e4cec8ddf3e9_00020
e_04107,d_time_c_e4cec8ddf3e9_00021
e_04108,d_time_c_e4cec8ddf3e9_00022
e_04109,d_time_c_e4cec8ddf3e9_00023
e_04110,d_time_c_e4cec8ddf3e9_00024
e_04111,d_time_c_e4cec8ddf3e9_00025
e_04256,d_time_c_e4cec8ddf3e9_00026
e_02822,d_time_c_e4cec8ddf3e9_00027
e_04112,d_time_c_e4cec8ddf3e9_00028
e_02864,d_time_c_e4cec8ddf3e9_00029
e_04113,d_time_c_e4cec8ddf3e9_00030
e_00587,d_time_c_e4cec8ddf3e9_00031
e_00371,d_time_c_e4cec8ddf3e9_00032
e_03009,d_time_c_e8c62ac5483c_00001
e_03011,d_time_c_e8c62ac5483c_00002
e_03014,d_time_c_e8c62ac5483c_00003
e_01753,d_time_c_e8c62ac5483c_00004
e_03017,d_time_c_e8c62ac5483c_00005
e_02784,d_time_c_e8c62ac5483c_00006
e_00587,d_time_c_e8c62ac5483c_00007
e_00201,d_time_c_e8d1aed21388_00001
e_04114,d_time_c_e8d1aed21388_00002
e_04115,d_time_c_e8d1aed21388_00003
e_04116,d_time_c_e8d1aed21388_00004
e_04117,d_time_c_e8d1aed21388_00005
e_00049,d_time_c_e8d1aed21388_00006
e_04118,d_time_c_e8d1aed21388_00007
e_04119,d_time_c_e8d1aed21388_00008
e_04120,d_time_c_e8d1aed21388_00009
e_04121,d_time_c_e8d1aed21388_00010
e_04122,d_time_c_e8d1aed21388_00011
e_04123,d_time_c_e8d1aed21388_00012
e_00215,d_time_c_e92edf73c541_00001
e_04124,d_time_c_ea155366f1e1_00001
e_04257,d_time_c_ea155366f1e1_00002
e_04125,d_time_c_ea155366f1e1_00003
e_03110,d_time_c_ea155366f1e1_00004
e_03328,d_time_c_ea155366f1e1_00005
e_00488,d_time_c_ea155366f1e1_00006
e_00037,d_time_c_ea155366f1e1_00007
e_04126,d_time_c_ea155366f1e1_00008
e_04127,d_time_c_ea155366f1e1_00009
e_04128,d_time_c_ea155366f1e1_00010
e_04129,d_time_c_ea155366f1e1_00011
e_04130,d_time_c_ea155366f1e1_00012
e_00502,d_time_c_ea155366f1e1_00013
e_00415,d_time_c_ea155366f1e1_00014
e_04131,d_time_c_ea155366f1e1_00015
e_04132,d_time_c_ea155366f1e1_00016
e_00057,d_time_c_ea155366f1e1_00017
e_04133,d_time_c_ea155366f1e1_00018
e_04134,d_time_c_ea155366f1e1_00019
e_03362,d_time_c_ea155366f1e1_00020
e_04135,d_time_c_ea155366f1e1_00021
e_04136,d_time_c_ea155366f1e1_00022
e_04137,d_time_c_ea155366f1e1_00023
e_02110,d_time_c_ea155366f1e1_00024
e_04138,d_time_c_ea155366f1e1_00025
e_04139,d_time_c_ea155366f1e1_00026
e_03365,d_time_c_ea155366f1e1_00027
e_04140,d_time_c_ea155366f1e1_00028
e_04020,d_time_c_ea155366f1e1_00029
e_04141,d_time_c_ea155366f1e1_00030
e_04142,d_time_c_ea155366f1e1_00031
e_04143,d_time_c_ea155366f1e1_00032
e_04144,d_time_c_ea155366f1e1_00033
e_04145,d_time_c_ea155366f1e1_00034
e_04146,d_time_c_ea155366f1e1_00035
e_04147,d_time_c_ea155366f1e1_00036
e_04148,d_time_c_ea155366f1e1_00037
e_04149,d_time_c_ea155366f1e1_00038
e_04148,d_time_c_ea155366f1e1_00039
e_00103,d_time_c_ea155366f1e1_00040
e_04150,d_time_c_ea155366f1e1_00041
e_04151,d_time_c_ea155366f1e1_00042
e_04152,d_time_c_ea155366f1e1_00043
e_04153,d_time_c_ea155366f1e1_00044
e_04154,d_time_c_ea155366f1e1_00045
e_03678,d_time_c_ea155366f1e1_00046
e_04155,d_time_c_ea155366f1e1_00047
e_02189,d_time_c_ea155366f1e1_00048
e_04156,d_time_c_ea155366f1e1_00049
e_04157,d_time_c_ea155366f1e1_00050
e_00128,d_time_c_ea155366f1e1_00051
e_04158,d_time_c_ea155366f1e1_00052
e_04159,d_time_c_ea155366f1e1_00053
e_04160,d_time_c_ea155366f1e1_00054
e_04161,d_time_c_ea155366f1e1_00055
e_04162,d_time_c_ea155366f1e1_00056
e_04163,d_time_c_ea155366f1e1_00057
e_00459,d_time_c_ea155366f1e1_00058
e_00583,d_time_c_ea155366f1e1_00059
e_04164,d_time_c_ea155366f1e1_00060
e_04165,d_time_c_ea155366f1e1_00061
e_04166,d_time_c_ea155366f1e1_00062
e_04167,d_time_c_ea155366f1e1_00063
e_04168,d_time_c_ea155366f1e1_00064
e_04169,d_time_c_ea155366f1e1_00065
e_04170,d_time_c_ea155366f1e1_00066
e_00215,d_time_c_edba70d8957b_00001
e_00522,d_time_c_edba70d8957b_00002
e_00535,d_time_c_edba70d8957b_00003
e_04171,d_time_c_edba70d8957b_00004
e_04172,d_time_c_edba70d8957b_00005
e_04173,d_time_c_edba70d8957b_00006
e_04174,d_time_c_edba70d8957b_00007
e_00789,d_time_c_edba70d8957b_00008
e_04175,d_time_c_ee3e83cd89f3_00001
e_04176,d_time_c_ee3e83cd89f3_00002
e_00485,d_time_c_f62ee4b860fb_00001
e_03421,d_time_c_f62ee4b860fb_00002
e_04177,d_time_c_f62ee4b860fb_00003
e_04178,d_time_c_f62ee4b860fb_00004
e_00721,d_time_c_f62ee4b860fb_00005
e_04179,d_time_c_f62ee4b860fb_00006
e_02868,d_time_c_f62ee4b860fb_00007
e_04180,d_time_c_f8d39b6e2251_00001
e_00322,d_time_c_f8d39b6e2251_00002
e_04181,d_time_c_fa593a0c196d_00001
e_04182,d_time_c_fa593a0c196d_00002
e_00695,d_time_c_fa593a0c196d_00003
e_03877,d_time_c_fa593a0c196d_00004
e_04183,d_time_c_fa593a0c196d_00005
e_04184,d_time_c_fa593a0c196d_00006
e_04185,d_time_c_fa593a0c196d_00007
e_04186,d_time_c_fa593a0c196d_00008
e_04187,d_time_c_fa593a0c196d_00009
e_04188,d_time_c_fa593a0c196d_00010
e_02406,d_time_c_fa593a0c196d_00011
e_03095,d_time_c_fa593a0c196d_00012
e_00758,d_time_c_fa593a0c196d_00013
e_01951,d_time_c_fa593a0c196d_00014
e_04189,d_time_c_fa593a0c196d_00015
e_04258,d_time_c_fa593a0c196d_00016
e_04190,d_time_c_fec8e021a8cc_00001
e_04191,d_time_c_fec8e021a8cc_00002
e_04192,d_time_c_fec8e021a8cc_00003
e_04193,d_time_c_fec8e021a8cc_00004
e_00522,d_time_c_fec8e021a8cc_00005
e_04194,d_time_c_fec8e021a8cc_00006
e_01451,d_time_c_fec8e021a8cc_00007
e_04195,d_time_c_fec8e021a8cc_00008
e_04196,d_time_c_fec8e021a8cc_00009
e_04197,d_time_c_fec8e021a8cc_00010
e_00322,d_time_c_fec8e021a8cc_00011
e_04198,d_time_c_fec8e021a8cc_00012
e_04199,d_time_c_fec8e021a8cc_00013
e_04200,d_time_c_fec8e021a8cc_00014
e_04201,d_time_c_fec8e021a8cc_00015
e_00110,d_time_c_fec8e021a8cc_00016
e_04202,d_time_c_fec8e021a8cc_00017
e_02459,d_time_c_fec8e021a8cc_00018
e_00110,d_time_c_fec8e021a8cc_00019
e_00125,d_time_c_fec8e021a8cc_00020
e_04203,d_time_c_fec8e021a8cc_00021
