event_id,event_title,event_summary,main_tag,main_tags,keywords,start_date,end_date,discussion_count,message_count,chat_count,author_count,negative_count,toxic_count,negative_share,toxic_share,importance_score,status,is_hidden
e_00096,Обсуждение коэффициентов и тарифов,"Инфоповод по теме «Коэффициент» за период 17.04.2026 04:38 — 20.04.2026 03:58. Внутри 827 сообщений, чатов: 46. Частые слова: приоритет, кэф, блядь, блять, яндекс.",Коэффициент,Коэффициент|Приложение и сбои|Фастен|Яндекс Про|яндекс,приоритет|кэф|блядь|блять|яндекс|нахуй|улица,2026-04-17 04:38:00,2026-04-20 03:58:00,522,827,46,703,123,48,0.1487,0.058,31.52,новый,False
e_00004,"яндекс: яндекс, блядь, яша","Инфоповод по теме «яндекс» за период 20.04.2026 03:17 — 23.04.2026 03:41. Внутри 631 сообщений, чатов: 55. Частые слова: яндекс, блядь, яша, такси, яндекса.",яндекс,яндекс,яндекс|блядь|яша|такси|яндекса|блять|нахуй,2026-04-20 03:17:00,2026-04-23 03:41:00,542,631,55,599,127,58,0.2013,0.0919,30.57,новый,False
e_00012,"WB Такси: такси, wildberries, запуск","Инфоповод по теме «WB Такси» за период 17.04.2026 18:21 — 18.04.2026 21:25. Внутри 186 сообщений, чатов: 35. Частые слова: такси, wildberries, запуск, проект, компании.",WB Такси,WB Такси|Забастовка|Законы и налоги|Коэффициент|Приложение и сбои|Фастен|Яндекс Про|яндекс,такси|wildberries|запуск|проект|компании|рынок|яндекс,2026-04-17 18:21:00,2026-04-18 21:25:00,73,186,35,135,39,5,0.2097,0.0269,29.24,новый,False
e_00097,Обсуждение коэффициентов и тарифов,"Инфоповод по теме «Коэффициент» за период 20.04.2026 05:38 — 21.04.2026 02:20. Внутри 346 сообщений, чатов: 43. Частые слова: приоритет, кэф, блядь, мин, фастен.",Коэффициент,Коэффициент|Приложение и сбои|Фастен|Яндекс Про|яндекс,приоритет|кэф|блядь|мин|фастен|заказ|заказы,2026-04-20 05:38:00,2026-04-21 02:20:00,189,346,43,281,57,19,0.1647,0.0549,28.94,новый,False
e_00146,"Законы, налоги и регулирование","Инфоповод по теме «Законы и налоги» за период 22.04.2026 07:45 — 23.04.2026 23:39. Внутри 286 сообщений, чатов: 39. Частые слова: такси, заказ, может, яндекс, вообще.",Законы и налоги,Законы и налоги|Коэффициент|Приложение и сбои|Фастен|Яндекс Про|яндекс,такси|заказ|может|яндекс|вообще|блядь|осаго,2026-04-22 07:45:00,2026-04-23 23:39:00,152,286,39,224,39,11,0.1364,0.0385,28.5,новый,False
e_00003,"яндекс: яндекс, яша, блять","Инфоповод по теме «яндекс» за период 18.04.2026 06:34 — 20.04.2026 02:15. Внутри 316 сообщений, чатов: 48. Частые слова: яндекс, яша, блять, нахуй, такси.",яндекс,яндекс,яндекс|яша|блять|нахуй|такси|яндекса|блядь,2026-04-18 06:34:00,2026-04-20 02:15:00,281,316,48,303,62,41,0.1962,0.1297,28.37,новый,False
e_00103,Обсуждение коэффициентов и тарифов,"Инфоповод по теме «Коэффициент» за период 23.04.2026 02:32 — 23.04.2026 23:59. Внутри 298 сообщений, чатов: 37. Частые слова: нахуй, блядь, блять, кэф, приоритет.",Коэффициент,Коэффициент|Приложение и сбои|Фастен|Яндекс Про|яндекс,нахуй|блядь|блять|кэф|приоритет|заказ|приоритета,2026-04-23 02:32:00,2026-04-23 23:59:00,164,298,37,240,56,16,0.1879,0.0537,28.24,новый,False
e_00102,Обсуждение коэффициентов и тарифов,"Инфоповод по теме «Коэффициент» за период 22.04.2026 05:12 — 23.04.2026 00:27. Внутри 292 сообщений, чатов: 34. Частые слова: кэф, приоритет, блядь, улица, подача.",Коэффициент,Коэффициент|Приложение и сбои|Фастен|Яндекс Про|яндекс,кэф|приоритет|блядь|улица|подача|санкт|кад,2026-04-22 05:12:00,2026-04-23 00:27:00,162,292,34,228,58,18,0.1986,0.0616,28.01,новый,False
e_00099,Обсуждение коэффициентов и тарифов,"Инфоповод по теме «Коэффициент» за период 21.04.2026 05:37 — 22.04.2026 00:48. Внутри 274 сообщений, чатов: 39. Частые слова: кэф, приоритет, яндекс, фастен, приоритета.",Коэффициент,Коэффициент|Приложение и сбои|Фастен|Яндекс Про|яндекс,кэф|приоритет|яндекс|фастен|приоритета|заказы|блять,2026-04-21 05:37:00,2026-04-22 00:48:00,166,274,39,230,39,9,0.1423,0.0328,27.94,новый,False
e_00001,"яндекс: яндекс, яша, яндекса","Инфоповод по теме «яндекс» за период 17.04.2026 04:50 — 18.04.2026 04:22. Внутри 233 сообщений, чатов: 43. Частые слова: яндекс, яша, яндекса, яши, такси.",яндекс,яндекс,яндекс|яша|яндекса|яши|такси|вообще|потом,2026-04-17 04:50:00,2026-04-18 04:22:00,210,233,43,225,52,22,0.2232,0.0944,27.29,новый,False
e_00143,"Законы, налоги и регулирование","Инфоповод по теме «Законы и налоги» за период 20.04.2026 04:57 — 21.04.2026 13:23. Внутри 176 сообщений, чатов: 36. Частые слова: осаго, такси, заказ, рублей, яндекс.",Законы и налоги,Законы и налоги|Коэффициент|Приложение и сбои|Фастен|Яндекс Про|яндекс,осаго|такси|заказ|рублей|яндекс|улица|может,2026-04-20 04:57:00,2026-04-21 13:23:00,95,176,36,129,35,5,0.1989,0.0284,27.13,новый,False
e_00005,"яндекс: яндекс, яша, нахуй","Инфоповод по теме «яндекс» за период 23.04.2026 05:19 — 23.04.2026 23:32. Внутри 177 сообщений, чатов: 38. Частые слова: яндекс, яша, нахуй, блять, яши.",яндекс,яндекс,яндекс|яша|нахуй|блять|яши|яндекса|блядь,2026-04-23 05:19:00,2026-04-23 23:32:00,147,177,38,158,38,21,0.2147,0.1186,26.17,новый,False
e_00132,"Законы, налоги и регулирование","Инфоповод по теме «Законы и налоги» за период 17.04.2026 07:49 — 17.04.2026 21:09. Внутри 105 сообщений, чатов: 31. Частые слова: блять, блядь, такси, апр, заказ.",Законы и налоги,Законы и налоги|Коэффициент|Приложение и сбои|Яндекс Про|яндекс,блять|блядь|такси|апр|заказ|улица|anp,2026-04-17 07:49:00,2026-04-17 21:09:00,66,105,31,92,11,5,0.1048,0.0476,25.13,новый,False
e_00086,Сбои и проблемы в приложении,"Инфоповод по теме «Приложение и сбои» за период 20.04.2026 04:21 — 20.04.2026 21:17. Внутри 91 сообщений, чатов: 29. Частые слова: max, приложение, сообщений, такси, позволяет.",Приложение и сбои,Приложение и сбои|Фастен|Яндекс Про|яндекс,max|приложение|сообщений|такси|позволяет|яндекс|быстрое,2026-04-20 04:21:00,2026-04-20 21:17:00,57,91,29,73,17,7,0.1868,0.0769,24.39,новый,False
e_00093,Сбои и проблемы в приложении,"Инфоповод по теме «Приложение и сбои» за период 23.04.2026 03:21 — 23.04.2026 18:41. Внутри 81 сообщений, чатов: 26. Частые слова: max, приложение, такси, быстрое, легкое.",Приложение и сбои,Приложение и сбои|Фастен|Яндекс Про|яндекс,max|приложение|такси|быстрое|легкое|общения|решения,2026-04-23 03:21:00,2026-04-23 18:41:00,52,81,26,61,16,4,0.1975,0.0494,23.74,новый,False
e_00075,Сбои и проблемы в приложении,"Инфоповод по теме «Приложение и сбои» за период 17.04.2026 03:49 — 17.04.2026 21:09. Внутри 101 сообщений, чатов: 21. Частые слова: max, приложение, такси, эконом, быстрое.",Приложение и сбои,Приложение и сбои|Фастен|Яндекс Про|яндекс,max|приложение|такси|эконом|быстрое|легкое|общения,2026-04-17 03:49:00,2026-04-17 21:09:00,57,101,21,73,17,4,0.1683,0.0396,23.67,новый,False
e_00144,"Законы, налоги и регулирование","Инфоповод по теме «Законы и налоги» за период 21.04.2026 14:27 — 22.04.2026 03:01. Внутри 70 сообщений, чатов: 26. Частые слова: такси, яндекс, заказ, https, водителей.",Законы и налоги,Законы и налоги|Коэффициент|Приложение и сбои|Яндекс Про|яндекс,такси|яндекс|заказ|https|водителей|года|цен,2026-04-21 14:27:00,2026-04-22 03:01:00,39,70,26,48,13,1,0.1857,0.0143,23.65,новый,False
e_00140,"Законы, налоги и регулирование","Инфоповод по теме «Законы и налоги» за период 19.04.2026 13:21 — 20.04.2026 00:18. Внутри 90 сообщений, чатов: 17. Частые слова: осаго, блядь, аренды, средства, блять.",Законы и налоги,Законы и налоги|Коэффициент|Приложение и сбои|Фастен|Яндекс Про|яндекс,осаго|блядь|аренды|средства|блять|дтп|транспортного,2026-04-19 13:21:00,2026-04-20 00:18:00,52,90,17,72,17,9,0.1889,0.1,23.64,новый,False
e_00092,Сбои и проблемы в приложении,"Инфоповод по теме «Приложение и сбои» за период 22.04.2026 03:03 — 23.04.2026 00:39. Внутри 90 сообщений, чатов: 23. Частые слова: max, приложение, быстрое, легкое, общения.",Приложение и сбои,Приложение и сбои|Фастен|Яндекс Про|яндекс,max|приложение|быстрое|легкое|общения|решения|позволяет,2026-04-22 03:03:00,2026-04-23 00:39:00,59,90,23,70,10,3,0.1111,0.0333,23.39,новый,False
e_00089,Сбои и проблемы в приложении,"Инфоповод по теме «Приложение и сбои» за период 21.04.2026 04:35 — 21.04.2026 21:40. Внутри 75 сообщений, чатов: 26. Частые слова: max, приложение, такси, сообщений, эконом.",Приложение и сбои,Приложение и сбои|Фастен|Яндекс Про|яндекс,max|приложение|такси|сообщений|эконом|быстрое|легкое,2026-04-21 04:35:00,2026-04-21 21:40:00,44,75,26,52,9,2,0.12,0.0267,23.11,новый,False
e_00051,"Фастен: фастен, блять, фастену","Инфоповод по теме «Фастен» за период 17.04.2026 16:03 — 19.04.2026 15:40. Внутри 103 сообщений, чатов: 19. Частые слова: фастен, блять, фастену, тариф, везет.",Фастен,Фастен|яндекс,фастен|блять|фастену|тариф|везет|комфорт|рейтинг,2026-04-17 16:03:00,2026-04-19 15:40:00,69,103,19,90,20,8,0.1942,0.0777,22.82,новый,False
e_00135,"Законы, налоги и регулирование","Инфоповод по теме «Законы и налоги» за период 18.04.2026 07:29 — 18.04.2026 22:45. Внутри 66 сообщений, чатов: 18. Частые слова: блять, блядь, заказ, такси, вообще.",Законы и налоги,Законы и налоги|Коэффициент|Приложение и сбои|Фастен|Яндекс Про|яндекс,блять|блядь|заказ|такси|вообще|нахуй|конечно,2026-04-18 07:29:00,2026-04-18 22:45:00,39,66,18,57,9,4,0.1364,0.0606,22.69,новый,False
e_00078,Сбои и проблемы в приложении,"Инфоповод по теме «Приложение и сбои» за период 18.04.2026 03:54 — 18.04.2026 18:27. Внутри 68 сообщений, чатов: 19. Частые слова: max, приложение, такси, быстрое, легкое.",Приложение и сбои,Приложение и сбои|Фастен|Яндекс Про|яндекс,max|приложение|такси|быстрое|легкое|общения|решения,2026-04-18 03:54:00,2026-04-18 18:27:00,36,68,19,41,5,0,0.0735,0.0,21.74,новый,False
e_00079,Сбои и проблемы в приложении,"Инфоповод по теме «Приложение и сбои» за период 18.04.2026 19:30 — 19.04.2026 05:43. Внутри 38 сообщений, чатов: 16. Частые слова: max, приложение, позволяет, такси, переходите.",Приложение и сбои,Приложение и сбои|Яндекс Про|яндекс,max|приложение|позволяет|такси|переходите|эконом|быстрое,2026-04-18 19:30:00,2026-04-19 05:43:00,31,38,16,33,7,3,0.1842,0.0789,20.63,новый,False
e_00081,Сбои и проблемы в приложении,"Инфоповод по теме «Приложение и сбои» за период 19.04.2026 08:27 — 19.04.2026 14:16. Внутри 40 сообщений, чатов: 16. Частые слова: max, приложение, блядь, вообще, яндекс.",Приложение и сбои,Приложение и сбои|Яндекс Про|яндекс,max|приложение|блядь|вообще|яндекс|пиздец|туда,2026-04-19 08:27:00,2026-04-19 14:16:00,25,40,16,33,3,0,0.075,0.0,20.13,новый,False
e_00010,"WB Такси: такси, нахуй, wildberries","Инфоповод по теме «WB Такси» за период 17.04.2026 07:19 — 17.04.2026 12:53. Внутри 45 сообщений, чатов: 9. Частые слова: такси, нахуй, wildberries, блядь, типа.",WB Такси,WB Такси|Законы и налоги|Коэффициент|Приложение и сбои|Фастен|Яндекс Про|яндекс,такси|нахуй|wildberries|блядь|типа|яндекс|года,2026-04-17 07:19:00,2026-04-17 12:53:00,13,45,9,29,10,1,0.2222,0.0222,20.07,новый,False
e_00055,"Фастен: фастен, яндекс, заказ","Инфоповод по теме «Фастен» за период 20.04.2026 05:54 — 20.04.2026 19:58. Внутри 51 сообщений, чатов: 9. Частые слова: фастен, яндекс, заказ, минуты, через.",Фастен,Фастен|яндекс,фастен|яндекс|заказ|минуты|через|теперь|пишет,2026-04-20 05:54:00,2026-04-20 19:58:00,29,51,9,43,6,3,0.1176,0.0588,18.77,новый,False
e_00056,"Фастен: фастен, фастена, яндекс","Инфоповод по теме «Фастен» за период 20.04.2026 21:16 — 21.04.2026 11:13. Внутри 28 сообщений, чатов: 8. Частые слова: фастен, фастена, яндекс, заказа, комфорт.",Фастен,Фастен|яндекс,фастен|фастена|яндекс|заказа|комфорт|нахуй|фастенов,2026-04-20 21:16:00,2026-04-21 11:13:00,20,28,8,27,7,6,0.25,0.2143,17.82,новый,False
e_00023,"WB Такси: такси, яша, яндекс","Инфоповод по теме «WB Такси» за период 20.04.2026 17:12 — 20.04.2026 21:58. Внутри 17 сообщений, чатов: 8. Частые слова: такси, яша, яндекс, даст, автоваз.",WB Такси,WB Такси|Законы и налоги|Приложение и сбои|Фастен|Яндекс Про|яндекс,такси|яша|яндекс|даст|автоваз|ему|свои,2026-04-20 17:12:00,2026-04-20 21:58:00,10,17,8,16,5,0,0.2941,0.0,17.72,новый,False
e_00083,Сбои и проблемы в приложении,"Инфоповод по теме «Приложение и сбои» за период 19.04.2026 18:54 — 19.04.2026 23:57. Внутри 21 сообщений, чатов: 9. Частые слова: приложение, сбой, telegram, telega, приложением.",Приложение и сбои,Приложение и сбои|Фастен|Яндекс Про|яндекс,приложение|сбой|telegram|telega|приложением|приложения|яндекс,2026-04-19 18:54:00,2026-04-19 23:57:00,14,21,9,19,3,0,0.1429,0.0,17.41,новый,False
e_00053,"Фастен: фастен, мин, фастена","Инфоповод по теме «Фастен» за период 19.04.2026 21:11 — 20.04.2026 02:16. Внутри 27 сообщений, чатов: 10. Частые слова: фастен, мин, фастена, дешевле, почему.",Фастен,Фастен|яндекс,фастен|мин|фастена|дешевле|почему|пулково|район,2026-04-19 21:11:00,2026-04-20 02:16:00,16,27,10,22,3,3,0.1111,0.1111,17.33,новый,False
e_00113,Обсуждение забастовки водителей,"Инфоповод по теме «Забастовка» за период 19.04.2026 14:00 — 19.04.2026 17:01. Внутри 6 сообщений, чатов: 4. Частые слова: такси, водителя, какая, забастовка, никогда.",Забастовка,Забастовка|Законы и налоги|Фастен,такси|водителя|какая|забастовка|никогда|этого|вынуждены,2026-04-19 14:00:00,2026-04-19 17:01:00,4,6,4,6,3,2,0.5,0.3333,17.14,новый,False
e_00015,"WB Такси: такси, wildberries, https","Инфоповод по теме «WB Такси» за период 19.04.2026 11:01 — 19.04.2026 16:22. Внутри 21 сообщений, чатов: 7. Частые слова: такси, wildberries, https, сообщений, single.",WB Такси,WB Такси|Коэффициент|Фастен|яндекс,такси|wildberries|https|сообщений|single|запуск|проект,2026-04-19 11:01:00,2026-04-19 16:22:00,9,21,7,18,6,2,0.2857,0.0952,17.07,новый,False
e_00064,"Фастен: фастен, мин, яндекс","Инфоповод по теме «Фастен» за период 22.04.2026 13:40 — 22.04.2026 16:11. Внутри 23 сообщений, чатов: 9. Частые слова: фастен, мин, яндекс, везет, заказа.",Фастен,Фастен|яндекс,фастен|мин|яндекс|везет|заказа|фастена|комфорт,2026-04-22 13:40:00,2026-04-22 16:11:00,12,23,9,21,4,1,0.1739,0.0435,16.87,новый,False
e_00069,"Фастен: фастен, яндекс, рейтинг","Инфоповод по теме «Фастен» за период 23.04.2026 08:35 — 23.04.2026 14:35. Внутри 18 сообщений, чатов: 7. Частые слова: фастен, яндекс, рейтинг, пишет, значит.",Фастен,Фастен|яндекс,фастен|яндекс|рейтинг|пишет|значит|пассажира|яше,2026-04-23 08:35:00,2026-04-23 14:35:00,13,18,7,17,7,3,0.3889,0.1667,16.79,новый,False
e_00126,Обсуждение забастовки водителей,"Инфоповод по теме «Забастовка» за период 23.04.2026 20:13 — 23.04.2026 23:15. Внутри 15 сообщений, чатов: 3. Частые слова: блядь, говорю, может, такси, потому.",Забастовка,Забастовка|Законы и налоги|Коэффициент|яндекс,блядь|говорю|может|такси|потому|эти|опять,2026-04-23 20:13:00,2026-04-23 23:15:00,4,15,3,12,2,0,0.1333,0.0,16.6,новый,False
e_00021,"WB Такси: такси, wildberries, блядь","Инфоповод по теме «WB Такси» за период 20.04.2026 09:33 — 20.04.2026 14:28. Внутри 16 сообщений, чатов: 9. Частые слова: такси, wildberries, блядь, компании, запуск.",WB Такси,WB Такси|Коэффициент|яндекс,такси|wildberries|блядь|компании|запуск|проект|пресс,2026-04-20 09:33:00,2026-04-20 14:28:00,9,16,9,14,4,0,0.25,0.0,16.59,новый,False
e_00136,"Законы, налоги и регулирование","Инфоповод по теме «Законы и налоги» за период 18.04.2026 23:47 — 19.04.2026 02:20. Внутри 15 сообщений, чатов: 7. Частые слова: anp, нахуй, отдохните, комиссии, часов.",Законы и налоги,Законы и налоги|Коэффициент,anp|нахуй|отдохните|комиссии|часов|блядь|через,2026-04-18 23:47:00,2026-04-19 02:20:00,10,15,7,13,2,1,0.1333,0.0667,16.52,новый,False
e_00095,Обсуждение коэффициентов и тарифов,"Инфоповод по теме «Коэффициент» за период 17.04.2026 00:00 — 17.04.2026 03:32. Внутри 30 сообщений, чатов: 5. Частые слова: приоритет, яндекс, кад, пропустить, мин.",Коэффициент,Коэффициент|Приложение и сбои|Яндекс Про|яндекс,приоритет|яндекс|кад|пропустить|мин|подача|ближняя,2026-04-17 00:00:00,2026-04-17 03:32:00,10,30,5,18,2,0,0.0667,0.0,16.47,новый,False
e_00000,"яндекс: нахуй, блять, яндекс","Инфоповод по теме «яндекс» за период 17.04.2026 00:16 — 17.04.2026 03:33. Внутри 19 сообщений, чатов: 10. Частые слова: нахуй, блять, яндекс, максимум, пользовался.",яндекс,яндекс,нахуй|блять|яндекс|максимум|пользовался|блядь|день,2026-04-17 00:16:00,2026-04-17 03:33:00,18,19,10,19,0,1,0.0,0.0526,15.99,новый,False
e_00087,Сбои и проблемы в приложении,"Инфоповод по теме «Приложение и сбои» за период 20.04.2026 22:19 — 21.04.2026 00:26. Внутри 12 сообщений, чатов: 9. Частые слова: max, садовом, кольце, приложение, bmw.",Приложение и сбои,Приложение и сбои|Яндекс Про|яндекс,max|садовом|кольце|приложение|bmw|дтп|движение,2026-04-20 22:19:00,2026-04-21 00:26:00,9,12,9,12,1,0,0.0833,0.0,15.77,новый,False
e_00107,Обсуждение забастовки водителей,"Инфоповод по теме «Забастовка» за период 17.04.2026 13:51 — 17.04.2026 15:20. Внутри 3 сообщений, чатов: 2. Частые слова: этого, зумеры, должны, заместить, выбывших.",Забастовка,Забастовка,этого|зумеры|должны|заместить|выбывших|работников|сделали,2026-04-17 13:51:00,2026-04-17 15:20:00,3,3,2,3,3,0,1.0,0.0,15.63,новый,False
e_00082,Сбои и проблемы в приложении,"Инфоповод по теме «Приложение и сбои» за период 19.04.2026 15:29 — 19.04.2026 17:49. Внутри 11 сообщений, чатов: 8. Частые слова: max, сразу, решения, приложение, кад.",Приложение и сбои,Приложение и сбои|Яндекс Про|яндекс,max|сразу|решения|приложение|кад|приложении|ходатайства,2026-04-19 15:29:00,2026-04-19 17:49:00,10,11,8,10,2,0,0.1818,0.0,15.61,новый,False
e_00020,"WB Такси: такси, оплаты, яндекс","Инфоповод по теме «WB Такси» за период 20.04.2026 00:58 — 20.04.2026 01:57. Внутри 17 сообщений, чатов: 2. Частые слова: такси, оплаты, яндекс, водителя, wildberries.",WB Такси,WB Такси|Забастовка|Законы и налоги|Фастен|яндекс,такси|оплаты|яндекс|водителя|wildberries|семьи|фастен,2026-04-20 00:58:00,2026-04-20 01:57:00,3,17,2,6,2,0,0.1176,0.0,15.55,новый,False
e_00059,"Фастен: фастен, комфорт, теперь","Инфоповод по теме «Фастен» за период 21.04.2026 18:50 — 21.04.2026 19:34. Внутри 10 сообщений, чатов: 6. Частые слова: фастен, комфорт, теперь, апреля, яша.",Фастен,Фастен|яндекс,фастен|комфорт|теперь|апреля|яша|слабинку|дал,2026-04-21 18:50:00,2026-04-21 19:34:00,7,10,6,9,4,4,0.4,0.4,15.4,новый,False
e_00094,Сбои и проблемы в приложении,"Инфоповод по теме «Приложение и сбои» за период 23.04.2026 20:00 — 23.04.2026 23:31. Внутри 11 сообщений, чатов: 7. Частые слова: яндекс, мной, приложение, открыть, посмотреть.",Приложение и сбои,Приложение и сбои|Фастен|Яндекс Про|яндекс,яндекс|мной|приложение|открыть|посмотреть|может|потерять,2026-04-23 20:00:00,2026-04-23 23:31:00,8,11,7,11,2,0,0.1818,0.0,15.38,новый,False
e_00123,Обсуждение забастовки водителей,"Инфоповод по теме «Забастовка» за период 23.04.2026 10:27 — 23.04.2026 13:30. Внутри 10 сообщений, чатов: 2. Частые слова: пока, поэтому, такси, потому, эти.",Забастовка,Забастовка|Законы и налоги|Коэффициент|Приложение и сбои|Яндекс Про|яндекс,пока|поэтому|такси|потому|эти|никто|котором,2026-04-23 10:27:00,2026-04-23 13:30:00,2,10,2,5,3,0,0.3,0.0,15.18,новый,False
e_01344,Обсуждение забастовки водителей,"Инфоповод по теме «Забастовка» за период 17.04.2026 01:54 — 17.04.2026 02:20. Внутри 15 сообщений, чатов: 1. Частые слова: апреля, vpn, приоритет, ебать, доступ.",Забастовка,Забастовка|Законы и налоги|Коэффициент|Приложение и сбои|Яндекс Про|яндекс,апреля|vpn|приоритет|ебать|доступ|нужно|telegram,2026-04-17 01:54:00,2026-04-17 02:20:00,1,15,1,6,5,0,0.3333,0.0,15.17,новый,False
e_00115,Обсуждение забастовки водителей,"Инфоповод по теме «Забастовка» за период 20.04.2026 17:42 — 21.04.2026 18:32. Внутри 9 сообщений, чатов: 2. Частые слова: блять, этом, какие, люди, конечно.",Забастовка,Забастовка|Законы и налоги|Приложение и сбои|Яндекс Про|яндекс,блять|этом|какие|люди|конечно|рамках|будут,2026-04-20 17:42:00,2026-04-21 18:32:00,4,9,2,7,2,1,0.2222,0.1111,15.13,новый,False
e_00105,Обсуждение забастовки водителей,"Инфоповод по теме «Забастовка» за период 17.04.2026 01:51 — 17.04.2026 02:12. Внутри 6 сообщений, чатов: 2. Частые слова: яндекс, нахуй, сука, блядь, забастовку.",Забастовка,Забастовка|Коэффициент|яндекс,яндекс|нахуй|сука|блядь|забастовку|почему|хавают,2026-04-17 01:51:00,2026-04-17 02:12:00,2,6,2,4,3,0,0.5,0.0,14.93,новый,False
e_00491,Обсуждение забастовки водителей,"Инфоповод по теме «Забастовка» за период 20.04.2026 01:40 — 20.04.2026 02:12. Внутри 4 сообщений, чатов: 1. Частые слова: блять, вообще, работать, потому, яндекс.",Забастовка,Забастовка|Законы и налоги|Коэффициент|яндекс,блять|вообще|работать|потому|яндекс|именно|эти,2026-04-20 01:40:00,2026-04-20 02:12:00,1,4,1,2,3,2,0.75,0.5,14.83,новый,False
e_00108,Обсуждение забастовки водителей,"Инфоповод по теме «Забастовка» за период 17.04.2026 18:49 — 17.04.2026 19:30. Внутри 2 сообщений, чатов: 2. Частые слова: облавы, дэпсов, пересменок, работают, нулей.",Забастовка,Забастовка,облавы|дэпсов|пересменок|работают|нулей|рейд|такси,2026-04-17 18:49:00,2026-04-17 19:30:00,2,2,2,2,2,0,1.0,0.0,14.82,новый,False
e_00029,"WB Такси: такси, права, работать","Инфоповод по теме «WB Такси» за период 21.04.2026 18:14 — 21.04.2026 19:16. Внутри 24 сообщений, чатов: 2. Частые слова: такси, права, работать, год, прав.",WB Такси,WB Такси|Законы и налоги|Коэффициент|Приложение и сбои|Яндекс Про|яндекс,такси|права|работать|год|прав|яндекс|года,2026-04-21 18:14:00,2026-04-21 19:16:00,7,24,2,10,3,1,0.125,0.0417,14.69,новый,False
e_00110,Обсуждение забастовки водителей,"Инфоповод по теме «Забастовка» за период 18.04.2026 13:58 — 18.04.2026 14:15. Внутри 9 сообщений, чатов: 1. Частые слова: яндекс, ваши, будете, яндекса, говорится.",Забастовка,Забастовка|Приложение и сбои|яндекс,яндекс|ваши|будете|яндекса|говорится|нихуя|ничего,2026-04-18 13:58:00,2026-04-18 14:15:00,2,9,1,2,5,1,0.5556,0.1111,14.66,новый,False
e_00236,Обсуждение забастовки водителей,"Инфоповод по теме «Забастовка» за период 17.04.2026 18:37 — 20.04.2026 14:54. Внутри 7 сообщений, чатов: 1. Частые слова: заказ, рейтинг, фастен, точка, вообще.",Забастовка,Забастовка|Приложение и сбои|Фастен|Яндекс Про|яндекс,заказ|рейтинг|фастен|точка|вообще|проблема|приложении,2026-04-17 18:37:00,2026-04-20 14:54:00,1,7,1,5,3,2,0.4286,0.2857,14.61,новый,False
e_00116,Обсуждение забастовки водителей,"Инфоповод по теме «Забастовка» за период 21.04.2026 20:07 — 21.04.2026 23:09. Внутри 20 сообщений, чатов: 1. Частые слова: вообще, потому, почему, машину, такси.",Забастовка,Забастовка|Законы и налоги|Коэффициент|яндекс,вообще|потому|почему|машину|такси|какой|может,2026-04-21 20:07:00,2026-04-21 23:09:00,1,20,1,6,0,0,0.0,0.0,14.38,новый,False
e_00881,"WB Такси: похожи, гаишника, похож","Инфоповод по теме «WB Такси» за период 23.04.2026 01:10 — 23.04.2026 18:42. Внутри 7 сообщений, чатов: 1. Частые слова: похожи, гаишника, похож, скажите, профсоюз.",WB Такси,WB Такси|Забастовка|Законы и налоги|яндекс,похожи|гаишника|похож|скажите|профсоюз|всех|батенька,2026-04-23 01:10:00,2026-04-23 18:42:00,1,7,1,4,3,1,0.4286,0.1429,14.18,новый,False
e_00317,Обсуждение забастовки водителей,"Инфоповод по теме «Забастовка» за период 18.04.2026 17:24 — 18.04.2026 18:24. Внутри 6 сообщений, чатов: 1. Частые слова: https, происходит, всем, такси, каждый.",Забастовка,Забастовка|Законы и налоги|Приложение и сбои|Яндекс Про,https|происходит|всем|такси|каждый|давно|хазин,2026-04-18 17:24:00,2026-04-18 18:24:00,1,6,1,3,3,1,0.5,0.1667,14.07,новый,False
e_00062,"Фастен: рейтинг, всем, фастену","Инфоповод по теме «Фастен» за период 22.04.2026 05:52 — 22.04.2026 09:51. Внутри 12 сообщений, чатов: 7. Частые слова: рейтинг, всем, фастену, зачем, ставлю.",Фастен,Фастен|яндекс,рейтинг|всем|фастену|зачем|ставлю|например|падает,2026-04-22 05:52:00,2026-04-22 09:51:00,8,12,7,12,0,1,0.0,0.0833,14.05,новый,False
e_00076,Сбои и проблемы в приложении,"Инфоповод по теме «Приложение и сбои» за период 17.04.2026 22:10 — 17.04.2026 23:49. Внутри 7 сообщений, чатов: 6. Частые слова: приложение, max, заказа, городу, время.",Приложение и сбои,Приложение и сбои|Фастен|Яндекс Про|яндекс,приложение|max|заказа|городу|время|заказ|такси,2026-04-17 22:10:00,2026-04-17 23:49:00,7,7,6,7,1,1,0.1429,0.1429,14.04,новый,False
e_00145,"Законы, налоги и регулирование","Инфоповод по теме «Законы и налоги» за период 22.04.2026 04:52 — 22.04.2026 06:20. Внутри 8 сообщений, чатов: 5. Частые слова: такси, android, двойной, кстати, хочется.",Законы и налоги,Законы и налоги|Приложение и сбои|Яндекс Про|яндекс,такси|android|двойной|кстати|хочется|делать|комиссии,2026-04-22 04:52:00,2026-04-22 06:20:00,6,8,5,6,1,0,0.125,0.0,13.93,новый,False
e_00640,Обсуждение забастовки водителей,"Инфоповод по теме «Забастовка» за период 21.04.2026 01:26 — 21.04.2026 01:37. Внутри 2 сообщений, чатов: 1. Частые слова: ничего, всех, прав, поэтому, легко.",Забастовка,Забастовка|яндекс,ничего|всех|прав|поэтому|легко|никогда|небыло,2026-04-21 01:26:00,2026-04-21 01:37:00,1,2,1,2,2,0,1.0,0.0,13.81,новый,False
e_01147,Обсуждение забастовки водителей,"Инфоповод по теме «Забастовка» за период 18.04.2026 18:20 — 18.04.2026 19:34. Внутри 14 сообщений, чатов: 1. Частые слова: блядь, нахуй, яндекс, рублей, конечно.",Забастовка,Забастовка|Коэффициент|Приложение и сбои|Яндекс Про|яндекс,блядь|нахуй|яндекс|рублей|конечно|вообще|грузчика,2026-04-18 18:20:00,2026-04-18 19:34:00,1,14,1,4,1,0,0.0714,0.0,13.72,новый,False
e_00428,"Законы, налоги и регулирование","Инфоповод по теме «Законы и налоги» за период 19.04.2026 17:55 — 19.04.2026 19:46. Внутри 10 сообщений, чатов: 1. Частые слова: блять, блядь, приложение, говорит, вообще.",Законы и налоги,Законы и налоги|Коэффициент|Приложение и сбои|Фастен|Яндекс Про|яндекс,блять|блядь|приложение|говорит|вообще|столько|делать,2026-04-19 17:55:00,2026-04-19 19:46:00,2,10,1,8,5,2,0.5,0.2,13.69,новый,False
e_00138,"Законы, налоги и регулирование","Инфоповод по теме «Законы и налоги» за период 19.04.2026 09:58 — 19.04.2026 10:31. Внутри 8 сообщений, чатов: 5. Частые слова: обязательно, пожалуйста, машина, колпак, крышу.",Законы и налоги,Законы и налоги|Коэффициент|яндекс,обязательно|пожалуйста|машина|колпак|крышу|лучше|айфон,2026-04-19 09:58:00,2026-04-19 10:31:00,6,8,5,7,0,0,0.0,0.0,13.54,новый,False
e_01267,Обсуждение забастовки водителей,"Инфоповод по теме «Забастовка» за период 21.04.2026 11:01 — 21.04.2026 11:01. Внутри 2 сообщений, чатов: 1. Частые слова: боня, подняла, настоящий, бабий, бунт.",Забастовка,Забастовка|Законы и налоги,боня|подняла|настоящий|бабий|бунт|соц|сетях,2026-04-21 11:01:00,2026-04-21 11:01:00,1,2,1,1,2,0,1.0,0.0,13.48,новый,False
e_00812,Обсуждение забастовки водителей,"Инфоповод по теме «Забастовка» за период 22.04.2026 14:20 — 22.04.2026 14:40. Внутри 5 сообщений, чатов: 1. Частые слова: подтвердили, правда, могу, понять, увидел.",Забастовка,Забастовка|Коэффициент|яндекс,подтвердили|правда|могу|понять|увидел|подтверждение|ладно,2026-04-22 14:20:00,2026-04-22 14:40:00,1,5,1,3,2,1,0.4,0.2,13.43,новый,False
e_00119,Обсуждение забастовки водителей,"Инфоповод по теме «Забастовка» за период 22.04.2026 12:20 — 22.04.2026 12:36. Внутри 6 сообщений, чатов: 2. Частые слова: бастую, када, забастоффка, яндекса, нужен.",Забастовка,Забастовка|Законы и налоги|яндекс,бастую|када|забастоффка|яндекса|нужен|хуй|вами,2026-04-22 12:20:00,2026-04-22 12:36:00,2,6,2,5,0,1,0.0,0.1667,13.41,новый,False
e_00781,Обсуждение коэффициентов и тарифов,"Инфоповод по теме «Коэффициент» за период 22.04.2026 11:30 — 22.04.2026 12:31. Внутри 11 сообщений, чатов: 1. Частые слова: кэфы, яша, часа, тухли, убивает.",Коэффициент,Коэффициент|Приложение и сбои|Яндекс Про|яндекс,кэфы|яша|часа|тухли|убивает|заказ|ставишь,2026-04-22 11:30:00,2026-04-22 12:31:00,1,11,1,5,6,3,0.5455,0.2727,13.36,новый,False
e_00528,"Законы, налоги и регулирование","Инфоповод по теме «Законы и налоги» за период 20.04.2026 11:52 — 20.04.2026 16:10. Внутри 3 сообщений, чатов: 1. Частые слова: может, знает, всем, привет, чате.",Законы и налоги,Законы и налоги|Фастен|яндекс,может|знает|всем|привет|чате|человек|яндекс,2026-04-20 11:52:00,2026-04-20 16:10:00,1,3,1,3,3,1,1.0,0.3333,13.28,новый,False
e_00027,"WB Такси: такси, яндекса, напихай","Инфоповод по теме «WB Такси» за период 21.04.2026 10:11 — 21.04.2026 12:34. Внутри 6 сообщений, чатов: 5. Частые слова: такси, яндекса, напихай, хуев, панамку.",WB Такси,WB Такси|яндекс,такси|яндекса|напихай|хуев|панамку|расходимся|работает,2026-04-21 10:11:00,2026-04-21 12:34:00,5,6,5,6,2,1,0.3333,0.1667,13.09,новый,False
e_00856,Сбои и проблемы в приложении,"Инфоповод по теме «Приложение и сбои» за период 22.04.2026 19:51 — 22.04.2026 19:54. Внутри 2 сообщений, чатов: 1. Частые слова: пиная, хуй, вожу, работой, работа.",Приложение и сбои,Приложение и сбои|Яндекс Про,пиная|хуй|вожу|работой|работа|слышал|150к,2026-04-22 19:51:00,2026-04-22 19:54:00,1,2,1,1,2,2,1.0,1.0,12.98,новый,False
e_00026,"WB Такси: бля, яшей, сука","Инфоповод по теме «WB Такси» за период 21.04.2026 07:56 — 21.04.2026 08:57. Внутри 4 сообщений, чатов: 3. Частые слова: бля, яшей, сука, слышно, похуй.",WB Такси,WB Такси|яндекс,бля|яшей|сука|слышно|похуй|такси|катал,2026-04-21 07:56:00,2026-04-21 08:57:00,3,4,3,4,2,3,0.5,0.75,12.97,новый,False
e_00084,Сбои и проблемы в приложении,"Инфоповод по теме «Приложение и сбои» за период 20.04.2026 01:56 — 20.04.2026 01:58. Внутри 3 сообщений, чатов: 2. Частые слова: фастену, мразь, одного, лет, днем.",Приложение и сбои,Приложение и сбои|Фастен|Яндекс Про|яндекс,фастену|мразь|одного|лет|днем|высаживал|недавно,2026-04-20 01:56:00,2026-04-20 01:58:00,2,3,2,2,2,2,0.6667,0.6667,12.9,новый,False
e_00070,"Фастен: фастен, такси, тыс","Инфоповод по теме «Фастен» за период 23.04.2026 15:44 — 23.04.2026 18:25. Внутри 10 сообщений, чатов: 5. Частые слова: фастен, такси, тыс, яндекс, брал.",Фастен,Фастен|яндекс,фастен|такси|тыс|яндекс|брал|бензин|аренда,2026-04-23 15:44:00,2026-04-23 18:25:00,8,10,5,9,0,1,0.0,0.1,12.82,новый,False
e_00619,Обсуждение забастовки водителей,"Инфоповод по теме «Забастовка» за период 20.04.2026 21:34 — 20.04.2026 22:11. Внутри 5 сообщений, чатов: 1. Частые слова: профсоюз, такси, вопрос, типа, работу.",Забастовка,Забастовка|яндекс,профсоюз|такси|вопрос|типа|работу|потому|хуйня,2026-04-20 21:34:00,2026-04-20 22:11:00,1,5,1,4,1,1,0.2,0.2,12.8,новый,False
e_00045,"WB Такси: такси, доплаты, яша","Инфоповод по теме «WB Такси» за период 23.04.2026 22:13 — 23.04.2026 23:54. Внутри 8 сообщений, чатов: 3. Частые слова: такси, доплаты, яша, щас, врядли.",WB Такси,WB Такси|Законы и налоги|Приложение и сбои|яндекс,такси|доплаты|яша|щас|врядли|работает|фишка,2026-04-23 22:13:00,2026-04-23 23:54:00,4,8,3,7,0,1,0.0,0.125,12.77,новый,False
e_00598,"WB Такси: яндекс, может, такси","Инфоповод по теме «WB Такси» за период 20.04.2026 19:32 — 21.04.2026 11:59. Внутри 14 сообщений, чатов: 1. Частые слова: яндекс, может, такси, сами, яшка.",WB Такси,WB Такси|Приложение и сбои|Яндекс Про|яндекс,яндекс|может|такси|сами|яшка|яндексом|водителей,2026-04-20 19:32:00,2026-04-21 11:59:00,1,14,1,7,5,0,0.3571,0.0,12.74,новый,False
e_00137,"Законы, налоги и регулирование","Инфоповод по теме «Законы и налоги» за период 19.04.2026 04:44 — 19.04.2026 06:29. Внутри 11 сообщений, чатов: 2. Частые слова: пулково, кэф, приоритет, пиздец, заказы.",Законы и налоги,Законы и налоги|Коэффициент|Приложение и сбои|Фастен|яндекс,пулково|кэф|приоритет|пиздец|заказы|пропустить|кад,2026-04-19 04:44:00,2026-04-19 06:29:00,3,11,2,7,1,0,0.0909,0.0,12.74,новый,False
e_00063,"Фастен: фастен, апреля, типа","Инфоповод по теме «Фастен» за период 22.04.2026 10:57 — 22.04.2026 12:24. Внутри 8 сообщений, чатов: 4. Частые слова: фастен, апреля, типа, того, заказ.",Фастен,Фастен|яндекс,фастен|апреля|типа|того|заказ|фастена|каждый,2026-04-22 10:57:00,2026-04-22 12:24:00,6,8,4,6,2,1,0.25,0.125,12.72,новый,False
e_00118,Обсуждение забастовки водителей,"Инфоповод по теме «Забастовка» за период 22.04.2026 08:18 — 22.04.2026 08:18. Внутри 1 сообщений, чатов: 1. Частые слова: давайте, поможем, друг, другу, называется.",Забастовка,Забастовка,давайте|поможем|друг|другу|называется|профсоюз|скидываемся,2026-04-22 08:18:00,2026-04-22 08:18:00,1,1,1,1,1,0,1.0,0.0,12.67,новый,False
e_00120,Обсуждение забастовки водителей,"Инфоповод по теме «Забастовка» за период 22.04.2026 14:51 — 22.04.2026 14:51. Внутри 1 сообщений, чатов: 1. Частые слова: бастуют, может.",Забастовка,Забастовка,бастуют|может,2026-04-22 14:51:00,2026-04-22 14:51:00,1,1,1,1,1,0,1.0,0.0,12.67,новый,False
e_00252,"Законы, налоги и регулирование","Инфоповод по теме «Законы и налоги» за период 17.04.2026 21:11 — 17.04.2026 21:11. Внутри 1 сообщений, чатов: 1. Частые слова: заметьте, машины, залога, сдают, которые.",Законы и налоги,Законы и налоги,заметьте|машины|залога|сдают|которые|возможно|всегда,2026-04-17 21:11:00,2026-04-17 21:11:00,1,1,1,1,1,1,1.0,1.0,12.67,новый,False
e_00265,Обсуждение забастовки водителей,"Инфоповод по теме «Забастовка» за период 18.04.2026 00:09 — 18.04.2026 00:09. Внутри 1 сообщений, чатов: 1. Частые слова: прокси, стало, днях, бунт, подняли.",Забастовка,Забастовка,прокси|стало|днях|бунт|подняли|ситуация|дошла,2026-04-18 00:09:00,2026-04-18 00:09:00,1,1,1,1,1,0,1.0,0.0,12.67,новый,False
e_00353,"Законы, налоги и регулирование","Инфоповод по теме «Законы и налоги» за период 19.04.2026 01:40 — 19.04.2026 01:40. Внутри 1 сообщений, чатов: 1. Частые слова: блять, дтп, возня, закону, съебываешься.",Законы и налоги,Законы и налоги,блять|дтп|возня|закону|съебываешься|вышел|машины,2026-04-19 01:40:00,2026-04-19 01:40:00,1,1,1,1,1,1,1.0,1.0,12.67,новый,False
e_00490,Обсуждение забастовки водителей,"Инфоповод по теме «Забастовка» за период 20.04.2026 01:26 — 20.04.2026 01:26. Внутри 1 сообщений, чатов: 1. Частые слова: нормально, поменялось, года, китае, странах.",Забастовка,Забастовка,нормально|поменялось|года|китае|странах|сша|особо,2026-04-20 01:26:00,2026-04-20 01:26:00,1,1,1,1,1,0,1.0,0.0,12.67,новый,False
e_00687,Обсуждение забастовки водителей,"Инфоповод по теме «Забастовка» за период 21.04.2026 13:51 — 21.04.2026 13:51. Внутри 1 сообщений, чатов: 1. Частые слова: знаете, бунт, огородном, должны, бороться.",Забастовка,Забастовка,знаете|бунт|огородном|должны|бороться|злом|примкнуть,2026-04-21 13:51:00,2026-04-21 13:51:00,1,1,1,1,1,0,1.0,0.0,12.67,новый,False
e_00689,"Законы, налоги и регулирование","Инфоповод по теме «Законы и налоги» за период 21.04.2026 13:55 — 21.04.2026 13:55. Внутри 1 сообщений, чатов: 1. Частые слова: кого, открыто, нужна, помощь, бизнеса.",Законы и налоги,Законы и налоги,кого|открыто|нужна|помощь|бизнеса|рко|счетам,2026-04-21 13:55:00,2026-04-21 13:55:00,1,1,1,1,1,1,1.0,1.0,12.67,новый,False
e_00725,"Законы, налоги и регулирование","Инфоповод по теме «Законы и налоги» за период 21.04.2026 21:17 — 21.04.2026 21:17. Внутри 1 сообщений, чатов: 1. Частые слова: центр, время, час, пора, ехать.",Законы и налоги,Законы и налоги,центр|время|час|пора|ехать|котать|петюня,2026-04-21 21:17:00,2026-04-21 21:17:00,1,1,1,1,1,1,1.0,1.0,12.67,новый,False
e_00741,"Законы, налоги и регулирование","Инфоповод по теме «Законы и налоги» за период 22.04.2026 01:49 — 22.04.2026 01:49. Внутри 1 сообщений, чатов: 1. Частые слова: боня, сосет, оба, мерзотные, мрази.",Законы и налоги,Законы и налоги,боня|сосет|оба|мерзотные|мрази|хер|какого,2026-04-22 01:49:00,2026-04-22 01:49:00,1,1,1,1,1,1,1.0,1.0,12.67,новый,False
e_00922,Обсуждение забастовки водителей,"Инфоповод по теме «Забастовка» за период 23.04.2026 11:22 — 23.04.2026 11:22. Внутри 1 сообщений, чатов: 1. Частые слова: сокращений, россии, работники, социально, ожидаются.",Забастовка,Забастовка,сокращений|россии|работники|социально|ожидаются|массовые|увольнения,2026-04-23 11:22:00,2026-04-23 11:22:00,1,1,1,1,1,0,1.0,0.0,12.67,новый,False
e_00923,Обсуждение забастовки водителей,"Инфоповод по теме «Забастовка» за период 23.04.2026 12:47 — 23.04.2026 12:47. Внутри 1 сообщений, чатов: 1. Частые слова: сокращений, думаю, россии, работники, социально.",Забастовка,Забастовка,сокращений|думаю|россии|работники|социально|добрый|езжу,2026-04-23 12:47:00,2026-04-23 12:47:00,1,1,1,1,1,0,1.0,0.0,12.67,новый,False
e_01065,Обсуждение забастовки водителей,"Инфоповод по теме «Забастовка» за период 23.04.2026 22:37 — 23.04.2026 22:37. Внутри 1 сообщений, чатов: 1. Частые слова: пиздешь, общественность, вникала.",Забастовка,Забастовка,пиздешь|общественность|вникала,2026-04-23 22:37:00,2026-04-23 22:37:00,1,1,1,1,1,0,1.0,0.0,12.67,новый,False
e_01163,Обсуждение забастовки водителей,"Инфоповод по теме «Забастовка» за период 17.04.2026 12:39 — 17.04.2026 12:39. Внутри 1 сообщений, чатов: 1. Частые слова: сделали, писал, индрайв, убрали, ограничение.",Забастовка,Забастовка,сделали|писал|индрайв|убрали|ограничение|сумме|предложений,2026-04-17 12:39:00,2026-04-17 12:39:00,1,1,1,1,1,0,1.0,0.0,12.67,новый,False
e_01207,Обсуждение забастовки водителей,"Инфоповод по теме «Забастовка» за период 21.04.2026 17:49 — 21.04.2026 17:49. Внутри 1 сообщений, чатов: 1. Частые слова: такси, последние, дни, пришлось, много.",Забастовка,Забастовка,такси|последние|дни|пришлось|много|пользоваться|услугами,2026-04-21 17:49:00,2026-04-21 17:49:00,1,1,1,1,1,0,1.0,0.0,12.67,новый,False
e_00014,"WB Такси: такси, wildberries, запуск","Инфоповод по теме «WB Такси» за период 19.04.2026 07:28 — 19.04.2026 09:32. Внутри 8 сообщений, чатов: 5. Частые слова: такси, wildberries, запуск, проект, компании.",WB Такси,WB Такси|Коэффициент|яндекс,такси|wildberries|запуск|проект|компании|чат|приоритет,2026-04-19 07:28:00,2026-04-19 09:32:00,5,8,5,8,0,0,0.0,0.0,12.63,новый,False
e_00402,Обсуждение забастовки водителей,"Инфоповод по теме «Забастовка» за период 19.04.2026 12:46 — 19.04.2026 12:49. Внутри 3 сообщений, чатов: 1. Частые слова: блять, блядь, понимаешь, тачку, ничего.",Забастовка,Забастовка|Законы и налоги,блять|блядь|понимаешь|тачку|ничего|этого|овощ,2026-04-19 12:46:00,2026-04-19 12:49:00,2,3,1,3,1,1,0.3333,0.3333,12.61,новый,False
e_00030,"WB Такси: обратно, вообще, думаю","Инфоповод по теме «WB Такси» за период 22.04.2026 00:01 — 22.04.2026 00:51. Внутри 6 сообщений, чатов: 3. Частые слова: обратно, вообще, думаю, получится, хоть.",WB Такси,WB Такси|Законы и налоги|яндекс,обратно|вообще|думаю|получится|хоть|взять|успешный,2026-04-22 00:01:00,2026-04-22 00:51:00,5,6,3,6,1,0,0.1667,0.0,12.58,новый,False
e_00058,"Фастен: фастен, цена, поддержка","Инфоповод по теме «Фастен» за период 21.04.2026 14:51 — 21.04.2026 16:02. Внутри 9 сообщений, чатов: 3. Частые слова: фастен, цена, поддержка, мин, солее.",Фастен,Фастен,фастен|цена|поддержка|мин|солее|точно|новые,2026-04-21 14:51:00,2026-04-21 16:02:00,4,9,3,5,3,1,0.3333,0.1111,12.56,новый,False
e_00764,"WB Такси: яндекс, цены, года","Инфоповод по теме «WB Такси» за период 22.04.2026 10:19 — 22.04.2026 17:11. Внутри 8 сообщений, чатов: 1. Частые слова: яндекс, цены, года, рублей, час.",WB Такси,WB Такси|Законы и налоги|Коэффициент|яндекс,яндекс|цены|года|рублей|час|чем|чего,2026-04-22 10:19:00,2026-04-22 17:11:00,1,8,1,5,4,0,0.5,0.0,12.56,новый,False
e_00337,Обсуждение коэффициентов и тарифов,"Инфоповод по теме «Коэффициент» за период 18.04.2026 22:55 — 18.04.2026 22:58. Внутри 2 сообщений, чатов: 1. Частые слова: опять, проммик, фишка, смотря, пассажир.",Коэффициент,Коэффициент|яндекс,опять|проммик|фишка|смотря|пассажир|закажет|пассов,2026-04-18 22:55:00,2026-04-18 22:58:00,1,2,1,1,2,2,1.0,1.0,12.48,новый,False
e_00554,"Законы, налоги и регулирование","Инфоповод по теме «Законы и налоги» за период 20.04.2026 14:20 — 20.04.2026 14:30. Внутри 2 сообщений, чатов: 1. Частые слова: закон, идиоты, украл, выпустили, потом.",Законы и налоги,Законы и налоги,закон|идиоты|украл|выпустили|потом|поняли|отменить,2026-04-20 14:20:00,2026-04-20 14:30:00,1,2,1,1,2,1,1.0,0.5,12.48,новый,False
e_00612,Обсуждение забастовки водителей,"Инфоповод по теме «Забастовка» за период 20.04.2026 21:00 — 20.04.2026 21:02. Внутри 3 сообщений, чатов: 1. Частые слова: партия, профсоюзы, сам, условия, того.",Забастовка,Забастовка|яндекс,партия|профсоюзы|сам|условия|того|скажу|сдох,2026-04-20 21:00:00,2026-04-20 21:02:00,1,3,1,2,1,1,0.3333,0.3333,12.38,новый,False
e_00768,"Законы, налоги и регулирование","Инфоповод по теме «Законы и налоги» за период 22.04.2026 10:35 — 22.04.2026 16:20. Внутри 6 сообщений, чатов: 1. Частые слова: яндекс, путь, лояльности, через, эксперт.",Законы и налоги,Законы и налоги|Коэффициент|яндекс,яндекс|путь|лояльности|через|эксперт|группа|станет,2026-04-22 10:35:00,2026-04-22 16:20:00,1,6,1,4,3,1,0.5,0.1667,12.25,новый,False
e_01007,Обсуждение забастовки водителей,"Инфоповод по теме «Забастовка» за период 17.04.2026 18:04 — 17.04.2026 18:29. Внутри 5 сообщений, чатов: 1. Частые слова: реально, комфорт, fasten, чуть, плюс.",Забастовка,Забастовка|Законы и налоги|Коэффициент|Фастен|яндекс,реально|комфорт|fasten|чуть|плюс|потому|этому,2026-04-17 18:04:00,2026-04-17 18:29:00,1,5,1,3,1,0,0.2,0.0,12.23,новый,False
e_00567,"Законы, налоги и регулирование","Инфоповод по теме «Законы и налоги» за период 20.04.2026 15:36 — 20.04.2026 15:45. Внутри 6 сообщений, чатов: 1. Частые слова: говорит, дела, потому, прокуратура, блять.",Законы и налоги,Законы и налоги|Приложение и сбои,говорит|дела|потому|прокуратура|блять|том|постановление,2026-04-20 15:36:00,2026-04-20 15:45:00,4,6,1,6,3,0,0.5,0.0,12.18,новый,False
e_00590,Сбои и проблемы в приложении,"Инфоповод по теме «Приложение и сбои» за период 20.04.2026 18:24 — 20.04.2026 18:24. Внутри 1 сообщений, чатов: 1. Частые слова: датчик, ошибка, скинул, чек, работа.",Приложение и сбои,Приложение и сбои,датчик|ошибка|скинул|чек|работа|слушай|хуйня,2026-04-20 18:24:00,2026-04-20 18:24:00,1,1,1,1,1,1,1.0,1.0,12.17,новый,False
e_00652,Сбои и проблемы в приложении,"Инфоповод по теме «Приложение и сбои» за период 21.04.2026 08:43 — 21.04.2026 08:43. Внутри 1 сообщений, чатов: 1. Частые слова: завод, всех, нихуя, заводы, пенсионеров.",Приложение и сбои,Приложение и сбои,завод|всех|нихуя|заводы|пенсионеров|иметь|подработоку,2026-04-21 08:43:00,2026-04-21 08:43:00,1,1,1,1,1,1,1.0,1.0,12.17,новый,False
e_00737,"WB Такси: яндекс, показывает, можно","Инфоповод по теме «WB Такси» за период 22.04.2026 00:36 — 22.04.2026 20:58. Внутри 9 сообщений, чатов: 1. Частые слова: яндекс, показывает, можно, совсем, полно.",WB Такси,WB Такси|Приложение и сбои|Фастен|Яндекс Про|яндекс,яндекс|показывает|можно|совсем|полно|качественный|сервис,2026-04-22 00:36:00,2026-04-22 20:58:00,1,9,1,4,4,1,0.4444,0.1111,12.13,новый,False
e_00100,Обсуждение коэффициентов и тарифов,"Инфоповод по теме «Коэффициент» за период 22.04.2026 01:50 — 22.04.2026 02:03. Внутри 4 сообщений, чатов: 2. Частые слова: приоритет, мож, маленький, руб, оставили.",Коэффициент,Коэффициент|Приложение и сбои,приоритет|мож|маленький|руб|оставили|чего|налог,2026-04-22 01:50:00,2026-04-22 02:03:00,3,4,2,3,2,1,0.5,0.25,12.07,новый,False
e_00285,"Законы, налоги и регулирование","Инфоповод по теме «Законы и налоги» за период 18.04.2026 10:21 — 18.04.2026 11:17. Внутри 7 сообщений, чатов: 1. Частые слова: путевой, машина, лист, такси, случае.",Законы и налоги,Законы и налоги,путевой|машина|лист|такси|случае|можно|делам,2026-04-18 10:21:00,2026-04-18 11:17:00,1,7,1,2,3,2,0.4286,0.2857,12.06,новый,False
e_00876,"Законы, налоги и регулирование","Инфоповод по теме «Законы и налоги» за период 22.04.2026 22:44 — 22.04.2026 22:56. Внутри 5 сообщений, чатов: 1. Частые слова: вообще, детей, получается, семью, налоги.",Законы и налоги,Законы и налоги,вообще|детей|получается|семью|налоги|года|детские,2026-04-22 22:44:00,2026-04-22 22:56:00,1,5,1,4,2,2,0.4,0.4,12.0,новый,False
e_01270,"Законы, налоги и регулирование","Инфоповод по теме «Законы и налоги» за период 22.04.2026 07:33 — 22.04.2026 08:41. Внутри 14 сообщений, чатов: 1. Частые слова: яндекс, блядь, короче, типа, нахуй.",Законы и налоги,Законы и налоги|Коэффициент|Приложение и сбои|Фастен|Яндекс Про|яндекс,яндекс|блядь|короче|типа|нахуй|приоритет|месте,2026-04-22 07:33:00,2026-04-22 08:41:00,1,14,1,6,1,0,0.0714,0.0,11.99,новый,False
e_00039,"WB Такси: зайдет, говно, консистенция","Инфоповод по теме «WB Такси» за период 23.04.2026 08:47 — 23.04.2026 10:10. Внутри 4 сообщений, чатов: 3. Частые слова: зайдет, говно, консистенция, другая, другом.",WB Такси,WB Такси|яндекс,зайдет|говно|консистенция|другая|другом|чате|увидел,2026-04-23 08:47:00,2026-04-23 10:10:00,3,4,3,4,2,1,0.5,0.25,11.97,новый,False
e_00133,"Законы, налоги и регулирование","Инфоповод по теме «Законы и налоги» за период 17.04.2026 22:45 — 17.04.2026 23:00. Внутри 4 сообщений, чатов: 3. Частые слова: страховка, разьебал, мальчик, лет, который.",Законы и налоги,Законы и налоги|Коэффициент|Приложение и сбои|Яндекс Про|яндекс,страховка|разьебал|мальчик|лет|который|получил|права,2026-04-17 22:45:00,2026-04-17 23:00:00,3,4,3,4,1,0,0.25,0.0,11.97,новый,False
e_00122,Обсуждение забастовки водителей,"Инфоповод по теме «Забастовка» за период 23.04.2026 05:59 — 23.04.2026 06:00. Внутри 3 сообщений, чатов: 1. Частые слова: такси, сообщения, водитель, вызвала, красно.",Забастовка,Забастовка|Фастен,такси|сообщения|водитель|вызвала|красно|польский|апрела,2026-04-23 05:59:00,2026-04-23 06:00:00,1,3,1,3,1,0,0.3333,0.0,11.95,новый,False
e_00037,"WB Такси: через, госуслуги, можно","Инфоповод по теме «WB Такси» за период 22.04.2026 21:57 — 23.04.2026 03:38. Внутри 7 сообщений, чатов: 4. Частые слова: через, госуслуги, можно, поредовались, сталкивался.",WB Такси,WB Такси|яндекс,через|госуслуги|можно|поредовались|сталкивался|этим|яндекс,2026-04-22 21:57:00,2026-04-23 03:38:00,4,7,4,7,1,0,0.1429,0.0,11.92,новый,False
e_00807,"Законы, налоги и регулирование","Инфоповод по теме «Законы и налоги» за период 22.04.2026 14:12 — 22.04.2026 22:38. Внутри 6 сообщений, чатов: 1. Частые слова: яндекс, будут, работодателем, этом, чем.",Законы и налоги,Законы и налоги|яндекс,яндекс|будут|работодателем|этом|чем|возможности|которые,2026-04-22 14:12:00,2026-04-22 22:38:00,1,6,1,4,3,0,0.5,0.0,11.91,новый,False
e_01084,"Законы, налоги и регулирование","Инфоповод по теме «Законы и налоги» за период 19.04.2026 20:48 — 19.04.2026 22:58. Внутри 10 сообщений, чатов: 1. Частые слова: долларов, uber, пизда, забирайте, кого.",Законы и налоги,Законы и налоги|Коэффициент|Приложение и сбои|Фастен|Яндекс Про|яндекс,долларов|uber|пизда|забирайте|кого|reddit|приложение,2026-04-19 20:48:00,2026-04-19 22:58:00,1,10,1,6,2,0,0.2,0.0,11.89,новый,False
e_00765,Обсуждение забастовки водителей,"Инфоповод по теме «Забастовка» за период 22.04.2026 10:24 — 22.04.2026 10:30. Внутри 4 сообщений, чатов: 1. Частые слова: выходного, пособия, идея, настоящих, работающих.",Забастовка,Забастовка|Законы и налоги,выходного|пособия|идея|настоящих|работающих|проф|союзов,2026-04-22 10:24:00,2026-04-22 10:30:00,1,4,1,2,1,0,0.25,0.0,11.83,новый,False
e_01420,"WB Такси: дурилово, кэфа, подача","Инфоповод по теме «WB Такси» за период 21.04.2026 12:44 — 21.04.2026 14:01. Внутри 12 сообщений, чатов: 1. Частые слова: дурилово, кэфа, подача, кэф, часто.",WB Такси,WB Такси|Коэффициент|Приложение и сбои|Яндекс Про|яндекс,дурилово|кэфа|подача|кэф|часто|ввести|заказ,2026-04-21 12:44:00,2026-04-21 14:01:00,1,12,1,3,4,0,0.3333,0.0,11.81,новый,False
e_00412,"Законы, налоги и регулирование","Инфоповод по теме «Законы и налоги» за период 19.04.2026 14:32 — 19.04.2026 16:44. Внутри 2 сообщений, чатов: 1. Частые слова: цена, водителя, корпорат, обычный, ндс.",Законы и налоги,Законы и налоги|яндекс,цена|водителя|корпорат|обычный|ндс|берут|налог,2026-04-19 14:32:00,2026-04-19 16:44:00,1,2,1,2,2,0,1.0,0.0,11.81,новый,False
e_00545,Обсуждение забастовки водителей,"Инфоповод по теме «Забастовка» за период 20.04.2026 13:24 — 20.04.2026 13:32. Внутри 2 сообщений, чатов: 1. Частые слова: чем, реалии, том, соглашаетесь, зачем.",Забастовка,Забастовка|яндекс,чем|реалии|том|соглашаетесь|зачем|давать|депозит,2026-04-20 13:24:00,2026-04-20 13:32:00,1,2,1,2,1,0,0.5,0.0,11.81,новый,False
e_01405,"Законы, налоги и регулирование","Инфоповод по теме «Законы и налоги» за период 20.04.2026 20:52 — 20.04.2026 22:27. Внутри 10 сообщений, чатов: 1. Частые слова: такси, telegr, почему, яндекс, который.",Законы и налоги,Законы и налоги|Коэффициент|Приложение и сбои|Фастен|Яндекс Про|яндекс,такси|telegr|почему|яндекс|который|мало|того,2026-04-20 20:52:00,2026-04-20 22:27:00,1,10,1,5,2,0,0.2,0.0,11.76,новый,False
e_00125,Обсуждение забастовки водителей,"Инфоповод по теме «Забастовка» за период 23.04.2026 18:13 — 23.04.2026 18:21. Внутри 3 сообщений, чатов: 1. Частые слова: яндекс, новые, условия, комиссия, убирают.",Забастовка,Забастовка|яндекс,яндекс|новые|условия|комиссия|убирают|точка|совсем,2026-04-23 18:13:00,2026-04-23 18:21:00,1,3,1,2,1,0,0.3333,0.0,11.72,новый,False
e_00857,Обсуждение забастовки водителей,"Инфоповод по теме «Забастовка» за период 22.04.2026 19:59 — 22.04.2026 20:12. Внутри 3 сообщений, чатов: 1. Частые слова: чем, заработать, аренде, такси, понял.",Забастовка,Забастовка|яндекс,чем|заработать|аренде|такси|понял|одни|таксисты,2026-04-22 19:59:00,2026-04-22 20:12:00,1,3,1,2,1,0,0.3333,0.0,11.72,новый,False
e_01209,Обсуждение забастовки водителей,"Инфоповод по теме «Забастовка» за период 22.04.2026 10:33 — 22.04.2026 10:36. Внутри 3 сообщений, чатов: 1. Частые слова: никаких, людей, люди, корпорации, место.",Забастовка,Забастовка|Законы и налоги,никаких|людей|люди|корпорации|место|туда|работает,2026-04-22 10:33:00,2026-04-22 10:36:00,1,3,1,2,1,0,0.3333,0.0,11.72,новый,False
e_00487,Обсуждение коэффициентов и тарифов,"Инфоповод по теме «Коэффициент» за период 20.04.2026 01:18 — 20.04.2026 09:25. Внутри 8 сообщений, чатов: 1. Частые слова: типа, нужно, такси, вывоз, работает.",Коэффициент,Коэффициент|яндекс,типа|нужно|такси|вывоз|работает|нахуй|блять,2026-04-20 01:18:00,2026-04-20 09:25:00,1,8,1,6,3,2,0.375,0.25,11.68,новый,False
e_01266,"Законы, налоги и регулирование","Инфоповод по теме «Законы и налоги» за период 20.04.2026 07:22 — 20.04.2026 09:27. Внутри 8 сообщений, чатов: 1. Частые слова: кэф, приехал, машина, чуть, рублей.",Законы и налоги,Законы и налоги|Коэффициент|яндекс,кэф|приехал|машина|чуть|рублей|нихуя|щас,2026-04-20 07:22:00,2026-04-20 09:27:00,1,8,1,6,2,0,0.25,0.0,11.68,новый,False
e_00194,Обсуждение коэффициентов и тарифов,"Инфоповод по теме «Коэффициент» за период 17.04.2026 12:41 — 17.04.2026 12:41. Внутри 1 сообщений, чатов: 1. Частые слова: сделали, кэфа, писал, индрайв, убрали.",Коэффициент,Коэффициент|яндекс,сделали|кэфа|писал|индрайв|убрали|ограничение|сумме,2026-04-17 12:41:00,2026-04-17 12:41:00,1,1,1,1,1,1,1.0,1.0,11.67,новый,False
e_00281,Обсуждение коэффициентов и тарифов,"Инфоповод по теме «Коэффициент» за период 18.04.2026 08:46 — 18.04.2026 08:46. Внутри 1 сообщений, чатов: 1. Частые слова: выходить, линию, жесть, нахер, тогда.",Коэффициент,Коэффициент,выходить|линию|жесть|нахер|тогда|спрашивается|кэфа,2026-04-18 08:46:00,2026-04-18 08:46:00,1,1,1,1,1,1,1.0,1.0,11.67,новый,False
e_00504,Обсуждение коэффициентов и тарифов,"Инфоповод по теме «Коэффициент» за период 20.04.2026 06:57 — 20.04.2026 06:57. Внутри 1 сообщений, чатов: 1. Частые слова: зелень, будут, изменится, блять, доставке.",Коэффициент,Коэффициент|яндекс,зелень|будут|изменится|блять|доставке|пока|соответственно,2026-04-20 06:57:00,2026-04-20 06:57:00,1,1,1,1,1,1,1.0,1.0,11.67,новый,False
e_00712,Обсуждение коэффициентов и тарифов,"Инфоповод по теме «Коэффициент» за период 21.04.2026 19:01 — 21.04.2026 19:01. Внутри 1 сообщений, чатов: 1. Частые слова: 138рублеканцев, пиздец, друзья, чьо, блять.",Коэффициент,Коэффициент,138рублеканцев|пиздец|друзья|чьо|блять|голове|поэтому,2026-04-21 19:01:00,2026-04-21 19:01:00,1,1,1,1,1,1,1.0,1.0,11.67,новый,False
e_00415,"Законы, налоги и регулирование","Инфоповод по теме «Законы и налоги» за период 19.04.2026 15:35 — 19.04.2026 17:37. Внутри 5 сообщений, чатов: 1. Частые слова: приоритета, яндекс, минус, хрена, новый.",Законы и налоги,Законы и налоги|Коэффициент|Фастен|яндекс,приоритета|яндекс|минус|хрена|новый|фотоконтроль|осаги,2026-04-19 15:35:00,2026-04-19 17:37:00,1,5,1,4,2,1,0.4,0.2,11.6,новый,False
e_01214,"WB Такси: такси, цен, которые","Инфоповод по теме «WB Такси» за период 23.04.2026 17:35 — 23.04.2026 19:16. Внутри 5 сообщений, чатов: 1. Частые слова: такси, цен, которые, бизонов, работать.",WB Такси,WB Такси|Забастовка|Законы и налоги|Коэффициент|Фастен|яндекс,такси|цен|которые|бизонов|работать|участники|рынка,2026-04-23 17:35:00,2026-04-23 19:16:00,1,5,1,4,0,0,0.0,0.0,11.6,новый,False
e_00054,"Фастен: фастен, фастена, типа","Инфоповод по теме «Фастен» за период 20.04.2026 03:54 — 20.04.2026 04:41. Внутри 8 сообщений, чатов: 2. Частые слова: фастен, фастена, типа, вру, позлить.",Фастен,Фастен|яндекс,фастен|фастена|типа|вру|позлить|сам|могу,2026-04-20 03:54:00,2026-04-20 04:41:00,4,8,2,5,3,0,0.375,0.0,11.57,новый,False
e_00896,Обсуждение коэффициентов и тарифов,"Инфоповод по теме «Коэффициент» за период 23.04.2026 07:15 — 23.04.2026 13:29. Внутри 8 сообщений, чатов: 1. Частые слова: блядь, нахуй, работал, работает, приоритета.",Коэффициент,Коэффициент|Приложение и сбои|Яндекс Про|яндекс,блядь|нахуй|работал|работает|приоритета|отвозить|бля,2026-04-23 07:15:00,2026-04-23 13:29:00,1,8,1,5,3,0,0.375,0.0,11.56,новый,False
e_01126,"Законы, налоги и регулирование","Инфоповод по теме «Законы и налоги» за период 23.04.2026 17:28 — 23.04.2026 19:02. Внутри 8 сообщений, чатов: 1. Частые слова: такси, российской, орешкин, экономики, плановой.",Законы и налоги,Законы и налоги|Приложение и сбои|Яндекс Про|яндекс,такси|российской|орешкин|экономики|плановой|фас|рублей,2026-04-23 17:28:00,2026-04-23 19:02:00,1,8,1,5,2,0,0.25,0.0,11.56,новый,False
e_00177,"яндекс: заказ, ждал, дешевле","Инфоповод по теме «яндекс» за период 17.04.2026 10:50 — 17.04.2026 12:38. Внутри 3 сообщений, чатов: 1. Частые слова: заказ, ждал, дешевле, хуйня, минут.",яндекс,яндекс,заказ|ждал|дешевле|хуйня|минут|такое|много,2026-04-17 10:50:00,2026-04-17 12:38:00,1,3,1,2,3,1,1.0,0.3333,11.55,новый,False
e_01169,Обсуждение забастовки водителей,"Инфоповод по теме «Забастовка» за период 21.04.2026 13:38 — 21.04.2026 13:38. Внутри 4 сообщений, чатов: 1. Частые слова: система, человек, такси, чем, можно.",Забастовка,Забастовка|Законы и налоги|Коэффициент|Приложение и сбои|Яндекс Про,система|человек|такси|чем|можно|времени|людей,2026-04-21 13:38:00,2026-04-21 13:38:00,1,4,1,1,1,0,0.25,0.0,11.51,новый,False
e_01248,"Законы, налоги и регулирование","Инфоповод по теме «Законы и налоги» за период 19.04.2026 12:49 — 19.04.2026 12:55. Внутри 2 сообщений, чатов: 1. Частые слова: нужно, яндекс, запрещал, ставить, точки.",Законы и налоги,Законы и налоги|Приложение и сбои|Яндекс Про|яндекс,нужно|яндекс|запрещал|ставить|точки|неположенных|местах,2026-04-19 12:49:00,2026-04-19 12:55:00,1,2,1,1,2,0,1.0,0.0,11.48,новый,False
e_01023,"Законы, налоги и регулирование","Инфоповод по теме «Законы и налоги» за период 23.04.2026 17:08 — 23.04.2026 18:23. Внутри 7 сообщений, чатов: 1. Частые слова: рублей, яша, дождь, кэфы, блять.",Законы и налоги,Законы и налоги|Коэффициент|яндекс,рублей|яша|дождь|кэфы|блять|цен|время,2026-04-23 17:08:00,2026-04-23 18:23:00,1,7,1,5,2,0,0.2857,0.0,11.47,новый,False
e_00141,"Законы, налоги и регулирование","Инфоповод по теме «Законы и налоги» за период 20.04.2026 01:37 — 20.04.2026 02:44. Внутри 4 сообщений, чатов: 3. Частые слова: комиссия, почему, интересах, именно, олигархов.",Законы и налоги,Законы и налоги,комиссия|почему|интересах|именно|олигархов|потому|вопрос,2026-04-20 01:37:00,2026-04-20 02:44:00,4,4,3,4,0,1,0.0,0.25,11.47,новый,False
e_01421,Обсуждение коэффициентов и тарифов,"Инфоповод по теме «Коэффициент» за период 21.04.2026 18:27 — 21.04.2026 21:05. Внутри 14 сообщений, чатов: 1. Частые слова: яндекс, хуй, кэфом, ехал, кэф.",Коэффициент,Коэффициент|яндекс,яндекс|хуй|кэфом|ехал|кэф|работать|можно,2026-04-21 18:27:00,2026-04-21 21:05:00,1,14,1,5,3,0,0.2143,0.0,11.44,новый,False
e_00129,"Законы, налоги и регулирование","Инфоповод по теме «Законы и налоги» за период 17.04.2026 05:11 — 19.04.2026 12:57. Внутри 6 сообщений, чатов: 1. Частые слова: яндекса, человек, которого, аккаунте, яша.",Законы и налоги,Законы и налоги|Приложение и сбои|Яндекс Про|яндекс,яндекса|человек|которого|аккаунте|яша|оплачивает|полную,2026-04-17 05:11:00,2026-04-19 12:57:00,1,6,1,5,2,0,0.3333,0.0,11.39,новый,False
e_01058,"Законы, налоги и регулирование","Инфоповод по теме «Законы и налоги» за период 19.04.2026 16:15 — 19.04.2026 17:51. Внутри 7 сообщений, чатов: 1. Частые слова: вопрос, такси, всех, яша, госдумы.",Законы и налоги,Законы и налоги|яндекс,вопрос|такси|всех|яша|госдумы|семьи|люди,2026-04-19 16:15:00,2026-04-19 17:51:00,1,7,1,4,2,0,0.2857,0.0,11.32,новый,False
e_00846,"Законы, налоги и регулирование","Инфоповод по теме «Законы и налоги» за период 22.04.2026 18:55 — 22.04.2026 19:17. Внутри 7 сообщений, чатов: 1. Частые слова: доход, цифры, показывает, скинул, скрин.",Законы и налоги,Законы и налоги|Коэффициент|Приложение и сбои|Яндекс Про|яндекс,доход|цифры|показывает|скинул|скрин|красный|столбик,2026-04-22 18:55:00,2026-04-22 19:17:00,2,7,1,6,1,1,0.1429,0.1429,11.31,новый,False
e_00186,"яндекс: своим, должны, типа","Инфоповод по теме «яндекс» за период 17.04.2026 11:52 — 17.04.2026 11:53. Внутри 2 сообщений, чатов: 1. Частые слова: своим, должны, типа, яндекс, нахуй.",яндекс,яндекс,своим|должны|типа|яндекс|нахуй|мало|того,2026-04-17 11:52:00,2026-04-17 11:53:00,1,2,1,2,2,1,1.0,0.5,11.31,новый,False
e_01063,Обсуждение коэффициентов и тарифов,"Инфоповод по теме «Коэффициент» за период 20.04.2026 20:06 — 20.04.2026 20:11. Внутри 2 сообщений, чатов: 1. Частые слова: может, пизда, такси, максим, прав.",Коэффициент,Коэффициент|Приложение и сбои|Яндекс Про|яндекс,может|пизда|такси|максим|прав|водитель|одиночная,2026-04-20 20:06:00,2026-04-20 20:11:00,1,2,1,2,2,0,1.0,0.0,11.31,новый,False
e_01321,Сбои и проблемы в приложении,"Инфоповод по теме «Приложение и сбои» за период 21.04.2026 18:39 — 21.04.2026 18:45. Внутри 2 сообщений, чатов: 1. Частые слова: постановление, делу, прошу, отменить, дата.",Приложение и сбои,Приложение и сбои|Яндекс Про|яндекс,постановление|делу|прошу|отменить|дата|место|наименование,2026-04-21 18:39:00,2026-04-21 18:45:00,1,2,1,2,2,0,1.0,0.0,11.31,новый,False
e_00190,"Законы, налоги и регулирование","Инфоповод по теме «Законы и налоги» за период 17.04.2026 12:05 — 17.04.2026 12:21. Внутри 9 сообщений, чатов: 1. Частые слова: страховка, страховку, может, кбм, заранее.",Законы и налоги,Законы и налоги|Коэффициент,страховка|страховку|может|кбм|заранее|стоит|банда,2026-04-17 12:05:00,2026-04-17 12:21:00,4,9,1,5,1,0,0.1111,0.0,11.22,новый,False
e_00198,"яндекс: мужики, банят, очереди","Инфоповод по теме «яндекс» за период 17.04.2026 14:08 — 17.04.2026 14:08. Внутри 1 сообщений, чатов: 1. Частые слова: мужики, банят, очереди, бля, хреново.",яндекс,яндекс,мужики|банят|очереди|бля|хреново|отменял|игре,2026-04-17 14:08:00,2026-04-17 14:08:00,1,1,1,1,1,1,1.0,1.0,11.17,новый,False
e_00248,"яндекс: сильно, хочу, эти","Инфоповод по теме «яндекс» за период 17.04.2026 20:29 — 17.04.2026 20:29. Внутри 1 сообщений, чатов: 1. Частые слова: сильно, хочу, эти, ебеня, хер.",яндекс,яндекс,сильно|хочу|эти|ебеня|хер|ними|приоритета,2026-04-17 20:29:00,2026-04-17 20:29:00,1,1,1,1,1,1,1.0,1.0,11.17,новый,False
e_00292,"яндекс: яндекс, брать, аренду","Инфоповод по теме «яндекс» за период 18.04.2026 11:33 — 18.04.2026 11:33. Внутри 1 сообщений, чатов: 1. Частые слова: яндекс, брать, аренду, ему, лизинг.",яндекс,яндекс,яндекс|брать|аренду|ему|лизинг|наяривал|ответил,2026-04-18 11:33:00,2026-04-18 11:33:00,1,1,1,1,1,1,1.0,1.0,11.17,новый,False
e_00297,"яндекс: разработчикам, изначально, нужно","Инфоповод по теме «яндекс» за период 18.04.2026 12:54 — 18.04.2026 12:54. Внутри 1 сообщений, чатов: 1. Частые слова: разработчикам, изначально, нужно, подумать, ограничении.",яндекс,яндекс,разработчикам|изначально|нужно|подумать|ограничении|сутки|пропусков,2026-04-18 12:54:00,2026-04-18 12:54:00,1,1,1,1,1,1,1.0,1.0,11.17,новый,False
e_00301,"яндекс: мочу, умнее, многих","Инфоповод по теме «яндекс» за период 18.04.2026 13:40 — 18.04.2026 13:40. Внутри 1 сообщений, чатов: 1. Частые слова: мочу, умнее, многих, том, вообще.",яндекс,яндекс,мочу|умнее|многих|том|вообще|отказываешься|возить,2026-04-18 13:40:00,2026-04-18 13:40:00,1,1,1,1,1,1,1.0,1.0,11.17,новый,False
e_00325,"яндекс: сети, завирусилось, видео","Инфоповод по теме «яндекс» за период 18.04.2026 19:38 — 18.04.2026 19:38. Внутри 1 сообщений, чатов: 1. Частые слова: сети, завирусилось, видео, юар, котором.",яндекс,яндекс,сети|завирусилось|видео|юар|котором|домработница|прогнала,2026-04-18 19:38:00,2026-04-18 19:38:00,1,1,1,1,1,1,1.0,1.0,11.17,новый,False
e_00378,"яндекс: власти, серьезно, напрягается","Инфоповод по теме «яндекс» за период 19.04.2026 09:55 — 19.04.2026 09:55. Внутри 1 сообщений, чатов: 1. Частые слова: власти, серьезно, напрягается, атмосфера, обществе.",яндекс,яндекс,власти|серьезно|напрягается|атмосфера|обществе|годов|помню,2026-04-19 09:55:00,2026-04-19 09:55:00,1,1,1,1,1,1,1.0,1.0,11.17,новый,False
e_00389,"яндекс: начал, листать, варианты","Инфоповод по теме «яндекс» за период 19.04.2026 11:47 — 19.04.2026 11:47. Внутри 1 сообщений, чатов: 1. Частые слова: начал, листать, варианты, покупки, нашел.",яндекс,яндекс,начал|листать|варианты|покупки|нашел|сублизинг|условиях,2026-04-19 11:47:00,2026-04-19 11:47:00,1,1,1,1,1,1,1.0,1.0,11.17,новый,False
e_00584,"яндекс: грузовым, прикалдес, какой","Инфоповод по теме «яндекс» за период 20.04.2026 18:06 — 20.04.2026 18:06. Внутри 1 сообщений, чатов: 1. Частые слова: грузовым, прикалдес, какой, области, москву.",яндекс,яндекс,грузовым|прикалдес|какой|области|москву|москвы|область,2026-04-20 18:06:00,2026-04-20 18:06:00,1,1,1,1,1,1,1.0,1.0,11.17,новый,False
e_00585,"яндекс: хочешь, видел, наличку","Инфоповод по теме «яндекс» за период 20.04.2026 18:07 — 20.04.2026 18:07. Внутри 1 сообщений, чатов: 1. Частые слова: хочешь, видел, наличку, пассажира, долг.",яндекс,яндекс,хочешь|видел|наличку|пассажира|долг|вешают|отменил,2026-04-20 18:07:00,2026-04-20 18:07:00,1,1,1,1,1,1,1.0,1.0,11.17,новый,False
e_00617,"WB Такси: такси, написано, через","Инфоповод по теме «WB Такси» за период 20.04.2026 21:27 — 20.04.2026 21:27. Внутри 1 сообщений, чатов: 1. Частые слова: такси, написано, через, дня, лишь.",WB Такси,WB Такси,такси|написано|через|дня|лишь|смогу|доступ,2026-04-20 21:27:00,2026-04-20 21:27:00,1,1,1,1,1,1,1.0,1.0,11.17,новый,False
e_00643,"яндекс: словам, экспертов, рост","Инфоповод по теме «яндекс» за период 21.04.2026 03:33 — 21.04.2026 03:33. Внутри 1 сообщений, чатов: 1. Частые слова: словам, экспертов, рост, влияют, новое.",яндекс,яндекс,словам|экспертов|рост|влияют|новое|законодательство|дефицит,2026-04-21 03:33:00,2026-04-21 03:33:00,1,1,1,1,1,1,1.0,1.0,11.17,новый,False
e_00683,"Фастен: дает, примерную, инфу","Инфоповод по теме «Фастен» за период 21.04.2026 13:20 — 21.04.2026 13:20. Внутри 1 сообщений, чатов: 1. Частые слова: дает, примерную, инфу, расчетов, тарифов.",Фастен,Фастен|яндекс,дает|примерную|инфу|расчетов|тарифов|никаких|секретных,2026-04-21 13:20:00,2026-04-21 13:20:00,1,1,1,1,1,1,1.0,1.0,11.17,новый,False
e_00700,"яндекс: тот, хуй, выебывался","Инфоповод по теме «яндекс» за период 21.04.2026 16:27 — 21.04.2026 16:27. Внутри 1 сообщений, чатов: 1. Частые слова: тот, хуй, выебывался, скринами, комсы.",яндекс,яндекс,тот|хуй|выебывался|скринами|комсы|яши|забанили,2026-04-21 16:27:00,2026-04-21 16:27:00,1,1,1,1,1,1,1.0,1.0,11.17,новый,False
e_00703,"яндекс: щас, пассажиром, едем","Инфоповод по теме «яндекс» за период 21.04.2026 16:53 — 21.04.2026 16:53. Внутри 1 сообщений, чатов: 1. Частые слова: щас, пассажиром, едем, двору, встречу.",яндекс,яндекс,щас|пассажиром|едем|двору|встречу|киа|рио,2026-04-21 16:53:00,2026-04-21 16:53:00,1,1,1,1,1,1,1.0,1.0,11.17,новый,False
e_00710,"яндекс: товарищи, лишках, дримах","Инфоповод по теме «яндекс» за период 21.04.2026 18:35 — 21.04.2026 18:35. Внутри 1 сообщений, чатов: 1. Частые слова: товарищи, лишках, дримах, работает, вопрос.",яндекс,яндекс,товарищи|лишках|дримах|работает|вопрос|зарядка|можно,2026-04-21 18:35:00,2026-04-21 18:35:00,1,1,1,1,1,1,1.0,1.0,11.17,новый,False
e_00735,"яндекс: ебашь, зарабатывай, хочу","Инфоповод по теме «яндекс» за период 22.04.2026 00:02 — 22.04.2026 00:02. Внутри 1 сообщений, чатов: 1. Частые слова: ебашь, зарабатывай, хочу, мимо, максимум.",яндекс,яндекс,ебашь|зарабатывай|хочу|мимо|максимум|пару|дней,2026-04-22 00:02:00,2026-04-22 00:02:00,1,1,1,1,1,1,1.0,1.0,11.17,новый,False
e_00754,"яндекс: прям, шляпу, снимаю","Инфоповод по теме «яндекс» за период 22.04.2026 07:29 — 22.04.2026 07:29. Внутри 1 сообщений, чатов: 1. Частые слова: прям, шляпу, снимаю, перед, теми.",яндекс,яндекс,прям|шляпу|снимаю|перед|теми|видит|сотни,2026-04-22 07:29:00,2026-04-22 07:29:00,1,1,1,1,1,1,1.0,1.0,11.17,новый,False
e_00775,"яндекс: время, центр, тянет","Инфоповод по теме «яндекс» за период 22.04.2026 11:13 — 22.04.2026 11:13. Внутри 1 сообщений, чатов: 1. Частые слова: время, центр, тянет, поэтому, говорю.",яндекс,яндекс,время|центр|тянет|поэтому|говорю|пеняй|херам,2026-04-22 11:13:00,2026-04-22 11:13:00,1,1,1,1,1,1,1.0,1.0,11.17,новый,False
e_00850,"яндекс: ульяновске, сотрудники, областного","Инфоповод по теме «яндекс» за период 22.04.2026 19:29 — 22.04.2026 19:29. Внутри 1 сообщений, чатов: 1. Частые слова: ульяновске, сотрудники, областного, минтранса, вместе.",яндекс,яндекс,ульяновске|сотрудники|областного|минтранса|вместе|полицией|вышли,2026-04-22 19:29:00,2026-04-22 19:29:00,1,1,1,1,1,1,1.0,1.0,11.17,новый,False
e_00880,"яндекс: скучаю, временам, бонусами","Инфоповод по теме «яндекс» за период 22.04.2026 23:34 — 22.04.2026 23:34. Внутри 1 сообщений, чатов: 1. Частые слова: скучаю, временам, бонусами, яндекс, увидел.",яндекс,яндекс,скучаю|временам|бонусами|яндекс|увидел|народ|жиреет,2026-04-22 23:34:00,2026-04-22 23:34:00,1,1,1,1,1,1,1.0,1.0,11.17,новый,False
e_00911,"яндекс: может, регионе, пизда","Инфоповод по теме «яндекс» за период 23.04.2026 10:24 — 23.04.2026 10:24. Внутри 1 сообщений, чатов: 1. Частые слова: может, регионе, пизда, серваками, яши.",яндекс,яндекс,может|регионе|пизда|серваками|яши|помните|прошлого,2026-04-23 10:24:00,2026-04-23 10:24:00,1,1,1,1,1,1,1.0,1.0,11.17,новый,False
e_00933,"яндекс: сказать, глушит, звонили","Инфоповод по теме «яндекс» за период 23.04.2026 14:21 — 23.04.2026 14:21. Внутри 1 сообщений, чатов: 1. Частые слова: сказать, глушит, звонили, мегафона, охуел.",яндекс,яндекс,сказать|глушит|звонили|мегафона|охуел|ничего|заплатил,2026-04-23 14:21:00,2026-04-23 14:21:00,1,1,1,1,1,1,1.0,1.0,11.17,новый,False
e_00978,"яндекс: голосовалку, антона, админы","Инфоповод по теме «яндекс» за период 23.04.2026 20:38 — 23.04.2026 20:38. Внутри 1 сообщений, чатов: 1. Частые слова: голосовалку, антона, админы, пробил, тропинку.",яндекс,яндекс,голосовалку|антона|админы|пробил|тропинку|заксе|комитете,2026-04-23 20:38:00,2026-04-23 20:38:00,1,1,1,1,1,1,1.0,1.0,11.17,новый,False
e_01329,"яндекс: мозги, бабка, могла","Инфоповод по теме «яндекс» за период 20.04.2026 19:48 — 20.04.2026 19:48. Внутри 1 сообщений, чатов: 1. Частые слова: мозги, бабка, могла, делать, молча.",яндекс,яндекс,мозги|бабка|могла|делать|молча|доехать|года,2026-04-20 19:48:00,2026-04-20 19:48:00,1,1,1,1,1,1,1.0,1.0,11.17,новый,False
e_00667,"Законы, налоги и регулирование","Инфоповод по теме «Законы и налоги» за период 21.04.2026 11:04 — 21.04.2026 15:19. Внутри 10 сообщений, чатов: 1. Частые слова: налоги, отпуск, работы, офисе, учла.",Законы и налоги,Законы и налоги|яндекс,налоги|отпуск|работы|офисе|учла|страховку|час,2026-04-21 11:04:00,2026-04-21 15:19:00,1,10,1,5,0,1,0.0,0.1,11.16,новый,False
e_00417,"Законы, налоги и регулирование","Инфоповод по теме «Законы и налоги» за период 19.04.2026 16:22 — 19.04.2026 16:35. Внутри 7 сообщений, чатов: 1. Частые слова: каско, блядь, банк, через, вернул.",Законы и налоги,Законы и налоги,каско|блядь|банк|через|вернул|можно|программу,2026-04-19 16:22:00,2026-04-19 16:35:00,1,7,1,3,1,2,0.1429,0.2857,11.14,новый,False
e_01245,"Законы, налоги и регулирование","Инфоповод по теме «Законы и налоги» за период 17.04.2026 21:04 — 17.04.2026 21:24. Внутри 7 сообщений, чатов: 1. Частые слова: парк, яша, блядь, каждого, вашего.",Законы и налоги,Законы и налоги|яндекс,парк|яша|блядь|каждого|вашего|заказа|комиссию,2026-04-17 21:04:00,2026-04-17 21:24:00,1,7,1,3,2,0,0.2857,0.0,11.14,новый,False
e_00230,"Законы, налоги и регулирование","Инфоповод по теме «Законы и налоги» за период 17.04.2026 18:13 — 17.04.2026 18:21. Внутри 7 сообщений, чатов: 1. Частые слова: далее, прям, яндекс, потому, такси.",Законы и налоги,Законы и налоги|Коэффициент|яндекс,далее|прям|яндекс|потому|такси|закона|может,2026-04-17 18:13:00,2026-04-17 18:21:00,5,7,1,7,1,0,0.1429,0.0,11.13,новый,False
e_00052,"Фастен: фастен, заказ, потому","Инфоповод по теме «Фастен» за период 19.04.2026 18:40 — 19.04.2026 20:10. Внутри 6 сообщений, чатов: 3. Частые слова: фастен, заказ, потому, распознать, пасса.",Фастен,Фастен|яндекс,фастен|заказ|потому|распознать|пасса|сделан|проверено,2026-04-19 18:40:00,2026-04-19 20:10:00,5,6,3,6,1,0,0.1667,0.0,11.08,новый,False
e_00204,Обсуждение забастовки водителей,"Инфоповод по теме «Забастовка» за период 17.04.2026 15:30 — 17.04.2026 16:09. Внутри 4 сообщений, чатов: 1. Частые слова: говорю, блядь, говорит, водитель, яндекс.",Забастовка,Забастовка|яндекс,говорю|блядь|говорит|водитель|яндекс|заказы|вообще,2026-04-17 15:30:00,2026-04-17 16:09:00,1,4,1,3,0,0,0.0,0.0,11.06,новый,False
e_00824,Сбои и проблемы в приложении,"Инфоповод по теме «Приложение и сбои» за период 22.04.2026 15:50 — 22.04.2026 16:04. Внутри 4 сообщений, чатов: 1. Частые слова: стороны, фастен, приложение, могу, этих.",Приложение и сбои,Приложение и сбои|Фастен|Яндекс Про|яндекс,стороны|фастен|приложение|могу|этих|бомжей|вычислить,2026-04-22 15:50:00,2026-04-22 16:04:00,1,4,1,3,2,1,0.5,0.25,11.06,новый,False
e_00575,"Законы, налоги и регулирование","Инфоповод по теме «Законы и налоги» за период 20.04.2026 16:36 — 20.04.2026 19:49. Внутри 3 сообщений, чатов: 1. Частые слова: свою, цены, собираться, группы, проводить.",Законы и налоги,Законы и налоги|Коэффициент|яндекс,свою|цены|собираться|группы|проводить|забастовки|определенные,2026-04-20 16:36:00,2026-04-20 19:49:00,1,3,1,2,2,0,0.6667,0.0,11.05,новый,False
e_01242,"Законы, налоги и регулирование","Инфоповод по теме «Законы и налоги» за период 17.04.2026 01:48 — 17.04.2026 02:26. Внутри 5 сообщений, чатов: 1. Частые слова: яндекс, баллы, вообще, блять, приоритет.",Законы и налоги,Законы и налоги|Коэффициент|яндекс,яндекс|баллы|вообще|блять|приоритет|кэф|горит,2026-04-17 01:48:00,2026-04-17 02:26:00,1,5,1,3,2,0,0.4,0.0,11.03,новый,False
e_00028,"WB Такси: wildberries, естественно, много","Инфоповод по теме «WB Такси» за период 21.04.2026 13:40 — 21.04.2026 15:08. Внутри 4 сообщений, чатов: 4. Частые слова: wildberries, естественно, много, купила, аэропорт.",WB Такси,WB Такси|яндекс,wildberries|естественно|много|купила|аэропорт|аптеки|чует,2026-04-21 13:40:00,2026-04-21 15:08:00,4,4,4,4,1,0,0.25,0.0,11.03,новый,False
e_00090,Сбои и проблемы в приложении,"Инфоповод по теме «Приложение и сбои» за период 21.04.2026 23:07 — 21.04.2026 23:52. Внутри 4 сообщений, чатов: 4. Частые слова: москва, кроме, гавнояндекса, другие, приложения.",Приложение и сбои,Приложение и сбои|Яндекс Про,москва|кроме|гавнояндекса|другие|приложения|трансфер|интереснее,2026-04-21 23:07:00,2026-04-21 23:52:00,4,4,4,4,0,0,0.0,0.0,11.03,новый,False
e_00957,Обсуждение коэффициентов и тарифов,"Инфоповод по теме «Коэффициент» за период 23.04.2026 18:15 — 23.04.2026 21:01. Внутри 7 сообщений, чатов: 1. Частые слова: яша, заказ, хуй, эффективном, дает.",Коэффициент,Коэффициент|яндекс,яша|заказ|хуй|эффективном|дает|хуяк|стою,2026-04-23 18:15:00,2026-04-23 21:01:00,1,7,1,3,2,3,0.2857,0.4286,11.0,новый,False
e_00430,Сбои и проблемы в приложении,"Инфоповод по теме «Приложение и сбои» за период 19.04.2026 17:58 — 19.04.2026 18:02. Внутри 2 сообщений, чатов: 1. Частые слова: заказ, эконом, притом, точно, работать.",Приложение и сбои,Приложение и сбои|яндекс,заказ|эконом|притом|точно|работать|раз|августа,2026-04-19 17:58:00,2026-04-19 18:02:00,1,2,1,1,2,0,1.0,0.0,10.98,новый,False
e_01025,Сбои и проблемы в приложении,"Инфоповод по теме «Приложение и сбои» за период 18.04.2026 19:57 — 18.04.2026 20:07. Внутри 2 сообщений, чатов: 1. Частые слова: час, поддержку, ящура, низкие, цены.",Приложение и сбои,Приложение и сбои|яндекс,час|поддержку|ящура|низкие|цены|заказ|объяснять,2026-04-18 19:57:00,2026-04-18 20:07:00,1,2,1,1,2,0,1.0,0.0,10.98,новый,False
e_01224,Сбои и проблемы в приложении,"Инфоповод по теме «Приложение и сбои» за период 18.04.2026 05:16 — 18.04.2026 05:16. Внутри 2 сообщений, чатов: 1. Частые слова: упал, streetwall, мax, россии, пользователи.",Приложение и сбои,Приложение и сбои|Яндекс Про,упал|streetwall|мax|россии|пользователи|могут|отправить,2026-04-18 05:16:00,2026-04-18 05:16:00,1,2,1,1,2,0,1.0,0.0,10.98,новый,False
e_01362,Обсуждение коэффициентов и тарифов,"Инфоповод по теме «Коэффициент» за период 23.04.2026 14:00 — 23.04.2026 15:29. Внутри 9 сообщений, чатов: 1. Частые слова: блядь, чуть, короче, парковки, прикольно.",Коэффициент,Коэффициент|Приложение и сбои|Яндекс Про|яндекс,блядь|чуть|короче|парковки|прикольно|раз|знаю,2026-04-23 14:00:00,2026-04-23 15:29:00,1,9,1,7,1,0,0.1111,0.0,10.95,новый,False
e_01014,Обсуждение коэффициентов и тарифов,"Инфоповод по теме «Коэффициент» за период 21.04.2026 06:44 — 21.04.2026 07:35. Внутри 6 сообщений, чатов: 1. Частые слова: яша, бля, два, сомнительная, vl14.",Коэффициент,Коэффициент|Фастен|яндекс,яша|бля|два|сомнительная|vl14|разбогатеет|никогда,2026-04-21 06:44:00,2026-04-21 07:35:00,1,6,1,4,3,0,0.5,0.0,10.91,новый,False
e_00902,"яндекс: блять, вижу, грубо","Инфоповод по теме «яндекс» за период 23.04.2026 08:32 — 23.04.2026 08:36. Внутри 3 сообщений, чатов: 1. Частые слова: блять, вижу, грубо, говоря, прилетает.",яндекс,яндекс,блять|вижу|грубо|говоря|прилетает|зеленый|заказ,2026-04-23 08:32:00,2026-04-23 08:36:00,1,3,1,2,2,2,0.6667,0.6667,10.88,новый,False
e_00189,"Законы, налоги и регулирование","Инфоповод по теме «Законы и налоги» за период 17.04.2026 12:04 — 17.04.2026 12:34. Внутри 7 сообщений, чатов: 1. Частые слова: приоритет, поувереннее, акул, руках, нам.",Законы и налоги,Законы и налоги|Коэффициент|яндекс,приоритет|поувереннее|акул|руках|нам|солярис|полик,2026-04-17 12:04:00,2026-04-17 12:34:00,1,7,1,3,1,1,0.1429,0.1429,10.86,новый,False
e_00088,Сбои и проблемы в приложении,"Инфоповод по теме «Приложение и сбои» за период 21.04.2026 01:41 — 21.04.2026 03:19. Внутри 5 сообщений, чатов: 3. Частые слова: max, приложение, переходите, такси, эконом.",Приложение и сбои,Приложение и сбои|Яндекс Про,max|приложение|переходите|такси|эконом|быстрое|легкое,2026-04-21 01:41:00,2026-04-21 03:19:00,4,5,3,4,0,0,0.0,0.0,10.84,новый,False
e_00903,"яндекс: ответ, коля, чем","Инфоповод по теме «яндекс» за период 23.04.2026 09:30 — 23.04.2026 10:29. Внутри 4 сообщений, чатов: 1. Частые слова: ответ, коля, чем, того, знаешь.",яндекс,яндекс,ответ|коля|чем|того|знаешь|водителей|деньгами,2026-04-23 09:30:00,2026-04-23 10:29:00,1,4,1,2,3,1,0.75,0.25,10.83,новый,False
e_00131,"Законы, налоги и регулирование","Инфоповод по теме «Законы и налоги» за период 17.04.2026 05:19 — 17.04.2026 05:47. Внутри 2 сообщений, чатов: 2. Частые слова: желтый, платежки, кредиту, такое, заипали.",Законы и налоги,Законы и налоги|Коэффициент|яндекс,желтый|платежки|кредиту|такое|заипали|стану|депутатом,2026-04-17 05:19:00,2026-04-17 05:47:00,2,2,2,2,1,0,0.5,0.0,10.82,новый,False
e_00109,Обсуждение забастовки водителей,"Инфоповод по теме «Забастовка» за период 18.04.2026 00:46 — 18.04.2026 00:46. Внутри 2 сообщений, чатов: 1. Частые слова: нахуй, блять, блядь, такое, нужно.",Забастовка,Забастовка,нахуй|блять|блядь|такое|нужно|остальное|думали,2026-04-18 00:46:00,2026-04-18 00:46:00,2,2,1,2,0,1,0.0,0.5,10.81,новый,False
e_00139,"Законы, налоги и регулирование","Инфоповод по теме «Законы и налоги» за период 19.04.2026 11:32 — 19.04.2026 11:38. Внутри 2 сообщений, чатов: 1. Частые слова: налога, минимум, блять, устроился, самом.",Законы и налоги,Законы и налоги,налога|минимум|блять|устроился|самом|деле|нормально,2026-04-19 11:32:00,2026-04-19 11:38:00,2,2,1,2,1,1,0.5,0.5,10.81,новый,False
e_00239,"Законы, налоги и регулирование","Инфоповод по теме «Законы и налоги» за период 17.04.2026 19:11 — 17.04.2026 20:30. Внутри 2 сообщений, чатов: 1. Частые слова: пусть, фастен, возить, пассажира, приложение.",Законы и налоги,Законы и налоги|Приложение и сбои|Фастен|Яндекс Про|яндекс,пусть|фастен|возить|пассажира|приложение|яндекс|стремно,2026-04-17 19:11:00,2026-04-17 20:30:00,1,2,1,2,1,1,0.5,0.5,10.81,новый,False
e_00254,"Законы, налоги и регулирование","Инфоповод по теме «Законы и налоги» за период 17.04.2026 21:24 — 17.04.2026 21:24. Внутри 2 сообщений, чатов: 1. Частые слова: поэтому, стоят, машины, компании, страховки.",Законы и налоги,Законы и налоги,поэтому|стоят|машины|компании|страховки|выплачивают|блядь,2026-04-17 21:24:00,2026-04-17 21:24:00,2,2,1,2,1,1,0.5,0.5,10.81,новый,False
e_00433,"Законы, налоги и регулирование","Инфоповод по теме «Законы и налоги» за период 19.04.2026 18:14 — 19.04.2026 18:14. Внутри 2 сообщений, чатов: 1. Частые слова: говорю, блядь, блять, говорит, нету.",Законы и налоги,Законы и налоги|Приложение и сбои|Яндекс Про|яндекс,говорю|блядь|блять|говорит|нету|точно|причем,2026-04-19 18:14:00,2026-04-19 18:14:00,2,2,1,2,1,1,0.5,0.5,10.81,новый,False
e_00728,"Законы, налоги и регулирование","Инфоповод по теме «Законы и налоги» за период 21.04.2026 22:15 — 21.04.2026 22:15. Внутри 2 сообщений, чатов: 1. Частые слова: диман, походу, блядь, новые, законы.",Законы и налоги,Законы и налоги,диман|походу|блядь|новые|законы|читал|межевании,2026-04-21 22:15:00,2026-04-21 22:15:00,2,2,1,2,1,1,0.5,0.5,10.81,новый,False
e_00025,"WB Такси: апр, заказ, дпр","Инфоповод по теме «WB Такси» за период 21.04.2026 00:59 — 21.04.2026 01:52. Внутри 5 сообщений, чатов: 1. Частые слова: апр, заказ, дпр, пулково, улица.",WB Такси,WB Такси|Законы и налоги|Коэффициент,апр|заказ|дпр|пулково|улица|улыбнуло|дали,2026-04-21 00:59:00,2026-04-21 01:52:00,2,5,1,2,2,0,0.4,0.0,10.8,новый,False
e_01258,"Законы, налоги и регулирование","Инфоповод по теме «Законы и налоги» за период 18.04.2026 13:21 — 18.04.2026 13:26. Внутри 5 сообщений, чатов: 1. Частые слова: водителей, использование, заказов, мвд, номера.",Законы и налоги,Законы и налоги|Коэффициент|Фастен|яндекс,водителей|использование|заказов|мвд|номера|крепления|проекта,2026-04-18 13:21:00,2026-04-18 13:26:00,1,5,1,2,2,0,0.4,0.0,10.8,новый,False
e_00068,"Фастен: особенно, стало, самолеты","Инфоповод по теме «Фастен» за период 23.04.2026 06:34 — 23.04.2026 07:27. Внутри 4 сообщений, чатов: 2. Частые слова: особенно, стало, самолеты, улетели, фастена.",Фастен,Фастен|яндекс,особенно|стало|самолеты|улетели|фастена|отбиваться|нечем,2026-04-23 06:34:00,2026-04-23 07:27:00,3,4,2,4,2,0,0.5,0.0,10.75,новый,False
e_01220,"Законы, налоги и регулирование","Инфоповод по теме «Законы и налоги» за период 19.04.2026 00:20 — 19.04.2026 00:24. Внутри 3 сообщений, чатов: 1. Частые слова: штрафовать, камеры, госдуме, предложили, таксистов.",Законы и налоги,Законы и налоги,штрафовать|камеры|госдуме|предложили|таксистов|высадку|пассажиров,2026-04-19 00:20:00,2026-04-19 00:24:00,1,3,1,1,2,0,0.6667,0.0,10.73,новый,False
e_00888,Обсуждение коэффициентов и тарифов,"Инфоповод по теме «Коэффициент» за период 23.04.2026 02:49 — 23.04.2026 03:47. Внутри 11 сообщений, чатов: 1. Частые слова: апреля, минут, потом, утра, блядь.",Коэффициент,Коэффициент|Фастен|яндекс,апреля|минут|потом|утра|блядь|конечно|ночью,2026-04-23 02:49:00,2026-04-23 03:47:00,1,11,1,2,2,2,0.1818,0.1818,10.67,новый,False
e_00200,"Законы, налоги и регулирование","Инфоповод по теме «Законы и налоги» за период 22.04.2026 22:15 — 22.04.2026 22:15. Внутри 1 сообщений, чатов: 1. Частые слова: брать, уебал, тачку, хватило, будешь.",Законы и налоги,Законы и налоги,брать|уебал|тачку|хватило|будешь|доплачивать|правильный,2026-04-22 22:15:00,2026-04-22 22:15:00,1,1,1,1,1,0,1.0,0.0,10.67,новый,False
e_00243,"Законы, налоги и регулирование","Инфоповод по теме «Законы и налоги» за период 17.04.2026 19:41 — 17.04.2026 19:41. Внутри 1 сообщений, чатов: 1. Частые слова: юрист, поэтому, посмотри, отзывы, знакомых.",Законы и налоги,Законы и налоги,юрист|поэтому|посмотри|отзывы|знакомых|комментарии|сайтах,2026-04-17 19:41:00,2026-04-17 19:41:00,1,1,1,1,1,0,1.0,0.0,10.67,новый,False
e_00338,"Законы, налоги и регулирование","Инфоповод по теме «Законы и налоги» за период 18.04.2026 23:17 — 18.04.2026 23:17. Внутри 1 сообщений, чатов: 1. Частые слова: отобрали, почему, отбирают, физ, лиц.",Законы и налоги,Законы и налоги,отобрали|почему|отбирают|физ|лиц|полно|канале,2026-04-18 23:17:00,2026-04-18 23:17:00,1,1,1,1,1,0,1.0,0.0,10.67,новый,False
e_00354,"Законы, налоги и регулирование","Инфоповод по теме «Законы и налоги» за период 19.04.2026 02:02 — 19.04.2026 02:02. Внутри 1 сообщений, чатов: 1. Частые слова: яндекса, оплатил, подобные, сообщения, можно.",Законы и налоги,Законы и налоги|яндекс,яндекса|оплатил|подобные|сообщения|можно|отвечать|регламент,2026-04-19 02:02:00,2026-04-19 02:02:00,1,1,1,1,1,0,1.0,0.0,10.67,новый,False
e_00398,"Законы, налоги и регулирование","Инфоповод по теме «Законы и налоги» за период 19.04.2026 12:39 — 19.04.2026 12:39. Внутри 1 сообщений, чатов: 1. Частые слова: депутаты, камер, камеры, правила, перед.",Законы и налоги,Законы и налоги,депутаты|камер|камеры|правила|перед|шлагбаумом|заехал,2026-04-19 12:39:00,2026-04-19 12:39:00,1,1,1,1,1,0,1.0,0.0,10.67,новый,False
e_00439,"Законы, налоги и регулирование","Инфоповод по теме «Законы и налоги» за период 19.04.2026 19:18 — 19.04.2026 19:18. Внутри 1 сообщений, чатов: 1. Частые слова: водителей, понимаю, работать, катать, основных.",Законы и налоги,Законы и налоги|яндекс,водителей|понимаю|работать|катать|основных|такие|стадо,2026-04-19 19:18:00,2026-04-19 19:18:00,1,1,1,1,1,0,1.0,0.0,10.67,новый,False
e_00470,"Законы, налоги и регулирование","Инфоповод по теме «Законы и налоги» за период 19.04.2026 23:16 — 19.04.2026 23:16. Внутри 1 сообщений, чатов: 1. Частые слова: трясут, думаю, яндекс, всех, иначе.",Законы и налоги,Законы и налоги,трясут|думаю|яндекс|всех|иначе|похоже|стригут,2026-04-19 23:16:00,2026-04-19 23:16:00,1,1,1,1,1,0,1.0,0.0,10.67,новый,False
e_00477,"Законы, налоги и регулирование","Инфоповод по теме «Законы и налоги» за период 20.04.2026 00:02 — 20.04.2026 00:02. Внутри 1 сообщений, чатов: 1. Частые слова: трлн, чиновников, этом, генпрокурор, александр.",Законы и налоги,Законы и налоги,трлн|чиновников|этом|генпрокурор|александр|гуцан|рассказал,2026-04-20 00:02:00,2026-04-20 00:02:00,1,1,1,1,1,0,1.0,0.0,10.67,новый,False
e_00518,"Законы, налоги и регулирование","Инфоповод по теме «Законы и налоги» за период 20.04.2026 10:24 — 20.04.2026 10:24. Внутри 1 сообщений, чатов: 1. Частые слова: потом, удивляются, таксистов, считают, дебилами.",Законы и налоги,Законы и налоги,потом|удивляются|таксистов|считают|дебилами|усе|четко,2026-04-20 10:24:00,2026-04-20 10:24:00,1,1,1,1,1,0,1.0,0.0,10.67,новый,False
e_00522,"Законы, налоги и регулирование","Инфоповод по теме «Законы и налоги» за период 20.04.2026 10:55 — 20.04.2026 10:55. Внутри 1 сообщений, чатов: 1. Частые слова: денег, нефть, реально, причем, догоняешь.",Законы и налоги,Законы и налоги,денег|нефть|реально|причем|догоняешь|начале|нулевых,2026-04-20 10:55:00,2026-04-20 10:55:00,1,1,1,1,1,0,1.0,0.0,10.67,новый,False
e_00582,"Законы, налоги и регулирование","Инфоповод по теме «Законы и налоги» за период 20.04.2026 17:42 — 20.04.2026 17:42. Внутри 1 сообщений, чатов: 1. Частые слова: перед, наплевать, крутили, месте, эти.",Законы и налоги,Законы и налоги,перед|наплевать|крутили|месте|эти|законы|ваши,2026-04-20 17:42:00,2026-04-20 17:42:00,1,1,1,1,1,0,1.0,0.0,10.67,новый,False
e_00688,"Законы, налоги и регулирование","Инфоповод по теме «Законы и налоги» за период 21.04.2026 13:54 — 21.04.2026 13:54. Внутри 1 сообщений, чатов: 1. Частые слова: фактическая, стоимость, машины, китае, меньше.",Законы и налоги,Законы и налоги,фактическая|стоимость|машины|китае|меньше|трети|итоговой,2026-04-21 13:54:00,2026-04-21 13:54:00,1,1,1,1,1,0,1.0,0.0,10.67,новый,False
e_00777,"Законы, налоги и регулирование","Инфоповод по теме «Законы и налоги» за период 22.04.2026 11:20 — 22.04.2026 11:20. Внутри 1 сообщений, чатов: 1. Частые слова: рублей, сказать, короче, шаакене, подошли.",Законы и налоги,Законы и налоги|Фастен,рублей|сказать|короче|шаакене|подошли|четыре|девушки,2026-04-22 11:20:00,2026-04-22 11:20:00,1,1,1,1,1,0,1.0,0.0,10.67,новый,False
e_00873,"Законы, налоги и регулирование","Инфоповод по теме «Законы и налоги» за период 22.04.2026 22:23 — 22.04.2026 22:23. Внутри 1 сообщений, чатов: 1. Частые слова: мусоришка, летним, стажем, умничал, участник.",Законы и налоги,Законы и налоги,мусоришка|летним|стажем|умничал|участник|лицо|отношении,2026-04-22 22:23:00,2026-04-22 22:23:00,1,1,1,1,1,0,1.0,0.0,10.67,новый,False
e_01050,"Законы, налоги и регулирование","Инфоповод по теме «Законы и налоги» за период 22.04.2026 12:05 — 22.04.2026 12:05. Внутри 1 сообщений, чатов: 1. Частые слова: тренд, tiktok, школьники, публикуют, фото.",Законы и налоги,Законы и налоги,тренд|tiktok|школьники|публикуют|фото|своих|учителей,2026-04-22 12:05:00,2026-04-22 12:05:00,1,1,1,1,1,0,1.0,0.0,10.67,новый,False
e_01091,"Законы, налоги и регулирование","Инфоповод по теме «Законы и налоги» за период 23.04.2026 08:07 — 23.04.2026 08:07. Внутри 1 сообщений, чатов: 1. Частые слова: планируют, курить, родился, года, российским.",Законы и налоги,Законы и налоги,планируют|курить|родился|года|российским|подросткам|пожизненно,2026-04-23 08:07:00,2026-04-23 08:07:00,1,1,1,1,1,0,1.0,0.0,10.67,новый,False
e_01105,"Законы, налоги и регулирование","Инфоповод по теме «Законы и налоги» за период 17.04.2026 11:59 — 17.04.2026 11:59. Внутри 1 сообщений, чатов: 1. Частые слова: службы, госуслуги, машину, авто, уведомления.",Законы и налоги,Законы и налоги|Приложение и сбои|Яндекс Про,службы|госуслуги|машину|авто|уведомления|слуцкий|эвакуировали,2026-04-17 11:59:00,2026-04-17 11:59:00,1,1,1,1,1,0,1.0,0.0,10.67,новый,False
e_01106,"Законы, налоги и регулирование","Инфоповод по теме «Законы и налоги» за период 17.04.2026 13:47 — 17.04.2026 13:47. Внутри 1 сообщений, чатов: 1. Частые слова: басалаева, силовики, горы, данным, сергей.",Законы и налоги,Законы и налоги,басалаева|силовики|горы|данным|сергей|басалаев|лет,2026-04-17 13:47:00,2026-04-17 13:47:00,1,1,1,1,1,0,1.0,0.0,10.67,новый,False
e_01107,"Законы, налоги и регулирование","Инфоповод по теме «Законы и налоги» за период 17.04.2026 16:43 — 17.04.2026 16:43. Внутри 1 сообщений, чатов: 1. Частые слова: подкол, могу, отметить, освенциме, закону.",Законы и налоги,Законы и налоги,подкол|могу|отметить|освенциме|закону|знаю|система,2026-04-17 16:43:00,2026-04-17 16:43:00,1,1,1,1,1,0,1.0,0.0,10.67,новый,False
e_01117,"Законы, налоги и регулирование","Инфоповод по теме «Законы и налоги» за период 20.04.2026 22:36 — 20.04.2026 22:36. Внутри 1 сообщений, чатов: 1. Частые слова: таксисты, опять, обсудили, законопроекты, нормативные.",Законы и налоги,Законы и налоги,таксисты|опять|обсудили|законопроекты|нормативные|акты|зайду,2026-04-20 22:36:00,2026-04-20 22:36:00,1,1,1,1,1,0,1.0,0.0,10.67,новый,False
e_01138,"Законы, налоги и регулирование","Инфоповод по теме «Законы и налоги» за период 21.04.2026 18:51 — 21.04.2026 18:51. Внутри 1 сообщений, чатов: 1. Частые слова: гражданства, депутаты, армии, ценных, специалистов.",Законы и налоги,Законы и налоги,гражданства|депутаты|армии|ценных|специалистов|законопроект|лишать,2026-04-21 18:51:00,2026-04-21 18:51:00,1,1,1,1,1,0,1.0,0.0,10.67,новый,False
e_01194,"Законы, налоги и регулирование","Инфоповод по теме «Законы и налоги» за период 22.04.2026 22:34 — 22.04.2026 22:34. Внутри 1 сообщений, чатов: 1. Частые слова: налоги, сфера, сотрудника, твоя, взаимосвязана.",Законы и налоги,Законы и налоги,налоги|сфера|сотрудника|твоя|взаимосвязана|экономикой|риторикой,2026-04-22 22:34:00,2026-04-22 22:34:00,1,1,1,1,1,0,1.0,0.0,10.67,новый,False
e_01202,"Законы, налоги и регулирование","Инфоповод по теме «Законы и налоги» за период 17.04.2026 22:34 — 17.04.2026 22:34. Внутри 1 сообщений, чатов: 1. Частые слова: верю, сможет, помочь, шел, правильной.",Законы и налоги,Законы и налоги|яндекс,верю|сможет|помочь|шел|правильной|дорогой|заблудился,2026-04-17 22:34:00,2026-04-17 22:34:00,1,1,1,1,1,0,1.0,0.0,10.67,новый,False
e_01217,"Законы, налоги и регулирование","Инфоповод по теме «Законы и налоги» за период 23.04.2026 22:52 — 23.04.2026 22:52. Внутри 1 сообщений, чатов: 1. Частые слова: волк, день, заяц, приходит, дело.",Законы и налоги,Законы и налоги,волк|день|заяц|приходит|дело|раз|следующий,2026-04-23 22:52:00,2026-04-23 22:52:00,1,1,1,1,1,0,1.0,0.0,10.67,новый,False
e_01235,"Законы, налоги и регулирование","Инфоповод по теме «Законы и налоги» за период 20.04.2026 05:06 — 20.04.2026 05:06. Внутри 1 сообщений, чатов: 1. Частые слова: налогов, будут, автоматический, контроль, неуплатой.",Законы и налоги,Законы и налоги,налогов|будут|автоматический|контроль|неуплатой|вводят|россии,2026-04-20 05:06:00,2026-04-20 05:06:00,1,1,1,1,1,0,1.0,0.0,10.67,новый,False
e_01254,"Законы, налоги и регулирование","Инфоповод по теме «Законы и налоги» за период 21.04.2026 22:42 — 21.04.2026 22:42. Внутри 1 сообщений, чатов: 1. Частые слова: год, плачу, налоги, единоразово, типо.",Законы и налоги,Законы и налоги,год|плачу|налоги|единоразово|типо|должен|платить,2026-04-21 22:42:00,2026-04-21 22:42:00,1,1,1,1,1,0,1.0,0.0,10.67,новый,False
e_01282,"Законы, налоги и регулирование","Инфоповод по теме «Законы и налоги» за период 21.04.2026 19:17 — 21.04.2026 19:17. Внутри 1 сообщений, чатов: 1. Частые слова: многие, таксисты, платят, налог, усн.",Законы и налоги,Законы и налоги,многие|таксисты|платят|налог|усн|суммы|которая,2026-04-21 19:17:00,2026-04-21 19:17:00,1,1,1,1,1,0,1.0,0.0,10.67,новый,False
e_01414,"Законы, налоги и регулирование","Инфоповод по теме «Законы и налоги» за период 20.04.2026 17:38 — 20.04.2026 17:38. Внутри 1 сообщений, чатов: 1. Частые слова: людей, сами, люди, которые, однако.",Законы и налоги,Законы и налоги,людей|сами|люди|которые|однако|государственной|думы,2026-04-20 17:38:00,2026-04-20 17:38:00,1,1,1,1,1,0,1.0,0.0,10.67,новый,False
e_01144,Обсуждение забастовки водителей,"Инфоповод по теме «Забастовка» за период 22.04.2026 21:43 — 22.04.2026 21:57. Внутри 3 сообщений, чатов: 1. Частые слова: яндекса, мужики, такой, вопрос, отхерачу.",Забастовка,Забастовка|Приложение и сбои|яндекс,яндекса|мужики|такой|вопрос|отхерачу|пассажира|какие,2026-04-22 21:43:00,2026-04-22 21:57:00,1,3,1,3,0,0,0.0,0.0,10.61,новый,False
e_00550,Обсуждение коэффициентов и тарифов,"Инфоповод по теме «Коэффициент» за период 20.04.2026 13:57 — 20.04.2026 14:07. Внутри 5 сообщений, чатов: 1. Частые слова: приоритет, пром, хуй, промики, пох.",Коэффициент,Коэффициент|яндекс,приоритет|пром|хуй|промики|пох|верю|самого,2026-04-20 13:57:00,2026-04-20 14:07:00,1,5,1,2,2,2,0.4,0.4,10.6,новый,False
e_01333,"Законы, налоги и регулирование","Инфоповод по теме «Законы и налоги» за период 23.04.2026 06:56 — 23.04.2026 07:18. Внутри 7 сообщений, чатов: 1. Частые слова: туда, улица, блядь, делам, куда.",Законы и налоги,Законы и налоги|Коэффициент|Приложение и сбои|Яндекс Про|яндекс,туда|улица|блядь|делам|куда|раз|район,2026-04-23 06:56:00,2026-04-23 07:18:00,1,7,1,3,1,0,0.1429,0.0,10.57,новый,False
e_01293,Обсуждение коэффициентов и тарифов,"Инфоповод по теме «Коэффициент» за период 23.04.2026 14:36 — 23.04.2026 17:09. Внутри 8 сообщений, чатов: 1. Частые слова: фастен, потом, рейтинг, пассажиры, кэф.",Коэффициент,Коэффициент|Фастен|яндекс,фастен|потом|рейтинг|пассажиры|кэф|отключения|интернета,2026-04-23 14:36:00,2026-04-23 17:09:00,1,8,1,5,2,0,0.25,0.0,10.56,новый,False
e_00163,"WB Такси: штрафы, товара, такси","Инфоповод по теме «WB Такси» за период 17.04.2026 08:42 — 17.04.2026 08:52. Внутри 4 сообщений, чатов: 1. Частые слова: штрафы, товара, такси, внутренние, компаниях.",WB Такси,WB Такси|Законы и налоги,штрафы|товара|такси|внутренние|компаниях|никак|штрафовать,2026-04-17 08:42:00,2026-04-17 08:52:00,1,4,1,3,1,1,0.25,0.25,10.56,новый,False
e_00438,"Законы, налоги и регулирование","Инфоповод по теме «Законы и налоги» за период 19.04.2026 19:04 — 19.04.2026 19:10. Внутри 4 сообщений, чатов: 1. Частые слова: блядь, понимаешь, налоги, привлекая, наебать.",Законы и налоги,Законы и налоги|Приложение и сбои,блядь|понимаешь|налоги|привлекая|наебать|пытаются|деньги,2026-04-19 19:04:00,2026-04-19 19:10:00,3,4,1,3,1,1,0.25,0.25,10.56,новый,False
e_01385,Обсуждение коэффициентов и тарифов,"Инфоповод по теме «Коэффициент» за период 21.04.2026 05:41 — 21.04.2026 06:33. Внутри 4 сообщений, чатов: 1. Частые слова: моего, авто, яша, пиликает, минус.",Коэффициент,Коэффициент|Приложение и сбои|яндекс,моего|авто|яша|пиликает|минус|предлагаю|яше,2026-04-21 05:41:00,2026-04-21 06:33:00,1,4,1,3,2,0,0.5,0.0,10.56,новый,False
e_01016,"WB Такси: блядь, через, vpn","Инфоповод по теме «WB Такси» за период 21.04.2026 11:20 — 21.04.2026 11:55. Внутри 5 сообщений, чатов: 1. Частые слова: блядь, через, vpn, короче, данных.",WB Такси,WB Такси|Законы и налоги|Коэффициент|Приложение и сбои|Яндекс Про|яндекс,блядь|через|vpn|короче|данных|вообще|хуйня,2026-04-21 11:20:00,2026-04-21 11:55:00,1,5,1,5,1,0,0.2,0.0,10.55,новый,False
e_01141,Обсуждение коэффициентов и тарифов,"Инфоповод по теме «Коэффициент» за период 22.04.2026 16:11 — 22.04.2026 16:18. Внутри 3 сообщений, чатов: 1. Частые слова: яндекс, сервиса, списано, рамках, выплата.",Коэффициент,Коэффициент|Приложение и сбои|Яндекс Про|яндекс,яндекс|сервиса|списано|рамках|выплата|кого|нибудь,2026-04-22 16:11:00,2026-04-22 16:18:00,1,3,1,2,2,0,0.6667,0.0,10.55,новый,False
e_00065,"Фастен: fasten, нахуй, блядь","Инфоповод по теме «Фастен» за период 22.04.2026 19:44 — 22.04.2026 20:18. Внутри 5 сообщений, чатов: 4. Частые слова: fasten, нахуй, блядь, заказ, бизнес.",Фастен,Фастен|яндекс,fasten|нахуй|блядь|заказ|бизнес|яндекс|плашечки,2026-04-22 19:44:00,2026-04-22 20:18:00,4,5,4,5,0,0,0.0,0.0,10.54,новый,False
e_00357,Обсуждение коэффициентов и тарифов,"Инфоповод по теме «Коэффициент» за период 23.04.2026 15:56 — 23.04.2026 16:30. Внутри 7 сообщений, чатов: 1. Частые слова: заказов, точка, пропуски, услуги, действуют.",Коэффициент,Коэффициент|Приложение и сбои|Яндекс Про|яндекс,заказов|точка|пропуски|услуги|действуют|бонусы|стоимость,2026-04-23 15:56:00,2026-04-23 16:30:00,2,7,1,6,1,0,0.1429,0.0,10.52,новый,False
e_01154,"WB Такси: грузчика, сопровождающего, два","Инфоповод по теме «WB Такси» за период 21.04.2026 16:32 — 21.04.2026 17:20. Внутри 7 сообщений, чатов: 1. Частые слова: грузчика, сопровождающего, два, еду, допустим.",WB Такси,WB Такси|Коэффициент|Приложение и сбои|Яндекс Про|яндекс,грузчика|сопровождающего|два|еду|допустим|грузчик|блядь,2026-04-21 16:32:00,2026-04-21 17:20:00,1,7,1,6,1,0,0.1429,0.0,10.52,новый,False
e_00603,Обсуждение коэффициентов и тарифов,"Инфоповод по теме «Коэффициент» за период 20.04.2026 20:26 — 20.04.2026 23:07. Внутри 8 сообщений, чатов: 1. Частые слова: фастен, заказ, минут, видишь, вообще.",Коэффициент,Коэффициент|Приложение и сбои|Фастен|Яндекс Про|яндекс,фастен|заказ|минут|видишь|вообще|понятно|заказы,2026-04-20 20:26:00,2026-04-20 23:07:00,1,8,1,3,1,1,0.125,0.125,10.49,новый,False
e_00907,"Законы, налоги и регулирование","Инфоповод по теме «Законы и налоги» за период 23.04.2026 09:45 — 23.04.2026 09:47. Внутри 2 сообщений, чатов: 1. Частые слова: хочет, пасс, нищук, ебаный, виноват.",Законы и налоги,Законы и налоги|яндекс,хочет|пасс|нищук|ебаный|виноват|наебать|сервис,2026-04-23 09:45:00,2026-04-23 09:47:00,1,2,1,1,1,1,0.5,0.5,10.48,новый,False
e_00998,Обсуждение коэффициентов и тарифов,"Инфоповод по теме «Коэффициент» за период 23.04.2026 23:39 — 23.04.2026 23:55. Внутри 2 сообщений, чатов: 1. Частые слова: обалдеть, водители, отказываются, кэф, высокий.",Коэффициент,Коэффициент,обалдеть|водители|отказываются|кэф|высокий|пассажира|рейтинг,2026-04-23 23:39:00,2026-04-23 23:55:00,1,2,1,1,2,0,1.0,0.0,10.48,новый,False
e_01149,Обсуждение коэффициентов и тарифов,"Инфоповод по теме «Коэффициент» за период 19.04.2026 23:42 — 19.04.2026 23:45. Внутри 2 сообщений, чатов: 1. Частые слова: капец, ожидание, заказ, вчерашней, яндекс.",Коэффициент,Коэффициент|яндекс,капец|ожидание|заказ|вчерашней|яндекс|груз|груза,2026-04-19 23:42:00,2026-04-19 23:45:00,1,2,1,1,2,0,1.0,0.0,10.48,новый,False
e_00017,"WB Такси: приоритет, роснефть, имкр","Инфоповод по теме «WB Такси» за период 19.04.2026 20:30 — 19.04.2026 20:40. Внутри 5 сообщений, чатов: 2. Частые слова: приоритет, роснефть, имкр, кол, пропусков.",WB Такси,WB Такси|Коэффициент|яндекс,приоритет|роснефть|имкр|кол|пропусков|выполненных|монополизм,2026-04-19 20:30:00,2026-04-19 20:40:00,2,5,2,4,1,0,0.2,0.0,10.42,новый,False
e_00756,Обсуждение коэффициентов и тарифов,"Инфоповод по теме «Коэффициент» за период 22.04.2026 08:22 — 22.04.2026 11:32. Внутри 7 сообщений, чатов: 1. Частые слова: заказ, сколько, ему, приложение, может.",Коэффициент,Коэффициент|Приложение и сбои|Яндекс Про|яндекс,заказ|сколько|ему|приложение|может|яндекс|теперь,2026-04-22 08:22:00,2026-04-22 11:32:00,1,7,1,5,1,0,0.1429,0.0,10.4,новый,False
e_00872,"Законы, налоги и регулирование","Инфоповод по теме «Законы и налоги» за период 22.04.2026 22:18 — 22.04.2026 22:25. Внутри 6 сообщений, чатов: 1. Частые слова: осаго, аренды, может, водителя, правило.",Законы и налоги,Законы и налоги|яндекс,осаго|аренды|может|водителя|правило|яндекс|полностью,2026-04-22 22:18:00,2026-04-22 22:25:00,1,6,1,3,1,0,0.1667,0.0,10.4,новый,False
e_01152,"яндекс: яндекс, клиент, клиента","Инфоповод по теме «яндекс» за период 21.04.2026 14:04 — 21.04.2026 15:29. Внутри 11 сообщений, чатов: 1. Частые слова: яндекс, клиент, клиента, пробег, какой.",яндекс,яндекс,яндекс|клиент|клиента|пробег|какой|понял|яшу,2026-04-21 14:04:00,2026-04-21 15:29:00,1,11,1,5,2,0,0.1818,0.0,10.36,новый,False
e_00130,"Законы, налоги и регулирование","Инфоповод по теме «Законы и налоги» за период 17.04.2026 00:08 — 17.04.2026 01:07. Внутри 3 сообщений, чатов: 3. Частые слова: закон, типа, пяти, минут, оптиме.",Законы и налоги,Законы и налоги|яндекс,закон|типа|пяти|минут|оптиме|сидел|новый,2026-04-17 00:08:00,2026-04-17 01:07:00,3,3,3,3,0,0,0.0,0.0,10.35,новый,False
e_01145,"Законы, налоги и регулирование","Инфоповод по теме «Законы и налоги» за период 23.04.2026 22:28 — 23.04.2026 23:28. Внутри 7 сообщений, чатов: 1. Частые слова: выплаты, пароля, пароль, золотой, выплате.",Законы и налоги,Законы и налоги|Приложение и сбои|Яндекс Про|яндекс,выплаты|пароля|пароль|золотой|выплате|яндекс|anonch,2026-04-23 22:28:00,2026-04-23 23:28:00,1,7,1,2,1,0,0.1429,0.0,10.34,новый,False
e_00670,"Законы, налоги и регулирование","Инфоповод по теме «Законы и налоги» за период 21.04.2026 11:38 — 21.04.2026 12:52. Внутри 4 сообщений, чатов: 1. Частые слова: чем, сумму, короче, подал, патенту.",Законы и налоги,Законы и налоги|Приложение и сбои|Яндекс Про|яндекс,чем|сумму|короче|подал|патенту|патент|полтинник,2026-04-21 11:38:00,2026-04-21 12:52:00,1,4,1,2,1,1,0.25,0.25,10.33,новый,False
e_00840,Обсуждение коэффициентов и тарифов,"Инфоповод по теме «Коэффициент» за период 22.04.2026 18:09 — 22.04.2026 18:26. Внутри 4 сообщений, чатов: 1. Частые слова: пасики, позволяет, видно, лучше, яндексу.",Коэффициент,Коэффициент|Приложение и сбои|Яндекс Про|яндекс,пасики|позволяет|видно|лучше|яндексу|расскажи|вокзал,2026-04-22 18:09:00,2026-04-22 18:26:00,1,4,1,2,1,2,0.25,0.5,10.33,новый,False
e_00874,"WB Такси: яша, цены, водителей","Инфоповод по теме «WB Такси» за период 22.04.2026 22:26 — 22.04.2026 22:40. Внутри 4 сообщений, чатов: 1. Частые слова: яша, цены, водителей, поэтому, выпиздит.",WB Такси,WB Такси|Законы и налоги|Коэффициент|яндекс,яша|цены|водителей|поэтому|выпиздит|желающих|линии,2026-04-22 22:26:00,2026-04-22 22:40:00,1,4,1,2,1,1,0.25,0.25,10.33,новый,False
e_01300,Обсуждение коэффициентов и тарифов,"Инфоповод по теме «Коэффициент» за период 19.04.2026 20:32 — 19.04.2026 20:41. Внутри 4 сообщений, чатов: 1. Частые слова: vpn, яндекс, шарики, приложение, устройстве.",Коэффициент,Коэффициент|Приложение и сбои|Яндекс Про|яндекс,vpn|яндекс|шарики|приложение|устройстве|начались|массовые,2026-04-19 20:32:00,2026-04-19 20:41:00,1,4,1,2,2,0,0.5,0.0,10.33,новый,False
e_00366,Сбои и проблемы в приложении,"Инфоповод по теме «Приложение и сбои» за период 19.04.2026 07:08 — 19.04.2026 19:14. Внутри 10 сообщений, чатов: 1. Частые слова: яндекс, заказа, том, раз, яндекса.",Приложение и сбои,Приложение и сбои|Яндекс Про|яндекс,яндекс|заказа|том|раз|яндекса|этого|того,2026-04-19 07:08:00,2026-04-19 19:14:00,1,10,1,2,1,0,0.1,0.0,10.31,новый,False
e_00209,"яндекс: пассажиры, цену, яндекс","Инфоповод по теме «яндекс» за период 17.04.2026 15:45 — 17.04.2026 16:19. Внутри 2 сообщений, чатов: 1. Частые слова: пассажиры, цену, яндекс, считает, мост.",яндекс,яндекс,пассажиры|цену|яндекс|считает|мост|маршрут|цена,2026-04-17 15:45:00,2026-04-17 16:19:00,2,2,1,2,2,0,1.0,0.0,10.31,новый,False
e_00483,Сбои и проблемы в приложении,"Инфоповод по теме «Приложение и сбои» за период 20.04.2026 00:31 — 20.04.2026 00:31. Внутри 2 сообщений, чатов: 1. Частые слова: дешевле, чем, эконом, днр, охренеть.",Приложение и сбои,Приложение и сбои|Фастен|Яндекс Про|яндекс,дешевле|чем|эконом|днр|охренеть|яндекса|такое,2026-04-20 00:31:00,2026-04-20 00:31:00,1,2,1,2,1,1,0.5,0.5,10.31,новый,False
e_01369,"Фастен: зоне, идет, хуетень","Инфоповод по теме «Фастен» за период 19.04.2026 21:09 — 19.04.2026 21:16. Внутри 2 сообщений, чатов: 1. Частые слова: зоне, идет, хуетень, попутчики, новая.",Фастен,Фастен|яндекс,зоне|идет|хуетень|попутчики|новая|хуйня|яши,2026-04-19 21:09:00,2026-04-19 21:16:00,1,2,1,2,2,0,1.0,0.0,10.31,новый,False
e_01314,Обсуждение коэффициентов и тарифов,"Инфоповод по теме «Коэффициент» за период 18.04.2026 18:28 — 18.04.2026 19:51. Внутри 3 сообщений, чатов: 1. Частые слова: блядь, приоритет, звоню, говорю, думаю.",Коэффициент,Коэффициент,блядь|приоритет|звоню|говорю|думаю|блядство|седня,2026-04-18 18:28:00,2026-04-18 19:51:00,1,3,1,3,2,0,0.6667,0.0,10.28,новый,False
e_01366,Обсуждение коэффициентов и тарифов,"Инфоповод по теме «Коэффициент» за период 18.04.2026 09:23 — 18.04.2026 09:26. Внутри 3 сообщений, чатов: 1. Частые слова: якобы, короче, пишет, типа, всем.",Коэффициент,Коэффициент|яндекс,якобы|короче|пишет|типа|всем|ребятки|привет,2026-04-18 09:23:00,2026-04-18 09:26:00,1,3,1,3,2,0,0.6667,0.0,10.28,новый,False
e_01315,Обсуждение коэффициентов и тарифов,"Инфоповод по теме «Коэффициент» за период 18.04.2026 21:08 — 18.04.2026 21:31. Внутри 6 сообщений, чатов: 1. Частые слова: долго, яндексу, думаю, блядь, блокнуть.",Коэффициент,Коэффициент|Фастен|яндекс,долго|яндексу|думаю|блядь|блокнуть|блядство|думал,2026-04-18 21:08:00,2026-04-18 21:31:00,1,6,1,4,2,0,0.3333,0.0,10.25,новый,False
e_01272,"Законы, налоги и регулирование","Инфоповод по теме «Законы и налоги» за период 22.04.2026 20:41 — 22.04.2026 20:49. Внутри 5 сообщений, чатов: 1. Частые слова: нахуй, типа, завод, короче, говорит.",Законы и налоги,Законы и налоги|яндекс,нахуй|типа|завод|короче|говорит|каско|делали,2026-04-22 20:41:00,2026-04-22 20:49:00,1,5,1,3,1,0,0.2,0.0,10.23,новый,False
e_01298,Обсуждение коэффициентов и тарифов,"Инфоповод по теме «Коэффициент» за период 17.04.2026 08:26 — 17.04.2026 08:38. Внутри 3 сообщений, чатов: 1. Частые слова: блять, работает, поеду, приложения, потом.",Коэффициент,Коэффициент|Приложение и сбои|Яндекс Про|яндекс,блять|работает|поеду|приложения|потом|переключился|говорят,2026-04-17 08:26:00,2026-04-17 08:38:00,1,3,1,1,2,0,0.6667,0.0,10.23,новый,False
e_01088,"Законы, налоги и регулирование","Инфоповод по теме «Законы и налоги» за период 20.04.2026 13:10 — 20.04.2026 14:41. Внутри 6 сообщений, чатов: 1. Частые слова: кэф, может, ребят, фотоконтроля, осаго.",Законы и налоги,Законы и налоги|Коэффициент|яндекс,кэф|может|ребят|фотоконтроля|осаго|влиять|количество,2026-04-20 13:10:00,2026-04-20 14:41:00,1,6,1,6,0,0,0.0,0.0,10.18,новый,False
e_00057,"Фастен: фастен, убер, отличить","Инфоповод по теме «Фастен» за период 21.04.2026 12:58 — 21.04.2026 13:47. Внутри 3 сообщений, чатов: 3. Частые слова: фастен, убер, отличить, яши, летит.",Фастен,Фастен,фастен|убер|отличить|яши|летит|брать|ниже,2026-04-21 12:58:00,2026-04-21 13:47:00,3,3,3,3,1,0,0.3333,0.0,10.18,новый,False
e_00091,Сбои и проблемы в приложении,"Инфоповод по теме «Приложение и сбои» за период 22.04.2026 01:50 — 22.04.2026 01:50. Внутри 1 сообщений, чатов: 1. Частые слова: взял, кореша, андройд, редми, нот.",Приложение и сбои,Приложение и сбои,взял|кореша|андройд|редми|нот|лагает|пизда,2026-04-22 01:50:00,2026-04-22 01:50:00,1,1,1,1,1,0,1.0,0.0,10.17,новый,False
e_00308,Сбои и проблемы в приложении,"Инфоповод по теме «Приложение и сбои» за период 18.04.2026 14:38 — 18.04.2026 14:38. Внутри 1 сообщений, чатов: 1. Частые слова: прочитал, мастерски, управлялась, игрой, порядке.",Приложение и сбои,Приложение и сбои|Яндекс Про,прочитал|мастерски|управлялась|игрой|порядке|доступом|лично,2026-04-18 14:38:00,2026-04-18 14:38:00,1,1,1,1,1,0,1.0,0.0,10.17,новый,False
e_00614,Обсуждение коэффициентов и тарифов,"Инфоповод по теме «Коэффициент» за период 20.04.2026 20:03 — 20.04.2026 20:03. Внутри 1 сообщений, чатов: 1. Частые слова: одно, вообще, смотрите, время, каратыш.",Коэффициент,Коэффициент|Приложение и сбои|яндекс,одно|вообще|смотрите|время|каратыш|дольник|кэф,2026-04-20 20:03:00,2026-04-20 20:03:00,1,1,1,1,1,0,1.0,0.0,10.17,новый,False
e_00665,Сбои и проблемы в приложении,"Инфоповод по теме «Приложение и сбои» за период 21.04.2026 10:34 — 21.04.2026 10:34. Внутри 1 сообщений, чатов: 1. Частые слова: сами, норм, заказ, городу, говнозаказ.",Приложение и сбои,Приложение и сбои,сами|норм|заказ|городу|говнозаказ|пишу|звоню,2026-04-21 10:34:00,2026-04-21 10:34:00,1,1,1,1,1,0,1.0,0.0,10.17,новый,False
e_00859,Сбои и проблемы в приложении,"Инфоповод по теме «Приложение и сбои» за период 22.04.2026 20:45 — 22.04.2026 20:45. Внутри 1 сообщений, чатов: 1. Частые слова: достаточно, открыть, приложения, драйви, понять.",Приложение и сбои,Приложение и сбои|Яндекс Про,достаточно|открыть|приложения|драйви|понять|насколько|плохо,2026-04-22 20:45:00,2026-04-22 20:45:00,1,1,1,1,1,0,1.0,0.0,10.17,новый,False
e_01150,Сбои и проблемы в приложении,"Инфоповод по теме «Приложение и сбои» за период 20.04.2026 13:41 — 20.04.2026 13:41. Внутри 1 сообщений, чатов: 1. Частые слова: цену, ребят, заказ, приходил, межгород.",Приложение и сбои,Приложение и сбои|Яндекс Про,цену|ребят|заказ|приходил|межгород|иваново|забрать,2026-04-20 13:41:00,2026-04-20 13:41:00,1,1,1,1,1,0,1.0,0.0,10.17,новый,False
e_01199,Сбои и проблемы в приложении,"Инфоповод по теме «Приложение и сбои» за период 23.04.2026 23:55 — 23.04.2026 23:55. Внутри 1 сообщений, чатов: 1. Частые слова: квантовом, вне, которые, нельзя, мыслить.",Приложение и сбои,Приложение и сбои,квантовом|вне|которые|нельзя|мыслить|времени|логики,2026-04-23 23:55:00,2026-04-23 23:55:00,1,1,1,1,1,0,1.0,0.0,10.17,новый,False
e_01259,Обсуждение коэффициентов и тарифов,"Инфоповод по теме «Коэффициент» за период 18.04.2026 20:47 — 18.04.2026 20:47. Внутри 1 сообщений, чатов: 1. Частые слова: вешается, вылетает, перезагружается, приоритет, обновил.",Коэффициент,Коэффициент|Приложение и сбои,вешается|вылетает|перезагружается|приоритет|обновил|яшку|плеймаркета,2026-04-18 20:47:00,2026-04-18 20:47:00,1,1,1,1,1,0,1.0,0.0,10.17,новый,False
e_01304,Сбои и проблемы в приложении,"Инфоповод по теме «Приложение и сбои» за период 21.04.2026 22:32 — 21.04.2026 22:32. Внутри 1 сообщений, чатов: 1. Частые слова: разрешения, дает, перевозчика, иногда, отсутствия.",Приложение и сбои,Приложение и сбои|Яндекс Про|яндекс,разрешения|дает|перевозчика|иногда|отсутствия|короче|ящер,2026-04-21 22:32:00,2026-04-21 22:32:00,1,1,1,1,1,0,1.0,0.0,10.17,новый,False
e_01309,Сбои и проблемы в приложении,"Инфоповод по теме «Приложение и сбои» за период 18.04.2026 02:08 — 18.04.2026 02:08. Внутри 1 сообщений, чатов: 1. Частые слова: подскажите, мосты, разводят, нихера, приложуха.",Приложение и сбои,Приложение и сбои|Яндекс Про,подскажите|мосты|разводят|нихера|приложуха|грузит|мостами,2026-04-18 02:08:00,2026-04-18 02:08:00,1,1,1,1,1,0,1.0,0.0,10.17,новый,False
e_01429,Сбои и проблемы в приложении,"Инфоповод по теме «Приложение и сбои» за период 20.04.2026 05:21 — 20.04.2026 05:21. Внутри 1 сообщений, чатов: 1. Частые слова: хер.",Приложение и сбои,Приложение и сбои|Яндекс Про|яндекс,хер,2026-04-20 05:21:00,2026-04-20 05:21:00,1,1,1,1,1,0,1.0,0.0,10.17,новый,False
e_01451,Сбои и проблемы в приложении,"Инфоповод по теме «Приложение и сбои» за период 17.04.2026 12:30 — 17.04.2026 12:30. Внутри 1 сообщений, чатов: 1. Частые слова: туда, нахуй.",Приложение и сбои,Приложение и сбои|Фастен|Яндекс Про,туда|нахуй,2026-04-17 12:30:00,2026-04-17 12:30:00,1,1,1,1,1,0,1.0,0.0,10.17,новый,False
e_00447,"WB Такси: потом, рейтинг, кол","Инфоповод по теме «WB Такси» за период 19.04.2026 20:06 — 19.04.2026 20:36. Внутри 5 сообщений, чатов: 1. Частые слова: потом, рейтинг, кол, поставили, кресло.",WB Такси,WB Такси|Коэффициент|Приложение и сбои|Яндекс Про|яндекс,потом|рейтинг|кол|поставили|кресло|могу|говорю,2026-04-19 20:06:00,2026-04-19 20:36:00,1,5,1,3,1,1,0.2,0.2,10.13,новый,False
e_00816,Обсуждение коэффициентов и тарифов,"Инфоповод по теме «Коэффициент» за период 22.04.2026 14:32 — 22.04.2026 16:34. Внутри 6 сообщений, чатов: 1. Частые слова: кэф, время, подача, минуты, поездки.",Коэффициент,Коэффициент|Фастен|яндекс,кэф|время|подача|минуты|поездки|именно|подачи,2026-04-22 14:32:00,2026-04-22 16:34:00,1,6,1,3,1,2,0.1667,0.3333,10.07,новый,False
e_00195,Сбои и проблемы в приложении,"Инфоповод по теме «Приложение и сбои» за период 17.04.2026 13:40 — 17.04.2026 17:21. Внутри 4 сообщений, чатов: 1. Частые слова: успокоения, тех, кого, рабоатет, сменил.",Приложение и сбои,Приложение и сбои|Яндекс Про|яндекс,успокоения|тех|кого|рабоатет|сменил|названия|приложения,2026-04-17 13:40:00,2026-04-17 17:21:00,1,4,1,3,1,1,0.25,0.25,10.06,новый,False
e_01308,"Законы, налоги и регулирование","Инфоповод по теме «Законы и налоги» за период 17.04.2026 22:34 — 17.04.2026 22:52. Внутри 4 сообщений, чатов: 1. Частые слова: интернет, яндекс, может, иди, всегда.",Законы и налоги,Законы и налоги|Коэффициент|яндекс,интернет|яндекс|может|иди|всегда|яша|подслушивает,2026-04-17 22:34:00,2026-04-17 22:52:00,1,4,1,3,1,0,0.25,0.0,10.06,новый,False
e_00184,"Законы, налоги и регулирование","Инфоповод по теме «Законы и налоги» за период 17.04.2026 11:29 — 17.04.2026 11:51. Внутри 3 сообщений, чатов: 1. Частые слова: сиденье, можешь, лет, прямо, показывать.",Законы и налоги,Законы и налоги|яндекс,сиденье|можешь|лет|прямо|показывать|пользуются|яндексом,2026-04-17 11:29:00,2026-04-17 11:51:00,1,3,1,1,1,1,0.3333,0.3333,10.06,новый,False
e_00336,Обсуждение коэффициентов и тарифов,"Инфоповод по теме «Коэффициент» за период 18.04.2026 22:40 — 19.04.2026 14:07. Внутри 3 сообщений, чатов: 1. Частые слова: тогда, наеб, какой, приоритет, спиздели.",Коэффициент,Коэффициент|яндекс,тогда|наеб|какой|приоритет|спиздели|бабкам|прокатили,2026-04-18 22:40:00,2026-04-19 14:07:00,1,3,1,2,2,0,0.6667,0.0,10.05,новый,False
e_01283,Обсуждение коэффициентов и тарифов,"Инфоповод по теме «Коэффициент» за период 21.04.2026 19:46 — 21.04.2026 19:54. Внутри 3 сообщений, чатов: 1. Частые слова: блядь, сказал, магистр, баран, короче.",Коэффициент,Коэффициент|яндекс,блядь|сказал|магистр|баран|короче|нахуй|праздник,2026-04-21 19:46:00,2026-04-21 19:54:00,1,3,1,2,2,0,0.6667,0.0,10.05,новый,False
e_00011,"WB Такси: такси, wildberries, запуск","Инфоповод по теме «WB Такси» за период 17.04.2026 16:48 — 17.04.2026 17:02. Внутри 3 сообщений, чатов: 3. Частые слова: такси, wildberries, запуск, проект, компании.",WB Такси,WB Такси|Коэффициент|яндекс,такси|wildberries|запуск|проект|компании|источник|приоритет,2026-04-17 16:48:00,2026-04-17 17:02:00,3,3,3,3,0,1,0.0,0.3333,10.01,новый,False
e_01069,"WB Такси: году, ozon, покупателей","Инфоповод по теме «WB Такси» за период 18.04.2026 18:11 — 18.04.2026 18:19. Внутри 2 сообщений, чатов: 1. Частые слова: году, ozon, покупателей, такси, будут.",WB Такси,WB Такси|яндекс,году|ozon|покупателей|такси|будут|яндекс|схлестнется,2026-04-18 18:11:00,2026-04-18 18:19:00,1,2,1,1,2,0,1.0,0.0,9.98,новый,False
e_00033,"WB Такси: года, два, эдак","Инфоповод по теме «WB Такси» за период 22.04.2026 13:13 — 22.04.2026 13:29. Внутри 3 сообщений, чатов: 2. Частые слова: года, два, эдак, потому, могут.",WB Такси,WB Такси|Коэффициент,года|два|эдак|потому|могут|сбермаркет|делал,2026-04-22 13:13:00,2026-04-22 13:29:00,2,3,2,3,1,0,0.3333,0.0,9.96,новый,False
e_00290,"Законы, налоги и регулирование","Инфоповод по теме «Законы и налоги» за период 18.04.2026 11:20 — 18.04.2026 18:24. Внутри 3 сообщений, чатов: 1. Частые слова: штраф, лицо, выкуп, газон, опять.",Законы и налоги,Законы и налоги,штраф|лицо|выкуп|газон|опять|закона|потому,2026-04-18 11:20:00,2026-04-18 18:24:00,1,3,1,3,1,0,0.3333,0.0,9.95,новый,False
e_00596,"Законы, налоги и регулирование","Инфоповод по теме «Законы и налоги» за период 20.04.2026 19:30 — 20.04.2026 20:21. Внутри 3 сообщений, чатов: 1. Частые слова: соответственно, том, какие, потому, осмотра.",Законы и налоги,Законы и налоги,соответственно|том|какие|потому|осмотра|случае|изменения,2026-04-20 19:30:00,2026-04-20 20:21:00,1,3,1,3,1,0,0.3333,0.0,9.95,новый,False
e_00952,"Законы, налоги и регулирование","Инфоповод по теме «Законы и налоги» за период 23.04.2026 16:52 — 23.04.2026 17:53. Внутри 3 сообщений, чатов: 1. Частые слова: откуда, майор, кабаева, генерал, шойгу.",Законы и налоги,Законы и налоги,откуда|майор|кабаева|генерал|шойгу|оленем|повезло,2026-04-23 16:52:00,2026-04-23 17:53:00,1,3,1,3,1,0,0.3333,0.0,9.95,новый,False
e_01077,"Законы, налоги и регулирование","Инфоповод по теме «Законы и налоги» за период 20.04.2026 11:04 — 20.04.2026 11:44. Внутри 3 сообщений, чатов: 1. Частые слова: пожалуйста, блядь, посмотрел, поехали, сколько.",Законы и налоги,Законы и налоги|Приложение и сбои|Фастен|Яндекс Про|яндекс,пожалуйста|блядь|посмотрел|поехали|сколько|беру|человек,2026-04-20 11:04:00,2026-04-20 11:44:00,1,3,1,3,1,0,0.3333,0.0,9.95,новый,False
e_01346,"Законы, налоги и регулирование","Инфоповод по теме «Законы и налоги» за период 18.04.2026 09:48 — 18.04.2026 09:59. Внутри 3 сообщений, чатов: 1. Частые слова: нравится, идите, завод, склады, бензы.",Законы и налоги,Законы и налоги|Коэффициент|Фастен,нравится|идите|завод|склады|бензы|амортизации|правда,2026-04-18 09:48:00,2026-04-18 09:59:00,1,3,1,3,1,0,0.3333,0.0,9.95,новый,False
e_01360,Обсуждение коэффициентов и тарифов,"Инфоповод по теме «Коэффициент» за период 22.04.2026 17:19 — 22.04.2026 17:58. Внутри 8 сообщений, чатов: 1. Частые слова: блядь, яндекс, знаю, линию, кэф.",Коэффициент,Коэффициент|Приложение и сбои|Яндекс Про|яндекс,блядь|яндекс|знаю|линию|кэф|трц|аквамол,2026-04-22 17:19:00,2026-04-22 17:58:00,1,8,1,4,0,0,0.0,0.0,9.91,новый,False
e_01075,Обсуждение коэффициентов и тарифов,"Инфоповод по теме «Коэффициент» за период 19.04.2026 22:01 — 19.04.2026 22:22. Внутри 7 сообщений, чатов: 1. Частые слова: поездки, яндекс, fasten, поддержка, такси.",Коэффициент,Коэффициент|Фастен|яндекс,поездки|яндекс|fasten|поддержка|такси|пути|мин,2026-04-19 22:01:00,2026-04-19 22:22:00,1,7,1,2,2,0,0.2857,0.0,9.91,новый,False
e_00344,Обсуждение коэффициентов и тарифов,"Инфоповод по теме «Коэффициент» за период 18.04.2026 23:52 — 19.04.2026 00:23. Внутри 6 сообщений, чатов: 1. Частые слова: яндекса, чем, километраж, менее, выгодный.",Коэффициент,Коэффициент|яндекс,яндекса|чем|километраж|менее|выгодный|такие|другой,2026-04-18 23:52:00,2026-04-19 00:23:00,1,6,1,4,1,1,0.1667,0.1667,9.91,новый,False
e_00752,Обсуждение коэффициентов и тарифов,"Инфоповод по теме «Коэффициент» за период 22.04.2026 07:21 — 22.04.2026 07:28. Внутри 5 сообщений, чатов: 1. Частые слова: приложение, ждал, зонами, таксометр, яндекса.",Коэффициент,Коэффициент|Приложение и сбои|Яндекс Про|яндекс,приложение|ждал|зонами|таксометр|яндекса|блять|уметь,2026-04-22 07:21:00,2026-04-22 07:28:00,1,5,1,2,1,1,0.2,0.2,9.9,новый,False
e_01015,"WB Такси: говорю, яндекс, бля","Инфоповод по теме «WB Такси» за период 21.04.2026 09:10 — 21.04.2026 10:39. Внутри 5 сообщений, чатов: 1. Частые слова: говорю, яндекс, бля, такси, заказ.",WB Такси,WB Такси|Приложение и сбои|Яндекс Про|яндекс,говорю|яндекс|бля|такси|заказ|сука|типа,2026-04-21 09:10:00,2026-04-21 10:39:00,1,5,1,4,1,0,0.2,0.0,9.9,новый,False
e_00935,Обсуждение коэффициентов и тарифов,"Инфоповод по теме «Коэффициент» за период 23.04.2026 14:36 — 23.04.2026 17:59. Внутри 7 сообщений, чатов: 1. Частые слова: можно, потери, москве, пропустить, километров.",Коэффициент,Коэффициент|яндекс,можно|потери|москве|пропустить|километров|сочи|подачи,2026-04-23 14:36:00,2026-04-23 17:59:00,1,7,1,3,1,1,0.1429,0.1429,9.86,новый,False
e_00648,Сбои и проблемы в приложении,"Инфоповод по теме «Приложение и сбои» за период 21.04.2026 07:45 — 21.04.2026 08:00. Внутри 4 сообщений, чатов: 1. Частые слова: блядь, прям, яндекс, причем, понимаешь.",Приложение и сбои,Приложение и сбои|Яндекс Про|яндекс,блядь|прям|яндекс|причем|понимаешь|комментарий|потому,2026-04-21 07:45:00,2026-04-21 08:00:00,1,4,1,2,1,1,0.25,0.25,9.83,новый,False
e_01122,"Законы, налоги и регулирование","Инфоповод по теме «Законы и налоги» за период 23.04.2026 13:47 — 23.04.2026 15:01. Внутри 4 сообщений, чатов: 1. Частые слова: такси, яндекс, перевозки, договор, договора.",Законы и налоги,Законы и налоги|Приложение и сбои|Яндекс Про|яндекс,такси|яндекс|перевозки|договор|договора|фрахтования|пассажиров,2026-04-23 13:47:00,2026-04-23 15:01:00,1,4,1,2,1,0,0.25,0.0,9.83,новый,False
e_00124,Обсуждение забастовки водителей,"Инфоповод по теме «Забастовка» за период 23.04.2026 15:26 — 23.04.2026 15:36. Внутри 2 сообщений, чатов: 1. Частые слова: блокнули, сутки, кому, интересно, повторный.",Забастовка,Забастовка|яндекс,блокнули|сутки|кому|интересно|повторный|блок|прогу,2026-04-23 15:26:00,2026-04-23 15:36:00,1,2,1,2,0,0,0.0,0.0,9.81,новый,False
e_00335,Обсуждение забастовки водителей,"Инфоповод по теме «Забастовка» за период 18.04.2026 22:26 — 18.04.2026 23:06. Внутри 2 сообщений, чатов: 1. Частые слова: сами, потом, мих, друг, таксисты.",Забастовка,Забастовка|Законы и налоги|Коэффициент|яндекс,сами|потом|мих|друг|таксисты|другу|эти,2026-04-18 22:26:00,2026-04-18 23:06:00,1,2,1,2,0,0,0.0,0.0,9.81,новый,False
e_00394,Обсуждение коэффициентов и тарифов,"Инфоповод по теме «Коэффициент» за период 19.04.2026 12:10 — 19.04.2026 12:14. Внутри 2 сообщений, чатов: 1. Частые слова: отменить, меньше, водит, нищете, принимаешь.",Коэффициент,Коэффициент|Фастен,отменить|меньше|водит|нищете|принимаешь|пишешь|пассу,2026-04-19 12:10:00,2026-04-19 12:14:00,1,2,1,2,1,1,0.5,0.5,9.81,новый,False
e_00461,"Законы, налоги и регулирование","Инфоповод по теме «Законы и налоги» за период 19.04.2026 21:49 — 19.04.2026 21:52. Внутри 2 сообщений, чатов: 1. Частые слова: знаю, информационные, услуги, никто, всех.",Законы и налоги,Законы и налоги|Коэффициент|яндекс,знаю|информационные|услуги|никто|всех|раз|сути,2026-04-19 21:49:00,2026-04-19 21:52:00,1,2,1,2,1,0,0.5,0.0,9.81,новый,False
e_00560,"Законы, налоги и регулирование","Инфоповод по теме «Законы и налоги» за период 20.04.2026 15:04 — 20.04.2026 15:04. Внутри 2 сообщений, чатов: 1. Частые слова: власть, против, тогда, потому, касается.",Законы и налоги,Законы и налоги,власть|против|тогда|потому|касается|бред|который,2026-04-20 15:04:00,2026-04-20 15:04:00,2,2,1,2,1,0,0.5,0.0,9.81,новый,False
e_00564,"Законы, налоги и регулирование","Инфоповод по теме «Законы и налоги» за период 20.04.2026 15:21 — 20.04.2026 15:21. Внутри 2 сообщений, чатов: 1. Частые слова: этого, нужно, никто, никакой, сказать.",Законы и налоги,Законы и налоги,этого|нужно|никто|никакой|сказать|олигархи|нпз,2026-04-20 15:21:00,2026-04-20 15:21:00,2,2,1,2,1,0,0.5,0.0,9.81,новый,False
e_00569,"Законы, налоги и регулирование","Инфоповод по теме «Законы и налоги» за период 20.04.2026 15:56 — 20.04.2026 15:56. Внутри 2 сообщений, чатов: 1. Частые слова: сроки, проверки, порядке, установлены, дня.",Законы и налоги,Законы и налоги,сроки|проверки|порядке|установлены|дня|дней|знаю,2026-04-20 15:56:00,2026-04-20 15:56:00,2,2,1,2,1,0,0.5,0.0,9.81,новый,False
e_00635,Обсуждение забастовки водителей,"Инфоповод по теме «Забастовка» за период 21.04.2026 01:03 — 21.04.2026 01:10. Внутри 2 сообщений, чатов: 1. Частые слова: говорю, через, синеботы, подключаться, серьезно.",Забастовка,Забастовка|Коэффициент,говорю|через|синеботы|подключаться|серьезно|домой|утром,2026-04-21 01:03:00,2026-04-21 01:10:00,1,2,1,2,0,0,0.0,0.0,9.81,новый,False
e_00719,"Законы, налоги и регулирование","Инфоповод по теме «Законы и налоги» за период 21.04.2026 20:26 — 21.04.2026 20:48. Внутри 2 сообщений, чатов: 1. Частые слова: вакханалия, разрешение, шли, такси, боролись.",Законы и налоги,Законы и налоги,вакханалия|разрешение|шли|такси|боролись|всем|вопрос,2026-04-21 20:26:00,2026-04-21 20:48:00,1,2,1,2,1,0,0.5,0.0,9.81,новый,False
e_00801,Обсуждение коэффициентов и тарифов,"Инфоповод по теме «Коэффициент» за период 22.04.2026 13:12 — 22.04.2026 13:25. Внутри 2 сообщений, чатов: 1. Частые слова: сказал, обиженный, кэф, походу, серьезно.",Коэффициент,Коэффициент,сказал|обиженный|кэф|походу|серьезно|общаюсь|здороваюсь,2026-04-22 13:12:00,2026-04-22 13:25:00,2,2,1,2,1,1,0.5,0.5,9.81,новый,False
e_00831,"Законы, налоги и регулирование","Инфоповод по теме «Законы и налоги» за период 22.04.2026 17:04 — 22.04.2026 17:07. Внутри 2 сообщений, чатов: 1. Частые слова: электрокар, вообще, налог, платить, электро.",Законы и налоги,Законы и налоги,электрокар|вообще|налог|платить|электро|оба|жене,2026-04-22 17:04:00,2026-04-22 17:07:00,1,2,1,2,1,0,0.5,0.0,9.81,новый,False
e_00900,"Законы, налоги и регулирование","Инфоповод по теме «Законы и налоги» за период 23.04.2026 08:23 — 23.04.2026 08:50. Внутри 2 сообщений, чатов: 1. Частые слова: вин, полностью, закону, типа, может.",Законы и налоги,Законы и налоги,вин|полностью|закону|типа|может|защититься|нечитаемого,2026-04-23 08:23:00,2026-04-23 08:50:00,1,2,1,2,1,0,0.5,0.0,9.81,новый,False
e_00929,"Законы, налоги и регулирование","Инфоповод по теме «Законы и налоги» за период 23.04.2026 13:34 — 23.04.2026 13:57. Внутри 2 сообщений, чатов: 1. Частые слова: расход, знаешь, можно, людей, отстреливать.",Законы и налоги,Законы и налоги|Коэффициент,расход|знаешь|можно|людей|отстреливать|улице|идея,2026-04-23 13:34:00,2026-04-23 13:57:00,1,2,1,2,1,0,0.5,0.0,9.81,новый,False
e_00996,"Законы, налоги и регулирование","Инфоповод по теме «Законы и налоги» за период 23.04.2026 22:58 — 23.04.2026 23:00. Внутри 2 сообщений, чатов: 1. Частые слова: цены, тогда, вырастут, хотя, опять.",Законы и налоги,Законы и налоги|яндекс,цены|тогда|вырастут|хотя|опять|сотый|раз,2026-04-23 22:58:00,2026-04-23 23:00:00,1,2,1,2,0,2,0.0,1.0,9.81,новый,False
e_01120,"WB Такси: такси, яндекс, почему","Инфоповод по теме «WB Такси» за период 22.04.2026 07:17 — 22.04.2026 08:13. Внутри 2 сообщений, чатов: 1. Частые слова: такси, яндекс, почему, женщины, меняется.",WB Такси,WB Такси|Законы и налоги|яндекс,такси|яндекс|почему|женщины|меняется|отсутствие|женских,2026-04-22 07:17:00,2026-04-22 08:13:00,1,2,1,2,1,0,0.5,0.0,9.81,новый,False
e_01307,"Законы, налоги и регулирование","Инфоповод по теме «Законы и налоги» за период 17.04.2026 15:06 — 17.04.2026 15:28. Внутри 2 сообщений, чатов: 1. Частые слова: такси, много, пробовал, везде, шляпа.",Законы и налоги,Законы и налоги,такси|много|пробовал|везде|шляпа|прям|дохуя,2026-04-17 15:06:00,2026-04-17 15:28:00,1,2,1,2,1,0,0.5,0.0,9.81,новый,False
e_01351,Обсуждение забастовки водителей,"Инфоповод по теме «Забастовка» за период 19.04.2026 14:52 — 19.04.2026 14:52. Внутри 2 сообщений, чатов: 1. Частые слова: проблема, неправильно, день, том, большая.",Забастовка,Забастовка|яндекс,проблема|неправильно|день|том|большая|дело|этих,2026-04-19 14:52:00,2026-04-19 14:52:00,1,2,1,2,0,0,0.0,0.0,9.81,новый,False
e_01363,"Законы, налоги и регулирование","Инфоповод по теме «Законы и налоги» за период 18.04.2026 20:31 — 18.04.2026 20:49. Внутри 2 сообщений, чатов: 1. Частые слова: такси, яндекс, ооо, конкуренции, компания.",Законы и налоги,Законы и налоги|Коэффициент|яндекс,такси|яндекс|ооо|конкуренции|компания|коап|фас,2026-04-18 20:31:00,2026-04-18 20:49:00,1,2,1,2,1,0,0.5,0.0,9.81,новый,False
e_01076,Обсуждение коэффициентов и тарифов,"Инфоповод по теме «Коэффициент» за период 20.04.2026 08:47 — 20.04.2026 08:52. Внутри 5 сообщений, чатов: 1. Частые слова: фастен, оператор, поездки, пути, мин.",Коэффициент,Коэффициент|Фастен|яндекс,фастен|оператор|поездки|пути|мин|постоянно|время,2026-04-20 08:47:00,2026-04-20 08:52:00,1,5,1,2,2,0,0.4,0.0,9.8,новый,False
e_01377,"WB Такси: поскольку, пвз, кормить","Инфоповод по теме «WB Такси» за период 21.04.2026 23:25 — 22.04.2026 00:32. Внутри 5 сообщений, чатов: 1. Частые слова: поскольку, пвз, кормить, яши, пока.",WB Такси,WB Такси|Коэффициент|яндекс,поскольку|пвз|кормить|яши|пока|яша|сам,2026-04-21 23:25:00,2026-04-22 00:32:00,1,5,1,2,2,0,0.4,0.0,9.8,новый,False
e_00160,"WB Такси: бля, может, верят","Инфоповод по теме «WB Такси» за период 17.04.2026 08:33 — 17.04.2026 08:41. Внутри 3 сообщений, чатов: 1. Частые слова: бля, может, верят, такую, хуйню.",WB Такси,WB Такси|яндекс,бля|может|верят|такую|хуйню|выкидывает|ящер,2026-04-17 08:33:00,2026-04-17 08:41:00,1,3,1,3,1,2,0.3333,0.6667,9.78,новый,False
e_00698,"яндекс: приходит, заказ, ждет","Инфоповод по теме «яндекс» за период 21.04.2026 15:58 — 21.04.2026 17:40. Внутри 3 сообщений, чатов: 1. Частые слова: приходит, заказ, ждет, выходят, вообще.",яндекс,яндекс,приходит|заказ|ждет|выходят|вообще|моему|другу,2026-04-21 15:58:00,2026-04-21 17:40:00,2,3,1,3,2,0,0.6667,0.0,9.78,новый,False
e_00956,"яндекс: яндекса, звука, стали","Инфоповод по теме «яндекс» за период 23.04.2026 17:07 — 23.04.2026 18:08. Внутри 3 сообщений, чатов: 1. Частые слова: яндекса, звука, стали, впринципе, уведомления.",яндекс,яндекс,яндекса|звука|стали|впринципе|уведомления|приходить|хуево,2026-04-23 17:07:00,2026-04-23 18:08:00,2,3,1,3,2,0,0.6667,0.0,9.78,новый,False
e_01353,"яндекс: поездки, поездок, яндекс","Инфоповод по теме «яндекс» за период 20.04.2026 01:18 — 20.04.2026 01:38. Внутри 8 сообщений, чатов: 1. Частые слова: поездки, поездок, яндекс, яндексу, чем.",яндекс,яндекс,поездки|поездок|яндекс|яндексу|чем|комиссия|каждой,2026-04-20 01:18:00,2026-04-20 01:38:00,1,8,1,3,2,0,0.25,0.0,9.74,новый,False
e_01382,"WB Такси: фастен, заказ, заказов","Инфоповод по теме «WB Такси» за период 19.04.2026 20:18 — 19.04.2026 21:52. Внутри 8 сообщений, чатов: 1. Частые слова: фастен, заказ, заказов, тарифа, тариф.",WB Такси,WB Такси|Коэффициент|Фастен|яндекс,фастен|заказ|заказов|тарифа|тариф|неделю|цене,2026-04-19 20:18:00,2026-04-19 21:52:00,1,8,1,3,1,0,0.125,0.0,9.74,новый,False
e_00441,"Законы, налоги и регулирование","Инфоповод по теме «Законы и налоги» за период 19.04.2026 19:20 — 19.04.2026 19:31. Внутри 4 сообщений, чатов: 1. Частые слова: блять, закон, либеральные, законы, понимаешь.",Законы и налоги,Законы и налоги,блять|закон|либеральные|законы|понимаешь|букве|закона,2026-04-19 19:20:00,2026-04-19 19:31:00,3,4,1,4,0,1,0.0,0.25,9.74,новый,False
e_01176,Обсуждение коэффициентов и тарифов,"Инфоповод по теме «Коэффициент» за период 18.04.2026 22:27 — 18.04.2026 23:28. Внутри 4 сообщений, чатов: 1. Частые слова: минут, такси, стандарты, пользователя, ожидания.",Коэффициент,Коэффициент|Приложение и сбои|Яндекс Про|яндекс,минут|такси|стандарты|пользователя|ожидания|3дравствуйте|водитель,2026-04-18 22:27:00,2026-04-18 23:28:00,1,4,1,4,1,0,0.25,0.0,9.74,новый,False
e_01256,"Законы, налоги и регулирование","Инфоповод по теме «Законы и налоги» за период 22.04.2026 16:41 — 22.04.2026 17:34. Внутри 6 сообщений, чатов: 1. Частые слова: яндекс, блять, ебала, ебать, какой.",Законы и налоги,Законы и налоги|яндекс,яндекс|блять|ебала|ебать|какой|парк|осаго,2026-04-22 16:41:00,2026-04-22 17:34:00,1,6,1,3,0,0,0.0,0.0,9.73,новый,False
e_01367,Обсуждение коэффициентов и тарифов,"Инфоповод по теме «Коэффициент» за период 19.04.2026 02:43 — 19.04.2026 03:11. Внутри 5 сообщений, чатов: 1. Частые слова: домой, отключил, говорит, полике, работал.",Коэффициент,Коэффициент|Приложение и сбои|Яндекс Про|яндекс,домой|отключил|говорит|полике|работал|пивка|потом,2026-04-19 02:43:00,2026-04-19 03:11:00,1,5,1,3,1,0,0.2,0.0,9.73,новый,False
e_00262,"Законы, налоги и регулирование","Инфоповод по теме «Законы и налоги» за период 17.04.2026 23:05 — 17.04.2026 23:19. Внутри 3 сообщений, чатов: 1. Частые слова: налог, пздц, хочу, машину, купить.",Законы и налоги,Законы и налоги,налог|пздц|хочу|машину|купить|ультимы|знаю,2026-04-17 23:05:00,2026-04-17 23:19:00,2,3,1,2,1,0,0.3333,0.0,9.72,новый,False
e_00649,"Законы, налоги и регулирование","Инфоповод по теме «Законы и налоги» за период 21.04.2026 08:22 — 21.04.2026 11:18. Внутри 3 сообщений, чатов: 1. Частые слова: протаранила, короче, вообще, блять, участники.",Законы и налоги,Законы и налоги|Приложение и сбои|яндекс,протаранила|короче|вообще|блять|участники|опьянение|этого,2026-04-21 08:22:00,2026-04-21 11:18:00,1,3,1,2,1,0,0.3333,0.0,9.72,новый,False
e_01354,"Законы, налоги и регулирование","Инфоповод по теме «Законы и налоги» за период 20.04.2026 05:12 — 20.04.2026 05:19. Внутри 3 сообщений, чатов: 1. Частые слова: спрос, тысяч, яша, реальный, водитель.",Законы и налоги,Законы и налоги|Коэффициент|яндекс,спрос|тысяч|яша|реальный|водитель|километр|наху,2026-04-20 05:12:00,2026-04-20 05:19:00,1,3,1,2,1,0,0.3333,0.0,9.72,новый,False
e_00066,"Фастен: блядь, нахуй, фастен","Инфоповод по теме «Фастен» за период 23.04.2026 00:48 — 23.04.2026 01:46. Внутри 6 сообщений, чатов: 2. Частые слова: блядь, нахуй, фастен, хочу, стою.",Фастен,Фастен|яндекс,блядь|нахуй|фастен|хочу|стою|яндекса|зачем,2026-04-23 00:48:00,2026-04-23 01:46:00,3,6,2,6,0,0,0.0,0.0,9.7,новый,False
e_00371,Обсуждение коэффициентов и тарифов,"Инфоповод по теме «Коэффициент» за период 19.04.2026 08:16 — 19.04.2026 08:16. Внутри 1 сообщений, чатов: 1. Частые слова: горело, взял, зелень, разгорелось, отвез.",Коэффициент,Коэффициент,горело|взял|зелень|разгорелось|отвез|вернулся|потухло,2026-04-19 08:16:00,2026-04-19 08:16:00,1,1,1,1,1,0,1.0,0.0,9.67,новый,False
e_00541,Обсуждение коэффициентов и тарифов,"Инфоповод по теме «Коэффициент» за период 20.04.2026 13:03 — 20.04.2026 13:03. Внутри 1 сообщений, чатов: 1. Частые слова: заказ, попробую, обязательно, приехали, носить.",Коэффициент,Коэффициент|яндекс,заказ|попробую|обязательно|приехали|носить|прилично|разгрузку,2026-04-20 13:03:00,2026-04-20 13:03:00,1,1,1,1,1,0,1.0,0.0,9.67,новый,False
e_00562,Обсуждение коэффициентов и тарифов,"Инфоповод по теме «Коэффициент» за период 20.04.2026 15:16 — 20.04.2026 15:16. Внутри 1 сообщений, чатов: 1. Частые слова: столько, вся, прога, состоит, сплошных.",Коэффициент,Коэффициент|яндекс,столько|вся|прога|состоит|сплошных|багов|рисует,2026-04-20 15:16:00,2026-04-20 15:16:00,1,1,1,1,1,0,1.0,0.0,9.67,новый,False
e_00572,Обсуждение коэффициентов и тарифов,"Инфоповод по теме «Коэффициент» за период 20.04.2026 16:32 — 20.04.2026 16:32. Внутри 1 сообщений, чатов: 1. Частые слова: экономе, выходил, линию, кэф, горел.",Коэффициент,Коэффициент|яндекс,экономе|выходил|линию|кэф|горел|фиолетом|меньше,2026-04-20 16:32:00,2026-04-20 16:32:00,1,1,1,1,1,0,1.0,0.0,9.67,новый,False
e_00721,Обсуждение коэффициентов и тарифов,"Инфоповод по теме «Коэффициент» за период 21.04.2026 20:57 — 21.04.2026 20:57. Внутри 1 сообщений, чатов: 1. Частые слова: забрали, эта, хня, значит, тыкаю.",Коэффициент,Коэффициент,забрали|эта|хня|значит|тыкаю|пропускается|вылезает,2026-04-21 20:57:00,2026-04-21 20:57:00,1,1,1,1,1,0,1.0,0.0,9.67,новый,False
e_00871,Обсуждение коэффициентов и тарифов,"Инфоповод по теме «Коэффициент» за период 22.04.2026 22:10 — 22.04.2026 22:10. Внутри 1 сообщений, чатов: 1. Частые слова: википедия, яндекс, свел, курьеров, уровня.",Коэффициент,Коэффициент|яндекс,википедия|яндекс|свел|курьеров|уровня|шнырей|заставляя,2026-04-22 22:10:00,2026-04-22 22:10:00,1,1,1,1,1,0,1.0,0.0,9.67,новый,False
e_00950,Обсуждение коэффициентов и тарифов,"Инфоповод по теме «Коэффициент» за период 23.04.2026 16:31 — 23.04.2026 16:31. Внутри 1 сообщений, чатов: 1. Частые слова: пропала, цена, гибком, нал, безнал.",Коэффициент,Коэффициент,пропала|цена|гибком|нал|безнал|говорят|кэш,2026-04-23 16:31:00,2026-04-23 16:31:00,1,1,1,1,1,0,1.0,0.0,9.67,новый,False
e_01032,Обсуждение коэффициентов и тарифов,"Инфоповод по теме «Коэффициент» за период 17.04.2026 20:34 — 17.04.2026 20:34. Внутри 1 сообщений, чатов: 1. Частые слова: эконому, ноль, машин, кэф, гавно.",Коэффициент,Коэффициент,эконому|ноль|машин|кэф|гавно,2026-04-17 20:34:00,2026-04-17 20:34:00,1,1,1,1,1,0,1.0,0.0,9.67,новый,False
e_01101,Обсуждение коэффициентов и тарифов,"Инфоповод по теме «Коэффициент» за период 19.04.2026 22:56 — 19.04.2026 22:56. Внутри 1 сообщений, чатов: 1. Частые слова: вечер, кондиционером, люди, ахуе, дороги.",Коэффициент,Коэффициент,вечер|кондиционером|люди|ахуе|дороги|пизда|попутчиков,2026-04-19 22:56:00,2026-04-19 22:56:00,1,1,1,1,1,0,1.0,0.0,9.67,новый,False
e_01257,Обсуждение коэффициентов и тарифов,"Инфоповод по теме «Коэффициент» за период 17.04.2026 20:26 — 17.04.2026 20:26. Внутри 1 сообщений, чатов: 1. Частые слова: любом, случае, время, выполнения, заказа.",Коэффициент,Коэффициент|яндекс,любом|случае|время|выполнения|заказа|дичь|видеть,2026-04-17 20:26:00,2026-04-17 20:26:00,1,1,1,1,1,0,1.0,0.0,9.67,новый,False
e_01371,Обсуждение коэффициентов и тарифов,"Инфоповод по теме «Коэффициент» за период 20.04.2026 15:49 — 20.04.2026 15:49. Внутри 1 сообщений, чатов: 1. Частые слова: зае.",Коэффициент,Коэффициент,зае,2026-04-20 15:49:00,2026-04-20 15:49:00,1,1,1,1,1,0,1.0,0.0,9.67,новый,False
e_01389,Обсуждение коэффициентов и тарифов,"Инфоповод по теме «Коэффициент» за период 23.04.2026 11:05 — 23.04.2026 11:05. Внутри 1 сообщений, чатов: 1. Частые слова: всегда, веселило, аргумент, противников, электричек.",Коэффициент,Коэффициент,всегда|веселило|аргумент|противников|электричек|такси|заряжаешься,2026-04-23 11:05:00,2026-04-23 11:05:00,1,1,1,1,1,0,1.0,0.0,9.67,новый,False
e_01391,Обсуждение коэффициентов и тарифов,"Инфоповод по теме «Коэффициент» за период 18.04.2026 16:43 — 18.04.2026 16:43. Внутри 1 сообщений, чатов: 1. Частые слова: пропустил, заказ, поездка, час, списали.",Коэффициент,Коэффициент,пропустил|заказ|поездка|час|списали|баллы|поддержке,2026-04-18 16:43:00,2026-04-18 16:43:00,1,1,1,1,1,0,1.0,0.0,9.67,новый,False
e_01399,Обсуждение коэффициентов и тарифов,"Инфоповод по теме «Коэффициент» за период 18.04.2026 15:52 — 18.04.2026 15:52. Внутри 1 сообщений, чатов: 1. Частые слова: гомосеки, обиделись.",Коэффициент,Коэффициент,гомосеки|обиделись,2026-04-18 15:52:00,2026-04-18 15:52:00,1,1,1,1,1,0,1.0,0.0,9.67,новый,False
e_01423,Обсуждение коэффициентов и тарифов,"Инфоповод по теме «Коэффициент» за период 17.04.2026 11:29 — 17.04.2026 11:29. Внутри 1 сообщений, чатов: 1. Частые слова: кэф, горит.",Коэффициент,Коэффициент,кэф|горит,2026-04-17 11:29:00,2026-04-17 11:29:00,1,1,1,1,1,0,1.0,0.0,9.67,новый,False
e_01440,Обсуждение коэффициентов и тарифов,"Инфоповод по теме «Коэффициент» за период 17.04.2026 13:19 — 17.04.2026 13:19. Внутри 1 сообщений, чатов: 1. Частые слова: яша, пидор.",Коэффициент,Коэффициент|яндекс,яша|пидор,2026-04-17 13:19:00,2026-04-17 13:19:00,1,1,1,1,1,0,1.0,0.0,9.67,новый,False
e_00349,Обсуждение коэффициентов и тарифов,"Инфоповод по теме «Коэффициент» за период 19.04.2026 00:48 — 19.04.2026 05:07. Внутри 7 сообщений, чатов: 1. Частые слова: приоритет, заказы, всех, работает, накатывает.",Коэффициент,Коэффициент|яндекс,приоритет|заказы|всех|работает|накатывает|легенда|вперед,2026-04-19 00:48:00,2026-04-19 05:07:00,1,7,1,2,1,1,0.1429,0.1429,9.63,новый,False
e_00035,"WB Такси: такси, беларусь, россии","Инфоповод по теме «WB Такси» за период 22.04.2026 18:19 — 22.04.2026 18:23. Внутри 3 сообщений, чатов: 2. Частые слова: такси, беларусь, россии, ехал, пассажир.",WB Такси,WB Такси|Законы и налоги,такси|беларусь|россии|ехал|пассажир|телефону|обсуждал,2026-04-22 18:19:00,2026-04-22 18:23:00,2,3,2,3,0,0,0.0,0.0,9.63,новый,False
e_00695,Обсуждение коэффициентов и тарифов,"Инфоповод по теме «Коэффициент» за период 21.04.2026 15:59 — 21.04.2026 16:22. Внутри 3 сообщений, чатов: 1. Частые слова: того, выше, яндекс, совершенно, случайно.",Коэффициент,Коэффициент|яндекс,того|выше|яндекс|совершенно|случайно|возможно|говорится,2026-04-21 15:59:00,2026-04-21 16:22:00,1,3,1,3,1,1,0.3333,0.3333,9.61,новый,False
e_01268,Обсуждение коэффициентов и тарифов,"Инфоповод по теме «Коэффициент» за период 22.04.2026 05:26 — 22.04.2026 06:22. Внутри 6 сообщений, чатов: 1. Частые слова: блядь, устраивает, фастен, понятно, цену.",Коэффициент,Коэффициент|Фастен|яндекс,блядь|устраивает|фастен|понятно|цену|нахуй|говорю,2026-04-22 05:26:00,2026-04-22 06:22:00,1,6,1,4,1,0,0.1667,0.0,9.58,новый,False
e_00019,"WB Такси: удали, конечно, написал","Инфоповод по теме «WB Такси» за период 19.04.2026 23:48 — 19.04.2026 23:56. Внутри 7 сообщений, чатов: 1. Частые слова: удали, конечно, написал, непозорь, мундир.",WB Такси,WB Такси|Коэффициент|яндекс,удали|конечно|написал|непозорь|мундир|таксиста|парк,2026-04-19 23:48:00,2026-04-19 23:56:00,5,7,1,7,0,0,0.0,0.0,9.56,новый,False
e_00264,"яндекс: яндекс, других, питере","Инфоповод по теме «яндекс» за период 18.04.2026 00:05 — 18.04.2026 00:11. Внутри 4 сообщений, чатов: 1. Частые слова: яндекс, других, питере, сдулся, всяких.",яндекс,яндекс,яндекс|других|питере|сдулся|всяких|индрайверов|нам,2026-04-18 00:05:00,2026-04-18 00:11:00,2,4,1,3,2,0,0.5,0.0,9.56,новый,False
e_01164,Сбои и проблемы в приложении,"Инфоповод по теме «Приложение и сбои» за период 17.04.2026 19:04 — 17.04.2026 19:06. Внутри 4 сообщений, чатов: 1. Частые слова: идите, пизду, вашим, яндексом, дамское.",Приложение и сбои,Приложение и сбои|Фастен|Яндекс Про|яндекс,идите|пизду|вашим|яндексом|дамское|такси|яндекс,2026-04-17 19:04:00,2026-04-17 19:06:00,1,4,1,3,1,0,0.25,0.0,9.56,новый,False
e_01172,Сбои и проблемы в приложении,"Инфоповод по теме «Приложение и сбои» за период 17.04.2026 08:57 — 17.04.2026 09:16. Внутри 4 сообщений, чатов: 1. Частые слова: samsung, https, подачу, поменялись, планы.",Приложение и сбои,Приложение и сбои|Яндекс Про|яндекс,samsung|https|подачу|поменялись|планы|тот|человек,2026-04-17 08:57:00,2026-04-17 09:16:00,1,4,1,3,1,0,0.25,0.0,9.56,новый,False
e_00673,"Фастен: пусть, будут, фастен","Инфоповод по теме «Фастен» за период 21.04.2026 11:32 — 21.04.2026 12:16. Внутри 3 сообщений, чатов: 1. Частые слова: пусть, будут, фастен, знают, дальше.",Фастен,Фастен|яндекс,пусть|будут|фастен|знают|дальше|отменяйте|возможности,2026-04-21 11:32:00,2026-04-21 12:16:00,2,3,1,2,2,0,0.6667,0.0,9.55,новый,False
e_01419,"яндекс: чисто, самому, нравится","Инфоповод по теме «яндекс» за период 20.04.2026 00:21 — 20.04.2026 00:27. Внутри 3 сообщений, чатов: 1. Частые слова: чисто, самому, нравится, хотел, убрать.",яндекс,яндекс,чисто|самому|нравится|хотел|убрать|бесполезно|вся,2026-04-20 00:21:00,2026-04-20 00:27:00,1,3,1,2,2,0,0.6667,0.0,9.55,новый,False
e_01275,"Законы, налоги и регулирование","Инфоповод по теме «Законы и налоги» за период 17.04.2026 05:52 — 17.04.2026 06:06. Внутри 4 сообщений, чатов: 1. Частые слова: будут, том, такого, рбк, связи.",Законы и налоги,Законы и налоги|Приложение и сбои|Яндекс Про|яндекс,будут|том|такого|рбк|связи|зарубежный|трафик,2026-04-17 05:52:00,2026-04-17 06:06:00,1,4,1,1,1,0,0.25,0.0,9.51,новый,False
e_00454,Обсуждение коэффициентов и тарифов,"Инфоповод по теме «Коэффициент» за период 19.04.2026 20:57 — 19.04.2026 21:13. Внутри 5 сообщений, чатов: 1. Частые слова: балла, вообще, минус, потом, два.",Коэффициент,Коэффициент|Приложение и сбои|Фастен|яндекс,балла|вообще|минус|потом|два|утра|начинается,2026-04-19 20:57:00,2026-04-19 21:13:00,1,5,1,2,1,0,0.2,0.0,9.5,новый,False
e_00106,Обсуждение забастовки водителей,"Инфоповод по теме «Забастовка» за период 17.04.2026 08:48 — 17.04.2026 08:48. Внутри 2 сообщений, чатов: 1. Частые слова: епт, забастовка, яндекс, контора, пидорасов.",Забастовка,Забастовка|яндекс,епт|забастовка|яндекс|контора|пидорасов,2026-04-17 08:48:00,2026-04-17 08:48:00,1,2,1,1,0,0,0.0,0.0,9.48,новый,False
e_00114,Обсуждение забастовки водителей,"Инфоповод по теме «Забастовка» за период 20.04.2026 13:39 — 20.04.2026 13:40. Внутри 2 сообщений, чатов: 1. Частые слова: профсоюз, одного, человека, может, повлиять.",Забастовка,Забастовка,профсоюз|одного|человека|может|повлиять|принятие|того,2026-04-20 13:39:00,2026-04-20 13:40:00,1,2,1,1,0,0,0.0,0.0,9.48,новый,False
e_00117,Обсуждение забастовки водителей,"Инфоповод по теме «Забастовка» за период 22.04.2026 04:11 — 22.04.2026 04:17. Внутри 2 сообщений, чатов: 1. Частые слова: ответы, поддержки, озвучить, время, пути.",Забастовка,Забастовка|Коэффициент|Приложение и сбои|Яндекс Про|яндекс,ответы|поддержки|озвучить|время|пути|заказе|типо,2026-04-22 04:11:00,2026-04-22 04:17:00,1,2,1,1,0,0,0.0,0.0,9.48,новый,False
e_00521,"Законы, налоги и регулирование","Инфоповод по теме «Законы и налоги» за период 20.04.2026 10:45 — 20.04.2026 10:52. Внутри 2 сообщений, чатов: 1. Частые слова: рублей, тысячи, предоставляет, этого, тысяч.",Законы и налоги,Законы и налоги|Приложение и сбои|Яндекс Про,рублей|тысячи|предоставляет|этого|тысяч|условно|говоря,2026-04-20 10:45:00,2026-04-20 10:52:00,1,2,1,1,1,0,0.5,0.0,9.48,новый,False
e_00865,"Законы, налоги и регулирование","Инфоповод по теме «Законы и налоги» за период 22.04.2026 21:31 — 22.04.2026 22:50. Внутри 2 сообщений, чатов: 1. Частые слова: среднем, иногда, краснодаре, звонка, бенз.",Законы и налоги,Законы и налоги|яндекс,среднем|иногда|краснодаре|звонка|бенз|яша|верно,2026-04-22 21:31:00,2026-04-22 22:50:00,1,2,1,1,1,0,0.5,0.0,9.48,новый,False
e_01056,"Законы, налоги и регулирование","Инфоповод по теме «Законы и налоги» за период 18.04.2026 19:17 — 18.04.2026 19:17. Внутри 2 сообщений, чатов: 1. Частые слова: останина, депутат, может, нина, россии.",Законы и налоги,Законы и налоги,останина|депутат|может|нина|россии|стержня|воропаева,2026-04-18 19:17:00,2026-04-18 19:17:00,1,2,1,1,1,0,0.5,0.0,9.48,новый,False
e_01061,"Законы, налоги и регулирование","Инфоповод по теме «Законы и налоги» за период 20.04.2026 16:30 — 20.04.2026 16:33. Внутри 2 сообщений, чатов: 1. Частые слова: повторюсь, пока, закон, позволяет, пассажира.",Законы и налоги,Законы и налоги|яндекс,повторюсь|пока|закон|позволяет|пассажира|брать|сколько,2026-04-20 16:30:00,2026-04-20 16:33:00,1,2,1,1,1,0,0.5,0.0,9.48,новый,False
e_01062,Обсуждение коэффициентов и тарифов,"Инфоповод по теме «Коэффициент» за период 20.04.2026 16:48 — 20.04.2026 16:50. Внутри 2 сообщений, чатов: 1. Частые слова: линии, сходить, нужно, водители, одновременно.",Коэффициент,Коэффициент|яндекс,линии|сходить|нужно|водители|одновременно|будут|включать,2026-04-20 16:48:00,2026-04-20 16:50:00,1,2,1,1,1,1,0.5,0.5,9.48,новый,False
e_01113,"Законы, налоги и регулирование","Инфоповод по теме «Законы и налоги» за период 20.04.2026 16:52 — 20.04.2026 17:15. Внутри 2 сообщений, чатов: 1. Частые слова: документов, инструкции, изъятие, предметов, имеющих.",Законы и налоги,Законы и налоги,документов|инструкции|изъятие|предметов|имеющих|уголовно|проведения,2026-04-20 16:52:00,2026-04-20 17:15:00,1,2,1,1,1,0,0.5,0.0,9.48,новый,False
e_01116,Обсуждение забастовки водителей,"Инфоповод по теме «Забастовка» за период 20.04.2026 21:51 — 20.04.2026 21:55. Внутри 2 сообщений, чатов: 1. Частые слова: спрос, платежеспособный, кооператив, яндекс, дело.",Забастовка,Забастовка|яндекс,спрос|платежеспособный|кооператив|яндекс|дело|падает|цены,2026-04-20 21:51:00,2026-04-20 21:55:00,1,2,1,1,0,0,0.0,0.0,9.48,новый,False
e_01222,"Законы, налоги и регулирование","Инфоповод по теме «Законы и налоги» за период 23.04.2026 19:29 — 23.04.2026 19:39. Внутри 2 сообщений, чатов: 1. Частые слова: скажут, хочешь, будут, деприоритет, пошли.",Законы и налоги,Законы и налоги|Коэффициент|Приложение и сбои|Яндекс Про|яндекс,скажут|хочешь|будут|деприоритет|пошли|нах|депилы,2026-04-23 19:29:00,2026-04-23 19:39:00,1,2,1,1,1,0,0.5,0.0,9.48,новый,False
e_01223,Обсуждение забастовки водителей,"Инфоповод по теме «Забастовка» за период 23.04.2026 20:55 — 23.04.2026 21:04. Внутри 2 сообщений, чатов: 1. Частые слова: прописано, права, государство, государства, привычка.",Забастовка,Забастовка|Законы и налоги|Коэффициент,прописано|права|государство|государства|привычка|жизни|через,2026-04-23 20:55:00,2026-04-23 21:04:00,1,2,1,1,0,0,0.0,0.0,9.48,новый,False
e_01289,"Законы, налоги и регулирование","Инфоповод по теме «Законы и налоги» за период 20.04.2026 10:30 — 20.04.2026 10:39. Внутри 2 сообщений, чатов: 1. Частые слова: пенсии, вообще, всякую, дичь, делал.",Законы и налоги,Законы и налоги,пенсии|вообще|всякую|дичь|делал|выхода|пенсию,2026-04-20 10:30:00,2026-04-20 10:39:00,1,2,1,1,1,0,0.5,0.0,9.48,новый,False
e_01296,"Законы, налоги и регулирование","Инфоповод по теме «Законы и налоги» за период 21.04.2026 11:47 — 21.04.2026 12:27. Внутри 2 сообщений, чатов: 1. Частые слова: году, водителей, перевозчика, налог, оваяв.",Законы и налоги,Законы и налоги|яндекс,году|водителей|перевозчика|налог|оваяв|добрый|день,2026-04-21 11:47:00,2026-04-21 12:27:00,1,2,1,1,1,0,0.5,0.0,9.48,новый,False
e_01339,"Законы, налоги и регулирование","Инфоповод по теме «Законы и налоги» за период 19.04.2026 23:00 — 19.04.2026 23:00. Внутри 2 сообщений, чатов: 1. Частые слова: калифорнии, похоже, яша, таки, открыл.",Законы и налоги,Законы и налоги|яндекс,калифорнии|похоже|яша|таки|открыл|филиал|два,2026-04-19 23:00:00,2026-04-19 23:00:00,1,2,1,1,1,0,0.5,0.0,9.48,новый,False
e_01400,Обсуждение забастовки водителей,"Инфоповод по теме «Забастовка» за период 18.04.2026 22:29 — 18.04.2026 22:31. Внутри 2 сообщений, чатов: 1. Частые слова: telegr, водителей, потому, яндекс, того.",Забастовка,Забастовка|яндекс,telegr|водителей|потому|яндекс|того|могут|запретить,2026-04-18 22:29:00,2026-04-18 22:31:00,1,2,1,1,0,0,0.0,0.0,9.48,новый,False
e_00060,"Фастен: фастен, плюс, убрал","Инфоповод по теме «Фастен» за период 21.04.2026 20:42 — 21.04.2026 21:42. Внутри 3 сообщений, чатов: 2. Частые слова: фастен, плюс, убрал, везет, убирается.",Фастен,Фастен,фастен|плюс|убрал|везет|убирается|помощью|этого,2026-04-21 20:42:00,2026-04-21 21:42:00,3,3,2,3,1,0,0.3333,0.0,9.46,новый,False
e_00270,Обсуждение коэффициентов и тарифов,"Инфоповод по теме «Коэффициент» за период 18.04.2026 01:41 — 18.04.2026 19:20. Внутри 3 сообщений, чатов: 1. Частые слова: кажется, чаще, пишут, особо, работают.",Коэффициент,Коэффициент|Приложение и сбои|Яндекс Про,кажется|чаще|пишут|особо|работают|хуйня|правильные,2026-04-18 01:41:00,2026-04-18 19:20:00,1,3,1,3,1,0,0.3333,0.0,9.45,новый,False
e_01020,Сбои и проблемы в приложении,"Инфоповод по теме «Приложение и сбои» за период 22.04.2026 21:59 — 22.04.2026 22:17. Внутри 3 сообщений, чатов: 1. Частые слова: элит, яндекса, норм, вилли, прилипает.",Приложение и сбои,Приложение и сбои|Яндекс Про|яндекс,элит|яндекса|норм|вилли|прилипает|свои|нюансы,2026-04-22 21:59:00,2026-04-22 22:17:00,1,3,1,3,1,0,0.3333,0.0,9.45,новый,False
e_00884,"WB Такси: банк, поэтому, яндекс","Инфоповод по теме «WB Такси» за период 23.04.2026 01:59 — 23.04.2026 16:13. Внутри 5 сообщений, чатов: 1. Частые слова: банк, поэтому, яндекс, вроде, думаю.",WB Такси,WB Такси|Законы и налоги|яндекс,банк|поэтому|яндекс|вроде|думаю|остаток|можно,2026-04-23 01:59:00,2026-04-23 16:13:00,1,5,1,3,0,0,0.0,0.0,9.43,новый,False
e_01241,"Законы, налоги и регулирование","Инфоповод по теме «Законы и налоги» за период 23.04.2026 20:17 — 23.04.2026 21:17. Внутри 5 сообщений, чатов: 1. Частые слова: такси, области, https, написано, калининградской.",Законы и налоги,Законы и налоги|Приложение и сбои|Яндекс Про|яндекс,такси|области|https|написано|калининградской|партнер|блядь,2026-04-23 20:17:00,2026-04-23 21:17:00,1,5,1,3,0,0,0.0,0.0,9.43,новый,False
e_01311,Обсуждение коэффициентов и тарифов,"Инфоповод по теме «Коэффициент» за период 18.04.2026 13:22 — 18.04.2026 13:55. Внутри 5 сообщений, чатов: 1. Частые слова: приоритет, сочувствую, яша, обычно, водителя.",Коэффициент,Коэффициент|яндекс,приоритет|сочувствую|яша|обычно|водителя|скинул|нужно,2026-04-18 13:22:00,2026-04-18 13:55:00,1,5,1,4,1,0,0.2,0.0,9.4,новый,False
e_01365,"Законы, налоги и регулирование","Инфоповод по теме «Законы и налоги» за период 22.04.2026 13:52 — 22.04.2026 13:53. Внутри 3 сообщений, чатов: 1. Частые слова: яковлев, яндекс, самаре, находясь, такси.",Законы и налоги,Законы и налоги|яндекс,яковлев|яндекс|самаре|находясь|такси|сервис|однако,2026-04-22 13:52:00,2026-04-22 13:53:00,1,3,1,1,1,0,0.3333,0.0,9.39,новый,False
e_00157,Сбои и проблемы в приложении,"Инфоповод по теме «Приложение и сбои» за период 17.04.2026 08:02 — 17.04.2026 08:54. Внутри 5 сообщений, чатов: 1. Частые слова: рут, какие, работы, работать, своего.",Приложение и сбои,Приложение и сбои|Яндекс Про|яндекс,рут|какие|работы|работать|своего|аккаунт|телефон,2026-04-17 08:02:00,2026-04-17 08:54:00,1,5,1,3,0,1,0.0,0.2,9.33,новый,False
e_00642,"WB Такси: может, яндекс, альтернативы","Инфоповод по теме «WB Такси» за период 21.04.2026 01:36 — 21.04.2026 08:27. Внутри 4 сообщений, чатов: 1. Частые слова: может, яндекс, альтернативы, сам, такое.",WB Такси,WB Такси|яндекс,может|яндекс|альтернативы|сам|такое|положение|такси,2026-04-21 01:36:00,2026-04-21 08:27:00,1,4,1,2,2,0,0.5,0.0,9.33,новый,False
e_00073,"Фастен: центре, дефицит, машин","Инфоповод по теме «Фастен» за период 23.04.2026 23:15 — 23.04.2026 23:30. Внутри 2 сообщений, чатов: 2. Частые слова: центре, дефицит, машин, такие, долгие.",Фастен,Фастен|яндекс,центре|дефицит|машин|такие|долгие|подачи|наебалово,2026-04-23 23:15:00,2026-04-23 23:30:00,2,2,2,2,1,0,0.5,0.0,9.32,новый,False
e_00169,Сбои и проблемы в приложении,"Инфоповод по теме «Приложение и сбои» за период 17.04.2026 09:40 — 17.04.2026 10:02. Внутри 2 сообщений, чатов: 1. Частые слова: всех, часа, можно, яндекс, пару.",Приложение и сбои,Приложение и сбои|Яндекс Про|яндекс,всех|часа|можно|яндекс|пару|через|янго,2026-04-17 09:40:00,2026-04-17 10:02:00,1,2,1,2,1,0,0.5,0.0,9.31,новый,False
e_00299,Сбои и проблемы в приложении,"Инфоповод по теме «Приложение и сбои» за период 18.04.2026 13:15 — 18.04.2026 13:18. Внутри 2 сообщений, чатов: 1. Частые слова: такая, проблема, пасс, попросил, вместо.",Приложение и сбои,Приложение и сбои,такая|проблема|пасс|попросил|вместо|вылета|прибытие,2026-04-18 13:15:00,2026-04-18 13:18:00,2,2,1,2,1,0,0.5,0.0,9.31,новый,False
e_00760,Сбои и проблемы в приложении,"Инфоповод по теме «Приложение и сбои» за период 22.04.2026 09:41 — 22.04.2026 09:41. Внутри 2 сообщений, чатов: 1. Частые слова: почему, знает, получается, пополнить, баланс.",Приложение и сбои,Приложение и сбои|Яндекс Про|яндекс,почему|знает|получается|пополнить|баланс|звонил|могу,2026-04-22 09:41:00,2026-04-22 09:41:00,1,2,1,2,1,0,0.5,0.0,9.31,новый,False
e_00804,"яндекс: нахуй, аренду, смс","Инфоповод по теме «яндекс» за период 22.04.2026 13:30 — 22.04.2026 13:30. Внутри 2 сообщений, чатов: 1. Частые слова: нахуй, аренду, смс, заебали, сказал.",яндекс,яндекс,нахуй|аренду|смс|заебали|сказал|звоните|пишите,2026-04-22 13:30:00,2026-04-22 13:30:00,1,2,1,2,1,1,0.5,0.5,9.31,новый,False
e_01059,Сбои и проблемы в приложении,"Инфоповод по теме «Приложение и сбои» за период 19.04.2026 19:22 — 19.04.2026 19:22. Внутри 2 сообщений, чатов: 1. Частые слова: самозанятый, кого, скажу, карту, короче.",Приложение и сбои,Приложение и сбои|Яндекс Про|яндекс,самозанятый|кого|скажу|карту|короче|много|максим,2026-04-19 19:22:00,2026-04-19 19:22:00,1,2,1,2,1,0,0.5,0.0,9.31,новый,False
e_01070,"WB Такси: спрашивал, прям, такси","Инфоповод по теме «WB Такси» за период 18.04.2026 22:30 — 18.04.2026 22:46. Внутри 2 сообщений, чатов: 1. Частые слова: спрашивал, прям, такси, одного, машину.",WB Такси,WB Такси|Приложение и сбои|Фастен|Яндекс Про|яндекс,спрашивал|прям|такси|одного|машину|вообще|люди,2026-04-18 22:30:00,2026-04-18 22:46:00,1,2,1,2,1,0,0.5,0.0,9.31,новый,False
e_01139,Сбои и проблемы в приложении,"Инфоповод по теме «Приложение и сбои» за период 22.04.2026 14:36 — 22.04.2026 14:36. Внутри 2 сообщений, чатов: 1. Частые слова: олег, баллов, яндекс, такси, махматов.",Приложение и сбои,Приложение и сбои|Яндекс Про|яндекс,олег|баллов|яндекс|такси|махматов|водители|руб,2026-04-22 14:36:00,2026-04-22 14:36:00,1,2,1,2,1,0,0.5,0.0,9.31,новый,False
e_00442,"Законы, налоги и регулирование","Инфоповод по теме «Законы и налоги» за период 19.04.2026 19:27 — 19.04.2026 19:32. Внутри 3 сообщений, чатов: 1. Частые слова: нельзя, блять, понимаешь, права, работать.",Законы и налоги,Законы и налоги,нельзя|блять|понимаешь|права|работать|конституции|говорю,2026-04-19 19:27:00,2026-04-19 19:32:00,2,3,1,3,0,1,0.0,0.3333,9.28,новый,False
e_00730,Сбои и проблемы в приложении,"Инфоповод по теме «Приложение и сбои» за период 21.04.2026 22:31 — 21.04.2026 23:30. Внутри 7 сообщений, чатов: 1. Частые слова: вообще, говорю, давно, раз, блин.",Приложение и сбои,Приложение и сбои|Яндекс Про|яндекс,вообще|говорю|давно|раз|блин|буран|выходить,2026-04-21 22:31:00,2026-04-21 23:30:00,1,7,1,2,0,0,0.0,0.0,9.27,новый,False
e_00044,"WB Такси: яндексе, концу, года","Инфоповод по теме «WB Такси» за период 23.04.2026 20:22 — 23.04.2026 21:02. Внутри 5 сообщений, чатов: 2. Частые слова: яндексе, концу, года, разбогатеем, особенно.",WB Такси,WB Такси|яндекс,яндексе|концу|года|разбогатеем|особенно|придет|сами,2026-04-23 20:22:00,2026-04-23 21:02:00,3,5,2,5,0,0,0.0,0.0,9.26,новый,False
e_00193,Обсуждение коэффициентов и тарифов,"Инфоповод по теме «Коэффициент» за период 17.04.2026 12:31 — 17.04.2026 13:04. Внутри 6 сообщений, чатов: 1. Частые слова: фастен, приоритет, заказы, комфорт, вообще.",Коэффициент,Коэффициент|Фастен|яндекс,фастен|приоритет|заказы|комфорт|вообще|сам|хочу,2026-04-17 12:31:00,2026-04-17 13:04:00,1,6,1,4,0,1,0.0,0.1667,9.25,новый,False
e_01132,"Законы, налоги и регулирование","Инфоповод по теме «Законы и налоги» за период 18.04.2026 15:53 — 18.04.2026 16:13. Внутри 4 сообщений, чатов: 1. Частые слова: комиссия, хотел, заказ, пулково, дало.",Законы и налоги,Законы и налоги|Приложение и сбои|яндекс,комиссия|хотел|заказ|пулково|дало|работе|яша,2026-04-18 15:53:00,2026-04-18 16:13:00,1,4,1,4,0,0,0.0,0.0,9.24,новый,False
e_01191,Обсуждение коэффициентов и тарифов,"Инфоповод по теме «Коэффициент» за период 22.04.2026 12:58 — 22.04.2026 13:58. Внутри 5 сообщений, чатов: 1. Частые слова: говорю, короче, точку, такой, километров.",Коэффициент,Коэффициент|яндекс,говорю|короче|точку|такой|километров|яндекс|ехать,2026-04-22 12:58:00,2026-04-22 13:58:00,1,5,1,3,1,0,0.2,0.0,9.23,новый,False
e_00307,"WB Такси: https, cennayabumaga, яше","Инфоповод по теме «WB Такси» за период 18.04.2026 14:28 — 18.04.2026 15:51. Внутри 6 сообщений, чатов: 1. Частые слова: https, cennayabumaga, яше, хуево, яша.",WB Такси,WB Такси|яндекс,https|cennayabumaga|яше|хуево|яша|выебет|ценная,2026-04-18 14:28:00,2026-04-18 15:51:00,1,6,1,5,1,0,0.1667,0.0,9.22,новый,False
e_00413,Сбои и проблемы в приложении,"Инфоповод по теме «Приложение и сбои» за период 19.04.2026 14:38 — 19.04.2026 14:42. Внутри 3 сообщений, чатов: 1. Частые слова: потом, приложение, заказ, спрос, пох.",Приложение и сбои,Приложение и сбои|Яндекс Про|яндекс,потом|приложение|заказ|спрос|пох|сколько|яша,2026-04-19 14:38:00,2026-04-19 14:42:00,1,3,1,2,1,0,0.3333,0.0,9.22,новый,False
e_00699,Сбои и проблемы в приложении,"Инфоповод по теме «Приложение и сбои» за период 21.04.2026 16:08 — 21.04.2026 16:12. Внутри 3 сообщений, чатов: 1. Частые слова: может, условно, говоря, тест, прошел.",Приложение и сбои,Приложение и сбои|Яндекс Про,может|условно|говоря|тест|прошел|вопрос|чем,2026-04-21 16:08:00,2026-04-21 16:12:00,2,3,1,2,1,0,0.3333,0.0,9.22,новый,False
e_00750,Обсуждение коэффициентов и тарифов,"Инфоповод по теме «Коэффициент» за период 22.04.2026 06:29 — 22.04.2026 06:44. Внутри 3 сообщений, чатов: 1. Частые слова: приоритет, баллов, заказов, говорят, поддержка.",Коэффициент,Коэффициент|Приложение и сбои,приоритет|баллов|заказов|говорят|поддержка|восстанавливает|вернули,2026-04-22 06:29:00,2026-04-22 06:44:00,1,3,1,2,1,0,0.3333,0.0,9.22,новый,False
e_01011,Обсуждение коэффициентов и тарифов,"Инфоповод по теме «Коэффициент» за период 19.04.2026 16:25 — 19.04.2026 16:34. Внутри 3 сообщений, чатов: 1. Частые слова: фастен, каждого, нам, кэфом, ночью.",Коэффициент,Коэффициент|Приложение и сбои|Фастен|Яндекс Про|яндекс,фастен|каждого|нам|кэфом|ночью|обратил|внимание,2026-04-19 16:25:00,2026-04-19 16:34:00,1,3,1,2,1,0,0.3333,0.0,9.22,новый,False
e_00883,"Законы, налоги и регулирование","Инфоповод по теме «Законы и налоги» за период 23.04.2026 01:47 — 23.04.2026 16:05. Внутри 5 сообщений, чатов: 1. Частые слова: деньги, может, расчетный, счет, точке.",Законы и налоги,Законы и налоги|Приложение и сбои|Яндекс Про|яндекс,деньги|может|расчетный|счет|точке|странная|знаю,2026-04-23 01:47:00,2026-04-23 16:05:00,1,5,1,2,0,0,0.0,0.0,9.2,новый,False
e_01328,Обсуждение коэффициентов и тарифов,"Инфоповод по теме «Коэффициент» за период 17.04.2026 17:36 — 17.04.2026 18:11. Внутри 5 сообщений, чатов: 1. Частые слова: лужи, gps, модуль, яндекса, выходить.",Коэффициент,Коэффициент|Приложение и сбои|Яндекс Про|яндекс,лужи|gps|модуль|яндекса|выходить|яндекс|вообще,2026-04-17 17:36:00,2026-04-17 18:11:00,1,5,1,1,1,0,0.2,0.0,9.17,новый,False
e_00016,"WB Такси: такси, wildberries, оказалось","Инфоповод по теме «WB Такси» за период 19.04.2026 18:10 — 19.04.2026 18:10. Внутри 1 сообщений, чатов: 1. Частые слова: такси, wildberries, оказалось, два, раза.",WB Такси,WB Такси,такси|wildberries|оказалось|два|раза|дешевле|татьяна,2026-04-19 18:10:00,2026-04-19 18:10:00,1,1,1,1,1,0,1.0,0.0,9.17,новый,False
e_00208,"яндекс: через, проверяйте, маршруты","Инфоповод по теме «яндекс» за период 17.04.2026 13:46 — 17.04.2026 13:46. Внутри 1 сообщений, чатов: 1. Частые слова: через, проверяйте, маршруты, цены, перед.",яндекс,яндекс,через|проверяйте|маршруты|цены|перед|разводкой|мостов,2026-04-17 13:46:00,2026-04-17 13:46:00,1,1,1,1,1,0,1.0,0.0,9.17,новый,False
e_00222,"яндекс: прошлом, сломалась, машина","Инфоповод по теме «яндекс» за период 17.04.2026 17:07 — 17.04.2026 17:07. Внутри 1 сообщений, чатов: 1. Частые слова: прошлом, сломалась, машина, яндекса, удаленке.",яндекс,яндекс,прошлом|сломалась|машина|яндекса|удаленке|может|раньше,2026-04-17 17:07:00,2026-04-17 17:07:00,1,1,1,1,1,0,1.0,0.0,9.17,новый,False
e_00274,"яндекс: телефон, какие, тупорылые","Инфоповод по теме «яндекс» за период 18.04.2026 05:26 — 18.04.2026 05:26. Внутри 1 сообщений, чатов: 1. Частые слова: телефон, какие, тупорылые, правила, буду.",яндекс,яндекс,телефон|какие|тупорылые|правила|буду|выполнять|закроют,2026-04-18 05:26:00,2026-04-18 05:26:00,1,1,1,1,1,0,1.0,0.0,9.17,новый,False
e_00275,"яндекс: норм, 69р, идти","Инфоповод по теме «яндекс» за период 18.04.2026 07:23 — 18.04.2026 07:23. Внутри 1 сообщений, чатов: 1. Частые слова: норм, 69р, идти, лень, отказа.",яндекс,яндекс,норм|69р|идти|лень|отказа|звонили|яндекса,2026-04-18 07:23:00,2026-04-18 07:23:00,1,1,1,1,1,0,1.0,0.0,9.17,новый,False
e_00278,"яндекс: равно, чем, ведь","Инфоповод по теме «яндекс» за период 18.04.2026 07:39 — 18.04.2026 07:39. Внутри 1 сообщений, чатов: 1. Частые слова: равно, чем, ведь, минус, треть.",яндекс,яндекс,равно|чем|ведь|минус|треть|этой|суммы,2026-04-18 07:39:00,2026-04-18 07:39:00,1,1,1,1,1,0,1.0,0.0,9.17,новый,False
e_00279,"яндекс: такие, ущербная, конкретно","Инфоповод по теме «яндекс» за период 18.04.2026 08:28 — 18.04.2026 08:28. Внутри 1 сообщений, чатов: 1. Частые слова: такие, ущербная, конкретно, опыта, ходунки.",яндекс,яндекс,такие|ущербная|конкретно|опыта|ходунки|складывабтся|укачивает,2026-04-18 08:28:00,2026-04-18 08:28:00,1,1,1,1,1,0,1.0,0.0,9.17,новый,False
e_00280,"яндекс: вообще, наркомана, кровати","Инфоповод по теме «яндекс» за период 18.04.2026 08:44 — 18.04.2026 08:44. Внутри 1 сообщений, чатов: 1. Частые слова: вообще, наркомана, кровати, привязать, пару.",яндекс,яндекс,вообще|наркомана|кровати|привязать|пару|дней|конце,2026-04-18 08:44:00,2026-04-18 08:44:00,1,1,1,1,1,0,1.0,0.0,9.17,новый,False
e_00288,"яндекс: путевой, колеса, проколю","Инфоповод по теме «яндекс» за период 18.04.2026 10:58 — 18.04.2026 10:58. Внутри 1 сообщений, чатов: 1. Частые слова: путевой, колеса, проколю, яндекс, заебись.",яндекс,яндекс,путевой|колеса|проколю|яндекс|заебись|дает|заказы,2026-04-18 10:58:00,2026-04-18 10:58:00,1,1,1,1,1,0,1.0,0.0,9.17,новый,False
e_00313,"яндекс: интернет, можете, найти","Инфоповод по теме «яндекс» за период 18.04.2026 15:51 — 18.04.2026 15:51. Внутри 1 сообщений, чатов: 1. Частые слова: интернет, можете, найти, места, бесплатным.",яндекс,яндекс,интернет|можете|найти|места|бесплатным|wifi|ждать,2026-04-18 15:51:00,2026-04-18 15:51:00,1,1,1,1,1,0,1.0,0.0,9.17,новый,False
e_00329,"яндекс: обычно, рейтинг, падает","Инфоповод по теме «яндекс» за период 18.04.2026 20:48 — 18.04.2026 20:48. Внутри 1 сообщений, чатов: 1. Частые слова: обычно, рейтинг, падает, желтков, наоборот.",яндекс,яндекс,обычно|рейтинг|падает|желтков|наоборот|моем|опыте,2026-04-18 20:48:00,2026-04-18 20:48:00,1,1,1,1,1,0,1.0,0.0,9.17,новый,False
e_00370,"яндекс: городе, оплачивается, едет","Инфоповод по теме «яндекс» за период 19.04.2026 07:39 — 19.04.2026 07:39. Внутри 1 сообщений, чатов: 1. Частые слова: городе, оплачивается, едет, пассажир, яндекс.",яндекс,яндекс,городе|оплачивается|едет|пассажир|яндекс|оплачивает|прям,2026-04-19 07:39:00,2026-04-19 07:39:00,1,1,1,1,1,0,1.0,0.0,9.17,новый,False
e_00375,"яндекс: полосе, правила, пдд","Инфоповод по теме «яндекс» за период 19.04.2026 09:24 — 19.04.2026 09:24. Внутри 1 сообщений, чатов: 1. Частые слова: полосе, правила, пдд, шлема, вело.",яндекс,яндекс,полосе|правила|пдд|шлема|вело|магнита|основная,2026-04-19 09:24:00,2026-04-19 09:24:00,1,1,1,1,1,0,1.0,0.0,9.17,новый,False
e_00381,"яндекс: яндекс, этом, конечно","Инфоповод по теме «яндекс» за период 19.04.2026 10:34 — 19.04.2026 10:34. Внутри 1 сообщений, чатов: 1. Частые слова: яндекс, этом, конечно, парк, вообще.",яндекс,яндекс,яндекс|этом|конечно|парк|вообще|парком|такси,2026-04-19 10:34:00,2026-04-19 10:34:00,1,1,1,1,1,0,1.0,0.0,9.17,новый,False
e_00382,"WB Такси: цена, цене, которую","Инфоповод по теме «WB Такси» за период 19.04.2026 10:42 — 19.04.2026 10:42. Внутри 1 сообщений, чатов: 1. Частые слова: цена, цене, которую, пассажир, драйви.",WB Такси,WB Такси|Фастен,цена|цене|которую|пассажир|драйви|заказ|агрегатор,2026-04-19 10:42:00,2026-04-19 10:42:00,1,1,1,1,1,0,1.0,0.0,9.17,новый,False
e_00393,"яндекс: моей, получается, нормально","Инфоповод по теме «яндекс» за период 19.04.2026 12:09 — 19.04.2026 12:09. Внутри 1 сообщений, чатов: 1. Частые слова: моей, получается, нормально, сместить, передние.",яндекс,яндекс,моей|получается|нормально|сместить|передние|сиденья|вперед,2026-04-19 12:09:00,2026-04-19 12:09:00,1,1,1,1,1,0,1.0,0.0,9.17,новый,False
e_00452,"яндекс: ущемлением, семей, детей","Инфоповод по теме «яндекс» за период 19.04.2026 20:37 — 19.04.2026 20:37. Внутри 1 сообщений, чатов: 1. Частые слова: ущемлением, семей, детей, выбирать, между.",яндекс,яндекс,ущемлением|семей|детей|выбирать|между|детьми|двумя,2026-04-19 20:37:00,2026-04-19 20:37:00,1,1,1,1,1,0,1.0,0.0,9.17,новый,False
e_00468,"яндекс: свое, дали, нам","Инфоповод по теме «яндекс» за период 19.04.2026 22:55 — 19.04.2026 22:55. Внутри 1 сообщений, чатов: 1. Частые слова: свое, дали, нам, самозанятость, процента.",яндекс,яндекс,свое|дали|нам|самозанятость|процента|забрали|процент,2026-04-19 22:55:00,2026-04-19 22:55:00,1,1,1,1,1,0,1.0,0.0,9.17,новый,False
e_00481,"яндекс: косвенно, наемный, труд","Инфоповод по теме «яндекс» за период 20.04.2026 00:16 — 20.04.2026 00:16. Внутри 1 сообщений, чатов: 1. Частые слова: косвенно, наемный, труд, парки, буржуа.",яндекс,яндекс,косвенно|наемный|труд|парки|буржуа|зарабатывает|извлекает,2026-04-20 00:16:00,2026-04-20 00:16:00,1,1,1,1,1,0,1.0,0.0,9.17,новый,False
e_00510,"Фастен: топит, фастен, ящикк","Инфоповод по теме «Фастен» за период 20.04.2026 08:48 — 20.04.2026 08:48. Внутри 1 сообщений, чатов: 1. Частые слова: топит, фастен, ящикк, пускай, детище.",Фастен,Фастен,топит|фастен|ящикк|пускай|детище|водитель|подь,2026-04-20 08:48:00,2026-04-20 08:48:00,1,1,1,1,1,0,1.0,0.0,9.17,новый,False
e_00527,"яндекс: народ, видит, платишь","Инфоповод по теме «яндекс» за период 20.04.2026 11:47 — 20.04.2026 11:47. Внутри 1 сообщений, чатов: 1. Частые слова: народ, видит, платишь, колешься, сделать.",яндекс,яндекс,народ|видит|платишь|колешься|сделать|разрешения|хочет,2026-04-20 11:47:00,2026-04-20 11:47:00,1,1,1,1,1,0,1.0,0.0,9.17,новый,False
e_00535,"яндекс: зачем, яндексу, водители","Инфоповод по теме «яндекс» за период 20.04.2026 12:27 — 20.04.2026 12:27. Внутри 1 сообщений, чатов: 1. Частые слова: зачем, яндексу, водители, которые, пропускают.",яндекс,яндекс,зачем|яндексу|водители|которые|пропускают|заказов|выполняют,2026-04-20 12:27:00,2026-04-20 12:27:00,1,1,1,1,1,0,1.0,0.0,9.17,новый,False
e_00563,"яндекс: точку, хотелось, научили","Инфоповод по теме «яндекс» за период 20.04.2026 15:17 — 20.04.2026 15:17. Внутри 1 сообщений, чатов: 1. Частые слова: точку, хотелось, научили, пассажирскую, прогу.",яндекс,яндекс,точку|хотелось|научили|пассажирскую|прогу|нельзя|поставить,2026-04-20 15:17:00,2026-04-20 15:17:00,1,1,1,1,1,0,1.0,0.0,9.17,новый,False
e_00583,"яндекс: пассажир, такие, бляди","Инфоповод по теме «яндекс» за период 20.04.2026 17:56 — 20.04.2026 17:56. Внутри 1 сообщений, чатов: 1. Частые слова: пассажир, такие, бляди, ебаные, бля.",яндекс,яндекс,пассажир|такие|бляди|ебаные|бля|ехал|пассажира,2026-04-20 17:56:00,2026-04-20 17:56:00,1,1,1,1,1,0,1.0,0.0,9.17,новый,False
e_00597,"яндекс: сделала, понимаю, первых","Инфоповод по теме «яндекс» за период 20.04.2026 19:31 — 20.04.2026 19:31. Внутри 1 сообщений, чатов: 1. Частые слова: сделала, понимаю, первых, подход, нельзя.",яндекс,яндекс,сделала|понимаю|первых|подход|нельзя|садиться|спереди,2026-04-20 19:31:00,2026-04-20 19:31:00,1,1,1,1,1,0,1.0,0.0,9.17,новый,False
e_00599,"яндекс: люк, тогда, нужно","Инфоповод по теме «яндекс» за период 20.04.2026 19:59 — 20.04.2026 19:59. Внутри 1 сообщений, чатов: 1. Частые слова: люк, тогда, нужно, отправлять, машину.",яндекс,яндекс,люк|тогда|нужно|отправлять|машину|самозанятый|пассажирами,2026-04-20 19:59:00,2026-04-20 19:59:00,1,1,1,1,1,0,1.0,0.0,9.17,новый,False
e_00633,"яндекс: цена, такое, лет","Инфоповод по теме «яндекс» за период 21.04.2026 00:29 — 21.04.2026 00:29. Внутри 1 сообщений, чатов: 1. Частые слова: цена, такое, лет, назад, стояли.",яндекс,яндекс,цена|такое|лет|назад|стояли|главной|площади,2026-04-21 00:29:00,2026-04-21 00:29:00,1,1,1,1,1,0,1.0,0.0,9.17,новый,False
e_00657,"яндекс: часть, переживай, такими","Инфоповод по теме «яндекс» за период 21.04.2026 09:24 — 21.04.2026 09:24. Внутри 1 сообщений, чатов: 1. Частые слова: часть, переживай, такими, темпами, ящуром.",яндекс,яндекс,часть|переживай|такими|темпами|ящуром|скоро|покушоть,2026-04-21 09:24:00,2026-04-21 09:24:00,1,1,1,1,1,0,1.0,0.0,9.17,новый,False
e_00661,"яндекс: деньги, суд, яндекс","Инфоповод по теме «яндекс» за период 21.04.2026 10:14 — 21.04.2026 10:14. Внутри 1 сообщений, чатов: 1. Частые слова: деньги, суд, яндекс, через, получаем.",яндекс,яндекс,деньги|суд|яндекс|через|получаем|приедет|полиция,2026-04-21 10:14:00,2026-04-21 10:14:00,1,1,1,1,1,0,1.0,0.0,9.17,новый,False
e_00690,"яндекс: пашки, вечный, двигатель","Инфоповод по теме «яндекс» за период 21.04.2026 13:56 — 21.04.2026 13:56. Внутри 1 сообщений, чатов: 1. Частые слова: пашки, вечный, двигатель, зарабатыванию, бабок.",яндекс,яндекс,пашки|вечный|двигатель|зарабатыванию|бабок|парк|тестовской,2026-04-21 13:56:00,2026-04-21 13:56:00,1,1,1,1,1,0,1.0,0.0,9.17,новый,False
e_00694,"яндекс: заказы, давать, подскажет","Инфоповод по теме «яндекс» за период 21.04.2026 15:48 — 21.04.2026 15:48. Внутри 1 сообщений, чатов: 1. Частые слова: заказы, давать, подскажет, дает, район.",яндекс,яндекс,заказы|давать|подскажет|дает|район|такая|хуйня,2026-04-21 15:48:00,2026-04-21 15:48:00,1,1,1,1,1,0,1.0,0.0,9.17,новый,False
e_00713,"яндекс: разрешена, пдд, окей","Инфоповод по теме «яндекс» за период 21.04.2026 19:09 — 21.04.2026 19:09. Внутри 1 сообщений, чатов: 1. Частые слова: разрешена, пдд, окей, такой, вопрос.",яндекс,яндекс,разрешена|пдд|окей|такой|вопрос|электричкам|стоянка,2026-04-21 19:09:00,2026-04-21 19:09:00,1,1,1,1,1,0,1.0,0.0,9.17,новый,False
e_00716,"яндекс: система, типо, время","Инфоповод по теме «яндекс» за период 21.04.2026 19:18 — 21.04.2026 19:18. Внутри 1 сообщений, чатов: 1. Частые слова: система, типо, время, поездки, увеличено.",яндекс,яндекс,система|типо|время|поездки|увеличено|минут|кутузовский,2026-04-21 19:18:00,2026-04-21 19:18:00,1,1,1,1,1,0,1.0,0.0,9.17,новый,False
e_00727,"WB Такси: всм, отдельно, работал","Инфоповод по теме «WB Такси» за период 21.04.2026 21:42 — 21.04.2026 21:42. Внутри 1 сообщений, чатов: 1. Частые слова: всм, отдельно, работал, склад, пвз.",WB Такси,WB Такси,всм|отдельно|работал|склад|пвз|зимой|хочу,2026-04-21 21:42:00,2026-04-21 21:42:00,1,1,1,1,1,0,1.0,0.0,9.17,новый,False
e_00747,"яндекс: интернет, яндекс, заказа","Инфоповод по теме «яндекс» за период 22.04.2026 03:48 — 22.04.2026 03:48. Внутри 1 сообщений, чатов: 1. Частые слова: интернет, яндекс, заказа, добрый, вечер.",яндекс,яндекс,интернет|яндекс|заказа|добрый|вечер|ударе|работаю,2026-04-22 03:48:00,2026-04-22 03:48:00,1,1,1,1,1,0,1.0,0.0,9.17,новый,False
e_00748,"яндекс: яндекс, находится, белых","Инфоповод по теме «яндекс» за период 22.04.2026 11:24 — 22.04.2026 11:24. Внутри 1 сообщений, чатов: 1. Частые слова: яндекс, находится, белых, списках, интернет.",яндекс,яндекс,яндекс|находится|белых|списках|интернет|может|пропадать,2026-04-22 11:24:00,2026-04-22 11:24:00,1,1,1,1,1,0,1.0,0.0,9.17,новый,False
e_00789,"яндекс: писать, буду, никакого","Инфоповод по теме «яндекс» за период 22.04.2026 12:14 — 22.04.2026 12:14. Внутри 1 сообщений, чатов: 1. Частые слова: писать, буду, никакого, смысла, дружно.",яндекс,яндекс,писать|буду|никакого|смысла|дружно|начнут|какое,2026-04-22 12:14:00,2026-04-22 12:14:00,1,1,1,1,1,0,1.0,0.0,9.17,новый,False
e_00792,"яндекс: человек, который, часто","Инфоповод по теме «яндекс» за период 22.04.2026 12:23 — 22.04.2026 12:23. Внутри 1 сообщений, чатов: 1. Частые слова: человек, который, часто, ставит, словам.",яндекс,яндекс,человек|который|часто|ставит|словам|яндекса|низкие,2026-04-22 12:23:00,2026-04-22 12:23:00,1,1,1,1,1,0,1.0,0.0,9.17,новый,False
e_00839,"яндекс: водителя, такое, илон","Инфоповод по теме «яндекс» за период 22.04.2026 18:01 — 22.04.2026 18:01. Внутри 1 сообщений, чатов: 1. Частые слова: водителя, такое, илон, маск, яндекс.",яндекс,яндекс,водителя|такое|илон|маск|яндекс|сталкивает|пассажира,2026-04-22 18:01:00,2026-04-22 18:01:00,1,1,1,1,1,0,1.0,0.0,9.17,новый,False
e_00844,"яндекс: мало, давайте, пидары","Инфоповод по теме «яндекс» за период 22.04.2026 18:55 — 22.04.2026 18:55. Внутри 1 сообщений, чатов: 1. Частые слова: мало, давайте, пидары, ящура, риски.",яндекс,яндекс,мало|давайте|пидары|ящура|риски|учитывают|вобще,2026-04-22 18:55:00,2026-04-22 18:55:00,1,1,1,1,1,0,1.0,0.0,9.17,новый,False
e_00879,"яндекс: мужики, совет, дайте","Инфоповод по теме «яндекс» за период 22.04.2026 23:06 — 22.04.2026 23:06. Внутри 1 сообщений, чатов: 1. Частые слова: мужики, совет, дайте, знаете, подъебов.",яндекс,яндекс,мужики|совет|дайте|знаете|подъебов|день|обсуждаем,2026-04-22 23:06:00,2026-04-22 23:06:00,1,1,1,1,1,0,1.0,0.0,9.17,новый,False
e_00913,"яндекс: этому, способствуют, нехватка","Инфоповод по теме «яндекс» за период 23.04.2026 10:49 — 23.04.2026 10:49. Внутри 1 сообщений, чатов: 1. Частые слова: этому, способствуют, нехватка, бюджетных, средств.",яндекс,яндекс,этому|способствуют|нехватка|бюджетных|средств|охлаждение|российской,2026-04-23 10:49:00,2026-04-23 10:49:00,1,1,1,1,1,0,1.0,0.0,9.17,новый,False
e_00915,"яндекс: день, вечера, утра","Инфоповод по теме «яндекс» за период 23.04.2026 11:03 — 23.04.2026 11:03. Внутри 1 сообщений, чатов: 1. Частые слова: день, вечера, утра, кэфы, час.",яндекс,яндекс,день|вечера|утра|кэфы|час|зависит|удачи,2026-04-23 11:03:00,2026-04-23 11:03:00,1,1,1,1,1,0,1.0,0.0,9.17,новый,False
e_01004,"яндекс: смешно, гавно, реально","Инфоповод по теме «яндекс» за период 19.04.2026 19:21 — 19.04.2026 19:21. Внутри 1 сообщений, чатов: 1. Частые слова: смешно, гавно, реально, пассики, яша.",яндекс,яндекс,смешно|гавно|реально|пассики|яша|пидр|жизнь,2026-04-19 19:21:00,2026-04-19 19:21:00,1,1,1,1,1,0,1.0,0.0,9.17,новый,False
e_01026,"яндекс: общий, привет, ебывает","Инфоповод по теме «яндекс» за период 20.04.2026 09:42 — 20.04.2026 09:42. Внутри 1 сообщений, чатов: 1. Частые слова: общий, привет, ебывает, уссуриск, яндекс.",яндекс,яндекс,общий|привет|ебывает|уссуриск|яндекс|списывает|крысы,2026-04-20 09:42:00,2026-04-20 09:42:00,1,1,1,1,1,0,1.0,0.0,9.17,новый,False
e_01031,"яндекс: ночью, район, друзья","Инфоповод по теме «яндекс» за период 17.04.2026 10:28 — 17.04.2026 10:28. Внутри 1 сообщений, чатов: 1. Частые слова: ночью, район, друзья, работает, пятницу.",яндекс,яндекс,ночью|район|друзья|работает|пятницу|субботу|катаете,2026-04-17 10:28:00,2026-04-17 10:28:00,1,1,1,1,1,0,1.0,0.0,9.17,новый,False
e_01046,"яндекс: ритм, привет, господа","Инфоповод по теме «яндекс» за период 22.04.2026 13:03 — 22.04.2026 13:03. Внутри 1 сообщений, чатов: 1. Частые слова: ритм, привет, господа, том, скатал.",яндекс,яндекс,ритм|привет|господа|том|скатал|правда|эйфория,2026-04-22 13:03:00,2026-04-22 13:03:00,1,1,1,1,1,0,1.0,0.0,9.17,новый,False
e_01082,"Фастен: оценка, фастен, всегда","Инфоповод по теме «Фастен» за период 22.04.2026 14:19 — 22.04.2026 14:19. Внутри 1 сообщений, чатов: 1. Частые слова: оценка, фастен, всегда, краснодаре, тарифах.",Фастен,Фастен,оценка|фастен|всегда|краснодаре|тарифах|показывает|сам,2026-04-22 14:19:00,2026-04-22 14:19:00,1,1,1,1,1,0,1.0,0.0,9.17,новый,False
e_01123,"WB Такси: разметки, хотел, судьях","Инфоповод по теме «WB Такси» за период 22.04.2026 17:11 — 22.04.2026 17:11. Внутри 1 сообщений, чатов: 1. Частые слова: разметки, хотел, судьях, суде, бывал.",WB Такси,WB Такси,разметки|хотел|судьях|суде|бывал|приняли|встречке,2026-04-22 17:11:00,2026-04-22 17:11:00,1,1,1,1,1,0,1.0,0.0,9.17,новый,False
e_01243,"яндекс: дебилы, сидят, система","Инфоповод по теме «яндекс» за период 17.04.2026 14:47 — 17.04.2026 14:47. Внутри 1 сообщений, чатов: 1. Частые слова: дебилы, сидят, система, обнаружит, какой.",яндекс,яндекс,дебилы|сидят|система|обнаружит|какой|скам|алгоритма,2026-04-17 14:47:00,2026-04-17 14:47:00,1,1,1,1,1,0,1.0,0.0,9.17,новый,False
e_01260,"яндекс: здравствуйте, яша, отменил","Инфоповод по теме «яндекс» за период 20.04.2026 07:31 — 20.04.2026 07:31. Внутри 1 сообщений, чатов: 1. Частые слова: здравствуйте, яша, отменил, оплату, поездку.",яндекс,яндекс,здравствуйте|яша|отменил|оплату|поездку|поступление|комиссию,2026-04-20 07:31:00,2026-04-20 07:31:00,1,1,1,1,1,0,1.0,0.0,9.17,новый,False
e_01297,"яндекс: vpn, теперь, яндекс","Инфоповод по теме «яндекс» за период 23.04.2026 00:07 — 23.04.2026 00:07. Внутри 1 сообщений, чатов: 1. Частые слова: vpn, теперь, яндекс, почту, зайти.",яндекс,яндекс,vpn|теперь|яндекс|почту|зайти|границей|слышал,2026-04-23 00:07:00,2026-04-23 00:07:00,1,1,1,1,1,0,1.0,0.0,9.17,новый,False
e_01334,"Фастен: самом, читаю, всех","Инфоповод по теме «Фастен» за период 23.04.2026 11:06 — 23.04.2026 11:06. Внутри 1 сообщений, чатов: 1. Частые слова: самом, читаю, всех, почти, смешно.",Фастен,Фастен,самом|читаю|всех|почти|смешно|взрослые|люди,2026-04-23 11:06:00,2026-04-23 11:06:00,1,1,1,1,1,0,1.0,0.0,9.17,новый,False
e_01337,"яндекс: раз, яндекс, блять","Инфоповод по теме «яндекс» за период 19.04.2026 07:02 — 19.04.2026 07:02. Внутри 1 сообщений, чатов: 1. Частые слова: раз, яндекс, блять, оплата, ебанутой.",яндекс,яндекс,раз|яндекс|блять|оплата|ебанутой|пассажирки|итог,2026-04-19 07:02:00,2026-04-19 07:02:00,1,1,1,1,1,0,1.0,0.0,9.17,новый,False
e_01364,"яндекс: ебаный, ящер, рейтинг","Инфоповод по теме «яндекс» за период 21.04.2026 14:57 — 21.04.2026 14:57. Внутри 1 сообщений, чатов: 1. Частые слова: ебаный, ящер, рейтинг, уронил, пишу.",яндекс,яндекс,ебаный|ящер|рейтинг|уронил|пишу|поддержку|типо,2026-04-21 14:57:00,2026-04-21 14:57:00,1,1,1,1,1,0,1.0,0.0,9.17,новый,False
e_01386,"WB Такси: всей, яндекса, wildberries","Инфоповод по теме «WB Такси» за период 21.04.2026 14:23 — 21.04.2026 14:23. Внутри 1 сообщений, чатов: 1. Частые слова: всей, яндекса, wildberries, заходит, рынок.",WB Такси,WB Такси|яндекс,всей|яндекса|wildberries|заходит|рынок|такси|сразу,2026-04-21 14:23:00,2026-04-21 14:23:00,1,1,1,1,1,0,1.0,0.0,9.17,новый,False
e_01437,"яндекс: яша, пидор","Инфоповод по теме «яндекс» за период 17.04.2026 19:21 — 17.04.2026 19:21. Внутри 1 сообщений, чатов: 1. Частые слова: яша, пидор.",яндекс,яндекс,яша|пидор,2026-04-17 19:21:00,2026-04-17 19:21:00,1,1,1,1,1,0,1.0,0.0,9.17,новый,False
e_01450,"яндекс: яндекс, чмо","Инфоповод по теме «яндекс» за период 19.04.2026 15:20 — 19.04.2026 15:20. Внутри 1 сообщений, чатов: 1. Частые слова: яндекс, чмо.",яндекс,яндекс,яндекс|чмо,2026-04-19 15:20:00,2026-04-19 15:20:00,1,1,1,1,1,0,1.0,0.0,9.17,новый,False
e_01467,"Фастен: фастен, дно","Инфоповод по теме «Фастен» за период 22.04.2026 11:07 — 22.04.2026 11:07. Внутри 1 сообщений, чатов: 1. Частые слова: фастен, дно.",Фастен,Фастен,фастен|дно,2026-04-22 11:07:00,2026-04-22 11:07:00,1,1,1,1,1,0,1.0,0.0,9.17,новый,False
e_00615,Обсуждение коэффициентов и тарифов,"Инфоповод по теме «Коэффициент» за период 20.04.2026 21:08 — 21.04.2026 13:14. Внутри 4 сообщений, чатов: 1. Частые слова: умный, алгоритм, одно, кэф, вообще.",Коэффициент,Коэффициент|яндекс,умный|алгоритм|одно|кэф|вообще|машин|приоритет,2026-04-20 21:08:00,2026-04-21 13:14:00,1,4,1,3,1,0,0.25,0.0,9.06,новый,False
e_01087,"яндекс: твои, яндекс, пиздит","Инфоповод по теме «яндекс» за период 20.04.2026 08:42 — 20.04.2026 09:54. Внутри 4 сообщений, чатов: 1. Частые слова: твои, яндекс, пиздит, получается, цены.",яндекс,яндекс,твои|яндекс|пиздит|получается|цены|будут|высокие,2026-04-20 08:42:00,2026-04-20 09:54:00,1,4,1,3,1,1,0.25,0.25,9.06,новый,False
e_01182,"Законы, налоги и регулирование","Инфоповод по теме «Законы и налоги» за период 19.04.2026 20:41 — 19.04.2026 20:53. Внутри 4 сообщений, чатов: 1. Частые слова: делам, приоритет, убрали, кнопки, яндекс.",Законы и налоги,Законы и налоги|Коэффициент|Приложение и сбои|Яндекс Про|яндекс,делам|приоритет|убрали|кнопки|яндекс|нибудь|уехать,2026-04-19 20:41:00,2026-04-19 20:53:00,1,4,1,3,0,0,0.0,0.0,9.06,новый,False
e_01372,Обсуждение коэффициентов и тарифов,"Инфоповод по теме «Коэффициент» за период 20.04.2026 21:29 — 20.04.2026 21:38. Внутри 4 сообщений, чатов: 1. Частые слова: яндекс, попутчицах, отлично, знают, приоритеты.",Коэффициент,Коэффициент|яндекс,яндекс|попутчицах|отлично|знают|приоритеты|щас|невысаживаю,2026-04-20 21:29:00,2026-04-20 21:38:00,1,4,1,3,1,0,0.25,0.0,9.06,новый,False
e_00256,Обсуждение коэффициентов и тарифов,"Инфоповод по теме «Коэффициент» за период 17.04.2026 21:59 — 17.04.2026 22:25. Внутри 5 сообщений, чатов: 1. Частые слова: блядь, работаешь, часа, кэфом, сидеть.",Коэффициент,Коэффициент|яндекс,блядь|работаешь|часа|кэфом|сидеть|использовать|потому,2026-04-17 21:59:00,2026-04-17 22:25:00,1,5,1,2,1,0,0.2,0.0,9.0,новый,False
e_00436,"яндекс: яндекс, должен, настоящий","Инфоповод по теме «яндекс» за период 19.04.2026 18:42 — 19.04.2026 18:47. Внутри 2 сообщений, чатов: 1. Частые слова: яндекс, должен, настоящий, фотошопа, доход.",яндекс,яндекс,яндекс|должен|настоящий|фотошопа|доход|24к|мызыку,2026-04-19 18:42:00,2026-04-19 18:47:00,1,2,1,1,1,1,0.5,0.5,8.98,новый,False
e_00600,"WB Такси: штрафы, дальше, катаем","Инфоповод по теме «WB Такси» за период 20.04.2026 20:01 — 20.04.2026 20:05. Внутри 2 сообщений, чатов: 1. Частые слова: штрафы, дальше, катаем, яша, гандон.",WB Такси,WB Такси|яндекс,штрафы|дальше|катаем|яша|гандон|штрафов|долбаебы,2026-04-20 20:01:00,2026-04-20 20:05:00,1,2,1,1,1,1,0.5,0.5,8.98,новый,False
e_00691,"яндекс: точно, яндекс, такси","Инфоповод по теме «яндекс» за период 21.04.2026 14:20 — 21.04.2026 14:27. Внутри 2 сообщений, чатов: 1. Частые слова: точно, яндекс, такси, того, прекрасно.",яндекс,яндекс,точно|яндекс|такси|того|прекрасно|пидор|блять,2026-04-21 14:20:00,2026-04-21 14:27:00,1,2,1,1,1,1,0.5,0.5,8.98,новый,False
e_01165,Обсуждение коэффициентов и тарифов,"Инфоповод по теме «Коэффициент» за период 20.04.2026 22:29 — 20.04.2026 22:49. Внутри 2 сообщений, чатов: 1. Частые слова: включите, режим, настройки, приложение, показывает.",Коэффициент,Коэффициент|Приложение и сбои|Яндекс Про|яндекс,включите|режим|настройки|приложение|показывает|время|радар,2026-04-20 22:29:00,2026-04-20 22:49:00,1,2,1,1,1,0,0.5,0.0,8.98,новый,False
e_00471,Обсуждение коэффициентов и тарифов,"Инфоповод по теме «Коэффициент» за период 19.04.2026 23:20 — 19.04.2026 23:48. Внутри 3 сообщений, чатов: 1. Частые слова: яндекс, год, раз, тиши, аренде.",Коэффициент,Коэффициент|яндекс,яндекс|год|раз|тиши|аренде|многие|работают,2026-04-19 23:20:00,2026-04-19 23:48:00,1,3,1,3,1,0,0.3333,0.0,8.95,новый,False
e_01048,Обсуждение коэффициентов и тарифов,"Инфоповод по теме «Коэффициент» за период 23.04.2026 18:34 — 23.04.2026 19:26. Внутри 5 сообщений, чатов: 1. Частые слова: типа, заказ, нихуя, блядь, приоритета.",Коэффициент,Коэффициент|Приложение и сбои|Яндекс Про,типа|заказ|нихуя|блядь|приоритета|улица|говорю,2026-04-23 18:34:00,2026-04-23 19:26:00,1,5,1,3,0,0,0.0,0.0,8.93,новый,False
e_00889,Обсуждение коэффициентов и тарифов,"Инфоповод по теме «Коэффициент» за период 23.04.2026 03:28 — 23.04.2026 03:36. Внутри 6 сообщений, чатов: 1. Частые слова: минус, приоритет, максимальный, какой, заказ.",Коэффициент,Коэффициент,минус|приоритет|максимальный|какой|заказ|идите|жопу,2026-04-23 03:28:00,2026-04-23 03:36:00,2,6,1,4,0,0,0.0,0.0,8.91,новый,False
e_00153,"яндекс: доплаты, какой, минут","Инфоповод по теме «яндекс» за период 17.04.2026 06:45 — 17.04.2026 06:59. Внутри 3 сообщений, чатов: 1. Частые слова: доплаты, какой, минут, заказ, доплат.",яндекс,яндекс,доплаты|какой|минут|заказ|доплат|например|заказываешь,2026-04-17 06:45:00,2026-04-17 06:59:00,1,3,1,2,1,1,0.3333,0.3333,8.88,новый,False
e_00304,"яндекс: блядь, блять, садится","Инфоповод по теме «яндекс» за период 18.04.2026 14:00 — 18.04.2026 14:01. Внутри 3 сообщений, чатов: 1. Частые слова: блядь, блять, садится, понимаю, охуел.",яндекс,яндекс,блядь|блять|садится|понимаю|охуел|прилетело|ехал,2026-04-18 14:00:00,2026-04-18 14:01:00,2,3,1,2,1,1,0.3333,0.3333,8.88,новый,False
e_00150,"Законы, налоги и регулирование","Инфоповод по теме «Законы и налоги» за период 17.04.2026 06:26 — 17.04.2026 07:56. Внутри 4 сообщений, чатов: 1. Частые слова: машин, спрос, потому, человек, блядь.",Законы и налоги,Законы и налоги|Коэффициент|яндекс,машин|спрос|потому|человек|блядь|подача|заказы,2026-04-17 06:26:00,2026-04-17 07:56:00,1,4,1,2,0,0,0.0,0.0,8.83,новый,False
e_00588,"Законы, налоги и регулирование","Инфоповод по теме «Законы и налоги» за период 20.04.2026 18:13 — 20.04.2026 19:11. Внутри 4 сообщений, чатов: 1. Частые слова: помню, может, досмотр, потому, статьи.",Законы и налоги,Законы и налоги|Приложение и сбои,помню|может|досмотр|потому|статьи|блин|ничего,2026-04-20 18:13:00,2026-04-20 19:11:00,1,4,1,2,0,0,0.0,0.0,8.83,новый,False
e_01067,Обсуждение коэффициентов и тарифов,"Инфоповод по теме «Коэффициент» за период 20.04.2026 21:21 — 20.04.2026 21:25. Внутри 4 сообщений, чатов: 1. Частые слова: фастеном, пока, фастена, часа, район.",Коэффициент,Коэффициент|Фастен|яндекс,фастеном|пока|фастена|часа|район|причем|первая,2026-04-20 21:21:00,2026-04-20 21:25:00,1,4,1,2,1,0,0.25,0.0,8.83,новый,False
e_01286,Обсуждение коэффициентов и тарифов,"Инфоповод по теме «Коэффициент» за период 23.04.2026 14:23 — 23.04.2026 14:35. Внутри 4 сообщений, чатов: 1. Частые слова: блядь, блять, яндекс, кстати, нервов.",Коэффициент,Коэффициент|Фастен|яндекс,блядь|блять|яндекс|кстати|нервов|хуй|десятку,2026-04-23 14:23:00,2026-04-23 14:35:00,1,4,1,2,1,0,0.25,0.0,8.83,новый,False
e_00134,"Законы, налоги и регулирование","Инфоповод по теме «Законы и налоги» за период 18.04.2026 02:43 — 18.04.2026 02:58. Внутри 2 сообщений, чатов: 2. Частые слова: первый, поло, пол, выкуп, кому.",Законы и налоги,Законы и налоги,первый|поло|пол|выкуп|кому|месяцев|50к,2026-04-18 02:43:00,2026-04-18 02:58:00,2,2,2,2,0,0,0.0,0.0,8.82,новый,False
e_00038,"WB Такси: вон, балберис, верите","Инфоповод по теме «WB Такси» за период 23.04.2026 06:16 — 23.04.2026 06:24. Внутри 2 сообщений, чатов: 1. Частые слова: вон, балберис, верите, ничего, вспомни.",WB Такси,WB Такси|Коэффициент,вон|балберис|верите|ничего|вспомни|скрин|узбекистана,2026-04-23 06:16:00,2026-04-23 06:24:00,2,2,1,2,1,0,0.5,0.0,8.81,новый,False
e_00173,"Законы, налоги и регулирование","Инфоповод по теме «Законы и налоги» за период 17.04.2026 10:16 — 17.04.2026 10:16. Внутри 2 сообщений, чатов: 1. Частые слова: блять, лизинг, блядь, обычно, суд.",Законы и налоги,Законы и налоги,блять|лизинг|блядь|обычно|суд|фактически|между,2026-04-17 10:16:00,2026-04-17 10:16:00,2,2,1,2,0,1,0.0,0.5,8.81,новый,False
e_00188,Обсуждение коэффициентов и тарифов,"Инфоповод по теме «Коэффициент» за период 17.04.2026 11:57 — 17.04.2026 12:53. Внутри 2 сообщений, чатов: 1. Частые слова: шарик, этими, брендинга, вообще, четко.",Коэффициент,Коэффициент|яндекс,шарик|этими|брендинга|вообще|четко|дает|единственное,2026-04-17 11:57:00,2026-04-17 12:53:00,1,2,1,2,1,0,0.5,0.0,8.81,новый,False
e_00215,"Законы, налоги и регулирование","Инфоповод по теме «Законы и налоги» за период 17.04.2026 16:42 — 17.04.2026 16:42. Внутри 2 сообщений, чатов: 1. Частые слова: потому, раз, блять, система, этого.",Законы и налоги,Законы и налоги,потому|раз|блять|система|этого|кредит|того,2026-04-17 16:42:00,2026-04-17 16:42:00,2,2,1,2,0,1,0.0,0.5,8.81,новый,False
e_00229,Обсуждение коэффициентов и тарифов,"Инфоповод по теме «Коэффициент» за период 17.04.2026 18:12 — 17.04.2026 18:12. Внутри 2 сообщений, чатов: 1. Частые слова: заказ, раз, могут, пользователи, баллы.",Коэффициент,Коэффициент,заказ|раз|могут|пользователи|баллы|написали|понимаю,2026-04-17 18:12:00,2026-04-17 18:12:00,2,2,1,2,1,0,0.5,0.0,8.81,новый,False
e_00372,Обсуждение коэффициентов и тарифов,"Инфоповод по теме «Коэффициент» за период 19.04.2026 08:34 — 19.04.2026 08:53. Внутри 2 сообщений, чатов: 1. Частые слова: вообще, каждого, попут, плюс, получается.",Коэффициент,Коэффициент|яндекс,вообще|каждого|попут|плюс|получается|поэтому|разному,2026-04-19 08:34:00,2026-04-19 08:53:00,1,2,1,2,1,0,0.5,0.0,8.81,новый,False
e_00498,Обсуждение коэффициентов и тарифов,"Инфоповод по теме «Коэффициент» за период 20.04.2026 03:03 — 20.04.2026 03:06. Внутри 2 сообщений, чатов: 1. Частые слова: могут, норм, работы, связям, куда.",Коэффициент,Коэффициент,могут|норм|работы|связям|куда|твои|родственники,2026-04-20 03:03:00,2026-04-20 03:06:00,2,2,1,2,1,0,0.5,0.0,8.81,новый,False
e_00502,Обсуждение коэффициентов и тарифов,"Инфоповод по теме «Коэффициент» за период 20.04.2026 06:11 — 20.04.2026 06:50. Внутри 2 сообщений, чатов: 1. Частые слова: дома, сидел, горело, вышел, потухло.",Коэффициент,Коэффициент|яндекс,дома|сидел|горело|вышел|потухло|аналогично|видимо,2026-04-20 06:11:00,2026-04-20 06:50:00,1,2,1,2,1,0,0.5,0.0,8.81,новый,False
e_00647,Обсуждение коэффициентов и тарифов,"Инфоповод по теме «Коэффициент» за период 21.04.2026 07:44 — 21.04.2026 08:02. Внутри 2 сообщений, чатов: 1. Частые слова: яндекс, берет, деньги, проводник, зону.",Коэффициент,Коэффициент|яндекс,яндекс|берет|деньги|проводник|зону|повышенного|спроса,2026-04-21 07:44:00,2026-04-21 08:02:00,1,2,1,2,1,0,0.5,0.0,8.81,новый,False
e_00724,"Законы, налоги и регулирование","Инфоповод по теме «Законы и налоги» за период 21.04.2026 21:14 — 21.04.2026 21:18. Внутри 2 сообщений, чатов: 1. Частые слова: общественной, работе, можно, отправил, лет.",Законы и налоги,Законы и налоги|Приложение и сбои|Яндекс Про,общественной|работе|можно|отправил|лет|открыл|поздно,2026-04-21 21:14:00,2026-04-21 21:18:00,1,2,1,2,0,1,0.0,0.5,8.81,новый,False
e_00759,Обсуждение коэффициентов и тарифов,"Инфоповод по теме «Коэффициент» за период 22.04.2026 09:39 — 22.04.2026 09:43. Внутри 2 сообщений, чатов: 1. Частые слова: ком, подумали, года, три, назад.",Коэффициент,Коэффициент|яндекс,ком|подумали|года|три|назад|отправил|ему,2026-04-22 09:39:00,2026-04-22 09:43:00,1,2,1,2,1,0,0.5,0.0,8.81,новый,False
e_01086,Обсуждение коэффициентов и тарифов,"Инфоповод по теме «Коэффициент» за период 20.04.2026 07:40 — 20.04.2026 08:17. Внутри 2 сообщений, чатов: 1. Частые слова: кэфы, здорового, человека, можно, вернуть.",Коэффициент,Коэффициент,кэфы|здорового|человека|можно|вернуть|приоритет|ячер,2026-04-20 07:40:00,2026-04-20 08:17:00,1,2,1,2,1,0,0.5,0.0,8.81,новый,False
e_00061,"Фастен: фастен, частично, подзаебало","Инфоповод по теме «Фастен» за период 22.04.2026 00:25 — 22.04.2026 01:21. Внутри 3 сообщений, чатов: 2. Частые слова: фастен, частично, подзаебало, гибкий, включал.",Фастен,Фастен,фастен|частично|подзаебало|гибкий|включал|пропускал|делам,2026-04-22 00:25:00,2026-04-22 01:21:00,3,3,2,3,0,1,0.0,0.3333,8.79,новый,False
e_00621,Обсуждение коэффициентов и тарифов,"Инфоповод по теме «Коэффициент» за период 20.04.2026 21:50 — 20.04.2026 22:46. Внутри 3 сообщений, чатов: 1. Частые слова: кэф, заказать, яндексе, система, начинает.",Коэффициент,Коэффициент|Приложение и сбои|Яндекс Про|яндекс,кэф|заказать|яндексе|система|начинает|написано|хотят,2026-04-20 21:50:00,2026-04-20 22:46:00,1,3,1,3,0,1,0.0,0.3333,8.78,новый,False
e_01047,Обсуждение коэффициентов и тарифов,"Инфоповод по теме «Коэффициент» за период 23.04.2026 16:13 — 23.04.2026 16:29. Внутри 7 сообщений, чатов: 1. Частые слова: думаю, короче, нахуй, такой, ладно.",Коэффициент,Коэффициент|яндекс,думаю|короче|нахуй|такой|ладно|рейтинг|заказ,2026-04-23 16:13:00,2026-04-23 16:29:00,1,7,1,2,0,0,0.0,0.0,8.77,новый,False
e_00013,"WB Такси: такси, понятно, интересно","Инфоповод по теме «WB Такси» за период 18.04.2026 22:27 — 18.04.2026 23:37. Внутри 4 сообщений, чатов: 2. Частые слова: такси, понятно, интересно, почитать, наблюдение.",WB Такси,WB Такси|яндекс,такси|понятно|интересно|почитать|наблюдение|данного|человека,2026-04-18 22:27:00,2026-04-18 23:37:00,2,4,2,4,0,0,0.0,0.0,8.75,новый,False
e_01157,"яндекс: яндекс, заказ, доставка","Инфоповод по теме «яндекс» за период 23.04.2026 07:19 — 23.04.2026 09:03. Внутри 4 сообщений, чатов: 1. Частые слова: яндекс, заказ, доставка, распределение, заказов.",яндекс,яндекс,яндекс|заказ|доставка|распределение|заказов|городу|другой,2026-04-23 07:19:00,2026-04-23 09:03:00,1,4,1,4,1,0,0.25,0.0,8.74,новый,False
e_00101,Обсуждение коэффициентов и тарифов,"Инфоповод по теме «Коэффициент» за период 22.04.2026 03:21 — 22.04.2026 03:42. Внутри 3 сообщений, чатов: 1. Частые слова: мин, минимальную, спроса, 14р, стоймость.",Коэффициент,Коэффициент,мин|минимальную|спроса|14р|стоймость|стоимость|коэффициент,2026-04-22 03:21:00,2026-04-22 03:42:00,2,3,1,2,1,0,0.3333,0.0,8.72,новый,False
e_01017,Обсуждение коэффициентов и тарифов,"Инфоповод по теме «Коэффициент» за период 21.04.2026 16:25 — 21.04.2026 17:08. Внутри 5 сообщений, чатов: 1. Частые слова: блядь, штрафы, нахуй, нахуя, короче.",Коэффициент,Коэффициент|Приложение и сбои|Яндекс Про|яндекс,блядь|штрафы|нахуй|нахуя|короче|эти|рублей,2026-04-21 16:25:00,2026-04-21 17:08:00,1,5,1,2,0,0,0.0,0.0,8.7,новый,False
e_01130,Обсуждение коэффициентов и тарифов,"Инфоповод по теме «Коэффициент» за период 18.04.2026 01:15 — 18.04.2026 01:41. Внутри 5 сообщений, чатов: 1. Частые слова: блядь, готовы, бля, резко, хули.",Коэффициент,Коэффициент|Приложение и сбои|Яндекс Про|яндекс,блядь|готовы|бля|резко|хули|таксисты|заказ,2026-04-18 01:15:00,2026-04-18 01:41:00,1,5,1,2,0,0,0.0,0.0,8.7,новый,False
e_01318,"Фастен: говорю, блядь, заказ","Инфоповод по теме «Фастен» за период 20.04.2026 13:34 — 20.04.2026 16:00. Внутри 7 сообщений, чатов: 1. Частые слова: говорю, блядь, заказ, типа, блять.",Фастен,Фастен|яндекс,говорю|блядь|заказ|типа|блять|рассчитан|через,2026-04-20 13:34:00,2026-04-20 16:00:00,1,7,1,4,0,0,0.0,0.0,8.68,новый,False
e_01246,"WB Такси: единственное, пишут, заказов","Инфоповод по теме «WB Такси» за период 18.04.2026 14:43 — 18.04.2026 15:02. Внутри 6 сообщений, чатов: 1. Частые слова: единственное, пишут, заказов, яше, катать.",WB Такси,WB Такси|яндекс,единственное|пишут|заказов|яше|катать|процент|будешь,2026-04-18 14:43:00,2026-04-18 15:02:00,1,6,1,2,1,0,0.1667,0.0,8.67,новый,False
e_01039,Обсуждение коэффициентов и тарифов,"Инфоповод по теме «Коэффициент» за период 22.04.2026 15:48 — 22.04.2026 16:13. Внутри 5 сообщений, чатов: 1. Частые слова: заказ, скриншот, оператор, v117, дмитрий.",Коэффициент,Коэффициент|Фастен,заказ|скриншот|оператор|v117|дмитрий|соков|ошибки,2026-04-22 15:48:00,2026-04-22 16:13:00,1,5,1,1,1,0,0.2,0.0,8.67,новый,False
e_00111,Обсуждение забастовки водителей,"Инфоповод по теме «Забастовка» за период 18.04.2026 17:37 — 18.04.2026 17:37. Внутри 1 сообщений, чатов: 1. Частые слова: председатели, профсоюза.",Забастовка,Забастовка,председатели|профсоюза,2026-04-18 17:37:00,2026-04-18 17:37:00,1,1,1,1,0,0,0.0,0.0,8.67,новый,False
e_00112,Обсуждение забастовки водителей,"Инфоповод по теме «Забастовка» за период 18.04.2026 19:01 — 18.04.2026 19:01. Внутри 1 сообщений, чатов: 1. Частые слова: школьная, профсоюз, одна, восточную.",Забастовка,Забастовка,школьная|профсоюз|одна|восточную,2026-04-18 19:01:00,2026-04-18 19:01:00,1,1,1,1,0,0,0.0,0.0,8.67,новый,False
e_00121,Обсуждение забастовки водителей,"Инфоповод по теме «Забастовка» за период 22.04.2026 22:29 — 22.04.2026 22:29. Внутри 1 сообщений, чатов: 1. Частые слова: питере, этого, сука, никогда, сделают.",Забастовка,Забастовка,питере|этого|сука|никогда|сделают|сделали|профсоюз,2026-04-22 22:29:00,2026-04-22 22:29:00,1,1,1,1,0,0,0.0,0.0,8.67,новый,False
e_00311,Обсуждение забастовки водителей,"Инфоповод по теме «Забастовка» за период 18.04.2026 14:59 — 18.04.2026 14:59. Внутри 1 сообщений, чатов: 1. Частые слова: эти, скидки, будут, счет, продавцов.",Забастовка,Забастовка,эти|скидки|будут|счет|продавцов|бунт|поднимали,2026-04-18 14:59:00,2026-04-18 14:59:00,1,1,1,1,0,0,0.0,0.0,8.67,новый,False
e_00453,Обсуждение забастовки водителей,"Инфоповод по теме «Забастовка» за период 19.04.2026 20:38 — 19.04.2026 20:38. Внутри 1 сообщений, чатов: 1. Частые слова: бунтуешь.",Забастовка,Забастовка,бунтуешь,2026-04-19 20:38:00,2026-04-19 20:38:00,1,1,1,1,0,0,0.0,0.0,8.67,новый,False
e_00574,Обсуждение забастовки водителей,"Инфоповод по теме «Забастовка» за период 20.04.2026 16:35 — 20.04.2026 16:35. Внутри 1 сообщений, чатов: 1. Частые слова: пидорасы, захлебнулся, своей, жадности, подавятся.",Забастовка,Забастовка|Коэффициент|яндекс,пидорасы|захлебнулся|своей|жадности|подавятся|сдохнут|собираться,2026-04-20 16:35:00,2026-04-20 16:35:00,1,1,1,1,0,0,0.0,0.0,8.67,новый,False
e_00618,Обсуждение забастовки водителей,"Инфоповод по теме «Забастовка» за период 20.04.2026 21:31 — 20.04.2026 21:31. Внутри 1 сообщений, чатов: 1. Частые слова: блядь, нахуй, блять, нравится, работай.",Забастовка,Забастовка|яндекс,блядь|нахуй|блять|нравится|работай|ныть|никто,2026-04-20 21:31:00,2026-04-20 21:31:00,1,1,1,1,0,0,0.0,0.0,8.67,новый,False
e_00655,"Законы, налоги и регулирование","Инфоповод по теме «Законы и налоги» за период 21.04.2026 08:56 — 21.04.2026 08:56. Внутри 1 сообщений, чатов: 1. Частые слова: машину, отложи, многие, считают, учитывают.",Законы и налоги,Законы и налоги,машину|отложи|многие|считают|учитывают|грамотно|скалькулировать,2026-04-21 08:56:00,2026-04-21 08:56:00,1,1,1,1,0,1,0.0,1.0,8.67,новый,False
e_00746,"Законы, налоги и регулирование","Инфоповод по теме «Законы и налоги» за период 22.04.2026 03:25 — 22.04.2026 03:25. Внутри 1 сообщений, чатов: 1. Частые слова: выше, разговор, самый, главный, аспект.",Законы и налоги,Законы и налоги,выше|разговор|самый|главный|аспект|гаишники|ебут,2026-04-22 03:25:00,2026-04-22 03:25:00,1,1,1,1,0,1,0.0,1.0,8.67,новый,False
e_00819,Обсуждение забастовки водителей,"Инфоповод по теме «Забастовка» за период 22.04.2026 14:56 — 22.04.2026 14:56. Внутри 1 сообщений, чатов: 1. Частые слова: блядь, парни, цены, терпим, говорю.",Забастовка,Забастовка,блядь|парни|цены|терпим|говорю|бастовать|пока,2026-04-22 14:56:00,2026-04-22 14:56:00,1,1,1,1,0,0,0.0,0.0,8.67,новый,False
e_00852,Обсуждение забастовки водителей,"Инфоповод по теме «Забастовка» за период 22.04.2026 19:39 — 22.04.2026 19:39. Внутри 1 сообщений, чатов: 1. Частые слова: объединение, полгода, антон, интересные, мысли.",Забастовка,Забастовка,объединение|полгода|антон|интересные|мысли|высказываешь|конечно,2026-04-22 19:39:00,2026-04-22 19:39:00,1,1,1,1,0,0,0.0,0.0,8.67,новый,False
e_00955,Обсуждение забастовки водителей,"Инфоповод по теме «Забастовка» за период 23.04.2026 17:23 — 23.04.2026 17:23. Внутри 1 сообщений, чатов: 1. Частые слова: блядь, устраивает, мини, забастовка, день.",Забастовка,Забастовка,блядь|устраивает|мини|забастовка|день|нахуй|значит,2026-04-23 17:23:00,2026-04-23 17:23:00,1,1,1,1,0,0,0.0,0.0,8.67,новый,False
e_01018,Обсуждение забастовки водителей,"Инфоповод по теме «Забастовка» за период 22.04.2026 12:29 — 22.04.2026 12:29. Внутри 1 сообщений, чатов: 1. Частые слова: бастую, доедая.",Забастовка,Забастовка,бастую|доедая,2026-04-22 12:29:00,2026-04-22 12:29:00,1,1,1,1,0,0,0.0,0.0,8.67,новый,False
e_01134,Обсуждение забастовки водителей,"Инфоповод по теме «Забастовка» за период 19.04.2026 23:49 — 19.04.2026 23:49. Внутри 1 сообщений, чатов: 1. Частые слова: блядь, час, комфорте, забастовку, решили.",Забастовка,Забастовка,блядь|час|комфорте|забастовку|решили|устроить|понабирали,2026-04-19 23:49:00,2026-04-19 23:49:00,1,1,1,1,0,0,0.0,0.0,8.67,новый,False
e_01211,Обсуждение забастовки водителей,"Инфоповод по теме «Забастовка» за период 23.04.2026 11:26 — 23.04.2026 11:26. Внутри 1 сообщений, чатов: 1. Частые слова: наверное, предлагала, дама, одна, среди.",Забастовка,Забастовка|яндекс,наверное|предлагала|дама|одна|среди|бизонов|которая,2026-04-23 11:26:00,2026-04-23 11:26:00,1,1,1,1,0,0,0.0,0.0,8.67,новый,False
e_01212,Обсуждение забастовки водителей,"Инфоповод по теме «Забастовка» за период 23.04.2026 12:32 — 23.04.2026 12:32. Внутри 1 сообщений, чатов: 1. Частые слова: этой, кого, людей, профсоюз, знаю.",Забастовка,Забастовка,этой|кого|людей|профсоюз|знаю|угодно|вообще,2026-04-23 12:32:00,2026-04-23 12:32:00,1,1,1,1,0,0,0.0,0.0,8.67,новый,False
e_00249,"Законы, налоги и регулирование","Инфоповод по теме «Законы и налоги» за период 17.04.2026 20:48 — 17.04.2026 21:00. Внутри 3 сообщений, чатов: 1. Частые слова: тысяч, кредит, машину, блядь, года.",Законы и налоги,Законы и налоги,тысяч|кредит|машину|блядь|года|аренду|взял,2026-04-17 20:48:00,2026-04-17 21:00:00,3,3,1,3,0,0,0.0,0.0,8.61,новый,False
e_00552,"Законы, налоги и регулирование","Инфоповод по теме «Законы и налоги» за период 20.04.2026 14:15 — 20.04.2026 14:16. Внутри 3 сообщений, чатов: 1. Частые слова: таксисты, зарегистрируют, комиссия, коммунизм, общественно.",Законы и налоги,Законы и налоги|яндекс,таксисты|зарегистрируют|комиссия|коммунизм|общественно|экономическая|формация,2026-04-20 14:15:00,2026-04-20 14:16:00,2,3,1,3,0,0,0.0,0.0,8.61,новый,False
e_00606,"Законы, налоги и регулирование","Инфоповод по теме «Законы и налоги» за период 20.04.2026 20:39 — 23.04.2026 18:49. Внутри 3 сообщений, чатов: 1. Частые слова: drivee, китае, верят, цвет, цифры.",Законы и налоги,Законы и налоги|яндекс,drivee|китае|верят|цвет|цифры|подарки|могут,2026-04-20 20:39:00,2026-04-23 18:49:00,1,3,1,3,0,0,0.0,0.0,8.61,новый,False
e_01054,"Законы, налоги и регулирование","Инфоповод по теме «Законы и налоги» за период 17.04.2026 19:49 — 17.04.2026 19:53. Внутри 3 сообщений, чатов: 1. Частые слова: заказе, развестись, женщины, эко, 315км.",Законы и налоги,Законы и налоги|Приложение и сбои|Яндекс Про|яндекс,заказе|развестись|женщины|эко|315км|комфорте|261км,2026-04-17 19:49:00,2026-04-17 19:53:00,1,3,1,3,0,0,0.0,0.0,8.61,новый,False
e_01347,"Законы, налоги и регулирование","Инфоповод по теме «Законы и налоги» за период 18.04.2026 11:41 — 18.04.2026 12:39. Внутри 3 сообщений, чатов: 1. Частые слова: такси, заказать, блядь, блин, вообще.",Законы и налоги,Законы и налоги|Коэффициент|яндекс,такси|заказать|блядь|блин|вообще|суть|истории,2026-04-18 11:41:00,2026-04-18 12:39:00,1,3,1,3,0,0,0.0,0.0,8.61,новый,False
e_00047,"Фастен: блять, фастен, вроде","Инфоповод по теме «Фастен» за период 17.04.2026 07:31 — 17.04.2026 07:42. Внутри 4 сообщений, чатов: 2. Частые слова: блять, фастен, вроде, дожжь, кефа.",Фастен,Фастен|яндекс,блять|фастен|вроде|дожжь|кефа|куй|гули,2026-04-17 07:31:00,2026-04-17 07:42:00,3,4,2,3,0,0,0.0,0.0,8.57,новый,False
e_00878,Обсуждение коэффициентов и тарифов,"Инфоповод по теме «Коэффициент» за период 22.04.2026 22:51 — 23.04.2026 00:52. Внутри 4 сообщений, чатов: 1. Частые слова: дверь, подъезжаю, открыл, нормально, одну.",Коэффициент,Коэффициент|яндекс,дверь|подъезжаю|открыл|нормально|одну|девушку|всегда,2026-04-22 22:51:00,2026-04-23 00:52:00,1,4,1,3,0,1,0.0,0.25,8.56,новый,False
e_01053,Обсуждение коэффициентов и тарифов,"Инфоповод по теме «Коэффициент» за период 17.04.2026 19:07 — 17.04.2026 19:37. Внутри 4 сообщений, чатов: 1. Частые слова: сколько, выходил, длинной, дистанции, суть.",Коэффициент,Коэффициент|яндекс,сколько|выходил|длинной|дистанции|суть|моего|расчета,2026-04-17 19:07:00,2026-04-17 19:37:00,1,4,1,1,1,0,0.25,0.0,8.51,новый,False
e_01356,Обсуждение коэффициентов и тарифов,"Инфоповод по теме «Коэффициент» за период 21.04.2026 12:08 — 21.04.2026 12:20. Внутри 6 сообщений, чатов: 1. Частые слова: сколько, блядь, комиссия, заказ, ндс.",Коэффициент,Коэффициент|яндекс,сколько|блядь|комиссия|заказ|ндс|чем|яндекса,2026-04-21 12:08:00,2026-04-21 12:20:00,1,6,1,2,0,0,0.0,0.0,8.5,новый,False
e_00482,Обсуждение коэффициентов и тарифов,"Инфоповод по теме «Коэффициент» за период 20.04.2026 00:27 — 20.04.2026 00:36. Внутри 2 сообщений, чатов: 1. Частые слова: правилам, заказ, причине, указанном, потом.",Коэффициент,Коэффициент|яндекс,правилам|заказ|причине|указанном|потом|бабки|подачу,2026-04-20 00:27:00,2026-04-20 00:36:00,1,2,1,1,1,0,0.5,0.0,8.48,новый,False
e_00892,"Законы, налоги и регулирование","Инфоповод по теме «Законы и налоги» за период 23.04.2026 06:54 — 23.04.2026 06:57. Внутри 2 сообщений, чатов: 1. Частые слова: нахуй, средняя, зарплата, тысяч, видели.",Законы и налоги,Законы и налоги|яндекс,нахуй|средняя|зарплата|тысяч|видели|какие|такие,2026-04-23 06:54:00,2026-04-23 06:57:00,1,2,1,1,0,1,0.0,0.5,8.48,новый,False
e_01034,Обсуждение коэффициентов и тарифов,"Инфоповод по теме «Коэффициент» за период 18.04.2026 20:59 — 18.04.2026 21:00. Внутри 2 сообщений, чатов: 1. Частые слова: заказ, никто, может, второй, раз.",Коэффициент,Коэффициент,заказ|никто|может|второй|раз|кидает|видимо,2026-04-18 20:59:00,2026-04-18 21:00:00,1,2,1,1,1,0,0.5,0.0,8.48,новый,False
e_01218,Обсуждение коэффициентов и тарифов,"Инфоповод по теме «Коэффициент» за период 17.04.2026 11:51 — 17.04.2026 11:58. Внутри 2 сообщений, чатов: 1. Частые слова: потом, мало, того, паксы, пишет.",Коэффициент,Коэффициент|яндекс,потом|мало|того|паксы|пишет|своим|бустером,2026-04-17 11:51:00,2026-04-17 11:58:00,1,2,1,1,1,0,0.5,0.0,8.48,новый,False
e_01229,Обсуждение коэффициентов и тарифов,"Инфоповод по теме «Коэффициент» за период 22.04.2026 23:53 — 22.04.2026 23:56. Внутри 2 сообщений, чатов: 1. Частые слова: приоритет, заказ, приходит, написано, риск.",Коэффициент,Коэффициент,приоритет|заказ|приходит|написано|риск|потери|доступа,2026-04-22 23:53:00,2026-04-22 23:56:00,1,2,1,1,1,0,0.5,0.0,8.48,новый,False
e_01335,"WB Такси: такси, типа, доставке","Инфоповод по теме «WB Такси» за период 22.04.2026 15:06 — 22.04.2026 15:15. Внутри 2 сообщений, чатов: 1. Частые слова: такси, типа, доставке, цены, условно.",WB Такси,WB Такси|Коэффициент|яндекс,такси|типа|доставке|цены|условно|дождь|знаешь,2026-04-22 15:06:00,2026-04-22 15:15:00,1,2,1,1,1,0,0.5,0.0,8.48,новый,False
e_00542,"яндекс: блокировать, имеем, яндекс","Инфоповод по теме «яндекс» за период 20.04.2026 13:08 — 20.04.2026 13:18. Внутри 3 сообщений, чатов: 1. Частые слова: блокировать, имеем, яндекс, жопе, дальше.",яндекс,яндекс,блокировать|имеем|яндекс|жопе|дальше|самолеты|вопросы,2026-04-20 13:08:00,2026-04-20 13:18:00,1,3,1,3,1,0,0.3333,0.0,8.45,новый,False
e_00847,"яндекс: цена, интересно, неужели","Инфоповод по теме «яндекс» за период 22.04.2026 18:16 — 22.04.2026 19:09. Внутри 3 сообщений, чатов: 1. Частые слова: цена, интересно, неужели, реально, сами.",яндекс,яндекс,цена|интересно|неужели|реально|сами|цену|пассу,2026-04-22 18:16:00,2026-04-22 19:09:00,2,3,1,3,1,0,0.3333,0.0,8.45,новый,False
e_01097,Обсуждение коэффициентов и тарифов,"Инфоповод по теме «Коэффициент» за период 22.04.2026 08:27 — 22.04.2026 08:40. Внутри 5 сообщений, чатов: 1. Частые слова: нахуй, блять, дрова, горит, драйвер.",Коэффициент,Коэффициент|яндекс,нахуй|блять|дрова|горит|драйвер|коэффициента|очки,2026-04-22 08:27:00,2026-04-22 08:40:00,1,5,1,3,0,0,0.0,0.0,8.43,новый,False
e_00009,"WB Такси: кэф, падает, кэфом","Инфоповод по теме «WB Такси» за период 17.04.2026 04:36 — 17.04.2026 04:39. Внутри 3 сообщений, чатов: 1. Частые слова: кэф, падает, кэфом, чем, ближе.",WB Такси,WB Такси|Коэффициент|яндекс,кэф|падает|кэфом|чем|ближе|лучше|яндекс,2026-04-17 04:36:00,2026-04-17 04:39:00,1,3,1,1,1,0,0.3333,0.0,8.39,новый,False
e_00342,"Законы, налоги и регулирование","Инфоповод по теме «Законы и налоги» за период 18.04.2026 23:42 — 19.04.2026 00:17. Внутри 3 сообщений, чатов: 1. Частые слова: вообще, машину, знаешь, тысяч, какие.",Законы и налоги,Законы и налоги|яндекс,вообще|машину|знаешь|тысяч|какие|самозанятые|своих,2026-04-18 23:42:00,2026-04-19 00:17:00,1,3,1,2,0,0,0.0,0.0,8.38,новый,False
e_00347,"Законы, налоги и регулирование","Инфоповод по теме «Законы и налоги» за период 19.04.2026 00:21 — 19.04.2026 00:27. Внутри 3 сообщений, чатов: 1. Частые слова: часов, нужно, состоятельный, права, telegr.",Законы и налоги,Законы и налоги|яндекс,часов|нужно|состоятельный|права|telegr|работать|трудоустроены,2026-04-19 00:21:00,2026-04-19 00:27:00,1,3,1,2,0,0,0.0,0.0,8.38,новый,False
e_00833,"Законы, налоги и регулирование","Инфоповод по теме «Законы и налоги» за период 22.04.2026 17:29 — 22.04.2026 17:31. Внутри 3 сообщений, чатов: 1. Частые слова: блядь, том, говорю, парк, короче.",Законы и налоги,Законы и налоги|яндекс,блядь|том|говорю|парк|короче|нахуя|купите,2026-04-22 17:29:00,2026-04-22 17:31:00,1,3,1,2,0,0,0.0,0.0,8.38,новый,False
e_01119,"Законы, налоги и регулирование","Инфоповод по теме «Законы и налоги» за период 21.04.2026 19:27 — 21.04.2026 19:39. Внутри 3 сообщений, чатов: 1. Частые слова: давности, приватизации, исковой, имущества, нарушения.",Законы и налоги,Законы и налоги|яндекс,давности|приватизации|исковой|имущества|нарушения|сроки|законопроект,2026-04-21 19:27:00,2026-04-21 19:39:00,1,3,1,2,0,0,0.0,0.0,8.38,новый,False
e_01121,"Законы, налоги и регулирование","Инфоповод по теме «Законы и налоги» за период 22.04.2026 14:55 — 22.04.2026 16:09. Внутри 3 сообщений, чатов: 1. Частые слова: такси, легкового, области, ленинградской, легковым.",Законы и налоги,Законы и налоги|яндекс,такси|легкового|области|ленинградской|легковым|заказа|вообще,2026-04-22 14:55:00,2026-04-22 16:09:00,1,3,1,2,0,0,0.0,0.0,8.38,новый,False
e_01079,Сбои и проблемы в приложении,"Инфоповод по теме «Приложение и сбои» за период 20.04.2026 16:21 — 20.04.2026 16:31. Внутри 5 сообщений, чатов: 1. Частые слова: блядь, бумагу, продали, дело, рублей.",Приложение и сбои,Приложение и сбои|Яндекс Про|яндекс,блядь|бумагу|продали|дело|рублей|блин|переписывайся,2026-04-20 16:21:00,2026-04-20 16:31:00,1,5,1,1,0,0,0.0,0.0,8.37,новый,False
e_00762,Сбои и проблемы в приложении,"Инфоповод по теме «Приложение и сбои» за период 22.04.2026 09:53 — 22.04.2026 10:30. Внутри 4 сообщений, чатов: 1. Частые слова: блядь, тысяч, движок, прям, сколько.",Приложение и сбои,Приложение и сбои|яндекс,блядь|тысяч|движок|прям|сколько|честно|300к,2026-04-22 09:53:00,2026-04-22 10:30:00,1,4,1,2,0,0,0.0,0.0,8.33,новый,False
e_00077,Сбои и проблемы в приложении,"Инфоповод по теме «Приложение и сбои» за период 18.04.2026 01:36 — 18.04.2026 01:58. Внутри 2 сообщений, чатов: 2. Частые слова: везу, пока, вылетаю, дома, новый.",Приложение и сбои,Приложение и сбои|Яндекс Про,везу|пока|вылетаю|дома|новый|прикол|фистингу,2026-04-18 01:36:00,2026-04-18 01:58:00,2,2,2,2,0,0,0.0,0.0,8.32,новый,False
e_00258,"яндекс: через, яндекс, победим","Инфоповод по теме «яндекс» за период 17.04.2026 22:25 — 17.04.2026 22:55. Внутри 2 сообщений, чатов: 2. Частые слова: через, яндекс, победим, монополиста, поэзию.",яндекс,яндекс,через|яндекс|победим|монополиста|поэзию|единство|дружбу,2026-04-17 22:25:00,2026-04-17 22:55:00,2,2,2,2,0,1,0.0,0.5,8.32,новый,False
e_00006,"яндекс: дример, яндекс, завести","Инфоповод по теме «яндекс» за период 17.04.2026 00:19 — 17.04.2026 00:24. Внутри 2 сообщений, чатов: 1. Частые слова: дример, яндекс, завести, вопрос, звездочкой.",яндекс,яндекс,дример|яндекс|завести|вопрос|звездочкой|дриме|катается,2026-04-17 00:19:00,2026-04-17 00:24:00,1,2,1,2,1,0,0.5,0.0,8.31,новый,False
e_00294,"яндекс: первую, линию, заехать","Инфоповод по теме «яндекс» за период 18.04.2026 11:39 — 18.04.2026 12:13. Внутри 2 сообщений, чатов: 1. Частые слова: первую, линию, заехать, блять, блядь.",яндекс,яндекс,первую|линию|заехать|блять|блядь|яндекс|могу,2026-04-18 11:39:00,2026-04-18 12:13:00,1,2,1,2,1,0,0.5,0.0,8.31,новый,False
e_00309,"WB Такси: замануха, конкурент, сначала","Инфоповод по теме «WB Такси» за период 18.04.2026 14:50 — 18.04.2026 14:52. Внутри 2 сообщений, чатов: 1. Частые слова: замануха, конкурент, сначала, потом, хуяк.",WB Такси,WB Такси|яндекс,замануха|конкурент|сначала|потом|хуяк|закончилось|виде,2026-04-18 14:50:00,2026-04-18 14:52:00,1,2,1,2,1,0,0.5,0.0,8.31,новый,False
e_00406,"яндекс: яндекс, яша, делает","Инфоповод по теме «яндекс» за период 19.04.2026 13:40 — 19.04.2026 13:42. Внутри 2 сообщений, чатов: 1. Частые слова: яндекс, яша, делает, того, конкурентов.",яндекс,яндекс,яндекс|яша|делает|того|конкурентов|частная|организация,2026-04-19 13:40:00,2026-04-19 13:42:00,1,2,1,2,1,0,0.5,0.0,8.31,новый,False
e_00513,"яндекс: цены, выше, городах","Инфоповод по теме «яндекс» за период 20.04.2026 09:17 — 20.04.2026 09:18. Внутри 2 сообщений, чатов: 1. Частые слова: цены, выше, городах, грязью, норм.",яндекс,яндекс,цены|выше|городах|грязью|норм|яндекс|убавил,2026-04-20 09:17:00,2026-04-20 09:18:00,2,2,1,2,1,0,0.5,0.0,8.31,новый,False
e_00605,"яндекс: диктовать, деньги, яндекс","Инфоповод по теме «яндекс» за период 20.04.2026 20:37 — 20.04.2026 20:56. Внутри 2 сообщений, чатов: 1. Частые слова: диктовать, деньги, яндекс, бизнес, прозвучала.",яндекс,яндекс,диктовать|деньги|яндекс|бизнес|прозвучала|сумма|предельные,2026-04-20 20:37:00,2026-04-20 20:56:00,2,2,1,2,1,0,0.5,0.0,8.31,новый,False
e_00653,"яндекс: отложи, отпуск, доходов","Инфоповод по теме «яндекс» за период 21.04.2026 08:52 — 21.04.2026 09:00. Внутри 2 сообщений, чатов: 1. Частые слова: отложи, отпуск, доходов, конечно, машины.",яндекс,яндекс,отложи|отпуск|доходов|конечно|машины|машину|противоречия,2026-04-21 08:52:00,2026-04-21 09:00:00,2,2,1,2,1,0,0.5,0.0,8.31,новый,False
e_00778,"яндекс: сутки, яндекс, молодец","Инфоповод по теме «яндекс» за период 22.04.2026 11:23 — 22.04.2026 11:23. Внутри 2 сообщений, чатов: 1. Частые слова: сутки, яндекс, молодец, грамотно, пугает.",яндекс,яндекс,сутки|яндекс|молодец|грамотно|пугает|муковозов|пуганул,2026-04-22 11:23:00,2026-04-22 11:23:00,2,2,1,2,1,0,0.5,0.0,8.31,новый,False
e_00821,"яндекс: заказ, тот, прилетел","Инфоповод по теме «яндекс» за период 22.04.2026 14:58 — 22.04.2026 15:06. Внутри 2 сообщений, чатов: 1. Частые слова: заказ, тот, прилетел, раза, пасс.",яндекс,яндекс,заказ|тот|прилетел|раза|пасс|сам|отменял,2026-04-22 14:58:00,2026-04-22 15:06:00,2,2,1,2,1,0,0.5,0.0,8.31,новый,False
e_00898,"яндекс: яндексе, эконом, закрыли","Инфоповод по теме «яндекс» за период 23.04.2026 08:07 — 23.04.2026 08:07. Внутри 2 сообщений, чатов: 1. Частые слова: яндексе, эконом, закрыли, шутка, натуре.",яндекс,яндекс,яндексе|эконом|закрыли|шутка|натуре|поддержки|позвонили,2026-04-23 08:07:00,2026-04-23 08:07:00,2,2,1,2,1,0,0.5,0.0,8.31,новый,False
e_01021,"яндекс: яндекс, закончили, процедуру","Инфоповод по теме «яндекс» за период 23.04.2026 01:44 — 23.04.2026 02:04. Внутри 2 сообщений, чатов: 1. Частые слова: яндекс, закончили, процедуру, пидр, бля.",яндекс,яндекс,яндекс|закончили|процедуру|пидр|бля|всегда|режиму,2026-04-23 01:44:00,2026-04-23 02:04:00,1,2,1,2,1,0,0.5,0.0,8.31,новый,False
e_01156,"яндекс: цены, можно, знали","Инфоповод по теме «яндекс» за период 22.04.2026 16:59 — 22.04.2026 17:39. Внутри 2 сообщений, чатов: 1. Частые слова: цены, можно, знали, какие, яндексе.",яндекс,яндекс,цены|можно|знали|какие|яндексе|нижнем|вычитаем,2026-04-22 16:59:00,2026-04-22 17:39:00,1,2,1,2,1,0,0.5,0.0,8.31,новый,False
e_01221,"яндекс: кол, въебали, заехал","Инфоповод по теме «яндекс» за период 22.04.2026 19:47 — 22.04.2026 20:03. Внутри 2 сообщений, чатов: 1. Частые слова: кол, въебали, заехал, всех, сторон.",яндекс,яндекс,кол|въебали|заехал|всех|сторон|шлагбаумы|открываются,2026-04-22 19:47:00,2026-04-22 20:03:00,1,2,1,2,1,0,0.5,0.0,8.31,новый,False
e_01350,"яндекс: мол, катайте, яндекс","Инфоповод по теме «яндекс» за период 19.04.2026 09:11 — 19.04.2026 09:23. Внутри 2 сообщений, чатов: 1. Частые слова: мол, катайте, яндекс, остальное, залупа.",яндекс,яндекс,мол|катайте|яндекс|остальное|залупа|яша|занимается,2026-04-19 09:11:00,2026-04-19 09:23:00,1,2,1,2,1,0,0.5,0.0,8.31,новый,False
e_01160,"WB Такси: цветы, всех, гослог","Инфоповод по теме «WB Такси» за период 23.04.2026 22:02 — 23.04.2026 22:37. Внутри 3 сообщений, чатов: 1. Частые слова: цветы, всех, гослог, раз, эти.",WB Такси,WB Такси|яндекс,цветы|всех|гослог|раз|эти|растут|вырастут,2026-04-23 22:02:00,2026-04-23 22:37:00,1,3,1,2,1,0,0.3333,0.0,8.22,новый,False
e_01177,"яндекс: яндекс, какие, нибудь","Инфоповод по теме «яндекс» за период 19.04.2026 02:42 — 19.04.2026 03:19. Внутри 3 сообщений, чатов: 1. Частые слова: яндекс, какие, нибудь, молодухи, сидят.",яндекс,яндекс,яндекс|какие|нибудь|молодухи|сидят|оцените|блядь,2026-04-19 02:42:00,2026-04-19 03:19:00,1,3,1,2,1,0,0.3333,0.0,8.22,новый,False
e_00936,Сбои и проблемы в приложении,"Инфоповод по теме «Приложение и сбои» за период 23.04.2026 14:42 — 23.04.2026 14:42. Внутри 1 сообщений, чатов: 1. Частые слова: хорошо, тогда, получать, законно, осгоп.",Приложение и сбои,Приложение и сбои|Яндекс Про|яндекс,хорошо|тогда|получать|законно|осгоп|яша|паркам,2026-04-23 14:42:00,2026-04-23 14:42:00,1,1,1,1,0,1,0.0,1.0,8.17,новый,False
e_00159,Сбои и проблемы в приложении,"Инфоповод по теме «Приложение и сбои» за период 17.04.2026 08:25 — 17.04.2026 08:41. Внутри 3 сообщений, чатов: 1. Частые слова: имя, пакета, телефон, подмену, яндекса.",Приложение и сбои,Приложение и сбои|Яндекс Про|яндекс,имя|пакета|телефон|подмену|яндекса|всех|установленных,2026-04-17 08:25:00,2026-04-17 08:41:00,1,3,1,3,0,0,0.0,0.0,8.11,новый,False
e_00399,Обсуждение коэффициентов и тарифов,"Инфоповод по теме «Коэффициент» за период 19.04.2026 12:42 — 19.04.2026 14:47. Внутри 3 сообщений, чатов: 1. Частые слова: блять, блядь, яндекс, хочу, нахуй.",Коэффициент,Коэффициент|Приложение и сбои|Яндекс Про|яндекс,блять|блядь|яндекс|хочу|нахуй|хуй|водители,2026-04-19 12:42:00,2026-04-19 14:47:00,1,3,1,3,0,0,0.0,0.0,8.11,новый,False
e_00401,Сбои и проблемы в приложении,"Инфоповод по теме «Приложение и сбои» за период 19.04.2026 12:48 — 19.04.2026 12:50. Внутри 3 сообщений, чатов: 1. Частые слова: видит, яндекс, яндекса, разрешение, чем.",Приложение и сбои,Приложение и сбои|Яндекс Про|яндекс,видит|яндекс|яндекса|разрешение|чем|паранойя|хотя,2026-04-19 12:48:00,2026-04-19 12:50:00,1,3,1,3,0,0,0.0,0.0,8.11,новый,False
e_00868,Сбои и проблемы в приложении,"Инфоповод по теме «Приложение и сбои» за период 22.04.2026 21:54 — 22.04.2026 22:04. Внутри 3 сообщений, чатов: 1. Частые слова: будут, яндекса, отхерачу, пассажира, какие.",Приложение и сбои,Приложение и сбои|Яндекс Про|яндекс,будут|яндекса|отхерачу|пассажира|какие|последствия|уволят,2026-04-22 21:54:00,2026-04-22 22:04:00,1,3,1,3,0,0,0.0,0.0,8.11,новый,False
e_01022,Сбои и проблемы в приложении,"Инфоповод по теме «Приложение и сбои» за период 23.04.2026 13:03 — 23.04.2026 14:33. Внутри 3 сообщений, чатов: 1. Частые слова: яндекс, стоимость, добавил, фнс, нибудь.",Приложение и сбои,Приложение и сбои|Яндекс Про|яндекс,яндекс|стоимость|добавил|фнс|нибудь|пользуется|приложением,2026-04-23 13:03:00,2026-04-23 14:33:00,1,3,1,3,0,0,0.0,0.0,8.11,новый,False
e_01137,Сбои и проблемы в приложении,"Инфоповод по теме «Приложение и сбои» за период 21.04.2026 11:00 — 21.04.2026 12:16. Внутри 3 сообщений, чатов: 1. Частые слова: паса, яндекс, внимание, нажмите, кнопку.",Приложение и сбои,Приложение и сбои|Яндекс Про|яндекс,паса|яндекс|внимание|нажмите|кнопку|поехали|мужики,2026-04-21 11:00:00,2026-04-21 12:16:00,1,3,1,3,0,0,0.0,0.0,8.11,новый,False
e_01184,Обсуждение коэффициентов и тарифов,"Инфоповод по теме «Коэффициент» за период 20.04.2026 09:17 — 20.04.2026 09:36. Внутри 3 сообщений, чатов: 1. Частые слова: чуть, история, оставалось, яндексом, бывает.",Коэффициент,Коэффициент|Приложение и сбои|яндекс,чуть|история|оставалось|яндексом|бывает|приятно|дим,2026-04-20 09:17:00,2026-04-20 09:36:00,1,3,1,3,0,0,0.0,0.0,8.11,новый,False
e_01313,Обсуждение коэффициентов и тарифов,"Инфоповод по теме «Коэффициент» за период 18.04.2026 16:40 — 18.04.2026 17:04. Внутри 3 сообщений, чатов: 1. Частые слова: аренды, решил, конечно, кабала, сам.",Коэффициент,Коэффициент|Приложение и сбои|Яндекс Про|яндекс,аренды|решил|конечно|кабала|сам|хочешь|яндекс,2026-04-18 16:40:00,2026-04-18 17:04:00,1,3,1,3,0,0,0.0,0.0,8.11,новый,False
e_00802,Обсуждение коэффициентов и тарифов,"Инфоповод по теме «Коэффициент» за период 22.04.2026 13:13 — 22.04.2026 13:30. Внутри 4 сообщений, чатов: 1. Частые слова: сразу, куда, ехать, две, точки.",Коэффициент,Коэффициент|яндекс,сразу|куда|ехать|две|точки|говорю|тогда,2026-04-22 13:13:00,2026-04-22 13:30:00,1,4,1,3,0,0,0.0,0.0,8.06,новый,False
e_01376,Обсуждение коэффициентов и тарифов,"Инфоповод по теме «Коэффициент» за период 20.04.2026 15:39 — 20.04.2026 16:00. Внутри 4 сообщений, чатов: 1. Частые слова: фастен, пропускали, димон, пропусти, полезную.",Коэффициент,Коэффициент|Фастен|яндекс,фастен|пропускали|димон|пропусти|полезную|рекламу|наших,2026-04-20 15:39:00,2026-04-20 16:00:00,1,4,1,3,0,0,0.0,0.0,8.06,новый,False
e_00067,"Фастен: продолжаем, священный, джихад","Инфоповод по теме «Фастен» за период 23.04.2026 05:30 — 23.04.2026 05:32. Внутри 2 сообщений, чатов: 1. Частые слова: продолжаем, священный, джихад, против, неверных.",Фастен,Фастен|яндекс,продолжаем|священный|джихад|против|неверных|фастена|дальняя,2026-04-23 05:30:00,2026-04-23 05:32:00,1,2,1,1,1,0,0.5,0.0,7.98,новый,False
e_00660,"яндекс: воя, дрим, думал","Инфоповод по теме «яндекс» за период 21.04.2026 09:59 — 21.04.2026 12:03. Внутри 2 сообщений, чатов: 1. Частые слова: воя, дрим, думал, взять, хватит.",яндекс,яндекс,воя|дрим|думал|взять|хватит|чате|залипать,2026-04-21 09:59:00,2026-04-21 12:03:00,1,2,1,1,1,0,0.5,0.0,7.98,новый,False
e_00031,"WB Такси: чеботарева, мин, такси","Инфоповод по теме «WB Такси» за период 22.04.2026 07:29 — 22.04.2026 07:49. Внутри 3 сообщений, чатов: 2. Частые слова: чеботарева, мин, такси, экомсал, комнорт.",WB Такси,WB Такси|яндекс,чеботарева|мин|такси|экомсал|комнорт|педмад|7j1p,2026-04-22 07:29:00,2026-04-22 07:49:00,2,3,2,2,0,0,0.0,0.0,7.9,новый,False
e_00360,Сбои и проблемы в приложении,"Инфоповод по теме «Приложение и сбои» за период 19.04.2026 03:43 — 20.04.2026 00:45. Внутри 3 сообщений, чатов: 1. Частые слова: раз, год, ебать, вообще, всегда.",Приложение и сбои,Приложение и сбои|Фастен,раз|год|ебать|вообще|всегда|тариф|обновляю,2026-04-19 03:43:00,2026-04-20 00:45:00,1,3,1,2,0,0,0.0,0.0,7.88,новый,False
e_00480,Обсуждение коэффициентов и тарифов,"Инфоповод по теме «Коэффициент» за период 20.04.2026 00:15 — 20.04.2026 10:38. Внутри 3 сообщений, чатов: 1. Частые слова: pro, note, galaxy, яндекс, pixel.",Коэффициент,Коэффициент|Приложение и сбои|Яндекс Про|яндекс,pro|note|galaxy|яндекс|pixel|ограничение|запросов,2026-04-20 00:15:00,2026-04-20 10:38:00,1,3,1,2,0,0,0.0,0.0,7.88,новый,False
e_00616,Сбои и проблемы в приложении,"Инфоповод по теме «Приложение и сбои» за период 20.04.2026 21:23 — 20.04.2026 21:34. Внутри 3 сообщений, чатов: 1. Частые слова: какой, вопрос, уехать, приложение, человек.",Приложение и сбои,Приложение и сбои|Яндекс Про|яндекс,какой|вопрос|уехать|приложение|человек|яндекс|имеет,2026-04-20 21:23:00,2026-04-20 21:34:00,1,3,1,2,0,0,0.0,0.0,7.88,новый,False
e_00925,Сбои и проблемы в приложении,"Инфоповод по теме «Приложение и сбои» за период 23.04.2026 13:12 — 23.04.2026 13:41. Внутри 3 сообщений, чатов: 1. Частые слова: яндекса, какая, вежливо, спрашиваешь, поехали.",Приложение и сбои,Приложение и сбои|Фастен|Яндекс Про|яндекс,яндекса|какая|вежливо|спрашиваешь|поехали|сам|знаешь,2026-04-23 13:12:00,2026-04-23 13:41:00,1,3,1,2,0,0,0.0,0.0,7.88,новый,False
e_01095,Обсуждение коэффициентов и тарифов,"Инфоповод по теме «Коэффициент» за период 19.04.2026 21:58 — 19.04.2026 22:04. Внутри 3 сообщений, чатов: 1. Частые слова: блядь, заказ, приложении, яндекс, разделе.",Коэффициент,Коэффициент|Приложение и сбои|Яндекс Про|яндекс,блядь|заказ|приложении|яндекс|разделе|обучение|пассажиры,2026-04-19 21:58:00,2026-04-19 22:04:00,1,3,1,2,0,0,0.0,0.0,7.88,новый,False
e_01345,Сбои и проблемы в приложении,"Инфоповод по теме «Приложение и сбои» за период 17.04.2026 12:27 — 17.04.2026 12:42. Внутри 3 сообщений, чатов: 1. Частые слова: может, яндекс, vpn, заказы, сказал.",Приложение и сбои,Приложение и сбои|яндекс,может|яндекс|vpn|заказы|сказал|тогда|кажется,2026-04-17 12:27:00,2026-04-17 12:42:00,1,3,1,2,0,0,0.0,0.0,7.88,новый,False
e_01384,Обсуждение коэффициентов и тарифов,"Инфоповод по теме «Коэффициент» за период 20.04.2026 10:17 — 20.04.2026 11:02. Внутри 3 сообщений, чатов: 1. Частые слова: приложение, сраные, баллы, интересуют, часик.",Коэффициент,Коэффициент|Приложение и сбои|Яндекс Про|яндекс,приложение|сраные|баллы|интересуют|часик|радость|может,2026-04-20 10:17:00,2026-04-20 11:02:00,1,3,1,2,0,0,0.0,0.0,7.88,новый,False
e_01390,Сбои и проблемы в приложении,"Инфоповод по теме «Приложение и сбои» за период 17.04.2026 16:06 — 17.04.2026 16:53. Внутри 3 сообщений, чатов: 1. Частые слова: яндекс, выберите, комфорт, сколько, месяц.",Приложение и сбои,Приложение и сбои|Яндекс Про|яндекс,яндекс|выберите|комфорт|сколько|месяц|доход|свою,2026-04-17 16:06:00,2026-04-17 16:53:00,1,3,1,2,0,0,0.0,0.0,7.88,новый,False
e_01006,Обсуждение коэффициентов и тарифов,"Инфоповод по теме «Коэффициент» за период 17.04.2026 08:08 — 17.04.2026 08:53. Внутри 4 сообщений, чатов: 1. Частые слова: блядь, сука, яша, заказ, думаю.",Коэффициент,Коэффициент|яндекс,блядь|сука|яша|заказ|думаю|яндекс|метро,2026-04-17 08:08:00,2026-04-17 08:53:00,1,4,1,2,0,0,0.0,0.0,7.83,новый,False
e_00098,Обсуждение коэффициентов и тарифов,"Инфоповод по теме «Коэффициент» за период 21.04.2026 04:14 — 21.04.2026 04:17. Внутри 2 сообщений, чатов: 2. Частые слова: блять, кэфы, прут, колесом, попал.",Коэффициент,Коэффициент|яндекс,блять|кэфы|прут|колесом|попал|яше|срочно,2026-04-21 04:14:00,2026-04-21 04:17:00,2,2,2,2,0,0,0.0,0.0,7.82,новый,False
e_00244,"Законы, налоги и регулирование","Инфоповод по теме «Законы и налоги» за период 17.04.2026 19:43 — 17.04.2026 19:54. Внутри 2 сообщений, чатов: 1. Частые слова: дно, какое, поехал, домой, кому.",Законы и налоги,Законы и налоги|яндекс,дно|какое|поехал|домой|кому|везет|жир,2026-04-17 19:43:00,2026-04-17 19:54:00,1,2,1,2,0,0,0.0,0.0,7.81,новый,False
e_00305,Обсуждение коэффициентов и тарифов,"Инфоповод по теме «Коэффициент» за период 18.04.2026 14:10 — 18.04.2026 14:10. Внутри 2 сообщений, чатов: 1. Частые слова: тогда, езжу, блять, работаю, машине.",Коэффициент,Коэффициент,тогда|езжу|блять|работаю|машине|литых|дисков,2026-04-18 14:10:00,2026-04-18 14:10:00,2,2,1,2,0,1,0.0,0.5,7.81,новый,False
e_00327,"Законы, налоги и регулирование","Инфоповод по теме «Законы и налоги» за период 18.04.2026 20:12 — 18.04.2026 20:12. Внутри 2 сообщений, чатов: 1. Частые слова: чем, спрашивать, магистр, находится, блять.",Законы и налоги,Законы и налоги,чем|спрашивать|магистр|находится|блять|небожитель|высоко,2026-04-18 20:12:00,2026-04-18 20:12:00,2,2,1,2,0,0,0.0,0.0,7.81,новый,False
e_00363,"Законы, налоги и регулирование","Инфоповод по теме «Законы и налоги» за период 19.04.2026 06:10 — 19.04.2026 06:10. Внутри 2 сообщений, чатов: 1. Частые слова: события, дело, состава, событие, отсутствием.",Законы и налоги,Законы и налоги,события|дело|состава|событие|отсутствием|практике|отказе,2026-04-19 06:10:00,2026-04-19 06:10:00,2,2,1,2,0,0,0.0,0.0,7.81,новый,False
e_00391,"Законы, налоги и регулирование","Инфоповод по теме «Законы и налоги» за период 19.04.2026 11:52 — 19.04.2026 11:52. Внутри 2 сообщений, чатов: 1. Частые слова: говорю, говорит, комплект, машина, соседку.",Законы и налоги,Законы и налоги,говорю|говорит|комплект|машина|соседку|страховки|нихера,2026-04-19 11:52:00,2026-04-19 11:52:00,2,2,1,2,0,0,0.0,0.0,7.81,новый,False
e_00432,"Законы, налоги и регулирование","Инфоповод по теме «Законы и налоги» за период 19.04.2026 18:04 — 19.04.2026 18:04. Внутри 2 сообщений, чатов: 1. Частые слова: моя, дтп, водитель, значит, ответственность.",Законы и налоги,Законы и налоги,моя|дтп|водитель|значит|ответственность|должен|том,2026-04-19 18:04:00,2026-04-19 18:04:00,2,2,1,2,0,0,0.0,0.0,7.81,новый,False
e_00434,"Законы, налоги и регулирование","Инфоповод по теме «Законы и налоги» за период 19.04.2026 18:17 — 19.04.2026 18:25. Внутри 2 сообщений, чатов: 1. Частые слова: блядь, потому, треть, яндекс, машины.",Законы и налоги,Законы и налоги|яндекс,блядь|потому|треть|яндекс|машины|https|rutube,2026-04-19 18:17:00,2026-04-19 18:25:00,1,2,1,2,0,0,0.0,0.0,7.81,новый,False
e_00457,"Законы, налоги и регулирование","Инфоповод по теме «Законы и налоги» за период 19.04.2026 21:04 — 19.04.2026 21:04. Внутри 2 сообщений, чатов: 1. Частые слова: класса, человек, поэтому, хуесосить, истина.",Законы и налоги,Законы и налоги,класса|человек|поэтому|хуесосить|истина|последней|инстанции,2026-04-19 21:04:00,2026-04-19 21:04:00,2,2,1,2,0,0,0.0,0.0,7.81,новый,False
e_00460,"Законы, налоги и регулирование","Инфоповод по теме «Законы и налоги» за период 19.04.2026 21:34 — 19.04.2026 21:34. Внутри 2 сообщений, чатов: 1. Частые слова: фамилии, буржуазии, порядок, лет, говорил.",Законы и налоги,Законы и налоги,фамилии|буржуазии|порядок|лет|говорил|третейский|судья,2026-04-19 21:34:00,2026-04-19 21:34:00,2,2,1,2,0,0,0.0,0.0,7.81,новый,False
e_00517,"Законы, налоги и регулирование","Инфоповод по теме «Законы и налоги» за период 20.04.2026 10:19 — 20.04.2026 10:19. Внутри 2 сообщений, чатов: 1. Частые слова: такой, президента, короче, того, кремль.",Законы и налоги,Законы и налоги,такой|президента|короче|того|кремль|говорит|пока,2026-04-20 10:19:00,2026-04-20 10:19:00,2,2,1,2,0,0,0.0,0.0,7.81,новый,False
e_00523,"Законы, налоги и регулирование","Инфоповод по теме «Законы и налоги» за период 20.04.2026 11:06 — 20.04.2026 11:26. Внутри 2 сообщений, чатов: 1. Частые слова: ему, часов, штраф, задержали, посадили.",Законы и налоги,Законы и налоги|Фастен,ему|часов|штраф|задержали|посадили|суд|всеми,2026-04-20 11:06:00,2026-04-20 11:26:00,1,2,1,2,0,0,0.0,0.0,7.81,новый,False
e_00534,"Законы, налоги и регулирование","Инфоповод по теме «Законы и налоги» за период 20.04.2026 12:25 — 20.04.2026 12:29. Внутри 2 сообщений, чатов: 1. Частые слова: какой, предугадать, чуть, яндекс, понятно.",Законы и налоги,Законы и налоги|Коэффициент|яндекс,какой|предугадать|чуть|яндекс|понятно|теневой|любому,2026-04-20 12:25:00,2026-04-20 12:29:00,1,2,1,2,0,0,0.0,0.0,7.81,новый,False
e_00555,"Законы, налоги и регулирование","Инфоповод по теме «Законы и налоги» за период 20.04.2026 14:32 — 20.04.2026 15:17. Внутри 2 сообщений, чатов: 1. Частые слова: россии, почему, внимание, самые, огурцы.",Законы и налоги,Законы и налоги|Коэффициент,россии|почему|внимание|самые|огурцы|здоровье|заострить,2026-04-20 14:32:00,2026-04-20 15:17:00,1,2,1,2,0,0,0.0,0.0,7.81,новый,False
e_00571,"Законы, налоги и регулирование","Инфоповод по теме «Законы и налоги» за период 20.04.2026 16:17 — 20.04.2026 16:17. Внутри 2 сообщений, чатов: 1. Частые слова: класс, получается, чиновников, деньги, потому.",Законы и налоги,Законы и налоги,класс|получается|чиновников|деньги|потому|поэтому|могли,2026-04-20 16:17:00,2026-04-20 16:17:00,2,2,1,2,0,0,0.0,0.0,7.81,новый,False
e_00613,"Законы, налоги и регулирование","Инфоповод по теме «Законы и налоги» за период 20.04.2026 21:05 — 20.04.2026 21:05. Внутри 2 сообщений, чатов: 1. Частые слова: всех, странах, убер, работает, разве.",Законы и налоги,Законы и налоги|яндекс,всех|странах|убер|работает|разве|яндекс|скопировал,2026-04-20 21:05:00,2026-04-20 21:05:00,1,2,1,2,0,0,0.0,0.0,7.81,новый,False
e_00674,"Законы, налоги и регулирование","Инфоповод по теме «Законы и налоги» за период 21.04.2026 12:19 — 21.04.2026 13:14. Внутри 2 сообщений, чатов: 1. Частые слова: блядь, будем, этой, спешил, короче.",Законы и налоги,Законы и налоги|Приложение и сбои,блядь|будем|этой|спешил|короче|газели|водителя,2026-04-21 12:19:00,2026-04-21 13:14:00,1,2,1,2,0,0,0.0,0.0,7.81,новый,False
e_00749,"Законы, налоги и регулирование","Инфоповод по теме «Законы и налоги» за период 22.04.2026 05:13 — 22.04.2026 05:19. Внутри 2 сообщений, чатов: 1. Частые слова: давали, вообще, отмену, пассажир, промокода.",Законы и налоги,Законы и налоги|Коэффициент|яндекс,давали|вообще|отмену|пассажир|промокода|промокод|наличные,2026-04-22 05:13:00,2026-04-22 05:19:00,1,2,1,2,0,0,0.0,0.0,7.81,новый,False
e_00788,"Законы, налоги и регулирование","Инфоповод по теме «Законы и налоги» за период 22.04.2026 12:10 — 22.04.2026 12:14. Внутри 2 сообщений, чатов: 1. Частые слова: тысяч, сколько, пускай, медианное, масло.",Законы и налоги,Законы и налоги,тысяч|сколько|пускай|медианное|масло|обходится|масла,2026-04-22 12:10:00,2026-04-22 12:14:00,1,2,1,2,0,0,0.0,0.0,7.81,новый,False
e_00877,"Законы, налоги и регулирование","Инфоповод по теме «Законы и налоги» за период 22.04.2026 22:49 — 23.04.2026 13:14. Внутри 2 сообщений, чатов: 1. Частые слова: реально, перегорел, менеджер, который, ведет.",Законы и налоги,Законы и налоги|Коэффициент,реально|перегорел|менеджер|который|ведет|данную|сотрудницу,2026-04-22 22:49:00,2026-04-23 13:14:00,1,2,1,2,0,0,0.0,0.0,7.81,новый,False
e_00928,"Законы, налоги и регулирование","Инфоповод по теме «Законы и налоги» за период 23.04.2026 13:25 — 23.04.2026 13:30. Внутри 2 сообщений, чатов: 1. Частые слова: номер, можно, курсе, поменять, два.",Законы и налоги,Законы и налоги,номер|можно|курсе|поменять|два|сразу|аналогичный,2026-04-23 13:25:00,2026-04-23 13:30:00,2,2,1,2,0,0,0.0,0.0,7.81,новый,False
e_00938,"Законы, налоги и регулирование","Инфоповод по теме «Законы и налоги» за период 23.04.2026 14:47 — 23.04.2026 14:50. Внутри 2 сообщений, чатов: 1. Частые слова: блядь, нихуя, тысяч, вычета, нахуй.",Законы и налоги,Законы и налоги|яндекс,блядь|нихуя|тысяч|вычета|нахуй|медальки|ящера,2026-04-23 14:47:00,2026-04-23 14:50:00,1,2,1,2,0,0,0.0,0.0,7.81,новый,False
e_01019,"Законы, налоги и регулирование","Инфоповод по теме «Законы и налоги» за период 22.04.2026 14:46 — 22.04.2026 14:56. Внутри 2 сообщений, чатов: 1. Частые слова: vpn, ooll, iail, поддержка, включите.",Законы и налоги,Законы и налоги|Коэффициент,vpn|ooll|iail|поддержка|включите|доступные|тарифы,2026-04-22 14:46:00,2026-04-22 14:56:00,1,2,1,2,0,0,0.0,0.0,7.81,новый,False
e_01078,"Законы, налоги и регулирование","Инфоповод по теме «Законы и налоги» за период 20.04.2026 14:40 — 20.04.2026 14:45. Внутри 2 сообщений, чатов: 1. Частые слова: оценки, кому, вариантов, полиса, фастену.",Законы и налоги,Законы и налоги|Фастен,оценки|кому|вариантов|полиса|фастену|прилетали|нибудь,2026-04-20 14:40:00,2026-04-20 14:45:00,1,2,1,2,0,0,0.0,0.0,7.81,новый,False
e_01092,"Законы, налоги и регулирование","Инфоповод по теме «Законы и налоги» за период 23.04.2026 11:02 — 23.04.2026 11:11. Внутри 2 сообщений, чатов: 1. Частые слова: хотят, возвращался, домой, подхватил, пути.",Законы и налоги,Законы и налоги|Коэффициент|яндекс,хотят|возвращался|домой|подхватил|пути|бизнес|кэфа,2026-04-23 11:02:00,2026-04-23 11:11:00,1,2,1,2,0,0,0.0,0.0,7.81,новый,False
e_01124,"Законы, налоги и регулирование","Инфоповод по теме «Законы и налоги» за период 22.04.2026 20:55 — 22.04.2026 21:21. Внутри 2 сообщений, чатов: 1. Частые слова: осаго, этого, геморроя, гораздо, проще.",Законы и налоги,Законы и налоги,осаго|этого|геморроя|гораздо|проще|чем|постоянно,2026-04-22 20:55:00,2026-04-22 21:21:00,1,2,1,2,0,0,0.0,0.0,7.81,новый,False
e_01174,"Законы, налоги и регулирование","Инфоповод по теме «Законы и налоги» за период 18.04.2026 14:08 — 18.04.2026 14:14. Внутри 2 сообщений, чатов: 1. Частые слова: звонили, хотели, telegr, понятненько, закон.",Законы и налоги,Законы и налоги|Коэффициент|яндекс,звонили|хотели|telegr|понятненько|закон|подлости|значит,2026-04-18 14:08:00,2026-04-18 14:14:00,1,2,1,2,0,0,0.0,0.0,7.81,новый,False
e_01181,"Законы, налоги и регулирование","Инфоповод по теме «Законы и налоги» за период 19.04.2026 18:01 — 19.04.2026 18:02. Внутри 2 сообщений, чатов: 1. Частые слова: через, плачу, осаго, парк, вообще.",Законы и налоги,Законы и налоги,через|плачу|осаго|парк|вообще|чудной|согласна,2026-04-19 18:01:00,2026-04-19 18:02:00,1,2,1,2,0,0,0.0,0.0,7.81,новый,False
e_01216,"Законы, налоги и регулирование","Инфоповод по теме «Законы и налоги» за период 23.04.2026 21:09 — 23.04.2026 21:23. Внутри 2 сообщений, чатов: 1. Частые слова: вообще, эти, того, этого, куда.",Законы и налоги,Законы и налоги|Приложение и сбои|Яндекс Про|яндекс,вообще|эти|того|этого|куда|ничего|яндекс,2026-04-23 21:09:00,2026-04-23 21:23:00,1,2,1,2,0,0,0.0,0.0,7.81,новый,False
e_01410,"Законы, налоги и регулирование","Инфоповод по теме «Законы и налоги» за период 22.04.2026 10:47 — 22.04.2026 10:52. Внутри 2 сообщений, чатов: 1. Частые слова: отчет, налоги, обязательно, telegr, понял.",Законы и налоги,Законы и налоги|яндекс,отчет|налоги|обязательно|telegr|понял|икпшники|блокируются,2026-04-22 10:47:00,2026-04-22 10:52:00,1,2,1,2,0,0,0.0,0.0,7.81,новый,False
e_00259,"WB Такси: может, посоветовать, оффлайн","Инфоповод по теме «WB Такси» за период 17.04.2026 22:35 — 17.04.2026 23:29. Внутри 3 сообщений, чатов: 1. Частые слова: может, посоветовать, оффлайн, магазин, приодеться.",WB Такси,WB Такси|яндекс,может|посоветовать|оффлайн|магазин|приодеться|бизнес|тарифа,2026-04-17 22:35:00,2026-04-17 23:29:00,1,3,1,3,0,1,0.0,0.3333,7.78,новый,False
e_00798,"яндекс: пассажира, такси, вызывается","Инфоповод по теме «яндекс» за период 21.04.2026 19:42 — 21.04.2026 20:48. Внутри 4 сообщений, чатов: 1. Частые слова: пассажира, такси, вызывается, ему, никуда.",яндекс,яндекс,пассажира|такси|вызывается|ему|никуда|ехать|лишь,2026-04-21 19:42:00,2026-04-21 20:48:00,1,4,1,4,0,0,0.0,0.0,7.74,новый,False
e_01040,"яндекс: сколько, можно, заезжать","Инфоповод по теме «яндекс» за период 23.04.2026 21:48 — 23.04.2026 22:55. Внутри 4 сообщений, чатов: 1. Частые слова: сколько, можно, заезжать, выезжать, хочешь.",яндекс,яндекс,сколько|можно|заезжать|выезжать|хочешь|спросил|сказала,2026-04-23 21:48:00,2026-04-23 22:55:00,1,4,1,4,0,0,0.0,0.0,7.74,новый,False
e_00238,Обсуждение коэффициентов и тарифов,"Инфоповод по теме «Коэффициент» за период 17.04.2026 19:06 — 17.04.2026 19:06. Внутри 1 сообщений, чатов: 1. Частые слова: заказов, таких, проблема, том, сможешь.",Коэффициент,Коэффициент,заказов|таких|проблема|том|сможешь|одинаковой|ценой,2026-04-17 19:06:00,2026-04-17 19:06:00,1,1,1,1,0,1,0.0,1.0,7.67,новый,False
e_00240,Обсуждение коэффициентов и тарифов,"Инфоповод по теме «Коэффициент» за период 17.04.2026 19:20 — 17.04.2026 19:20. Внутри 1 сообщений, чатов: 1. Частые слова: далеко, всегда, верный, путь, хрен.",Коэффициент,Коэффициент,далеко|всегда|верный|путь|хрен|влет|могут,2026-04-17 19:20:00,2026-04-17 19:20:00,1,1,1,1,0,1,0.0,1.0,7.67,новый,False
e_00503,Обсуждение коэффициентов и тарифов,"Инфоповод по теме «Коэффициент» за период 20.04.2026 06:56 — 20.04.2026 06:56. Внутри 1 сообщений, чатов: 1. Частые слова: приоритет, заказ, спорить, мое, убеждение.",Коэффициент,Коэффициент,приоритет|заказ|спорить|мое|убеждение|рассказывайте|дальше,2026-04-20 06:56:00,2026-04-20 06:56:00,1,1,1,1,0,1,0.0,1.0,7.67,новый,False
e_00894,Обсуждение коэффициентов и тарифов,"Инфоповод по теме «Коэффициент» за период 23.04.2026 07:08 — 23.04.2026 07:08. Внутри 1 сообщений, чатов: 1. Частые слова: блять, каждый, день, нужно, хуярит.",Коэффициент,Коэффициент|яндекс,блять|каждый|день|нужно|хуярит|прям|иногда,2026-04-23 07:08:00,2026-04-23 07:08:00,1,1,1,1,0,1,0.0,1.0,7.67,новый,False
e_01109,Обсуждение коэффициентов и тарифов,"Инфоповод по теме «Коэффициент» за период 18.04.2026 15:24 — 18.04.2026 15:24. Внутри 1 сообщений, чатов: 1. Частые слова: траекторию, меняешь, подобных, перекрестках, полосу.",Коэффициент,Коэффициент,траекторию|меняешь|подобных|перекрестках|полосу|различий|этих,2026-04-18 15:24:00,2026-04-18 15:24:00,1,1,1,1,0,1,0.0,1.0,7.67,новый,False
e_01013,Обсуждение коэффициентов и тарифов,"Инфоповод по теме «Коэффициент» за период 20.04.2026 14:10 — 20.04.2026 14:19. Внутри 3 сообщений, чатов: 1. Частые слова: кофе, работал, много, задержки, яша.",Коэффициент,Коэффициент|яндекс,кофе|работал|много|задержки|яша|кстати|кофемашина,2026-04-20 14:10:00,2026-04-20 14:19:00,1,3,1,3,0,0,0.0,0.0,7.61,новый,False
e_01148,"яндекс: яша, клиент, яндекс","Инфоповод по теме «яндекс» за период 18.04.2026 22:48 — 18.04.2026 22:58. Внутри 4 сообщений, чатов: 1. Частые слова: яша, клиент, яндекс, оплатил, дплатил.",яндекс,яндекс,яша|клиент|яндекс|оплатил|дплатил|доплату|отдал,2026-04-18 22:48:00,2026-04-18 22:58:00,1,4,1,3,0,0,0.0,0.0,7.56,новый,False
e_01349,"яндекс: яша, яши, яше","Инфоповод по теме «яндекс» за период 19.04.2026 05:49 — 19.04.2026 05:56. Внутри 4 сообщений, чатов: 1. Частые слова: яша, яши, яше, стал, боротся.",яндекс,яндекс,яша|яши|яше|стал|боротся|пропусками|важно,2026-04-19 05:49:00,2026-04-19 05:56:00,1,4,1,3,0,0,0.0,0.0,7.56,новый,False
e_01142,Сбои и проблемы в приложении,"Инфоповод по теме «Приложение и сбои» за период 22.04.2026 18:11 — 22.04.2026 19:07. Внутри 3 сообщений, чатов: 1. Частые слова: точки, том, дело, приложении, яндекс.",Приложение и сбои,Приложение и сбои|Яндекс Про|яндекс,точки|том|дело|приложении|яндекс|например|вообще,2026-04-22 18:11:00,2026-04-22 19:07:00,1,3,1,1,0,0,0.0,0.0,7.56,новый,False
e_01402,Сбои и проблемы в приложении,"Инфоповод по теме «Приложение и сбои» за период 19.04.2026 12:59 — 19.04.2026 13:53. Внутри 3 сообщений, чатов: 1. Частые слова: блядь, ангелина, стандарты, all, l1100.",Приложение и сбои,Приложение и сбои|Фастен|Яндекс Про|яндекс,блядь|ангелина|стандарты|all|l1100|поддержка|заказов,2026-04-19 12:59:00,2026-04-19 13:53:00,1,3,1,1,0,0,0.0,0.0,7.56,новый,False
e_00557,"яндекс: блядь, сделают, запрет","Инфоповод по теме «яндекс» за период 20.04.2026 14:42 — 20.04.2026 14:45. Внутри 3 сообщений, чатов: 1. Частые слова: блядь, сделают, запрет, пзды, пассажиры.",яндекс,яндекс,блядь|сделают|запрет|пзды|пассажиры|зависит|яши,2026-04-20 14:42:00,2026-04-20 14:45:00,2,3,1,2,0,1,0.0,0.3333,7.55,новый,False
e_00343,"Законы, налоги и регулирование","Инфоповод по теме «Законы и налоги» за период 18.04.2026 23:48 — 18.04.2026 23:50. Внутри 2 сообщений, чатов: 1. Частые слова: часов, telegr, ему, вообще, зарабатывать.",Законы и налоги,Законы и налоги|яндекс,часов|telegr|ему|вообще|зарабатывать|потом|рулем,2026-04-18 23:48:00,2026-04-18 23:50:00,1,2,1,1,0,0,0.0,0.0,7.48,новый,False
e_00437,"Законы, налоги и регулирование","Инфоповод по теме «Законы и налоги» за период 19.04.2026 18:42 — 19.04.2026 18:53. Внутри 2 сообщений, чатов: 1. Частые слова: блядь, прав, нахуй, должен, понимаешь.",Законы и налоги,Законы и налоги,блядь|прав|нахуй|должен|понимаешь|потому|плохо,2026-04-19 18:42:00,2026-04-19 18:53:00,1,2,1,1,0,0,0.0,0.0,7.48,новый,False
e_00516,"Законы, налоги и регулирование","Инфоповод по теме «Законы и налоги» за период 20.04.2026 10:13 — 20.04.2026 10:43. Внутри 2 сообщений, чатов: 1. Частые слова: осаго, инструкции, привет, тот, самый.",Законы и налоги,Законы и налоги,осаго|инструкции|привет|тот|самый|владислав|ошибочно,2026-04-20 10:13:00,2026-04-20 10:43:00,1,2,1,1,0,0,0.0,0.0,7.48,новый,False
e_00587,"Законы, налоги и регулирование","Инфоповод по теме «Законы и налоги» за период 20.04.2026 18:09 — 20.04.2026 18:51. Внутри 2 сообщений, чатов: 1. Частые слова: может, прям, гаи, лет, этим.",Законы и налоги,Законы и налоги,может|прям|гаи|лет|этим|корешок|такое,2026-04-20 18:09:00,2026-04-20 18:51:00,1,2,1,1,0,0,0.0,0.0,7.48,новый,False
e_00591,"Законы, налоги и регулирование","Инфоповод по теме «Законы и налоги» за период 20.04.2026 18:26 — 20.04.2026 18:29. Внутри 2 сообщений, чатов: 1. Частые слова: говорю, мог, мерс, ешка, камер.",Законы и налоги,Законы и налоги,говорю|мог|мерс|ешка|камер|дтп|страховка,2026-04-20 18:26:00,2026-04-20 18:29:00,1,2,1,1,0,0,0.0,0.0,7.48,новый,False
e_00654,"WB Такси: этой, поэтому, самого","Инфоповод по теме «WB Такси» за период 21.04.2026 08:54 — 21.04.2026 08:55. Внутри 2 сообщений, чатов: 1. Частые слова: этой, поэтому, самого, работает, скорее.",WB Такси,WB Такси|Законы и налоги|яндекс,этой|поэтому|самого|работает|скорее|мир|такси,2026-04-21 08:54:00,2026-04-21 08:55:00,1,2,1,1,0,0,0.0,0.0,7.48,новый,False
e_00745,"Законы, налоги и регулирование","Инфоповод по теме «Законы и налоги» за период 22.04.2026 03:10 — 22.04.2026 03:11. Внутри 2 сообщений, чатов: 1. Частые слова: самозанятый, аккаунт, открыть, вечер, добрый.",Законы и налоги,Законы и налоги|яндекс,самозанятый|аккаунт|открыть|вечер|добрый|всем|работает,2026-04-22 03:10:00,2026-04-22 03:11:00,1,2,1,1,0,0,0.0,0.0,7.48,новый,False
e_00832,"Законы, налоги и регулирование","Инфоповод по теме «Законы и налоги» за период 22.04.2026 17:20 — 22.04.2026 17:21. Внутри 2 сообщений, чатов: 1. Частые слова: вообще, разметки, хотел, говорю, какие.",Законы и налоги,Законы и налоги,вообще|разметки|хотел|говорю|какие|законы|главное,2026-04-22 17:20:00,2026-04-22 17:21:00,1,2,1,1,0,0,0.0,0.0,7.48,новый,False
e_00906,"Законы, налоги и регулирование","Инфоповод по теме «Законы и налоги» за период 23.04.2026 09:43 — 23.04.2026 09:47. Внутри 2 сообщений, чатов: 1. Частые слова: блядь, ехать, законы, нахуй, машины.",Законы и налоги,Законы и налоги,блядь|ехать|законы|нахуй|машины|медика|знаешь,2026-04-23 09:43:00,2026-04-23 09:47:00,1,2,1,1,0,0,0.0,0.0,7.48,новый,False
e_01027,"Законы, налоги и регулирование","Инфоповод по теме «Законы и налоги» за период 20.04.2026 22:35 — 20.04.2026 22:42. Внутри 2 сообщений, чатов: 1. Частые слова: покупку, наркотиков, россиян, верховный, суд.",Законы и налоги,Законы и налоги,покупку|наркотиков|россиян|верховный|суд|сажать|первую,2026-04-20 22:35:00,2026-04-20 22:42:00,1,2,1,1,0,0,0.0,0.0,7.48,новый,False
e_01052,"Законы, налоги и регулирование","Инфоповод по теме «Законы и налоги» за период 17.04.2026 18:23 — 17.04.2026 18:28. Внутри 2 сообщений, чатов: 1. Частые слова: яндекс, бензин, газуй, получится, сумма.",Законы и налоги,Законы и налоги|яндекс,яндекс|бензин|газуй|получится|сумма|километр|вычетом,2026-04-17 18:23:00,2026-04-17 18:28:00,1,2,1,1,0,0,0.0,0.0,7.48,новый,False
e_01205,"Законы, налоги и регулирование","Инфоповод по теме «Законы и налоги» за период 20.04.2026 13:57 — 20.04.2026 14:06. Внутри 2 сообщений, чатов: 1. Частые слова: того, сфера, такси, стала, лучше.",Законы и налоги,Законы и налоги|яндекс,того|сфера|такси|стала|лучше|реестры|перевозчиков,2026-04-20 13:57:00,2026-04-20 14:06:00,1,2,1,1,0,0,0.0,0.0,7.48,новый,False
e_01208,"Законы, налоги и регулирование","Инфоповод по теме «Законы и налоги» за период 22.04.2026 09:57 — 22.04.2026 09:58. Внутри 2 сообщений, чатов: 1. Частые слова: имхо, пасс, должен, сам, страховать.",Законы и налоги,Законы и налоги,имхо|пасс|должен|сам|страховать|вызове|такси,2026-04-22 09:57:00,2026-04-22 09:58:00,1,2,1,1,0,0,0.0,0.0,7.48,новый,False
e_01210,"Законы, налоги и регулирование","Инфоповод по теме «Законы и налоги» за период 22.04.2026 12:44 — 22.04.2026 12:48. Внутри 2 сообщений, чатов: 1. Частые слова: которые, действительно, всегда, делать, много.",Законы и налоги,Законы и налоги|яндекс,которые|действительно|всегда|делать|много|начальник|некоторые,2026-04-22 12:44:00,2026-04-22 12:48:00,1,2,1,1,0,0,0.0,0.0,7.48,новый,False
e_01213,"Законы, налоги и регулирование","Инфоповод по теме «Законы и налоги» за период 23.04.2026 15:17 — 23.04.2026 15:21. Внутри 2 сообщений, чатов: 1. Частые слова: такси, первое, убрал, доход, города.",Законы и налоги,Законы и налоги,такси|первое|убрал|доход|города|большинстве|люди,2026-04-23 15:17:00,2026-04-23 15:21:00,1,2,1,1,0,0,0.0,0.0,7.48,новый,False
e_01042,Обсуждение коэффициентов и тарифов,"Инфоповод по теме «Коэффициент» за период 17.04.2026 22:20 — 17.04.2026 22:27. Внутри 3 сообщений, чатов: 1. Частые слова: плюс, поездка, коэффициент, суммарно, голый.",Коэффициент,Коэффициент|яндекс,плюс|поездка|коэффициент|суммарно|голый|например|f190,2026-04-17 22:20:00,2026-04-17 22:27:00,1,3,1,2,0,0,0.0,0.0,7.38,новый,False
e_01135,Обсуждение коэффициентов и тарифов,"Инфоповод по теме «Коэффициент» за период 20.04.2026 02:13 — 20.04.2026 02:19. Внутри 3 сообщений, чатов: 1. Частые слова: блядь, металлострой, ставлю, нахуй, пиздец.",Коэффициент,Коэффициент|яндекс,блядь|металлострой|ставлю|нахуй|пиздец|который|короче,2026-04-20 02:13:00,2026-04-20 02:19:00,1,3,1,2,0,0,0.0,0.0,7.38,новый,False
e_01153,Обсуждение коэффициентов и тарифов,"Инфоповод по теме «Коэффициент» за период 21.04.2026 16:12 — 21.04.2026 16:19. Внутри 3 сообщений, чатов: 1. Частые слова: яша, утра, линии, области, экспресс.",Коэффициент,Коэффициент|яндекс,яша|утра|линии|области|экспресс|включен|мертвая,2026-04-21 16:12:00,2026-04-21 16:19:00,1,3,1,2,0,0,0.0,0.0,7.38,новый,False
e_01271,Обсуждение коэффициентов и тарифов,"Инфоповод по теме «Коэффициент» за период 22.04.2026 12:13 — 22.04.2026 12:19. Внутри 3 сообщений, чатов: 1. Частые слова: подряд, вообще, ниже, берут, кэф.",Коэффициент,Коэффициент|яндекс,подряд|вообще|ниже|берут|кэф|яша|уравняет,2026-04-22 12:13:00,2026-04-22 12:19:00,1,3,1,2,0,0,0.0,0.0,7.38,новый,False
e_01358,Обсуждение коэффициентов и тарифов,"Инфоповод по теме «Коэффициент» за период 22.04.2026 14:13 — 22.04.2026 14:15. Внутри 3 сообщений, чатов: 1. Частые слова: нахуй, чуть, утра, блять, крайней.",Коэффициент,Коэффициент,нахуй|чуть|утра|блять|крайней|мере|конечно,2026-04-22 14:13:00,2026-04-22 14:15:00,1,3,1,2,0,0,0.0,0.0,7.38,новый,False
e_00002,"яндекс: уходит, яша, заказов","Инфоповод по теме «яндекс» за период 18.04.2026 05:31 — 18.04.2026 05:32. Внутри 2 сообщений, чатов: 2. Частые слова: уходит, яша, заказов, вообще, всем.",яндекс,яндекс,уходит|яша|заказов|вообще|всем|привет|подскажите,2026-04-18 05:31:00,2026-04-18 05:32:00,2,2,2,2,0,0,0.0,0.0,7.32,новый,False
e_00036,"WB Такси: кстати, виртуальный, счет","Инфоповод по теме «WB Такси» за период 22.04.2026 20:34 — 22.04.2026 20:55. Внутри 2 сообщений, чатов: 2. Частые слова: кстати, виртуальный, счет, тронули, работают.",WB Такси,WB Такси,кстати|виртуальный|счет|тронули|работают,2026-04-22 20:34:00,2026-04-22 20:55:00,2,2,2,2,0,0,0.0,0.0,7.32,новый,False
e_01370,"яндекс: эле, яндекс, 0vo","Инфоповод по теме «яндекс» за период 20.04.2026 08:04 — 20.04.2026 08:17. Внутри 2 сообщений, чатов: 2. Частые слова: эле, яндекс, 0vo, мрр, storo.",яндекс,яндекс,эле|яндекс|0vo|мрр|storo|oooyle|ploy,2026-04-20 08:04:00,2026-04-20 08:17:00,2,2,2,2,0,0,0.0,0.0,7.32,новый,False
e_00201,Сбои и проблемы в приложении,"Инфоповод по теме «Приложение и сбои» за период 17.04.2026 14:44 — 17.04.2026 17:07. Внутри 2 сообщений, чатов: 1. Частые слова: выехал, раз, два, три, четыре.",Приложение и сбои,Приложение и сбои|яндекс,выехал|раз|два|три|четыре|сразу|прилетел,2026-04-17 14:44:00,2026-04-17 17:07:00,1,2,1,2,0,0,0.0,0.0,7.31,новый,False
e_00206,Сбои и проблемы в приложении,"Инфоповод по теме «Приложение и сбои» за период 17.04.2026 15:44 — 17.04.2026 18:40. Внутри 2 сообщений, чатов: 1. Частые слова: кнопку, отмене, зачем, проценты, сервисный.",Приложение и сбои,Приложение и сбои|Яндекс Про|яндекс,кнопку|отмене|зачем|проценты|сервисный|платеж|случаях,2026-04-17 15:44:00,2026-04-17 18:40:00,1,2,1,2,0,0,0.0,0.0,7.31,новый,False
e_00237,"яндекс: начинаешь, спонсировать, яшу","Инфоповод по теме «яндекс» за период 17.04.2026 18:57 — 17.04.2026 18:58. Внутри 2 сообщений, чатов: 1. Частые слова: начинаешь, спонсировать, яшу, палец, кнопка.",яндекс,яндекс,начинаешь|спонсировать|яшу|палец|кнопка|вне|зависимости,2026-04-17 18:57:00,2026-04-17 18:58:00,2,2,1,2,0,1,0.0,0.5,7.31,новый,False
e_00246,Сбои и проблемы в приложении,"Инфоповод по теме «Приложение и сбои» за период 17.04.2026 20:19 — 17.04.2026 20:45. Внутри 2 сообщений, чатов: 1. Частые слова: работает, игра, потом, взял, заказы.",Приложение и сбои,Приложение и сбои|Фастен|Яндекс Про|яндекс,работает|игра|потом|взял|заказы|боюсь|обновлял,2026-04-17 20:19:00,2026-04-17 20:45:00,1,2,1,2,0,0,0.0,0.0,7.31,новый,False
e_00247,"яндекс: блядь, блять, километров","Инфоповод по теме «яндекс» за период 17.04.2026 20:25 — 17.04.2026 20:25. Внутри 2 сообщений, чатов: 1. Частые слова: блядь, блять, километров, влияет, брать.",яндекс,яндекс,блядь|блять|километров|влияет|брать|потому|модель,2026-04-17 20:25:00,2026-04-17 20:25:00,2,2,1,2,0,1,0.0,0.5,7.31,новый,False
e_00284,Сбои и проблемы в приложении,"Инфоповод по теме «Приложение и сбои» за период 18.04.2026 09:40 — 18.04.2026 09:41. Внутри 2 сообщений, чатов: 1. Частые слова: против, сеткометы, fpv, дрон, дронов.",Приложение и сбои,Приложение и сбои,против|сеткометы|fpv|дрон|дронов|разведчиков|mavic,2026-04-18 09:40:00,2026-04-18 09:41:00,2,2,1,2,0,0,0.0,0.0,7.31,новый,False
e_00295,Обсуждение коэффициентов и тарифов,"Инфоповод по теме «Коэффициент» за период 18.04.2026 11:57 — 18.04.2026 12:25. Внутри 2 сообщений, чатов: 1. Частые слова: хуйни, пару, мес, работал, таааааакого.",Коэффициент,Коэффициент|Приложение и сбои|Яндекс Про,хуйни|пару|мес|работал|таааааакого|обязан|выйти,2026-04-18 11:57:00,2026-04-18 12:25:00,2,2,1,2,0,0,0.0,0.0,7.31,новый,False
e_00346,Обсуждение коэффициентов и тарифов,"Инфоповод по теме «Коэффициент» за период 19.04.2026 00:13 — 19.04.2026 02:57. Внутри 2 сообщений, чатов: 1. Частые слова: продлять, блядь, вылетает, деприоритет, нахуй.",Коэффициент,Коэффициент|Приложение и сбои,продлять|блядь|вылетает|деприоритет|нахуй|практически|releg,2026-04-19 00:13:00,2026-04-19 02:57:00,1,2,1,2,0,0,0.0,0.0,7.31,новый,False
e_00400,Сбои и проблемы в приложении,"Инфоповод по теме «Приложение и сбои» за период 19.04.2026 12:43 — 19.04.2026 12:52. Внутри 2 сообщений, чатов: 1. Частые слова: должны, опцию, свое, кресло, заказ.",Приложение и сбои,Приложение и сбои|Яндекс Про|яндекс,должны|опцию|свое|кресло|заказ|обычно|можно,2026-04-19 12:43:00,2026-04-19 12:52:00,1,2,1,2,0,0,0.0,0.0,7.31,новый,False
e_00501,Сбои и проблемы в приложении,"Инфоповод по теме «Приложение и сбои» за период 20.04.2026 05:44 — 20.04.2026 05:50. Внутри 2 сообщений, чатов: 1. Частые слова: рейтинг, яндекс, фастен, пасса, наблюдение.",Приложение и сбои,Приложение и сбои|Фастен|Яндекс Про|яндекс,рейтинг|яндекс|фастен|пасса|наблюдение|фастена|стало,2026-04-20 05:44:00,2026-04-20 05:50:00,1,2,1,2,0,0,0.0,0.0,7.31,новый,False
e_00546,Сбои и проблемы в приложении,"Инфоповод по теме «Приложение и сбои» за период 20.04.2026 13:24 — 20.04.2026 13:30. Внутри 2 сообщений, чатов: 1. Частые слова: должен, поставить, нужно, иному, гораздо.",Приложение и сбои,Приложение и сбои|Яндекс Про|яндекс,должен|поставить|нужно|иному|гораздо|проще|можно,2026-04-20 13:24:00,2026-04-20 13:30:00,1,2,1,2,0,0,0.0,0.0,7.31,новый,False
e_00601,Сбои и проблемы в приложении,"Инфоповод по теме «Приложение и сбои» за период 20.04.2026 20:11 — 20.04.2026 20:21. Внутри 2 сообщений, чатов: 1. Частые слова: рублей, комфорт, плюс, бля, хуйня.",Приложение и сбои,Приложение и сбои|Фастен|Яндекс Про|яндекс,рублей|комфорт|плюс|бля|хуйня|какой|ездишь,2026-04-20 20:11:00,2026-04-20 20:21:00,1,2,1,2,0,0,0.0,0.0,7.31,новый,False
e_00632,Обсуждение коэффициентов и тарифов,"Инфоповод по теме «Коэффициент» за период 20.04.2026 23:38 — 20.04.2026 23:42. Внутри 2 сообщений, чатов: 1. Частые слова: ехала, экспо, кефы, тетя, вика.",Коэффициент,Коэффициент|Приложение и сбои,ехала|экспо|кефы|тетя|вика|нам|помоги,2026-04-20 23:38:00,2026-04-20 23:42:00,1,2,1,2,0,0,0.0,0.0,7.31,новый,False
e_00736,"яндекс: возили, понимаем, гениев","Инфоповод по теме «яндекс» за период 22.04.2026 00:32 — 22.04.2026 14:06. Внутри 2 сообщений, чатов: 1. Частые слова: возили, понимаем, гениев, яндекса, важно.",яндекс,яндекс,возили|понимаем|гениев|яндекса|важно|стояли|лежали,2026-04-22 00:32:00,2026-04-22 14:06:00,1,2,1,2,0,1,0.0,0.5,7.31,новый,False
e_00796,"WB Такси: фотоконтроле, новости, будут","Инфоповод по теме «WB Такси» за период 22.04.2026 12:36 — 22.04.2026 12:36. Внутри 2 сообщений, чатов: 1. Частые слова: фотоконтроле, новости, будут, проверку, щас.",WB Такси,WB Такси|Приложение и сбои|Яндекс Про|яндекс,фотоконтроле|новости|будут|проверку|щас|новый|виток,2026-04-22 12:36:00,2026-04-22 12:36:00,1,2,1,2,0,0,0.0,0.0,7.31,новый,False
e_00826,Сбои и проблемы в приложении,"Инфоповод по теме «Приложение и сбои» за период 22.04.2026 15:55 — 22.04.2026 15:56. Внутри 2 сообщений, чатов: 1. Частые слова: день, года, эти, деньги, переходят.",Приложение и сбои,Приложение и сбои|яндекс,день|года|эти|деньги|переходят|изо|дня,2026-04-22 15:55:00,2026-04-22 15:56:00,1,2,1,2,0,0,0.0,0.0,7.31,новый,False
e_00830,Сбои и проблемы в приложении,"Инфоповод по теме «Приложение и сбои» за период 22.04.2026 16:59 — 22.04.2026 17:00. Внутри 2 сообщений, чатов: 1. Частые слова: яндекс, господа, уточните, пожалуйста, машина.",Приложение и сбои,Приложение и сбои|Яндекс Про|яндекс,яндекс|господа|уточните|пожалуйста|машина|экраном|крыше,2026-04-22 16:59:00,2026-04-22 17:00:00,1,2,1,2,0,0,0.0,0.0,7.31,новый,False
e_00914,Сбои и проблемы в приложении,"Инфоповод по теме «Приложение и сбои» за период 23.04.2026 10:56 — 23.04.2026 11:25. Внутри 2 сообщений, чатов: 1. Частые слова: заказы, рекомендую, перезапустить, приложение, первый.",Приложение и сбои,Приложение и сбои|Яндекс Про,заказы|рекомендую|перезапустить|приложение|первый|месяц|практически,2026-04-23 10:56:00,2026-04-23 11:25:00,1,2,1,2,0,0,0.0,0.0,7.31,новый,False
e_00919,"Фастен: короче, эти, блять","Инфоповод по теме «Фастен» за период 23.04.2026 12:23 — 23.04.2026 12:23. Внутри 2 сообщений, чатов: 1. Частые слова: короче, эти, блять, нахуй, багажник.",Фастен,Фастен,короче|эти|блять|нахуй|багажник|блядь|фастен,2026-04-23 12:23:00,2026-04-23 12:23:00,2,2,1,2,0,1,0.0,0.5,7.31,новый,False
e_00962,Сбои и проблемы в приложении,"Инфоповод по теме «Приложение и сбои» за период 23.04.2026 18:42 — 23.04.2026 18:43. Внутри 2 сообщений, чатов: 1. Частые слова: блять, карту, потому, яндекс, пытается.",Приложение и сбои,Приложение и сбои|яндекс,блять|карту|потому|яндекс|пытается|списать|карты,2026-04-23 18:42:00,2026-04-23 18:43:00,1,2,1,2,0,0,0.0,0.0,7.31,новый,False
e_01179,Сбои и проблемы в приложении,"Инфоповод по теме «Приложение и сбои» за период 19.04.2026 06:30 — 19.04.2026 06:31. Внутри 2 сообщений, чатов: 1. Частые слова: наныл, возвращаюсь.",Приложение и сбои,Приложение и сбои,наныл|возвращаюсь,2026-04-19 06:30:00,2026-04-19 06:31:00,1,2,1,2,0,0,0.0,0.0,7.31,новый,False
e_01196,Сбои и проблемы в приложении,"Инфоповод по теме «Приложение и сбои» за период 23.04.2026 09:09 — 23.04.2026 09:14. Внутри 2 сообщений, чатов: 1. Частые слова: выдача, багажа, лента, аэрофлот, прилетит.",Приложение и сбои,Приложение и сбои|Яндекс Про|яндекс,выдача|багажа|лента|аэрофлот|прилетит|опозданием|время,2026-04-23 09:09:00,2026-04-23 09:14:00,1,2,1,2,0,0,0.0,0.0,7.31,новый,False
e_01200,"WB Такси: нибудь, слышал, такси","Инфоповод по теме «WB Такси» за период 19.04.2026 03:56 — 19.04.2026 04:03. Внутри 2 сообщений, чатов: 1. Частые слова: нибудь, слышал, такси, почему, джамп.",WB Такси,WB Такси|Приложение и сбои|Яндекс Про,нибудь|слышал|такси|почему|джамп|работа|выглядит,2026-04-19 03:56:00,2026-04-19 04:03:00,1,2,1,2,0,0,0.0,0.0,7.31,новый,False
e_01233,Обсуждение коэффициентов и тарифов,"Инфоповод по теме «Коэффициент» за период 19.04.2026 17:54 — 19.04.2026 17:54. Внутри 2 сообщений, чатов: 1. Частые слова: блядь, принял, завершил, теперь, понятно.",Коэффициент,Коэффициент|Приложение и сбои|Яндекс Про,блядь|принял|завершил|теперь|понятно|почему|кэфа,2026-04-19 17:54:00,2026-04-19 17:54:00,1,2,1,2,0,0,0.0,0.0,7.31,новый,False
e_01253,Сбои и проблемы в приложении,"Инфоповод по теме «Приложение и сбои» за период 21.04.2026 14:34 — 21.04.2026 14:39. Внутри 2 сообщений, чатов: 1. Частые слова: интервью, проведения, участие, анализа, будут.",Приложение и сбои,Приложение и сбои|Яндекс Про|яндекс,интервью|проведения|участие|анализа|будут|исследовании|личные,2026-04-21 14:34:00,2026-04-21 14:39:00,1,2,1,2,0,0,0.0,0.0,7.31,новый,False
e_01317,Сбои и проблемы в приложении,"Инфоповод по теме «Приложение и сбои» за период 20.04.2026 00:06 — 20.04.2026 00:13. Внутри 2 сообщений, чатов: 1. Частые слова: паса, пулково, заказ, короче, типа.",Приложение и сбои,Приложение и сбои|яндекс,паса|пулково|заказ|короче|типа|зона|помню,2026-04-20 00:06:00,2026-04-20 00:13:00,1,2,1,2,0,0,0.0,0.0,7.31,новый,False
e_01340,Сбои и проблемы в приложении,"Инфоповод по теме «Приложение и сбои» за период 20.04.2026 11:05 — 20.04.2026 11:10. Внутри 2 сообщений, чатов: 1. Частые слова: звонил, поводу, брендирования, сказали, яндекс.",Приложение и сбои,Приложение и сбои|яндекс,звонил|поводу|брендирования|сказали|яндекс|еду|клеят,2026-04-20 11:05:00,2026-04-20 11:10:00,1,2,1,2,0,0,0.0,0.0,7.31,новый,False
e_01361,Сбои и проблемы в приложении,"Инфоповод по теме «Приложение и сбои» за период 22.04.2026 20:39 — 22.04.2026 20:44. Внутри 2 сообщений, чатов: 1. Частые слова: здравствуйте, народ, того, блокнул, яндекс.",Приложение и сбои,Приложение и сбои|Яндекс Про|яндекс,здравствуйте|народ|того|блокнул|яндекс|пропуск|два,2026-04-22 20:39:00,2026-04-22 20:44:00,1,2,1,2,0,0,0.0,0.0,7.31,новый,False
e_01378,"WB Такси: максим, выше, поддержка","Инфоповод по теме «WB Такси» за период 22.04.2026 09:12 — 22.04.2026 09:15. Внутри 2 сообщений, чатов: 1. Частые слова: максим, выше, поддержка, урод, эрик.",WB Такси,WB Такси|Приложение и сбои|Фастен|Яндекс Про|яндекс,максим|выше|поддержка|урод|эрик|айрапетян|вопросе,2026-04-22 09:12:00,2026-04-22 09:15:00,1,2,1,2,0,0,0.0,0.0,7.31,новый,False
e_00151,"яндекс: говоришь, блять, прямом","Инфоповод по теме «яндекс» за период 17.04.2026 06:30 — 17.04.2026 06:30. Внутри 1 сообщений, чатов: 1. Частые слова: говоришь, блять, прямом, смысле, экране.",яндекс,яндекс,говоришь|блять|прямом|смысле|экране|блокировки|указано,2026-04-17 06:30:00,2026-04-17 06:30:00,1,1,1,1,0,1,0.0,1.0,7.17,новый,False
e_00251,"яндекс: аренду, парки, парк","Инфоповод по теме «яндекс» за период 17.04.2026 21:06 — 17.04.2026 21:06. Внутри 1 сообщений, чатов: 1. Частые слова: аренду, парки, парк, жить, должен.",яндекс,яндекс,аренду|парки|парк|жить|должен|может|чуть,2026-04-17 21:06:00,2026-04-17 21:06:00,1,1,1,1,0,1,0.0,1.0,7.17,новый,False
e_00263,"яндекс: теме, чата, два","Инфоповод по теме «яндекс» за период 17.04.2026 23:19 — 17.04.2026 23:19. Внутри 1 сообщений, чатов: 1. Частые слова: теме, чата, два, телефона, поднадоели.",яндекс,яндекс,теме|чата|два|телефона|поднадоели|нибудь|переходил,2026-04-17 23:19:00,2026-04-17 23:19:00,1,1,1,1,0,1,0.0,1.0,7.17,новый,False
e_00484,"WB Такси: купил, сцепу, оригинал","Инфоповод по теме «WB Такси» за период 20.04.2026 00:55 — 20.04.2026 00:55. Внутри 1 сообщений, чатов: 1. Частые слова: купил, сцепу, оригинал, куплю, машину.",WB Такси,WB Такси,купил|сцепу|оригинал|куплю|машину|сервисе|ставил,2026-04-20 00:55:00,2026-04-20 00:55:00,1,1,1,1,0,1,0.0,1.0,7.17,новый,False
e_00499,"яндекс: говорит, стою, вообще","Инфоповод по теме «яндекс» за период 20.04.2026 03:11 — 20.04.2026 03:11. Внутри 1 сообщений, чатов: 1. Частые слова: говорит, стою, вообще, ничего, прилетело.",яндекс,яндекс,говорит|стою|вообще|ничего|прилетело|нихуя|мин,2026-04-20 03:11:00,2026-04-20 03:11:00,1,1,1,1,0,1,0.0,1.0,7.17,новый,False
e_00544,"яндекс: куда, пропал, приезжаешь","Инфоповод по теме «яндекс» за период 20.04.2026 13:21 — 20.04.2026 13:21. Внутри 1 сообщений, чатов: 1. Частые слова: куда, пропал, приезжаешь, мурино, эффективном.",яндекс,яндекс,куда|пропал|приезжаешь|мурино|эффективном|очко|отправляет,2026-04-20 13:21:00,2026-04-20 13:21:00,1,1,1,1,0,1,0.0,1.0,7.17,новый,False
e_00625,"яндекс: подаче, 1км, минут","Инфоповод по теме «яндекс» за период 20.04.2026 22:22 — 20.04.2026 22:22. Внутри 1 сообщений, чатов: 1. Частые слова: подаче, 1км, минут, минуты, умножаем.",яндекс,яндекс,подаче|1км|минут|минуты|умножаем|тариф|прибавляем,2026-04-20 22:22:00,2026-04-20 22:22:00,1,1,1,1,0,1,0.0,1.0,7.17,новый,False
e_00641,"яндекс: стороны, обратной, встал","Инфоповод по теме «яндекс» за период 21.04.2026 01:35 — 21.04.2026 01:35. Внутри 1 сообщений, чатов: 1. Частые слова: стороны, обратной, встал, марамой, нихуя.",яндекс,яндекс,стороны|обратной|встал|марамой|нихуя|поперся|туда,2026-04-21 01:35:00,2026-04-21 01:35:00,1,1,1,1,0,1,0.0,1.0,7.17,новый,False
e_00679,"яндекс: появилось, щас, бабло","Инфоповод по теме «яндекс» за период 21.04.2026 13:05 — 21.04.2026 13:05. Внутри 1 сообщений, чатов: 1. Частые слова: появилось, щас, бабло, будешь, лопатами.",яндекс,яндекс,появилось|щас|бабло|будешь|лопатами|багажник|закидывать,2026-04-21 13:05:00,2026-04-21 13:05:00,1,1,1,1,0,1,0.0,1.0,7.17,новый,False
e_00682,"яндекс: понять, чем, чревато","Инфоповод по теме «яндекс» за период 21.04.2026 13:12 — 21.04.2026 13:12. Внутри 1 сообщений, чатов: 1. Частые слова: понять, чем, чревато, ничем, пока.",яндекс,яндекс,понять|чем|чревато|ничем|пока|белый|человек,2026-04-21 13:12:00,2026-04-21 13:12:00,1,1,1,1,0,1,0.0,1.0,7.17,новый,False
e_00705,"яндекс: страховые, компании, оформляют","Инфоповод по теме «яндекс» за период 21.04.2026 17:13 — 21.04.2026 17:13. Внутри 1 сообщений, чатов: 1. Частые слова: страховые, компании, оформляют, несчастного, случая.",яндекс,яндекс,страховые|компании|оформляют|несчастного|случая|пристегиваться|всегда,2026-04-21 17:13:00,2026-04-21 17:13:00,1,1,1,1,0,1,0.0,1.0,7.17,новый,False
e_00711,"Фастен: потом, понимаешь, кол","Инфоповод по теме «Фастен» за период 21.04.2026 18:50 — 21.04.2026 18:50. Внутри 1 сообщений, чатов: 1. Частые слова: потом, понимаешь, кол, потому, спрашиваете.",Фастен,Фастен,потом|понимаешь|кол|потому|спрашиваете|выебываются|твоя,2026-04-21 18:50:00,2026-04-21 18:50:00,1,1,1,1,0,1,0.0,1.0,7.17,новый,False
e_00739,"яндекс: может, этом, какая","Инфоповод по теме «яндекс» за период 22.04.2026 00:44 — 22.04.2026 00:44. Внутри 1 сообщений, чатов: 1. Частые слова: может, этом, какая, логика, бля.",яндекс,яндекс,может|этом|какая|логика|бля|летом|потей,2026-04-22 00:44:00,2026-04-22 00:44:00,1,1,1,1,0,1,0.0,1.0,7.17,новый,False
e_00866,"яндекс: круиз, настолько, насколько","Инфоповод по теме «яндекс» за период 22.04.2026 21:51 — 22.04.2026 21:51. Внутри 1 сообщений, чатов: 1. Частые слова: круиз, настолько, насколько, яндекс, таковым.",яндекс,яндекс,круиз|настолько|насколько|яндекс|таковым|считает,2026-04-22 21:51:00,2026-04-22 21:51:00,1,1,1,1,0,1,0.0,1.0,7.17,новый,False
e_00890,"яндекс: блять, типа, тест","Инфоповод по теме «яндекс» за период 23.04.2026 04:21 — 23.04.2026 04:21. Внутри 1 сообщений, чатов: 1. Частые слова: блять, типа, тест, обучение, гнать.",яндекс,яндекс,блять|типа|тест|обучение|гнать|какую|вообще,2026-04-23 04:21:00,2026-04-23 04:21:00,1,1,1,1,0,1,0.0,1.0,7.17,новый,False
e_00945,"яндекс: жду, хоть, немного","Инфоповод по теме «яндекс» за период 23.04.2026 15:31 — 23.04.2026 15:31. Внутри 1 сообщений, чатов: 1. Частые слова: жду, хоть, немного, народу, отсеется.",яндекс,яндекс,жду|хоть|немного|народу|отсеется|ходу|прибавляется,2026-04-23 15:31:00,2026-04-23 15:31:00,1,1,1,1,0,1,0.0,1.0,7.17,новый,False
e_00992,"WB Такси: странно, вроде, ровесник","Инфоповод по теме «WB Такси» за период 23.04.2026 22:04 — 23.04.2026 22:04. Внутри 1 сообщений, чатов: 1. Частые слова: странно, вроде, ровесник, блять, озоне.",WB Такси,WB Такси,странно|вроде|ровесник|блять|озоне|аппарат|такой,2026-04-23 22:04:00,2026-04-23 22:04:00,1,1,1,1,0,1,0.0,1.0,7.17,новый,False
e_00008,"WB Такси: озон, стоят, любой","Инфоповод по теме «WB Такси» за период 17.04.2026 00:27 — 17.04.2026 00:53. Внутри 3 сообщений, чатов: 1. Частые слова: озон, стоят, любой, теперь, выдвигай.",WB Такси,WB Такси,озон|стоят|любой|теперь|выдвигай|товар|образец,2026-04-17 00:27:00,2026-04-17 00:53:00,3,3,1,3,0,0,0.0,0.0,7.11,новый,False
e_01081,"WB Такси: интервью, яндекс, проведения","Инфоповод по теме «WB Такси» за период 20.04.2026 21:52 — 20.04.2026 22:17. Внутри 3 сообщений, чатов: 1. Частые слова: интервью, яндекс, проведения, участие, анализа.",WB Такси,WB Такси|яндекс,интервью|яндекс|проведения|участие|анализа|будут|исследовании,2026-04-20 21:52:00,2026-04-20 22:17:00,1,3,1,3,0,0,0.0,0.0,7.11,новый,False
e_01192,"яндекс: победа, прилетит, выдача","Инфоповод по теме «яндекс» за период 22.04.2026 18:50 — 22.04.2026 20:14. Внутри 3 сообщений, чатов: 1. Частые слова: победа, прилетит, выдача, багажа, расписанию.",яндекс,яндекс,победа|прилетит|выдача|багажа|расписанию|лента|сочи,2026-04-22 18:50:00,2026-04-22 20:14:00,1,3,1,3,0,0,0.0,0.0,7.11,новый,False
e_01237,"яндекс: короче, блядь, охуел","Инфоповод по теме «яндекс» за период 21.04.2026 15:52 — 21.04.2026 16:03. Внутри 3 сообщений, чатов: 1. Частые слова: короче, блядь, охуел, бля, смотрю.",яндекс,яндекс,короче|блядь|охуел|бля|смотрю|такси|отменяет,2026-04-21 15:52:00,2026-04-21 16:03:00,1,3,1,3,0,0,0.0,0.0,7.11,новый,False
e_01244,"яндекс: улица, центр, российский","Инфоповод по теме «яндекс» за период 17.04.2026 18:23 — 17.04.2026 18:50. Внутри 3 сообщений, чатов: 1. Частые слова: улица, центр, российский, научный, хирургии.",яндекс,яндекс,улица|центр|российский|научный|хирургии|имени|петровского,2026-04-17 18:23:00,2026-04-17 18:50:00,1,3,1,3,0,0,0.0,0.0,7.11,новый,False
e_01397,"Фастен: яндекса, говорю, через","Инфоповод по теме «Фастен» за период 17.04.2026 15:25 — 17.04.2026 16:37. Внутри 3 сообщений, чатов: 1. Частые слова: яндекса, говорю, через, думаю, часо.",Фастен,Фастен|яндекс,яндекса|говорю|через|думаю|часо|п9дру|плау,2026-04-17 15:25:00,2026-04-17 16:37:00,1,3,1,3,0,0,0.0,0.0,7.11,новый,False
e_00202,Обсуждение коэффициентов и тарифов,"Инфоповод по теме «Коэффициент» за период 17.04.2026 14:56 — 17.04.2026 15:00. Внутри 3 сообщений, чатов: 1. Частые слова: бизнес, разница, знаю, говорю, потому.",Коэффициент,Коэффициент|яндекс,бизнес|разница|знаю|говорю|потому|туда|часто,2026-04-17 14:56:00,2026-04-17 15:00:00,1,3,1,1,0,0,0.0,0.0,7.06,новый,False
e_00899,Обсуждение коэффициентов и тарифов,"Инфоповод по теме «Коэффициент» за период 23.04.2026 08:14 — 23.04.2026 09:06. Внутри 3 сообщений, чатов: 1. Частые слова: заказ, потому, прям, блин, часов.",Коэффициент,Коэффициент|яндекс,заказ|потому|прям|блин|часов|блядь|яндекс,2026-04-23 08:14:00,2026-04-23 09:06:00,1,3,1,1,0,0,0.0,0.0,7.06,новый,False
e_01000,Обсуждение коэффициентов и тарифов,"Инфоповод по теме «Коэффициент» за период 18.04.2026 22:28 — 18.04.2026 22:33. Внутри 3 сообщений, чатов: 1. Частые слова: тольятти, выполнено, улица, платеж, drivee.",Коэффициент,Коэффициент|яндекс,тольятти|выполнено|улица|платеж|drivee|ндс|доходы,2026-04-18 22:28:00,2026-04-18 22:33:00,1,3,1,1,0,0,0.0,0.0,7.06,новый,False
e_01074,Обсуждение коэффициентов и тарифов,"Инфоповод по теме «Коэффициент» за период 19.04.2026 16:35 — 19.04.2026 17:35. Внутри 3 сообщений, чатов: 1. Частые слова: поездки, заказа, пути, мин, желтку.",Коэффициент,Коэффициент|Фастен|яндекс,поездки|заказа|пути|мин|желтку|поездка|минут,2026-04-19 16:35:00,2026-04-19 17:35:00,1,3,1,1,0,0,0.0,0.0,7.06,новый,False
e_00170,"яндекс: ящера, хрен, поймешь","Инфоповод по теме «яндекс» за период 17.04.2026 09:44 — 17.04.2026 09:58. Внутри 2 сообщений, чатов: 1. Частые слова: ящера, хрен, поймешь, самом, деле.",яндекс,яндекс,ящера|хрен|поймешь|самом|деле|алгоритм|предсказуемый,2026-04-17 09:44:00,2026-04-17 09:58:00,1,2,1,1,0,1,0.0,0.5,6.98,новый,False
e_00276,Сбои и проблемы в приложении,"Инфоповод по теме «Приложение и сбои» за период 18.04.2026 07:26 — 18.04.2026 07:36. Внутри 2 сообщений, чатов: 1. Частые слова: блокировать, ладно, стал, полгода, год.",Приложение и сбои,Приложение и сбои|яндекс,блокировать|ладно|стал|полгода|год|вынес|нельзя,2026-04-18 07:26:00,2026-04-18 07:36:00,1,2,1,1,0,0,0.0,0.0,6.98,новый,False
e_00328,Сбои и проблемы в приложении,"Инфоповод по теме «Приложение и сбои» за период 18.04.2026 20:28 — 18.04.2026 20:31. Внутри 2 сообщений, чатов: 1. Частые слова: думаю, скину, линию, поводу, людей.",Приложение и сбои,Приложение и сбои|Яндекс Про|яндекс,думаю|скину|линию|поводу|людей|тысячи|две,2026-04-18 20:28:00,2026-04-18 20:31:00,1,2,1,1,0,0,0.0,0.0,6.98,новый,False
e_00467,Обсуждение коэффициентов и тарифов,"Инфоповод по теме «Коэффициент» за период 19.04.2026 22:51 — 19.04.2026 22:56. Внутри 2 сообщений, чатов: 1. Частые слова: картой, оплаты, легенда, всегда, ограничений.",Коэффициент,Коэффициент|Приложение и сбои|Яндекс Про|яндекс,картой|оплаты|легенда|всегда|ограничений|способ|зоне,2026-04-19 22:51:00,2026-04-19 22:56:00,1,2,1,1,0,0,0.0,0.0,6.98,новый,False
e_00803,Сбои и проблемы в приложении,"Инфоповод по теме «Приложение и сбои» за период 22.04.2026 13:17 — 22.04.2026 13:20. Внутри 2 сообщений, чатов: 1. Частые слова: блядь, честно, серег, потому, заказы.",Приложение и сбои,Приложение и сбои|Яндекс Про|яндекс,блядь|честно|серег|потому|заказы|наебать|яндекс,2026-04-22 13:17:00,2026-04-22 13:20:00,1,2,1,1,0,0,0.0,0.0,6.98,новый,False
e_00958,Сбои и проблемы в приложении,"Инфоповод по теме «Приложение и сбои» за период 23.04.2026 18:21 — 23.04.2026 18:24. Внутри 2 сообщений, чатов: 1. Частые слова: другой, номер, приложении, суток, изменить.",Приложение и сбои,Приложение и сбои|Яндекс Про,другой|номер|приложении|суток|изменить|поэтому|возможность,2026-04-23 18:21:00,2026-04-23 18:24:00,1,2,1,1,0,0,0.0,0.0,6.98,новый,False
e_00970,"яндекс: работай, ебучий, парадокс","Инфоповод по теме «яндекс» за период 23.04.2026 19:34 — 23.04.2026 22:48. Внутри 2 сообщений, чатов: 1. Частые слова: работай, ебучий, парадокс, зависимости, нету.",яндекс,яндекс,работай|ебучий|парадокс|зависимости|нету|свбоды|любимом,2026-04-23 19:34:00,2026-04-23 22:48:00,1,2,1,1,0,1,0.0,0.5,6.98,новый,False
e_01173,"WB Такси: вроде, видео, машине","Инфоповод по теме «WB Такси» за период 18.04.2026 09:08 — 18.04.2026 09:11. Внутри 2 сообщений, чатов: 1. Частые слова: вроде, видео, машине, штук, wildberries.",WB Такси,WB Такси|Приложение и сбои|Яндекс Про|яндекс,вроде|видео|машине|штук|wildberries|писали|отменяется,2026-04-18 09:08:00,2026-04-18 09:11:00,1,2,1,1,0,0,0.0,0.0,6.98,новый,False
e_01261,Сбои и проблемы в приложении,"Инфоповод по теме «Приложение и сбои» за период 18.04.2026 09:35 — 18.04.2026 09:35. Внутри 2 сообщений, чатов: 1. Частые слова: доход, поездки, стоимость, заказов, поездок.",Приложение и сбои,Приложение и сбои|Яндекс Про|яндекс,доход|поездки|стоимость|заказов|поездок|моромой|саепали,2026-04-18 09:35:00,2026-04-18 09:35:00,1,2,1,1,0,0,0.0,0.0,6.98,новый,False
e_01273,Обсуждение коэффициентов и тарифов,"Инфоповод по теме «Коэффициент» за период 23.04.2026 18:09 — 23.04.2026 18:42. Внутри 2 сообщений, чатов: 1. Частые слова: блядь, нахуй, короче, цена, рублей.",Коэффициент,Коэффициент|Приложение и сбои|Фастен|Яндекс Про|яндекс,блядь|нахуй|короче|цена|рублей|ебать|дешевле,2026-04-23 18:09:00,2026-04-23 18:42:00,1,2,1,1,0,0,0.0,0.0,6.98,новый,False
e_01291,Сбои и проблемы в приложении,"Инфоповод по теме «Приложение и сбои» за период 20.04.2026 22:17 — 20.04.2026 22:21. Внутри 2 сообщений, чатов: 1. Частые слова: жалко, короче, прям, панжинский, получается.",Приложение и сбои,Приложение и сбои,жалко|короче|прям|панжинский|получается|интервью|пиджаке,2026-04-20 22:17:00,2026-04-20 22:21:00,1,2,1,1,0,0,0.0,0.0,6.98,новый,False
e_01352,Сбои и проблемы в приложении,"Инфоповод по теме «Приложение и сбои» за период 19.04.2026 16:53 — 19.04.2026 16:54. Внутри 2 сообщений, чатов: 1. Частые слова: цена, аналитике, короче, слушай, ценой.",Приложение и сбои,Приложение и сбои|Яндекс Про|яндекс,цена|аналитике|короче|слушай|ценой|наверное|другое,2026-04-19 16:53:00,2026-04-19 16:54:00,1,2,1,1,0,0,0.0,0.0,6.98,новый,False
e_01388,Сбои и проблемы в приложении,"Инфоповод по теме «Приложение и сбои» за период 23.04.2026 10:08 — 23.04.2026 10:11. Внутри 2 сообщений, чатов: 1. Частые слова: бизнес, яша, разве, неделю, смену.",Приложение и сбои,Приложение и сбои|яндекс,бизнес|яша|разве|неделю|смену|продавал|припомню,2026-04-23 10:08:00,2026-04-23 10:11:00,1,2,1,1,0,0,0.0,0.0,6.98,новый,False
e_01394,Сбои и проблемы в приложении,"Инфоповод по теме «Приложение и сбои» за период 17.04.2026 09:37 — 17.04.2026 09:38. Внутри 2 сообщений, чатов: 1. Частые слова: забыли, говорю, через, корпоративной, поездки.",Приложение и сбои,Приложение и сбои|яндекс,забыли|говорю|через|корпоративной|поездки|сказать|оплата,2026-04-17 09:37:00,2026-04-17 09:38:00,1,2,1,1,0,0,0.0,0.0,6.98,новый,False
e_01403,Сбои и проблемы в приложении,"Инфоповод по теме «Приложение и сбои» за период 20.04.2026 13:21 — 20.04.2026 13:33. Внутри 2 сообщений, чатов: 1. Частые слова: рейтинг, утопия, яндекс, например, понравилось.",Приложение и сбои,Приложение и сбои|Яндекс Про|яндекс,рейтинг|утопия|яндекс|например|понравилось|всем|приложение,2026-04-20 13:21:00,2026-04-20 13:33:00,1,2,1,1,0,0,0.0,0.0,6.98,новый,False
e_01406,Сбои и проблемы в приложении,"Инфоповод по теме «Приложение и сбои» за период 21.04.2026 12:10 — 21.04.2026 12:37. Внутри 2 сообщений, чатов: 1. Частые слова: постоянно, пишут, рост, вижу, пейн.",Приложение и сбои,Приложение и сбои|Яндекс Про,постоянно|пишут|рост|вижу|пейн|ноги|чувствую,2026-04-21 12:10:00,2026-04-21 12:37:00,1,2,1,1,0,0,0.0,0.0,6.98,новый,False
e_00152,"WB Такси: другое, предупреждение, нарушение","Инфоповод по теме «WB Такси» за период 17.04.2026 06:31 — 17.04.2026 08:39. Внутри 3 сообщений, чатов: 1. Частые слова: другое, предупреждение, нарушение, яндекса, важно.",WB Такси,WB Такси|яндекс,другое|предупреждение|нарушение|яндекса|важно|понимаю|конечно,2026-04-17 06:31:00,2026-04-17 08:39:00,1,3,1,2,0,0,0.0,0.0,6.88,новый,False
e_00610,"яндекс: яндекс, договорился, эльвирой","Инфоповод по теме «яндекс» за период 20.04.2026 20:56 — 20.04.2026 21:36. Внутри 3 сообщений, чатов: 1. Частые слова: яндекс, договорился, эльвирой, дает, десятку.",яндекс,яндекс,яндекс|договорился|эльвирой|дает|десятку|наверное|этим,2026-04-20 20:56:00,2026-04-20 21:36:00,1,3,1,2,0,0,0.0,0.0,6.88,новый,False
e_00620,"Фастен: яша, делала, через","Инфоповод по теме «Фастен» за период 20.04.2026 21:40 — 20.04.2026 21:42. Внутри 3 сообщений, чатов: 1. Частые слова: яша, делала, через, разницы, фастен.",Фастен,Фастен|яндекс,яша|делала|через|разницы|фастен|второй|раз,2026-04-20 21:40:00,2026-04-20 21:42:00,1,3,1,2,0,0,0.0,0.0,6.88,новый,False
e_00941,"яндекс: парк, может, типа","Инфоповод по теме «яндекс» за период 23.04.2026 15:17 — 23.04.2026 15:30. Внутри 3 сообщений, чатов: 1. Частые слова: парк, может, типа, блядь, какой.",яндекс,яндекс,парк|может|типа|блядь|какой|денег|тогда,2026-04-23 15:17:00,2026-04-23 15:30:00,2,3,1,2,0,0,0.0,0.0,6.88,новый,False
e_00993,"Фастен: человек, число, водителей","Инфоповод по теме «Фастен» за период 23.04.2026 20:42 — 23.04.2026 21:06. Внутри 3 сообщений, чатов: 1. Частые слова: человек, число, водителей, такси, около.",Фастен,Фастен|яндекс,человек|число|водителей|такси|около|года|рынка,2026-04-23 20:42:00,2026-04-23 21:06:00,1,3,1,2,0,0,0.0,0.0,6.88,новый,False
e_01136,"яндекс: блядь, нахуй, блять","Инфоповод по теме «яндекс» за период 20.04.2026 02:30 — 20.04.2026 02:38. Внутри 3 сообщений, чатов: 1. Частые слова: блядь, нахуй, блять, яндекс, бабки.",яндекс,яндекс,блядь|нахуй|блять|яндекс|бабки|время|сидят,2026-04-20 02:30:00,2026-04-20 02:38:00,1,3,1,2,0,0,0.0,0.0,6.88,новый,False
e_01276,"яндекс: яндекс, этого, проблема","Инфоповод по теме «яндекс» за период 17.04.2026 18:48 — 17.04.2026 18:54. Внутри 3 сообщений, чатов: 1. Частые слова: яндекс, этого, проблема, принятым, пропущенных.",яндекс,яндекс,яндекс|этого|проблема|принятым|пропущенных|заказов|яндекса,2026-04-17 18:48:00,2026-04-17 18:54:00,1,3,1,2,0,0,0.0,0.0,6.88,новый,False
e_01322,"яндекс: оплата, типа, история","Инфоповод по теме «яндекс» за период 22.04.2026 12:00 — 22.04.2026 12:24. Внутри 3 сообщений, чатов: 1. Частые слова: оплата, типа, история, пассажира, прошла.",яндекс,яндекс,оплата|типа|история|пассажира|прошла|самом|деле,2026-04-22 12:00:00,2026-04-22 12:24:00,1,3,1,2,0,0,0.0,0.0,6.88,новый,False
e_00161,Обсуждение коэффициентов и тарифов,"Инфоповод по теме «Коэффициент» за период 17.04.2026 08:33 — 17.04.2026 08:40. Внутри 2 сообщений, чатов: 1. Частые слова: заказ, блин, думаю, лужи, раз.",Коэффициент,Коэффициент|яндекс,заказ|блин|думаю|лужи|раз|потом|эти,2026-04-17 08:33:00,2026-04-17 08:40:00,1,2,1,2,0,0,0.0,0.0,6.81,новый,False
e_00380,Обсуждение коэффициентов и тарифов,"Инфоповод по теме «Коэффициент» за период 19.04.2026 10:29 — 19.04.2026 10:30. Внутри 2 сообщений, чатов: 1. Частые слова: знаю, мытищах, кстати, кэф, всегда.",Коэффициент,Коэффициент,знаю|мытищах|кстати|кэф|всегда|почти|заказом,2026-04-19 10:29:00,2026-04-19 10:30:00,1,2,1,2,0,0,0.0,0.0,6.81,новый,False
e_00500,Обсуждение коэффициентов и тарифов,"Инфоповод по теме «Коэффициент» за период 20.04.2026 05:13 — 20.04.2026 05:14. Внутри 2 сообщений, чатов: 1. Частые слова: тысячи, буду, раз, час, планку.",Коэффициент,Коэффициент|яндекс,тысячи|буду|раз|час|планку|покажи|аккаунт,2026-04-20 05:13:00,2026-04-20 05:14:00,1,2,1,2,0,0,0.0,0.0,6.81,новый,False
e_00773,Обсуждение коэффициентов и тарифов,"Инфоповод по теме «Коэффициент» за период 22.04.2026 10:47 — 22.04.2026 11:10. Внутри 2 сообщений, чатов: 1. Частые слова: потому, пошел, лет, хорошо, работать.",Коэффициент,Коэффициент|яндекс,потому|пошел|лет|хорошо|работать|деньги|работал,2026-04-22 10:47:00,2026-04-22 11:10:00,1,2,1,2,0,0,0.0,0.0,6.81,новый,False
e_00836,Обсуждение коэффициентов и тарифов,"Инфоповод по теме «Коэффициент» за период 22.04.2026 17:46 — 22.04.2026 17:50. Внутри 2 сообщений, чатов: 1. Частые слова: покупать, обязаны, заказов, яндекс, полчаса.",Коэффициент,Коэффициент|яндекс,покупать|обязаны|заказов|яндекс|полчаса|вообще|оборот,2026-04-22 17:46:00,2026-04-22 17:50:00,1,2,1,2,0,0,0.0,0.0,6.81,новый,False
e_00893,Обсуждение коэффициентов и тарифов,"Инфоповод по теме «Коэффициент» за период 23.04.2026 07:05 — 23.04.2026 07:05. Внутри 2 сообщений, чатов: 1. Частые слова: говорю, фастум, говорит, заказ, указанному.",Коэффициент,Коэффициент|яндекс,говорю|фастум|говорит|заказ|указанному|адресу|такая,2026-04-23 07:05:00,2026-04-23 07:05:00,1,2,1,2,0,0,0.0,0.0,6.81,новый,False
e_00930,Обсуждение коэффициентов и тарифов,"Инфоповод по теме «Коэффициент» за период 23.04.2026 14:12 — 23.04.2026 14:29. Внутри 2 сообщений, чатов: 1. Частые слова: блядь, который, этого, прям, этом.",Коэффициент,Коэффициент,блядь|который|этого|прям|этом|кстати|межгород,2026-04-23 14:12:00,2026-04-23 14:29:00,1,2,1,2,0,0,0.0,0.0,6.81,новый,False
e_00932,Обсуждение коэффициентов и тарифов,"Инфоповод по теме «Коэффициент» за период 23.04.2026 14:19 — 23.04.2026 14:19. Внутри 2 сообщений, чатов: 1. Частые слова: пропускать, тех, кого, ограничение, часа.",Коэффициент,Коэффициент|яндекс,пропускать|тех|кого|ограничение|часа|вышло|думаешь,2026-04-23 14:19:00,2026-04-23 14:19:00,1,2,1,2,0,0,0.0,0.0,6.81,новый,False
e_00946,Обсуждение коэффициентов и тарифов,"Инфоповод по теме «Коэффициент» за период 23.04.2026 15:38 — 23.04.2026 16:08. Внутри 2 сообщений, чатов: 1. Частые слова: говорит, блядь, такой, быстро, молодой.",Коэффициент,Коэффициент|яндекс,говорит|блядь|такой|быстро|молодой|спускаются|давай,2026-04-23 15:38:00,2026-04-23 16:08:00,1,2,1,2,0,0,0.0,0.0,6.81,новый,False
e_01093,Обсуждение коэффициентов и тарифов,"Инфоповод по теме «Коэффициент» за период 19.04.2026 20:44 — 19.04.2026 20:48. Внутри 2 сообщений, чатов: 1. Частые слова: блядь, почему, бесполезно, писать, вообще.",Коэффициент,Коэффициент|яндекс,блядь|почему|бесполезно|писать|вообще|говорю|многие,2026-04-19 20:44:00,2026-04-19 20:48:00,1,2,1,2,0,0,0.0,0.0,6.81,новый,False
e_01096,Обсуждение коэффициентов и тарифов,"Инфоповод по теме «Коэффициент» за период 22.04.2026 06:13 — 22.04.2026 06:14. Внутри 2 сообщений, чатов: 1. Частые слова: блять, канале, потом, горит, работаю.",Коэффициент,Коэффициент,блять|канале|потом|горит|работаю|особо|охота,2026-04-22 06:13:00,2026-04-22 06:14:00,1,2,1,2,0,0,0.0,0.0,6.81,новый,False
e_01128,Обсуждение коэффициентов и тарифов,"Инфоповод по теме «Коэффициент» за период 17.04.2026 13:12 — 17.04.2026 13:23. Внутри 2 сообщений, чатов: 1. Частые слова: покотал, кайфом, час, три, зоказа.",Коэффициент,Коэффициент|яндекс,покотал|кайфом|час|три|зоказа|яше|касса,2026-04-17 13:12:00,2026-04-17 13:23:00,1,2,1,2,0,0,0.0,0.0,6.81,новый,False
e_01198,Обсуждение коэффициентов и тарифов,"Инфоповод по теме «Коэффициент» за период 23.04.2026 15:05 — 23.04.2026 15:13. Внутри 2 сообщений, чатов: 1. Частые слова: сразу, заказ, сел, кэф, деньги.",Коэффициент,Коэффициент|яндекс,сразу|заказ|сел|кэф|деньги|открывает|сам,2026-04-23 15:05:00,2026-04-23 15:13:00,1,2,1,2,0,0,0.0,0.0,6.81,новый,False
e_01262,Обсуждение коэффициентов и тарифов,"Инфоповод по теме «Коэффициент» за период 18.04.2026 15:17 — 18.04.2026 15:20. Внутри 2 сообщений, чатов: 1. Частые слова: кэф, любит, тишину, закрывается, pro.",Коэффициент,Коэффициент|Фастен|яндекс,кэф|любит|тишину|закрывается|pro|yandex|чего,2026-04-18 15:17:00,2026-04-18 15:20:00,1,2,1,2,0,0,0.0,0.0,6.81,новый,False
e_01263,Обсуждение коэффициентов и тарифов,"Инфоповод по теме «Коэффициент» за период 22.04.2026 12:41 — 22.04.2026 12:46. Внутри 2 сообщений, чатов: 1. Частые слова: доход, стоймость, может, показывает, pro.",Коэффициент,Коэффициент|яндекс,доход|стоймость|может|показывает|pro|yandex|чего,2026-04-22 12:41:00,2026-04-22 12:46:00,1,2,1,2,0,0,0.0,0.0,6.81,новый,False
e_01395,Обсуждение коэффициентов и тарифов,"Инфоповод по теме «Коэффициент» за период 19.04.2026 09:38 — 19.04.2026 09:45. Внутри 2 сообщений, чатов: 1. Частые слова: блядь, скоростной, режим, приоритет, придумала.",Коэффициент,Коэффициент|яндекс,блядь|скоростной|режим|приоритет|придумала|повые|сооощения,2026-04-19 09:38:00,2026-04-19 09:45:00,1,2,1,2,0,0,0.0,0.0,6.81,новый,False
e_00007,"Законы, налоги и регулирование","Инфоповод по теме «Законы и налоги» за период 17.04.2026 00:20 — 17.04.2026 00:20. Внутри 1 сообщений, чатов: 1. Частые слова: вряд, запретить, законодательном, уровне, раздавать.",Законы и налоги,Законы и налоги,вряд|запретить|законодательном|уровне|раздавать|воду|такси,2026-04-17 00:20:00,2026-04-17 00:20:00,1,1,1,1,0,0,0.0,0.0,6.67,новый,False
e_00142,"Законы, налоги и регулирование","Инфоповод по теме «Законы и налоги» за период 20.04.2026 03:51 — 20.04.2026 03:51. Внутри 1 сообщений, чатов: 1. Частые слова: едрить, колотить, часа, посмотрел, двт.",Законы и налоги,Законы и налоги,едрить|колотить|часа|посмотрел|двт|госдуме|колпак,2026-04-20 03:51:00,2026-04-20 03:51:00,1,1,1,1,0,0,0.0,0.0,6.67,новый,False
e_00147,"Законы, налоги и регулирование","Инфоповод по теме «Законы и налоги» за период 17.04.2026 06:06 — 17.04.2026 06:06. Внутри 1 сообщений, чатов: 1. Частые слова: нормально, туманом, видок, окна, хорош.",Законы и налоги,Законы и налоги,нормально|туманом|видок|окна|хорош|главное|государству,2026-04-17 06:06:00,2026-04-17 06:06:00,1,1,1,1,0,0,0.0,0.0,6.67,новый,False
e_00174,"Законы, налоги и регулирование","Инфоповод по теме «Законы и налоги» за период 17.04.2026 10:22 — 17.04.2026 10:22. Внутри 1 сообщений, чатов: 1. Частые слова: парк, зачем, подключашка, потому, рубль.",Законы и налоги,Законы и налоги,парк|зачем|подключашка|потому|рубль|документов|большинство,2026-04-17 10:22:00,2026-04-17 10:22:00,1,1,1,1,0,0,0.0,0.0,6.67,новый,False
e_00180,"Законы, налоги и регулирование","Инфоповод по теме «Законы и налоги» за период 17.04.2026 02:12 — 17.04.2026 02:12. Внутри 1 сообщений, чатов: 1. Частые слова: ребенка, понимаете, водитель, следить, насколько.",Законы и налоги,Законы и налоги,ребенка|понимаете|водитель|следить|насколько|важно|добиться,2026-04-17 02:12:00,2026-04-17 02:12:00,1,1,1,1,0,0,0.0,0.0,6.67,новый,False
e_00181,"Законы, налоги и регулирование","Инфоповод по теме «Законы и налоги» за период 17.04.2026 07:19 — 17.04.2026 07:19. Внутри 1 сообщений, чатов: 1. Частые слова: ребенка, понимаете, водитель, следить, насколько.",Законы и налоги,Законы и налоги,ребенка|понимаете|водитель|следить|насколько|важно|добиться,2026-04-17 07:19:00,2026-04-17 07:19:00,1,1,1,1,0,0,0.0,0.0,6.67,новый,False
e_00182,"Законы, налоги и регулирование","Инфоповод по теме «Законы и налоги» за период 17.04.2026 11:27 — 17.04.2026 11:27. Внутри 1 сообщений, чатов: 1. Частые слова: понимаете, ребенка, насколько, важно, добиться.",Законы и налоги,Законы и налоги,понимаете|ребенка|насколько|важно|добиться|государственной|думы,2026-04-17 11:27:00,2026-04-17 11:27:00,1,1,1,1,0,0,0.0,0.0,6.67,новый,False
e_00185,"Законы, налоги и регулирование","Инфоповод по теме «Законы и налоги» за период 17.04.2026 11:44 — 17.04.2026 11:44. Внутри 1 сообщений, чатов: 1. Частые слова: блядь, инфляция, года, нам, году.",Законы и налоги,Законы и налоги,блядь|инфляция|года|нам|году|некоторые|категории,2026-04-17 11:44:00,2026-04-17 11:44:00,1,1,1,1,0,0,0.0,0.0,6.67,новый,False
e_00199,"Законы, налоги и регулирование","Инфоповод по теме «Законы и налоги» за период 17.04.2026 14:43 — 17.04.2026 14:43. Внутри 1 сообщений, чатов: 1. Частые слова: скажешь, катишь, личинок.",Законы и налоги,Законы и налоги,скажешь|катишь|личинок,2026-04-17 14:43:00,2026-04-17 14:43:00,1,1,1,1,0,0,0.0,0.0,6.67,новый,False
e_00210,"Законы, налоги и регулирование","Инфоповод по теме «Законы и налоги» за период 17.04.2026 16:24 — 17.04.2026 16:24. Внутри 1 сообщений, чатов: 1. Частые слова: неправильная, постановка, вопроса, запрос, контролирует.",Законы и налоги,Законы и налоги,неправильная|постановка|вопроса|запрос|контролирует|налоговая|ответ,2026-04-17 16:24:00,2026-04-17 16:24:00,1,1,1,1,0,0,0.0,0.0,6.67,новый,False
e_00211,"Законы, налоги и регулирование","Инфоповод по теме «Законы и налоги» за период 17.04.2026 16:33 — 17.04.2026 16:33. Внутри 1 сообщений, чатов: 1. Частые слова: сво, ключевые, условия, которые, интересуют.",Законы и налоги,Законы и налоги,сво|ключевые|условия|которые|интересуют|статус|место,2026-04-17 16:33:00,2026-04-17 16:33:00,1,1,1,1,0,0,0.0,0.0,6.67,новый,False
e_00212,"Законы, налоги и регулирование","Инфоповод по теме «Законы и налоги» за период 17.04.2026 16:35 — 17.04.2026 16:35. Внутри 1 сообщений, чатов: 1. Частые слова: постановление, резерва, закон, правительства, мобилизационного.",Законы и налоги,Законы и налоги|Коэффициент,постановление|резерва|закон|правительства|мобилизационного|людского|документ,2026-04-17 16:35:00,2026-04-17 16:35:00,1,1,1,1,0,0,0.0,0.0,6.67,новый,False
e_00213,"Законы, налоги и регулирование","Инфоповод по теме «Законы и налоги» за период 17.04.2026 16:38 — 17.04.2026 16:38. Внутри 1 сообщений, чатов: 1. Частые слова: регион, конкретной, статьи, приоритет, региона.",Законы и налоги,Законы и налоги|Коэффициент,регион|конкретной|статьи|приоритет|региона|минобороны|часть,2026-04-17 16:38:00,2026-04-17 16:38:00,1,1,1,1,0,0,0.0,0.0,6.67,новый,False
e_00217,"Законы, налоги и регулирование","Инфоповод по теме «Законы и налоги» за период 17.04.2026 16:44 — 17.04.2026 16:44. Внутри 1 сообщений, чатов: 1. Частые слова: яндекс, правила, салон, перевозки, можно.",Законы и налоги,Законы и налоги|яндекс,яндекс|правила|салон|перевозки|можно|может|испачкать,2026-04-17 16:44:00,2026-04-17 16:44:00,1,1,1,1,0,0,0.0,0.0,6.67,новый,False
e_00221,"Законы, налоги и регулирование","Инфоповод по теме «Законы и налоги» за период 17.04.2026 17:02 — 17.04.2026 17:02. Внутри 1 сообщений, чатов: 1. Частые слова: можно, которые, юристы, потому, может.",Законы и налоги,Законы и налоги|яндекс,можно|которые|юристы|потому|может|работать|рекламу,2026-04-17 17:02:00,2026-04-17 17:02:00,1,1,1,1,0,0,0.0,0.0,6.67,новый,False
e_00223,"Законы, налоги и регулирование","Инфоповод по теме «Законы и налоги» за период 17.04.2026 17:16 — 17.04.2026 17:16. Внутри 1 сообщений, чатов: 1. Частые слова: году, автоматизации, развития, робототехники, исчезнут.",Законы и налоги,Законы и налоги,году|автоматизации|развития|робототехники|исчезнут|профессии|связанные,2026-04-17 17:16:00,2026-04-17 17:16:00,1,1,1,1,0,0,0.0,0.0,6.67,новый,False
e_00234,"Законы, налоги и регулирование","Инфоповод по теме «Законы и налоги» за период 17.04.2026 18:33 — 17.04.2026 18:33. Внутри 1 сообщений, чатов: 1. Частые слова: споры, апелляцию, айдемировой, однако, позиция.",Законы и налоги,Законы и налоги,споры|апелляцию|айдемировой|однако|позиция|подключашек|фнс,2026-04-17 18:33:00,2026-04-17 18:33:00,1,1,1,1,0,0,0.0,0.0,6.67,новый,False
e_00235,"Законы, налоги и регулирование","Инфоповод по теме «Законы и налоги» за период 18.04.2026 18:21 — 18.04.2026 18:21. Внутри 1 сообщений, чатов: 1. Частые слова: позиция, фнс, подключашка, перевозчик, доход.",Законы и налоги,Законы и налоги,позиция|фнс|подключашка|перевозчик|доход|сумму|исключительно,2026-04-18 18:21:00,2026-04-18 18:21:00,1,1,1,1,0,0,0.0,0.0,6.67,новый,False
e_00245,"Законы, налоги и регулирование","Инфоповод по теме «Законы и налоги» за период 17.04.2026 19:46 — 17.04.2026 19:46. Внутри 1 сообщений, чатов: 1. Частые слова: такси, данный, легкомысленный, маневр, мог.",Законы и налоги,Законы и налоги,такси|данный|легкомысленный|маневр|мог|привезти|тяжелым,2026-04-17 19:46:00,2026-04-17 19:46:00,1,1,1,1,0,0,0.0,0.0,6.67,новый,False
e_00253,"Законы, налоги и регулирование","Инфоповод по теме «Законы и налоги» за период 17.04.2026 21:20 — 17.04.2026 21:20. Внутри 1 сообщений, чатов: 1. Частые слова: отдаешь, потому, плюс, лизинг, парку.",Законы и налоги,Законы и налоги|яндекс,отдаешь|потому|плюс|лизинг|парку|соответственно|чем,2026-04-17 21:20:00,2026-04-17 21:20:00,1,1,1,1,0,0,0.0,0.0,6.67,новый,False
e_00261,"Законы, налоги и регулирование","Инфоповод по теме «Законы и налоги» за период 17.04.2026 23:10 — 17.04.2026 23:10. Внутри 1 сообщений, чатов: 1. Частые слова: время, такси, знаю, пусть, гандон.",Законы и налоги,Законы и налоги,время|такси|знаю|пусть|гандон|поживет|заблокированными,2026-04-17 23:10:00,2026-04-17 23:10:00,1,1,1,1,0,0,0.0,0.0,6.67,новый,False
e_00266,"Законы, налоги и регулирование","Инфоповод по теме «Законы и налоги» за период 18.04.2026 00:17 — 18.04.2026 00:17. Внутри 1 сообщений, чатов: 1. Частые слова: телега, работает, вышел, vpn, вообще.",Законы и налоги,Законы и налоги,телега|работает|вышел|vpn|вообще|отлично|беларуси,2026-04-18 00:17:00,2026-04-18 00:17:00,1,1,1,1,0,0,0.0,0.0,6.67,новый,False
e_00312,"Законы, налоги и регулирование","Инфоповод по теме «Законы и налоги» за период 18.04.2026 15:37 — 18.04.2026 15:37. Внутри 1 сообщений, чатов: 1. Частые слова: бесконечные, желания, нельзя, миллиард, долларов.",Законы и налоги,Законы и налоги,бесконечные|желания|нельзя|миллиард|долларов|наличными|отвечать,2026-04-18 15:37:00,2026-04-18 15:37:00,1,1,1,1,0,0,0.0,0.0,6.67,новый,False
e_00348,"Законы, налоги и регулирование","Инфоповод по теме «Законы и налоги» за период 19.04.2026 00:39 — 19.04.2026 00:39. Внутри 1 сообщений, чатов: 1. Частые слова: правда, пистолет, можем, говорить, нож.",Законы и налоги,Законы и налоги,правда|пистолет|можем|говорить|нож|пришел|пустыми,2026-04-19 00:39:00,2026-04-19 00:39:00,1,1,1,1,0,0,0.0,0.0,6.67,новый,False
e_00364,"Законы, налоги и регулирование","Инфоповод по теме «Законы и налоги» за период 19.04.2026 13:33 — 19.04.2026 13:33. Внутри 1 сообщений, чатов: 1. Частые слова: блять, том, такое, преступление, далее.",Законы и налоги,Законы и налоги,блять|том|такое|преступление|далее|специально|скинул,2026-04-19 13:33:00,2026-04-19 13:33:00,1,1,1,1,0,0,0.0,0.0,6.67,новый,False
e_00374,"Законы, налоги и регулирование","Инфоповод по теме «Законы и налоги» за период 19.04.2026 09:12 — 19.04.2026 09:12. Внутри 1 сообщений, чатов: 1. Частые слова: вин, вроде, честно, вся, эта.",Законы и налоги,Законы и налоги,вин|вроде|честно|вся|эта|ситуация|изъятиями,2026-04-19 09:12:00,2026-04-19 09:12:00,1,1,1,1,0,0,0.0,0.0,6.67,новый,False
e_00395,"Законы, налоги и регулирование","Инфоповод по теме «Законы и налоги» за период 19.04.2026 12:23 — 19.04.2026 12:23. Внутри 1 сообщений, чатов: 1. Частые слова: зарабатывал, яндекс, налогам, хочет, водители.",Законы и налоги,Законы и налоги|яндекс,зарабатывал|яндекс|налогам|хочет|водители|пошел|играет,2026-04-19 12:23:00,2026-04-19 12:23:00,1,1,1,1,0,0,0.0,0.0,6.67,новый,False
e_00416,"Законы, налоги и регулирование","Инфоповод по теме «Законы и налоги» за период 19.04.2026 16:14 — 19.04.2026 16:14. Внутри 1 сообщений, чатов: 1. Частые слова: россиян, парках, разрешения, эти, начал.",Законы и налоги,Законы и налоги,россиян|парках|разрешения|эти|начал|писать|взялись,2026-04-19 16:14:00,2026-04-19 16:14:00,1,1,1,1,0,0,0.0,0.0,6.67,новый,False
e_00419,"Законы, налоги и регулирование","Инфоповод по теме «Законы и налоги» за период 19.04.2026 16:37 — 19.04.2026 16:37. Внутри 1 сообщений, чатов: 1. Частые слова: подавать, суд, осаго, собственника, чурбан.",Законы и налоги,Законы и налоги,подавать|суд|осаго|собственника|чурбан|отвечает|будете,2026-04-19 16:37:00,2026-04-19 16:37:00,1,1,1,1,0,0,0.0,0.0,6.67,новый,False
e_00420,"Законы, налоги и регулирование","Инфоповод по теме «Законы и налоги» за период 19.04.2026 16:41 — 19.04.2026 16:41. Внутри 1 сообщений, чатов: 1. Частые слова: собственник, отвечает, вопрос, чуть, этом.",Законы и налоги,Законы и налоги,собственник|отвечает|вопрос|чуть|этом|хотел|прочитал,2026-04-19 16:41:00,2026-04-19 16:41:00,1,1,1,1,0,0,0.0,0.0,6.67,новый,False
e_00425,"Законы, налоги и регулирование","Инфоповод по теме «Законы и налоги» за период 19.04.2026 17:30 — 19.04.2026 17:30. Внутри 1 сообщений, чатов: 1. Частые слова: опечатался, своих, сообщениях, назвав, собственника.",Законы и налоги,Законы и налоги,опечатался|своих|сообщениях|назвав|собственника|владельцем|решил,2026-04-19 17:30:00,2026-04-19 17:30:00,1,1,1,1,0,0,0.0,0.0,6.67,новый,False
e_00426,"Законы, налоги и регулирование","Инфоповод по теме «Законы и налоги» за период 19.04.2026 17:41 — 19.04.2026 17:41. Внутри 1 сообщений, чатов: 1. Частые слова: взыскивают, поэтому, скину, солидарной, ответственности.",Законы и налоги,Законы и налоги,взыскивают|поэтому|скину|солидарной|ответственности|могу|хочешь,2026-04-19 17:41:00,2026-04-19 17:41:00,1,1,1,1,0,0,0.0,0.0,6.67,новый,False
e_00431,"Законы, налоги и регулирование","Инфоповод по теме «Законы и налоги» за период 19.04.2026 18:02 — 19.04.2026 18:02. Внутри 1 сообщений, чатов: 1. Частые слова: блядь, типа, вообще, штрафы, всех.",Законы и налоги,Законы и налоги,блядь|типа|вообще|штрафы|всех|оплачиваешь|аренда,2026-04-19 18:02:00,2026-04-19 18:02:00,1,1,1,1,0,0,0.0,0.0,6.67,новый,False
e_00443,"Законы, налоги и регулирование","Инфоповод по теме «Законы и налоги» за период 19.04.2026 19:38 — 19.04.2026 19:38. Внутри 1 сообщений, чатов: 1. Частые слова: знаешь, этом, основная, причина, можно.",Законы и налоги,Законы и налоги,знаешь|этом|основная|причина|можно|россиян|порядок,2026-04-19 19:38:00,2026-04-19 19:38:00,1,1,1,1,0,0,0.0,0.0,6.67,новый,False
e_00445,"Законы, налоги и регулирование","Инфоповод по теме «Законы и налоги» за период 19.04.2026 19:58 — 19.04.2026 19:58. Внутри 1 сообщений, чатов: 1. Частые слова: том, каждый, вечер, уйма, таксистов.",Законы и налоги,Законы и налоги,том|каждый|вечер|уйма|таксистов|стоят|пасов,2026-04-19 19:58:00,2026-04-19 19:58:00,1,1,1,1,0,0,0.0,0.0,6.67,новый,False
e_00448,"Законы, налоги и регулирование","Инфоповод по теме «Законы и налоги» за период 19.04.2026 20:07 — 19.04.2026 20:07. Внутри 1 сообщений, чатов: 1. Частые слова: месте, мог, человек, раз, тож.",Законы и налоги,Законы и налоги,месте|мог|человек|раз|тож|запрещенном|остановился,2026-04-19 20:07:00,2026-04-19 20:07:00,1,1,1,1,0,0,0.0,0.0,6.67,новый,False
e_00449,"Законы, налоги и регулирование","Инфоповод по теме «Законы и налоги» за период 19.04.2026 20:07 — 19.04.2026 20:07. Внутри 1 сообщений, чатов: 1. Частые слова: будь, добр, вспомнил, видос, ценный.",Законы и налоги,Законы и налоги,будь|добр|вспомнил|видос|ценный|специалист|перевозке,2026-04-19 20:07:00,2026-04-19 20:07:00,1,1,1,1,0,0,0.0,0.0,6.67,новый,False
e_00455,"Законы, налоги и регулирование","Инфоповод по теме «Законы и налоги» за период 19.04.2026 20:57 — 19.04.2026 20:57. Внутри 1 сообщений, чатов: 1. Частые слова: возможно, жкх, дерьме, медицина, образование.",Законы и налоги,Законы и налоги,возможно|жкх|дерьме|медицина|образование|цены|растут,2026-04-19 20:57:00,2026-04-19 20:57:00,1,1,1,1,0,0,0.0,0.0,6.67,новый,False
e_00473,"Законы, налоги и регулирование","Инфоповод по теме «Законы и налоги» за период 19.04.2026 23:23 — 19.04.2026 23:23. Внутри 1 сообщений, чатов: 1. Частые слова: региона, разрешили, вышел, закон, который.",Законы и налоги,Законы и налоги,региона|разрешили|вышел|закон|который|разрешает|работать,2026-04-19 23:23:00,2026-04-19 23:23:00,1,1,1,1,0,0,0.0,0.0,6.67,новый,False
e_00476,"Законы, налоги и регулирование","Инфоповод по теме «Законы и налоги» за период 19.04.2026 23:40 — 19.04.2026 23:40. Внутри 1 сообщений, чатов: 1. Частые слова: сижу, думаю, делать, дальше, китайская.",Законы и налоги,Законы и налоги,сижу|думаю|делать|дальше|китайская|шалалайка|потом,2026-04-19 23:40:00,2026-04-19 23:40:00,1,1,1,1,0,0,0.0,0.0,6.67,новый,False
e_00478,"Законы, налоги и регулирование","Инфоповод по теме «Законы и налоги» за период 20.04.2026 00:13 — 20.04.2026 00:13. Внутри 1 сообщений, чатов: 1. Частые слова: между, прокладки, стремится, арендаторами, работать.",Законы и налоги,Законы и налоги|яндекс,между|прокладки|стремится|арендаторами|работать|должны|консолидированная,2026-04-20 00:13:00,2026-04-20 00:13:00,1,1,1,1,0,0,0.0,0.0,6.67,новый,False
e_00512,"Законы, налоги и регулирование","Инфоповод по теме «Законы и налоги» за период 20.04.2026 09:15 — 20.04.2026 09:15. Внутри 1 сообщений, чатов: 1. Частые слова: поездки, тариф, стоимость, uber, ожидание.",Законы и налоги,Законы и налоги|Коэффициент,поездки|тариф|стоимость|uber|ожидание|минуту|условия,2026-04-20 09:15:00,2026-04-20 09:15:00,1,1,1,1,0,0,0.0,0.0,6.67,новый,False
e_00514,"Законы, налоги и регулирование","Инфоповод по теме «Законы и налоги» за период 20.04.2026 09:40 — 20.04.2026 09:40. Внутри 1 сообщений, чатов: 1. Частые слова: отчисления, 80к, вообще, идут, заводе.",Законы и налоги,Законы и налоги,отчисления|80к|вообще|идут|заводе|например|около,2026-04-20 09:40:00,2026-04-20 09:40:00,1,1,1,1,0,0,0.0,0.0,6.67,новый,False
e_00519,"Законы, налоги и регулирование","Инфоповод по теме «Законы и налоги» за период 20.04.2026 10:29 — 20.04.2026 10:29. Внутри 1 сообщений, чатов: 1. Частые слова: развала, действительно, года, прихода, власти.",Законы и налоги,Законы и налоги,развала|действительно|года|прихода|власти|ввп|страна,2026-04-20 10:29:00,2026-04-20 10:29:00,1,1,1,1,0,0,0.0,0.0,6.67,новый,False
e_00525,"Законы, налоги и регулирование","Инфоповод по теме «Законы и налоги» за период 20.04.2026 11:28 — 20.04.2026 11:28. Внутри 1 сообщений, чатов: 1. Частые слова: белое, мда, вперед, пару, раз.",Законы и налоги,Законы и налоги,белое|мда|вперед|пару|раз|штраф|получишь,2026-04-20 11:28:00,2026-04-20 11:28:00,1,1,1,1,0,0,0.0,0.0,6.67,новый,False
e_00580,"Законы, налоги и регулирование","Инфоповод по теме «Законы и налоги» за период 20.04.2026 17:14 — 20.04.2026 17:14. Внутри 1 сообщений, чатов: 1. Частые слова: раньше, люди, жрали, соберут, ногами.",Законы и налоги,Законы и налоги,раньше|люди|жрали|соберут|ногами|рожали|детей,2026-04-20 17:14:00,2026-04-20 17:14:00,1,1,1,1,0,0,0.0,0.0,6.67,новый,False
e_00581,"Законы, налоги и регулирование","Инфоповод по теме «Законы и налоги» за период 20.04.2026 17:37 — 20.04.2026 17:37. Внутри 1 сообщений, чатов: 1. Частые слова: блядь, нахуй, рублей, беспилотные, машины.",Законы и налоги,Законы и налоги,блядь|нахуй|рублей|беспилотные|машины|бабло|зачем,2026-04-20 17:37:00,2026-04-20 17:37:00,1,1,1,1,0,0,0.0,0.0,6.67,новый,False
e_00589,"Законы, налоги и регулирование","Инфоповод по теме «Законы и налоги» за период 20.04.2026 18:15 — 20.04.2026 18:15. Внутри 1 сообщений, чатов: 1. Частые слова: изымая, руководствуются, хоть, серьезно, говорите.",Законы и налоги,Законы и налоги,изымая|руководствуются|хоть|серьезно|говорите|том|сотрудники,2026-04-20 18:15:00,2026-04-20 18:15:00,1,1,1,1,0,0,0.0,0.0,6.67,новый,False
e_00592,"Законы, налоги и регулирование","Инфоповод по теме «Законы и налоги» за период 20.04.2026 18:37 — 20.04.2026 18:37. Внутри 1 сообщений, чатов: 1. Частые слова: пределами, приветствую, коллеги, такой, вопрос.",Законы и налоги,Законы и налоги,пределами|приветствую|коллеги|такой|вопрос|собственной|машине,2026-04-20 18:37:00,2026-04-20 18:37:00,1,1,1,1,0,0,0.0,0.0,6.67,новый,False
e_00593,"Законы, налоги и регулирование","Инфоповод по теме «Законы и налоги» за период 20.04.2026 18:37 — 20.04.2026 18:37. Внутри 1 сообщений, чатов: 1. Частые слова: говорю, страховку, десятку, нихуя, своему.",Законы и налоги,Законы и налоги,говорю|страховку|десятку|нихуя|своему|тогда|рублей,2026-04-20 18:37:00,2026-04-20 18:37:00,1,1,1,1,0,0,0.0,0.0,6.67,новый,False
e_00602,"Законы, налоги и регулирование","Инфоповод по теме «Законы и налоги» за период 20.04.2026 20:24 — 20.04.2026 20:24. Внутри 1 сообщений, чатов: 1. Частые слова: налоги, деньги, налог, путин, имущество.",Законы и налоги,Законы и налоги,налоги|деньги|налог|путин|имущество|нужно|этого,2026-04-20 20:24:00,2026-04-20 20:24:00,1,1,1,1,0,0,0.0,0.0,6.67,новый,False
e_00627,"Законы, налоги и регулирование","Инфоповод по теме «Законы и налоги» за период 20.04.2026 22:44 — 20.04.2026 22:44. Внутри 1 сообщений, чатов: 1. Частые слова: водитель, дептранс, водителя, водила, решил.",Законы и налоги,Законы и налоги,водитель|дептранс|водителя|водила|решил|выехать|парковки,2026-04-20 22:44:00,2026-04-20 22:44:00,1,1,1,1,0,0,0.0,0.0,6.67,новый,False
e_00628,"Законы, налоги и регулирование","Инфоповод по теме «Законы и налоги» за период 20.04.2026 22:49 — 20.04.2026 22:49. Внутри 1 сообщений, чатов: 1. Частые слова: проблемы, антипроблема, блядь, проблема, количество.",Законы и налоги,Законы и налоги,проблемы|антипроблема|блядь|проблема|количество|какие|дает,2026-04-20 22:49:00,2026-04-20 22:49:00,1,1,1,1,0,0,0.0,0.0,6.67,новый,False
e_00629,"Законы, налоги и регулирование","Инфоповод по теме «Законы и налоги» за период 20.04.2026 23:00 — 20.04.2026 23:00. Внутри 1 сообщений, чатов: 1. Частые слова: тыр, такси, час, чем, знать.",Законы и налоги,Законы и налоги,тыр|такси|час|чем|знать|социалки|заводах,2026-04-20 23:00:00,2026-04-20 23:00:00,1,1,1,1,0,0,0.0,0.0,6.67,новый,False
e_00630,"Законы, налоги и регулирование","Инфоповод по теме «Законы и налоги» за период 21.04.2026 08:31 — 21.04.2026 08:31. Внутри 1 сообщений, чатов: 1. Частые слова: час, такси, заводах, около, тыр.",Законы и налоги,Законы и налоги,час|такси|заводах|около|тыр|часов|соцпакет,2026-04-21 08:31:00,2026-04-21 08:31:00,1,1,1,1,0,0,0.0,0.0,6.67,новый,False
e_00650,"Законы, налоги и регулирование","Инфоповод по теме «Законы и налоги» за период 21.04.2026 08:29 — 21.04.2026 08:29. Внутри 1 сообщений, чатов: 1. Частые слова: блядь, интернете, хуйню, задавайте, вопросы.",Законы и налоги,Законы и налоги,блядь|интернете|хуйню|задавайте|вопросы|отвечаю|именно,2026-04-21 08:29:00,2026-04-21 08:29:00,1,1,1,1,0,0,0.0,0.0,6.67,новый,False
e_00658,"Законы, налоги и регулирование","Инфоповод по теме «Законы и налоги» за период 21.04.2026 09:26 — 21.04.2026 09:26. Внутри 1 сообщений, чатов: 1. Частые слова: часть, другой, яндекс, выжил, всех.",Законы и налоги,Законы и налоги|Коэффициент|яндекс,часть|другой|яндекс|выжил|всех|конкурентов|кого,2026-04-21 09:26:00,2026-04-21 09:26:00,1,1,1,1,0,0,0.0,0.0,6.67,новый,False
e_00666,"Законы, налоги и регулирование","Инфоповод по теме «Законы и налоги» за период 21.04.2026 11:02 — 21.04.2026 11:02. Внутри 1 сообщений, чатов: 1. Частые слова: говорит, пиздеж, верит, сам, знать.",Законы и налоги,Законы и налоги,говорит|пиздеж|верит|сам|знать|нихуя|знает,2026-04-21 11:02:00,2026-04-21 11:02:00,1,1,1,1,0,0,0.0,0.0,6.67,новый,False
e_00668,"Законы, налоги и регулирование","Инфоповод по теме «Законы и налоги» за период 21.04.2026 11:23 — 21.04.2026 11:23. Внутри 1 сообщений, чатов: 1. Частые слова: тогда, жену, через, два, часа.",Законы и налоги,Законы и налоги,тогда|жену|через|два|часа|заявлю|невском,2026-04-21 11:23:00,2026-04-21 11:23:00,1,1,1,1,0,0,0.0,0.0,6.67,новый,False
e_00672,"Законы, налоги и регулирование","Инфоповод по теме «Законы и налоги» за период 21.04.2026 11:52 — 21.04.2026 11:52. Внутри 1 сообщений, чатов: 1. Частые слова: вырос, почему, дтп, лет, перестали.",Законы и налоги,Законы и налоги,вырос|почему|дтп|лет|перестали|минималку|давать,2026-04-21 11:52:00,2026-04-21 11:52:00,1,1,1,1,0,0,0.0,0.0,6.67,новый,False
e_00681,"Законы, налоги и регулирование","Инфоповод по теме «Законы и налоги» за период 21.04.2026 13:10 — 21.04.2026 13:10. Внутри 1 сообщений, чатов: 1. Частые слова: водитель, этом, блядь, далее, кстати.",Законы и налоги,Законы и налоги,водитель|этом|блядь|далее|кстати|электронных|путевых,2026-04-21 13:10:00,2026-04-21 13:10:00,1,1,1,1,0,0,0.0,0.0,6.67,новый,False
e_00718,"Законы, налоги и регулирование","Инфоповод по теме «Законы и налоги» за период 21.04.2026 20:08 — 21.04.2026 20:08. Внутри 1 сообщений, чатов: 1. Частые слова: идут, вообще, таджик, радовался, работает.",Законы и налоги,Законы и налоги|яндекс,идут|вообще|таджик|радовался|работает|налоги|коля,2026-04-21 20:08:00,2026-04-21 20:08:00,1,1,1,1,0,0,0.0,0.0,6.67,новый,False
e_00740,"Законы, налоги и регулирование","Инфоповод по теме «Законы и налоги» за период 22.04.2026 01:46 — 22.04.2026 01:46. Внутри 1 сообщений, чатов: 1. Частые слова: могу, владеть, парком, машин, перевозчиком.",Законы и налоги,Законы и налоги,могу|владеть|парком|машин|перевозчиком|разрешения|авто,2026-04-22 01:46:00,2026-04-22 01:46:00,1,1,1,1,0,0,0.0,0.0,6.67,новый,False
e_00742,"Законы, налоги и регулирование","Инфоповод по теме «Законы и налоги» за период 18.04.2026 13:37 — 18.04.2026 13:37. Внутри 1 сообщений, чатов: 1. Частые слова: граждане, воотны, заключать, любые, договора.",Законы и налоги,Законы и налоги,граждане|воотны|заключать|любые|договора|сам|договор,2026-04-18 13:37:00,2026-04-18 13:37:00,1,1,1,1,0,0,0.0,0.0,6.67,новый,False
e_00743,"Законы, налоги и регулирование","Инфоповод по теме «Законы и налоги» за период 22.04.2026 01:58 — 22.04.2026 01:58. Внутри 1 сообщений, чатов: 1. Частые слова: договора, уход, налогов, трудовым, отношениям.",Законы и налоги,Законы и налоги,договора|уход|налогов|трудовым|отношениям|шоколад|вместо,2026-04-22 01:58:00,2026-04-22 01:58:00,1,1,1,1,0,0,0.0,0.0,6.67,новый,False
e_00744,"Законы, налоги и регулирование","Инфоповод по теме «Законы и налоги» за период 22.04.2026 02:13 — 22.04.2026 02:13. Внутри 1 сообщений, чатов: 1. Частые слова: нытики, потому, дебилу, сказали, блядь.",Законы и налоги,Законы и налоги,нытики|потому|дебилу|сказали|блядь|всей|стране,2026-04-22 02:13:00,2026-04-22 02:13:00,1,1,1,1,0,0,0.0,0.0,6.67,новый,False
e_00758,"Законы, налоги и регулирование","Инфоповод по теме «Законы и налоги» за период 22.04.2026 08:25 — 22.04.2026 08:25. Внутри 1 сообщений, чатов: 1. Частые слова: блядь, плачу, грубо, говоря, принципе.",Законы и налоги,Законы и налоги,блядь|плачу|грубо|говоря|принципе|нормально|блять,2026-04-22 08:25:00,2026-04-22 08:25:00,1,1,1,1,0,0,0.0,0.0,6.67,новый,False
e_00763,"Законы, налоги и регулирование","Инфоповод по теме «Законы и налоги» за период 22.04.2026 09:57 — 22.04.2026 09:57. Внутри 1 сообщений, чатов: 1. Частые слова: яндекс, блокировки, одно, наших, предложений.",Законы и налоги,Законы и налоги|яндекс,яндекс|блокировки|одно|наших|предложений|всей|бумажной,2026-04-22 09:57:00,2026-04-22 09:57:00,1,1,1,1,0,0,0.0,0.0,6.67,новый,False
e_00772,"Законы, налоги и регулирование","Инфоповод по теме «Законы и налоги» за период 22.04.2026 10:47 — 22.04.2026 10:47. Внутри 1 сообщений, чатов: 1. Частые слова: миллион, патент, можно, платежи, тысяч.",Законы и налоги,Законы и налоги,миллион|патент|можно|платежи|тысяч|год|восемьсот,2026-04-22 10:47:00,2026-04-22 10:47:00,1,1,1,1,0,0,0.0,0.0,6.67,новый,False
e_00785,"Законы, налоги и регулирование","Инфоповод по теме «Законы и налоги» за период 22.04.2026 12:01 — 22.04.2026 12:01. Внутри 1 сообщений, чатов: 1. Частые слова: блядь, вообще, другая, алена, случае.",Законы и налоги,Законы и налоги,блядь|вообще|другая|алена|случае|отправить|другую,2026-04-22 12:01:00,2026-04-22 12:01:00,1,1,1,1,0,0,0.0,0.0,6.67,новый,False
e_00800,"Законы, налоги и регулирование","Инфоповод по теме «Законы и налоги» за период 22.04.2026 12:51 — 22.04.2026 12:51. Внутри 1 сообщений, чатов: 1. Частые слова: машину, разрешение, перевозчик, вообще, можешь.",Законы и налоги,Законы и налоги,машину|разрешение|перевозчик|вообще|можешь|реестр|описано,2026-04-22 12:51:00,2026-04-22 12:51:00,1,1,1,1,0,0,0.0,0.0,6.67,новый,False
e_00806,"Законы, налоги и регулирование","Инфоповод по теме «Законы и налоги» за период 22.04.2026 14:09 — 22.04.2026 14:09. Внутри 1 сообщений, чатов: 1. Частые слова: привет, знакомые, веришь, могу, сфотографировать.",Законы и налоги,Законы и налоги,привет|знакомые|веришь|могу|сфотографировать|буду|дома,2026-04-22 14:09:00,2026-04-22 14:09:00,1,1,1,1,0,0,0.0,0.0,6.67,новый,False
e_00818,"Законы, налоги и регулирование","Инфоповод по теме «Законы и налоги» за период 22.04.2026 14:54 — 22.04.2026 14:54. Внутри 1 сообщений, чатов: 1. Частые слова: блять, блядь, яндекс, возите, возмущаетесь.",Законы и налоги,Законы и налоги|яндекс,блять|блядь|яндекс|возите|возмущаетесь|сами|рекомендованная,2026-04-22 14:54:00,2026-04-22 14:54:00,1,1,1,1,0,0,0.0,0.0,6.67,новый,False
e_00835,"Законы, налоги и регулирование","Инфоповод по теме «Законы и налоги» за период 22.04.2026 17:37 — 22.04.2026 17:37. Внутри 1 сообщений, чатов: 1. Частые слова: короче, особо, отслеживал, именно, моем.",Законы и налоги,Законы и налоги|яндекс,короче|особо|отслеживал|именно|моем|налоге|движение,2026-04-22 17:37:00,2026-04-22 17:37:00,1,1,1,1,0,0,0.0,0.0,6.67,новый,False
e_00842,"Законы, налоги и регулирование","Инфоповод по теме «Законы и налоги» за период 22.04.2026 18:33 — 22.04.2026 18:33. Внутри 1 сообщений, чатов: 1. Частые слова: года, три, назад, почти, лонжероны.",Законы и налоги,Законы и налоги,года|три|назад|почти|лонжероны|ушли|левой,2026-04-22 18:33:00,2026-04-22 18:33:00,1,1,1,1,0,0,0.0,0.0,6.67,новый,False
e_00858,"Законы, налоги и регулирование","Инфоповод по теме «Законы и налоги» за период 22.04.2026 20:42 — 22.04.2026 20:42. Внутри 1 сообщений, чатов: 1. Частые слова: раньше, лизинг, хуй, делают, каска.",Законы и налоги,Законы и налоги,раньше|лизинг|хуй|делают|каска|лет|брали,2026-04-22 20:42:00,2026-04-22 20:42:00,1,1,1,1,0,0,0.0,0.0,6.67,новый,False
e_00863,"Законы, налоги и регулирование","Инфоповод по теме «Законы и налоги» за период 22.04.2026 21:15 — 22.04.2026 21:15. Внутри 1 сообщений, чатов: 1. Частые слова: можешь, хвалить, которое, променял, предыдущее.",Законы и налоги,Законы и налоги,можешь|хвалить|которое|променял|предыдущее|потому|потерялся,2026-04-22 21:15:00,2026-04-22 21:15:00,1,1,1,1,0,0,0.0,0.0,6.67,новый,False
e_00875,"Законы, налоги и регулирование","Инфоповод по теме «Законы и налоги» за период 22.04.2026 22:28 — 22.04.2026 22:28. Внутри 1 сообщений, чатов: 1. Частые слова: прав, устройств, лишение, номеров, лет.",Законы и налоги,Законы и налоги,прав|устройств|лишение|номеров|лет|закон|штраф,2026-04-22 22:28:00,2026-04-22 22:28:00,1,1,1,1,0,0,0.0,0.0,6.67,новый,False
e_00886,"Законы, налоги и регулирование","Инфоповод по теме «Законы и налоги» за период 23.04.2026 02:32 — 23.04.2026 02:32. Внутри 1 сообщений, чатов: 1. Частые слова: блядь, типа, какого, пока, яндекса.",Законы и налоги,Законы и налоги|яндекс,блядь|типа|какого|пока|яндекса|сути|плюс,2026-04-23 02:32:00,2026-04-23 02:32:00,1,1,1,1,0,0,0.0,0.0,6.67,новый,False
e_00887,"Законы, налоги и регулирование","Инфоповод по теме «Законы и налоги» за период 23.04.2026 02:44 — 23.04.2026 02:44. Внутри 1 сообщений, чатов: 1. Частые слова: старше, лет, тачки, какие, поэтому.",Законы и налоги,Законы и налоги,старше|лет|тачки|какие|поэтому|плюс|вроде,2026-04-23 02:44:00,2026-04-23 02:44:00,1,1,1,1,0,0,0.0,0.0,6.67,новый,False
e_00909,"Законы, налоги и регулирование","Инфоповод по теме «Законы и налоги» за период 23.04.2026 10:03 — 23.04.2026 10:03. Внутри 1 сообщений, чатов: 1. Частые слова: блядь, вообще, этом, аккаунте, нету.",Законы и налоги,Законы и налоги,блядь|вообще|этом|аккаунте|нету|аккаунт|оживил,2026-04-23 10:03:00,2026-04-23 10:03:00,1,1,1,1,0,0,0.0,0.0,6.67,новый,False
e_00926,"Законы, налоги и регулирование","Инфоповод по теме «Законы и налоги» за период 23.04.2026 13:15 — 23.04.2026 13:15. Внутри 1 сообщений, чатов: 1. Частые слова: сказала, ничего, обращение, сказать, этом.",Законы и налоги,Законы и налоги,сказала|ничего|обращение|сказать|этом|жим|кейс,2026-04-23 13:15:00,2026-04-23 13:15:00,1,1,1,1,0,0,0.0,0.0,6.67,новый,False
e_00951,"Законы, налоги и регулирование","Инфоповод по теме «Законы и налоги» за период 23.04.2026 16:50 — 23.04.2026 16:50. Внутри 1 сообщений, чатов: 1. Частые слова: блядь, шашки, штраф, именно, видно.",Законы и налоги,Законы и налоги,блядь|шашки|штраф|именно|видно|человеку|пришел,2026-04-23 16:50:00,2026-04-23 16:50:00,1,1,1,1,0,0,0.0,0.0,6.67,новый,False
e_00965,"Законы, налоги и регулирование","Инфоповод по теме «Законы и налоги» за период 23.04.2026 19:20 — 23.04.2026 19:20. Внутри 1 сообщений, чатов: 1. Частые слова: сама, фаре, должна, метка, какими.",Законы и налоги,Законы и налоги,сама|фаре|должна|метка|какими|лампами|можно,2026-04-23 19:20:00,2026-04-23 19:20:00,1,1,1,1,0,0,0.0,0.0,6.67,новый,False
e_00966,"Законы, налоги и регулирование","Инфоповод по теме «Законы и налоги» за период 23.04.2026 19:25 — 23.04.2026 19:25. Внутри 1 сообщений, чатов: 1. Частые слова: почему, тачки, цене, жигулей, сдают.",Законы и налоги,Законы и налоги,почему|тачки|цене|жигулей|сдают|выработали|минимум,2026-04-23 19:25:00,2026-04-23 19:25:00,1,1,1,1,0,0,0.0,0.0,6.67,новый,False
e_00969,"Законы, налоги и регулирование","Инфоповод по теме «Законы и налоги» за период 23.04.2026 19:33 — 23.04.2026 19:33. Внутри 1 сообщений, чатов: 1. Частые слова: потом, говорю, москвы, вообще, никто.",Законы и налоги,Законы и налоги|яндекс,потом|говорю|москвы|вообще|никто|ничего|екатеринбурге,2026-04-23 19:33:00,2026-04-23 19:33:00,1,1,1,1,0,0,0.0,0.0,6.67,новый,False
e_00971,"Законы, налоги и регулирование","Инфоповод по теме «Законы и налоги» за период 23.04.2026 19:39 — 23.04.2026 19:39. Внутри 1 сообщений, чатов: 1. Частые слова: потом, потому, закон, херня, программисты.",Законы и налоги,Законы и налоги|яндекс,потом|потому|закон|херня|программисты|алгоритм|эти,2026-04-23 19:39:00,2026-04-23 19:39:00,1,1,1,1,0,0,0.0,0.0,6.67,новый,False
e_00981,"Законы, налоги и регулирование","Инфоповод по теме «Законы и налоги» за период 23.04.2026 20:58 — 23.04.2026 20:58. Внутри 1 сообщений, чатов: 1. Частые слова: забирают, заберут, этом, рейде, полным.",Законы и налоги,Законы и налоги,забирают|заберут|этом|рейде|полным|пакетом|документов,2026-04-23 20:58:00,2026-04-23 20:58:00,1,1,1,1,0,0,0.0,0.0,6.67,новый,False
e_00985,"Законы, налоги и регулирование","Инфоповод по теме «Законы и налоги» за период 22.04.2026 14:53 — 22.04.2026 14:53. Внутри 1 сообщений, чатов: 1. Частые слова: пассажиров, осгоп, вред, стоимость, компании.",Законы и налоги,Законы и налоги,пассажиров|осгоп|вред|стоимость|компании|перевозчика|страхования,2026-04-22 14:53:00,2026-04-22 14:53:00,1,1,1,1,0,0,0.0,0.0,6.67,новый,False
e_00986,"Законы, налоги и регулирование","Инфоповод по теме «Законы и налоги» за период 23.04.2026 21:12 — 23.04.2026 21:12. Внутри 1 сообщений, чатов: 1. Частые слова: какой, осаго, черных, оформить, обычный.",Законы и налоги,Законы и налоги,какой|осаго|черных|оформить|обычный|такси|перевозок,2026-04-23 21:12:00,2026-04-23 21:12:00,1,1,1,1,0,0,0.0,0.0,6.67,новый,False
e_00988,"Законы, налоги и регулирование","Инфоповод по теме «Законы и налоги» за период 23.04.2026 21:21 — 23.04.2026 21:21. Внутри 1 сообщений, чатов: 1. Частые слова: сколько, обычно, гибдд, ждать, часа.",Законы и налоги,Законы и налоги,сколько|обычно|гибдд|ждать|часа|прошло|сцука,2026-04-23 21:21:00,2026-04-23 21:21:00,1,1,1,1,0,0,0.0,0.0,6.67,новый,False
e_00989,"Законы, налоги и регулирование","Инфоповод по теме «Законы и налоги» за период 23.04.2026 21:22 — 23.04.2026 21:22. Внутри 1 сообщений, чатов: 1. Частые слова: блядь, страховой, зависит, страховку, наебаете.",Законы и налоги,Законы и налоги,блядь|страховой|зависит|страховку|наебаете|вообще|используется,2026-04-23 21:22:00,2026-04-23 21:22:00,1,1,1,1,0,0,0.0,0.0,6.67,новый,False
e_00995,"Законы, налоги и регулирование","Инфоповод по теме «Законы и налоги» за период 23.04.2026 22:39 — 23.04.2026 22:39. Внутри 1 сообщений, чатов: 1. Частые слова: всем, ксай, резко, пропал, спрос.",Законы и налоги,Законы и налоги,всем|ксай|резко|пропал|спрос|карте|ушло,2026-04-23 22:39:00,2026-04-23 22:39:00,1,1,1,1,0,0,0.0,0.0,6.67,новый,False
e_01008,"Законы, налоги и регулирование","Инфоповод по теме «Законы и налоги» за период 18.04.2026 10:30 — 18.04.2026 10:30. Внутри 1 сообщений, чатов: 1. Частые слова: почему, парках, официально, запрет, выезд.",Законы и налоги,Законы и налоги,почему|парках|официально|запрет|выезд|пределы|считая,2026-04-18 10:30:00,2026-04-18 10:30:00,1,1,1,1,0,0,0.0,0.0,6.67,новый,False
e_01009,"Законы, налоги и регулирование","Инфоповод по теме «Законы и налоги» за период 18.04.2026 23:37 — 18.04.2026 23:37. Внутри 1 сообщений, чатов: 1. Частые слова: депозит, сдачи, протяжение, машины, штрафы.",Законы и налоги,Законы и налоги,депозит|сдачи|протяжение|машины|штрафы|которые|компания,2026-04-18 23:37:00,2026-04-18 23:37:00,1,1,1,1,0,0,0.0,0.0,6.67,новый,False
e_01028,"Законы, налоги и регулирование","Инфоповод по теме «Законы и налоги» за период 22.04.2026 09:07 — 22.04.2026 09:07. Внутри 1 сообщений, чатов: 1. Частые слова: сентября, года, россии, вводится, технологический.",Законы и налоги,Законы и налоги,сентября|года|россии|вводится|технологический|сбор|электронику,2026-04-22 09:07:00,2026-04-22 09:07:00,1,1,1,1,0,0,0.0,0.0,6.67,новый,False
e_01029,"Законы, налоги и регулирование","Инфоповод по теме «Законы и налоги» за период 22.04.2026 17:23 — 22.04.2026 17:23. Внутри 1 сообщений, чатов: 1. Частые слова: рыцарь, клал, гордый, прибором, класть.",Законы и налоги,Законы и налоги,рыцарь|клал|гордый|прибором|класть|высоким|забором,2026-04-22 17:23:00,2026-04-22 17:23:00,1,1,1,1,0,0,0.0,0.0,6.67,новый,False
e_01037,"Законы, налоги и регулирование","Инфоповод по теме «Законы и налоги» за период 22.04.2026 12:58 — 22.04.2026 12:58. Внутри 1 сообщений, чатов: 1. Частые слова: ильюхе, боялся.",Законы и налоги,Законы и налоги,ильюхе|боялся,2026-04-22 12:58:00,2026-04-22 12:58:00,1,1,1,1,0,0,0.0,0.0,6.67,новый,False
e_01055,"Законы, налоги и регулирование","Инфоповод по теме «Законы и налоги» за период 18.04.2026 09:51 — 18.04.2026 09:51. Внутри 1 сообщений, чатов: 1. Частые слова: злой, петров, telegram, чашка, кофе.",Законы и налоги,Законы и налоги,злой|петров|telegram|чашка|кофе|стоить|рублей,2026-04-18 09:51:00,2026-04-18 09:51:00,1,1,1,1,0,0,0.0,0.0,6.67,новый,False
e_01057,"Законы, налоги и регулирование","Инфоповод по теме «Законы и налоги» за период 19.04.2026 09:43 — 19.04.2026 09:43. Внутри 1 сообщений, чатов: 1. Частые слова: единой, россии, терешкова, вновь, сделать.",Законы и налоги,Законы и налоги,единой|россии|терешкова|вновь|сделать|летняя|валентина,2026-04-19 09:43:00,2026-04-19 09:43:00,1,1,1,1,0,0,0.0,0.0,6.67,новый,False
e_01083,"Законы, налоги и регулирование","Инфоповод по теме «Законы и налоги» за период 23.04.2026 13:17 — 23.04.2026 13:17. Внутри 1 сообщений, чатов: 1. Частые слова: вариант, такси, чате, два, месяца.",Законы и налоги,Законы и налоги,вариант|такси|чате|два|месяца|предлагал|подработки,2026-04-23 13:17:00,2026-04-23 13:17:00,1,1,1,1,0,0,0.0,0.0,6.67,новый,False
e_01100,"Законы, налоги и регулирование","Инфоповод по теме «Законы и налоги» за период 19.04.2026 08:13 — 19.04.2026 08:13. Внутри 1 сообщений, чатов: 1. Частые слова: оформлен, полис, чаевые, полист, разделе.",Законы и налоги,Законы и налоги,оформлен|полис|чаевые|полист|разделе|найдете|bbl,2026-04-19 08:13:00,2026-04-19 08:13:00,1,1,1,1,0,0,0.0,0.0,6.67,новый,False
e_01104,"Законы, налоги и регулирование","Инфоповод по теме «Законы и налоги» за период 17.04.2026 00:00 — 17.04.2026 00:00. Внутри 1 сообщений, чатов: 1. Частые слова: люди, могут, вести, неправильно, куда.",Законы и налоги,Законы и налоги,люди|могут|вести|неправильно|куда|оставляет|свою,2026-04-17 00:00:00,2026-04-17 00:00:00,1,1,1,1,0,0,0.0,0.0,6.67,новый,False
e_01108,"Законы, налоги и регулирование","Инфоповод по теме «Законы и налоги» за период 17.04.2026 19:41 — 17.04.2026 19:41. Внутри 1 сообщений, чатов: 1. Частые слова: сотрудников, гибдд, vin, номер, автомобиль.",Законы и налоги,Законы и налоги,сотрудников|гибдд|vin|номер|автомобиль|транспортного|средства,2026-04-17 19:41:00,2026-04-17 19:41:00,1,1,1,1,0,0,0.0,0.0,6.67,новый,False
e_01110,"Законы, налоги и регулирование","Инфоповод по теме «Законы и налоги» за период 19.04.2026 23:41 — 19.04.2026 23:41. Внутри 1 сообщений, чатов: 1. Частые слова: рублей, алексея, имущество, миллиарда, forbes.",Законы и налоги,Законы и налоги,рублей|алексея|имущество|миллиарда|forbes|году|константин,2026-04-19 23:41:00,2026-04-19 23:41:00,1,1,1,1,0,0,0.0,0.0,6.67,новый,False
e_01112,"Законы, налоги и регулирование","Инфоповод по теме «Законы и налоги» за период 20.04.2026 12:45 — 20.04.2026 12:45. Внутри 1 сообщений, чатов: 1. Частые слова: отказ, минтруда, таджикистана, будут, прокомментирую.",Законы и налоги,Законы и налоги,отказ|минтруда|таджикистана|будут|прокомментирую|новость|сообщили,2026-04-20 12:45:00,2026-04-20 12:45:00,1,1,1,1,0,0,0.0,0.0,6.67,новый,False
e_01115,"Законы, налоги и регулирование","Инфоповод по теме «Законы и налоги» за период 20.04.2026 21:06 — 20.04.2026 21:06. Внутри 1 сообщений, чатов: 1. Частые слова: части, юристы, том, такие, дтп.",Законы и налоги,Законы и налоги,части|юристы|том|такие|дтп|друга|моего,2026-04-20 21:06:00,2026-04-20 21:06:00,1,1,1,1,0,0,0.0,0.0,6.67,новый,False
e_01125,"Законы, налоги и регулирование","Инфоповод по теме «Законы и налоги» за период 23.04.2026 00:34 — 23.04.2026 00:34. Внутри 1 сообщений, чатов: 1. Частые слова: откуда, друзья, будьте, ласка, напомните.",Законы и налоги,Законы и налоги,откуда|друзья|будьте|ласка|напомните|взялось|объективное,2026-04-23 00:34:00,2026-04-23 00:34:00,1,1,1,1,0,0,0.0,0.0,6.67,новый,False
e_01129,"Законы, налоги и регулирование","Инфоповод по теме «Законы и налоги» за период 17.04.2026 15:55 — 17.04.2026 15:55. Внутри 1 сообщений, чатов: 1. Частые слова: поворот.",Законы и налоги,Законы и налоги,поворот,2026-04-17 15:55:00,2026-04-17 15:55:00,1,1,1,1,0,0,0.0,0.0,6.67,новый,False
e_01140,"Законы, налоги и регулирование","Инфоповод по теме «Законы и налоги» за период 22.04.2026 15:50 — 22.04.2026 15:50. Внутри 1 сообщений, чатов: 1. Частые слова: поликлиники, знаки, блядь, среду, нельзя.",Законы и налоги,Законы и налоги,поликлиники|знаки|блядь|среду|нельзя|сука|эти,2026-04-22 15:50:00,2026-04-22 15:50:00,1,1,1,1,0,0,0.0,0.0,6.67,новый,False
e_01166,"Законы, налоги и регулирование","Инфоповод по теме «Законы и налоги» за период 23.04.2026 13:44 — 23.04.2026 13:44. Внутри 1 сообщений, чатов: 1. Частые слова: drivee, требования, такси, недавно, регистрировался.",Законы и налоги,Законы и налоги,drivee|требования|такси|недавно|регистрировался|дровах|регистрации,2026-04-23 13:44:00,2026-04-23 13:44:00,1,1,1,1,0,0,0.0,0.0,6.67,новый,False
e_01167,"Законы, налоги и регулирование","Инфоповод по теме «Законы и налоги» за период 17.04.2026 13:24 — 17.04.2026 13:24. Внутри 1 сообщений, чатов: 1. Частые слова: автомобилей, около, такси, день, часть.",Законы и налоги,Законы и налоги|Приложение и сбои|Яндекс Про,автомобилей|около|такси|день|часть|компания|технологии,2026-04-17 13:24:00,2026-04-17 13:24:00,1,1,1,1,0,0,0.0,0.0,6.67,новый,False
e_01168,"Законы, налоги и регулирование","Инфоповод по теме «Законы и налоги» за период 20.04.2026 19:06 — 20.04.2026 19:06. Внутри 1 сообщений, чатов: 1. Частые слова: умеют, камеры, новые, дорожные, много.",Законы и налоги,Законы и налоги,умеют|камеры|новые|дорожные|много|лет|могут,2026-04-20 19:06:00,2026-04-20 19:06:00,1,1,1,1,0,0,0.0,0.0,6.67,новый,False
e_01175,"Законы, налоги и регулирование","Инфоповод по теме «Законы и налоги» за период 18.04.2026 20:26 — 18.04.2026 20:26. Внутри 1 сообщений, чатов: 1. Частые слова: vpn, ограничения, интернета, закупают, млн.",Законы и налоги,Законы и налоги,vpn|ограничения|интернета|закупают|млн|рублей|почти,2026-04-18 20:26:00,2026-04-18 20:26:00,1,1,1,1,0,0,0.0,0.0,6.67,новый,False
e_01178,"Законы, налоги и регулирование","Инфоповод по теме «Законы и налоги» за период 19.04.2026 04:25 — 19.04.2026 04:25. Внутри 1 сообщений, чатов: 1. Частые слова: кол, жду, пассажира, короче, точка.",Законы и налоги,Законы и налоги,кол|жду|пассажира|короче|точка|стоял|георгиевском,2026-04-19 04:25:00,2026-04-19 04:25:00,1,1,1,1,0,0,0.0,0.0,6.67,новый,False
e_01180,"Законы, налоги и регулирование","Инфоповод по теме «Законы и налоги» за период 19.04.2026 12:23 — 19.04.2026 12:23. Внутри 1 сообщений, чатов: 1. Частые слова: воду, александр, сергеевич, человек, власти.",Законы и налоги,Законы и налоги,воду|александр|сергеевич|человек|власти|депутат|рассудите,2026-04-19 12:23:00,2026-04-19 12:23:00,1,1,1,1,0,0,0.0,0.0,6.67,новый,False
e_01201,"Законы, налоги и регулирование","Инфоповод по теме «Законы и налоги» за период 19.04.2026 13:45 — 19.04.2026 13:45. Внутри 1 сообщений, чатов: 1. Частые слова: ситуация, денег, вопрос, отказ, мужчины.",Законы и налоги,Законы и налоги,ситуация|денег|вопрос|отказ|мужчины|девушки|такой,2026-04-19 13:45:00,2026-04-19 13:45:00,1,1,1,1,0,0,0.0,0.0,6.67,новый,False
e_01225,"Законы, налоги и регулирование","Инфоповод по теме «Законы и налоги» за период 20.04.2026 15:25 — 20.04.2026 15:25. Внутри 1 сообщений, чатов: 1. Частые слова: онлайн, долги, жкх, хотят, списывать.",Законы и налоги,Законы и налоги,онлайн|долги|жкх|хотят|списывать|регионах|россии,2026-04-20 15:25:00,2026-04-20 15:25:00,1,1,1,1,0,0,0.0,0.0,6.67,новый,False
e_01231,"Законы, налоги и регулирование","Инфоповод по теме «Законы и налоги» за период 22.04.2026 14:40 — 22.04.2026 14:40. Внутри 1 сообщений, чатов: 1. Частые слова: ездить, плане, того, страхования.",Законы и налоги,Законы и налоги,ездить|плане|того|страхования,2026-04-22 14:40:00,2026-04-22 14:40:00,1,1,1,1,0,0,0.0,0.0,6.67,новый,False
e_01234,"Законы, налоги и регулирование","Инфоповод по теме «Законы и налоги» за период 20.04.2026 01:34 — 20.04.2026 01:34. Внутри 1 сообщений, чатов: 1. Частые слова: налогов, будут, автоматический, контроль, неуплатой.",Законы и налоги,Законы и налоги,налогов|будут|автоматический|контроль|неуплатой|вводят|россии,2026-04-20 01:34:00,2026-04-20 01:34:00,1,1,1,1,0,0,0.0,0.0,6.67,новый,False
e_01252,"Законы, налоги и регулирование","Инфоповод по теме «Законы и налоги» за период 21.04.2026 14:10 — 21.04.2026 14:10. Внутри 1 сообщений, чатов: 1. Частые слова: получит, свою, тыщу, человек, потом.",Законы и налоги,Законы и налоги,получит|свою|тыщу|человек|потом|ахуеет|налогами,2026-04-21 14:10:00,2026-04-21 14:10:00,1,1,1,1,0,0,0.0,0.0,6.67,новый,False
e_01287,"Законы, налоги и регулирование","Инфоповод по теме «Законы и налоги» за период 17.04.2026 08:12 — 17.04.2026 08:12. Внутри 1 сообщений, чатов: 1. Частые слова: млн, россиян, могут, попасть, усиленный.",Законы и налоги,Законы и налоги,млн|россиян|могут|попасть|усиленный|контроль|переводов,2026-04-17 08:12:00,2026-04-17 08:12:00,1,1,1,1,0,0,0.0,0.0,6.67,новый,False
e_01288,"Законы, налоги и регулирование","Инфоповод по теме «Законы и налоги» за период 18.04.2026 13:53 — 18.04.2026 13:53. Внутри 1 сообщений, чатов: 1. Частые слова: бустеры, блин, люблю, таких, дюжонных.",Законы и налоги,Законы и налоги,бустеры|блин|люблю|таких|дюжонных|пассажиров|особенно,2026-04-18 13:53:00,2026-04-18 13:53:00,1,1,1,1,0,0,0.0,0.0,6.67,новый,False
e_01290,"Законы, налоги и регулирование","Инфоповод по теме «Законы и налоги» за период 20.04.2026 21:54 — 20.04.2026 21:54. Внутри 1 сообщений, чатов: 1. Частые слова: российской, присяжные, города, уважасмый, алексей.",Законы и налоги,Законы и налоги,российской|присяжные|города|уважасмый|алексей|вячеславович|сообщаем,2026-04-20 21:54:00,2026-04-20 21:54:00,1,1,1,1,0,0,0.0,0.0,6.67,новый,False
e_01295,"Законы, налоги и регулирование","Инфоповод по теме «Законы и налоги» за период 20.04.2026 14:00 — 20.04.2026 14:00. Внутри 1 сообщений, чатов: 1. Частые слова: налоговая, данные, яндекс, яндекса, такси.",Законы и налоги,Законы и налоги|яндекс,налоговая|данные|яндекс|яндекса|такси|налоговой|налог,2026-04-20 14:00:00,2026-04-20 14:00:00,1,1,1,1,0,0,0.0,0.0,6.67,новый,False
e_01299,"Законы, налоги и регулирование","Инфоповод по теме «Законы и налоги» за период 17.04.2026 22:26 — 17.04.2026 22:26. Внутри 1 сообщений, чатов: 1. Частые слова: мичурина, блять, пиздюк, получается, въебался.",Законы и налоги,Законы и налоги,мичурина|блять|пиздюк|получается|въебался|судись|бля,2026-04-17 22:26:00,2026-04-17 22:26:00,1,1,1,1,0,0,0.0,0.0,6.67,новый,False
e_01301,"Законы, налоги и регулирование","Инфоповод по теме «Законы и налоги» за период 20.04.2026 14:40 — 20.04.2026 14:40. Внутри 1 сообщений, чатов: 1. Частые слова: госуслугах, обжалования, всех, штраф, обжаловать.",Законы и налоги,Законы и налоги,госуслугах|обжалования|всех|штраф|обжаловать|службы|постановления,2026-04-20 14:40:00,2026-04-20 14:40:00,1,1,1,1,0,0,0.0,0.0,6.67,новый,False
e_01302,"Законы, налоги и регулирование","Инфоповод по теме «Законы и налоги» за период 21.04.2026 14:49 — 21.04.2026 14:49. Внутри 1 сообщений, чатов: 1. Частые слова: госуслугах, обжалования, штраф, постановления, госдуме.",Законы и налоги,Законы и налоги,госуслугах|обжалования|штраф|постановления|госдуме|предложили|создать,2026-04-21 14:49:00,2026-04-21 14:49:00,1,1,1,1,0,0,0.0,0.0,6.67,новый,False
e_01305,"Законы, налоги и регулирование","Инфоповод по теме «Законы и налоги» за период 22.04.2026 17:57 — 22.04.2026 17:57. Внутри 1 сообщений, чатов: 1. Частые слова: рублей, штраф, превышение, самых, текущих.",Законы и налоги,Законы и налоги,рублей|штраф|превышение|самых|текущих|вместо|штрафы,2026-04-22 17:57:00,2026-04-22 17:57:00,1,1,1,1,0,0,0.0,0.0,6.67,новый,False
e_01316,"Законы, налоги и регулирование","Инфоповод по теме «Законы и налоги» за период 19.04.2026 20:28 — 19.04.2026 20:28. Внутри 1 сообщений, чатов: 1. Частые слова: школа, строится, газелька, проверьте, потому.",Законы и налоги,Законы и налоги,школа|строится|газелька|проверьте|потому|вон|окнами,2026-04-19 20:28:00,2026-04-19 20:28:00,1,1,1,1,0,0,0.0,0.0,6.67,новый,False
e_01341,"Законы, налоги и регулирование","Инфоповод по теме «Законы и налоги» за период 22.04.2026 23:01 — 22.04.2026 23:01. Внутри 1 сообщений, чатов: 1. Частые слова: вроде, страховку, полицай, нууу, штраф.",Законы и налоги,Законы и налоги,вроде|страховку|полицай|нууу|штраф|тянул|типо,2026-04-22 23:01:00,2026-04-22 23:01:00,1,1,1,1,0,0,0.0,0.0,6.67,новый,False
e_01342,"Законы, налоги и регулирование","Инфоповод по теме «Законы и налоги» за период 22.04.2026 23:57 — 22.04.2026 23:57. Внутри 1 сообщений, чатов: 1. Частые слова: слушайте, крики, конце, года, переходите.",Законы и налоги,Законы и налоги,слушайте|крики|конце|года|переходите|усн|проблем,2026-04-22 23:57:00,2026-04-22 23:57:00,1,1,1,1,0,0,0.0,0.0,6.67,новый,False
e_01355,"Законы, налоги и регулирование","Инфоповод по теме «Законы и налоги» за период 20.04.2026 17:47 — 20.04.2026 17:47. Внутри 1 сообщений, чатов: 1. Частые слова: удивляюсь, обязан, честно, самом, деле.",Законы и налоги,Законы и налоги,удивляюсь|обязан|честно|самом|деле|людям|которые,2026-04-20 17:47:00,2026-04-20 17:47:00,1,1,1,1,0,0,0.0,0.0,6.67,новый,False
e_01380,"Законы, налоги и регулирование","Инфоповод по теме «Законы и налоги» за период 23.04.2026 17:43 — 23.04.2026 17:43. Внутри 1 сообщений, чатов: 1. Частые слова: подписке, можно, взять, аренду, пока.",Законы и налоги,Законы и налоги,подписке|можно|взять|аренду|пока|трех|веста,2026-04-23 17:43:00,2026-04-23 17:43:00,1,1,1,1,0,0,0.0,0.0,6.67,новый,False
e_01383,"Законы, налоги и регулирование","Инфоповод по теме «Законы и налоги» за период 21.04.2026 13:41 — 21.04.2026 13:41. Внутри 1 сообщений, чатов: 1. Частые слова: рублей, штраф, пороводной, дорог, неоплаченный.",Законы и налоги,Законы и налоги,рублей|штраф|пороводной|дорог|неоплаченный|проезд|vesti,2026-04-21 13:41:00,2026-04-21 13:41:00,1,1,1,1,0,0,0.0,0.0,6.67,новый,False
e_01398,"Законы, налоги и регулирование","Инфоповод по теме «Законы и налоги» за период 18.04.2026 13:30 — 18.04.2026 13:30. Внутри 1 сообщений, чатов: 1. Частые слова: вопрос, запрос, задать, агрегатору, депутатский.",Законы и налоги,Законы и налоги|яндекс,вопрос|запрос|задать|агрегатору|депутатский|яндекс|какой,2026-04-18 13:30:00,2026-04-18 13:30:00,1,1,1,1,0,0,0.0,0.0,6.67,новый,False
e_01412,"Законы, налоги и регулирование","Инфоповод по теме «Законы и налоги» за период 23.04.2026 18:24 — 23.04.2026 18:24. Внутри 1 сообщений, чатов: 1. Частые слова: умер, алексей, пиманов, ведущему, программы.",Законы и налоги,Законы и налоги,умер|алексей|пиманов|ведущему|программы|человек|закон,2026-04-23 18:24:00,2026-04-23 18:24:00,1,1,1,1,0,0,0.0,0.0,6.67,новый,False
e_01418,"Законы, налоги и регулирование","Инфоповод по теме «Законы и налоги» за период 22.04.2026 14:17 — 22.04.2026 14:17. Внутри 1 сообщений, чатов: 1. Частые слова: водитель, заказы, году, деньги, комиссия.",Законы и налоги,Законы и налоги|Коэффициент,водитель|заказы|году|деньги|комиссия|водителю|авто,2026-04-22 14:17:00,2026-04-22 14:17:00,1,1,1,1,0,0,0.0,0.0,6.67,новый,False
e_01438,"Законы, налоги и регулирование","Инфоповод по теме «Законы и налоги» за период 23.04.2026 05:58 — 23.04.2026 05:58. Внутри 1 сообщений, чатов: 1. Частые слова: ключевые слова не выделены.",Законы и налоги,Законы и налоги|Коэффициент,,2026-04-23 05:58:00,2026-04-23 05:58:00,1,1,1,1,0,0,0.0,0.0,6.67,новый,False
e_01445,"Законы, налоги и регулирование","Инфоповод по теме «Законы и налоги» за период 23.04.2026 22:14 — 23.04.2026 22:14. Внутри 1 сообщений, чатов: 1. Частые слова: ключевые слова не выделены.",Законы и налоги,Законы и налоги|Приложение и сбои|Яндекс Про|яндекс,,2026-04-23 22:14:00,2026-04-23 22:14:00,1,1,1,1,0,0,0.0,0.0,6.67,новый,False
e_01465,"Законы, налоги и регулирование","Инфоповод по теме «Законы и налоги» за период 17.04.2026 22:57 — 17.04.2026 22:57. Внутри 1 сообщений, чатов: 1. Частые слова: страховка.",Законы и налоги,Законы и налоги,страховка,2026-04-17 22:57:00,2026-04-17 22:57:00,1,1,1,1,0,0,0.0,0.0,6.67,новый,False
e_01332,"яндекс: блядь, блять, нахуй","Инфоповод по теме «яндекс» за период 22.04.2026 19:25 — 22.04.2026 19:53. Внутри 3 сообщений, чатов: 1. Частые слова: блядь, блять, нахуй, эти, вообще.",яндекс,яндекс,блядь|блять|нахуй|эти|вообще|номер|яндекс,2026-04-22 19:25:00,2026-04-22 19:53:00,1,3,1,1,0,0,0.0,0.0,6.56,новый,False
e_00340,Обсуждение коэффициентов и тарифов,"Инфоповод по теме «Коэффициент» за период 18.04.2026 23:24 — 19.04.2026 20:38. Внутри 2 сообщений, чатов: 1. Частые слова: блядь, блин, назад, знаю, вообще.",Коэффициент,Коэффициент|яндекс,блядь|блин|назад|знаю|вообще|могу|говорю,2026-04-18 23:24:00,2026-04-19 20:38:00,1,2,1,1,0,0,0.0,0.0,6.48,новый,False
e_00496,Обсуждение коэффициентов и тарифов,"Инфоповод по теме «Коэффициент» за период 20.04.2026 02:40 — 20.04.2026 02:49. Внутри 2 сообщений, чатов: 1. Частые слова: блядь, нахуй, блять, приоритет, типа.",Коэффициент,Коэффициент|яндекс,блядь|нахуй|блять|приоритет|типа|давно|работает,2026-04-20 02:40:00,2026-04-20 02:49:00,1,2,1,1,0,0,0.0,0.0,6.48,новый,False
e_00767,Обсуждение коэффициентов и тарифов,"Инфоповод по теме «Коэффициент» за период 22.04.2026 10:31 — 22.04.2026 10:35. Внутри 2 сообщений, чатов: 1. Частые слова: смотрите, пишут, яндекс, видит, ага.",Коэффициент,Коэффициент|яндекс,смотрите|пишут|яндекс|видит|ага|содержанка|можно,2026-04-22 10:31:00,2026-04-22 10:35:00,1,2,1,1,0,0,0.0,0.0,6.48,новый,False
e_00944,Обсуждение коэффициентов и тарифов,"Инфоповод по теме «Коэффициент» за период 23.04.2026 15:29 — 23.04.2026 15:29. Внутри 2 сообщений, чатов: 1. Частые слова: помню, межгород, кэф, ввели, упал.",Коэффициент,Коэффициент,помню|межгород|кэф|ввели|упал|заказ|расстояние,2026-04-23 15:29:00,2026-04-23 15:29:00,1,2,1,1,0,0,0.0,0.0,6.48,новый,False
e_01066,Обсуждение коэффициентов и тарифов,"Инфоповод по теме «Коэффициент» за период 17.04.2026 02:49 — 17.04.2026 02:50. Внутри 2 сообщений, чатов: 1. Частые слова: фастен, район, чем, обычно, хватал.",Коэффициент,Коэффициент|Фастен|яндекс,фастен|район|чем|обычно|хватал|подряд|катал,2026-04-17 02:49:00,2026-04-17 02:50:00,1,2,1,1,0,0,0.0,0.0,6.48,новый,False
e_01094,Обсуждение коэффициентов и тарифов,"Инфоповод по теме «Коэффициент» за период 19.04.2026 21:38 — 19.04.2026 21:41. Внутри 2 сообщений, чатов: 1. Частые слова: молчите, пашете, кэфы, катаете, говорите.",Коэффициент,Коэффициент,молчите|пашете|кэфы|катаете|говорите|давай|хорошего,2026-04-19 21:38:00,2026-04-19 21:41:00,1,2,1,1,0,0,0.0,0.0,6.48,новый,False
e_01118,Обсуждение коэффициентов и тарифов,"Инфоповод по теме «Коэффициент» за период 21.04.2026 14:40 — 21.04.2026 14:50. Внутри 2 сообщений, чатов: 1. Частые слова: бог, создал, вначале, водители, работали.",Коэффициент,Коэффициент|яндекс,бог|создал|вначале|водители|работали|нем|нравилось,2026-04-21 14:40:00,2026-04-21 14:50:00,1,2,1,1,0,0,0.0,0.0,6.48,новый,False
e_01265,Обсуждение коэффициентов и тарифов,"Инфоповод по теме «Коэффициент» за период 19.04.2026 20:38 — 19.04.2026 20:39. Внутри 2 сообщений, чатов: 1. Частые слова: блядь, типа, нахуй, сделал, спрос.",Коэффициент,Коэффициент|яндекс,блядь|типа|нахуй|сделал|спрос|зависит|западном,2026-04-19 20:38:00,2026-04-19 20:39:00,1,2,1,1,0,0,0.0,0.0,6.48,новый,False
e_01279,Обсуждение коэффициентов и тарифов,"Инфоповод по теме «Коэффициент» за период 19.04.2026 10:15 — 19.04.2026 10:17. Внутри 2 сообщений, чатов: 1. Частые слова: блядь, минуты, данном, случае, маховую.",Коэффициент,Коэффициент|яндекс,блядь|минуты|данном|случае|маховую|беру|потому,2026-04-19 10:15:00,2026-04-19 10:17:00,1,2,1,1,0,0,0.0,0.0,6.48,новый,False
e_01280,Обсуждение коэффициентов и тарифов,"Инфоповод по теме «Коэффициент» за период 20.04.2026 08:13 — 20.04.2026 08:22. Внутри 2 сообщений, чатов: 1. Частые слова: блядь, короче, нахуй, такой, побоялся.",Коэффициент,Коэффициент,блядь|короче|нахуй|такой|побоялся|андрей|кстати,2026-04-20 08:13:00,2026-04-20 08:22:00,1,2,1,1,0,0,0.0,0.0,6.48,новый,False
e_01368,Обсуждение коэффициентов и тарифов,"Инфоповод по теме «Коэффициент» за период 19.04.2026 08:05 — 19.04.2026 08:52. Внутри 2 сообщений, чатов: 1. Частые слова: блядь, рубль, кэф, говорит, типа.",Коэффициент,Коэффициент|яндекс,блядь|рубль|кэф|говорит|типа|пиздит|нахуй,2026-04-19 08:05:00,2026-04-19 08:52:00,1,2,1,1,0,0,0.0,0.0,6.48,новый,False
e_01401,Обсуждение коэффициентов и тарифов,"Инфоповод по теме «Коэффициент» за период 18.04.2026 23:27 — 18.04.2026 23:28. Внутри 2 сообщений, чатов: 1. Частые слова: хочет, затраты, свои, плюс, пусть.",Коэффициент,Коэффициент|яндекс,хочет|затраты|свои|плюс|пусть|telegr|дать,2026-04-18 23:27:00,2026-04-18 23:28:00,1,2,1,1,0,0,0.0,0.0,6.48,новый,False
e_00034,"WB Такси: жирок, фастена, заебись","Инфоповод по теме «WB Такси» за период 22.04.2026 17:08 — 22.04.2026 17:14. Внутри 2 сообщений, чатов: 1. Частые слова: жирок, фастена, заебись.",WB Такси,WB Такси|Фастен,жирок|фастена|заебись,2026-04-22 17:08:00,2026-04-22 17:14:00,1,2,1,2,0,0,0.0,0.0,6.31,новый,False
e_00050,"Фастен: фастен, определить, сказали","Инфоповод по теме «Фастен» за период 17.04.2026 14:47 — 17.04.2026 14:48. Внутри 2 сообщений, чатов: 1. Частые слова: фастен, определить, сказали, опять, всем.",Фастен,Фастен|яндекс,фастен|определить|сказали|опять|всем|доброе|утро,2026-04-17 14:47:00,2026-04-17 14:48:00,1,2,1,2,0,0,0.0,0.0,6.31,новый,False
e_00158,"яндекс: рублей, думать, обо","Инфоповод по теме «яндекс» за период 17.04.2026 08:22 — 17.04.2026 08:25. Внутри 2 сообщений, чатов: 1. Частые слова: рублей, думать, обо, всех, водителях.",яндекс,яндекс,рублей|думать|обо|всех|водителях|всегда|найдется,2026-04-17 08:22:00,2026-04-17 08:25:00,1,2,1,2,0,0,0.0,0.0,6.31,новый,False
e_00216,"яндекс: киргизы, оферту, сделали","Инфоповод по теме «яндекс» за период 17.04.2026 16:43 — 17.04.2026 16:43. Внутри 2 сообщений, чатов: 1. Частые слова: киргизы, оферту, сделали, узбеки, таджики.",яндекс,яндекс,киргизы|оферту|сделали|узбеки|таджики|армяне|которые,2026-04-17 16:43:00,2026-04-17 16:43:00,2,2,1,2,0,0,0.0,0.0,6.31,новый,False
e_00224,"яндекс: gps, модуль, минут","Инфоповод по теме «яндекс» за период 17.04.2026 17:52 — 17.04.2026 17:52. Внутри 2 сообщений, чатов: 1. Частые слова: gps, модуль, минут, локация, короче.",яндекс,яндекс,gps|модуль|минут|локация|короче|независимо|интернета,2026-04-17 17:52:00,2026-04-17 17:52:00,2,2,1,2,0,0,0.0,0.0,6.31,новый,False
e_00228,"яндекс: могу, видишь, соответственно","Инфоповод по теме «яндекс» за период 17.04.2026 18:10 — 17.04.2026 18:10. Внутри 2 сообщений, чатов: 1. Частые слова: могу, видишь, соответственно, базар, ответить.",яндекс,яндекс,могу|видишь|соответственно|базар|ответить|показать|потом,2026-04-17 18:10:00,2026-04-17 18:10:00,2,2,1,2,0,0,0.0,0.0,6.31,новый,False
e_00282,"WB Такси: должен, скоро, еше","Инфоповод по теме «WB Такси» за период 18.04.2026 09:07 — 18.04.2026 09:11. Внутри 2 сообщений, чатов: 1. Частые слова: должен, скоро, еше, индрайвер, попробовать.",WB Такси,WB Такси,должен|скоро|еше|индрайвер|попробовать|попробует|этом,2026-04-18 09:07:00,2026-04-18 09:11:00,1,2,1,2,0,0,0.0,0.0,6.31,новый,False
e_00287,"Фастен: чик, тариф, дешевле","Инфоповод по теме «Фастен» за период 18.04.2026 10:58 — 18.04.2026 11:05. Внутри 2 сообщений, чатов: 1. Частые слова: чик, тариф, дешевле, рублей, заебитлз.",Фастен,Фастен|яндекс,чик|тариф|дешевле|рублей|заебитлз|сержик|довожу,2026-04-18 10:58:00,2026-04-18 11:05:00,1,2,1,2,0,0,0.0,0.0,6.31,новый,False
e_00379,"яндекс: короче, типа, блядь","Инфоповод по теме «яндекс» за период 19.04.2026 10:15 — 19.04.2026 10:26. Внутри 2 сообщений, чатов: 1. Частые слова: короче, типа, блядь, пока, вещи.",яндекс,яндекс,короче|типа|блядь|пока|вещи|говорю|даст,2026-04-19 10:15:00,2026-04-19 10:26:00,1,2,1,2,0,0,0.0,0.0,6.31,новый,False
e_00396,"яндекс: часов, потому, смотри","Инфоповод по теме «яндекс» за период 19.04.2026 12:31 — 19.04.2026 13:35. Внутри 2 сообщений, чатов: 1. Частые слова: часов, потому, смотри, выебывался, другим.",яндекс,яндекс,часов|потому|смотри|выебывался|другим|способом|стаполки,2026-04-19 12:31:00,2026-04-19 13:35:00,1,2,1,2,0,0,0.0,0.0,6.31,новый,False
e_00456,"яндекс: прям, яндекс, коробило","Инфоповод по теме «яндекс» за период 19.04.2026 21:02 — 19.04.2026 22:04. Внутри 2 сообщений, чатов: 1. Частые слова: прям, яндекс, коробило, блядь, ебать.",яндекс,яндекс,прям|яндекс|коробило|блядь|ебать|нибудь|кого,2026-04-19 21:02:00,2026-04-19 22:04:00,1,2,1,2,0,0,0.0,0.0,6.31,новый,False
e_00532,"WB Такси: может, мешало, ситимобил","Инфоповод по теме «WB Такси» за период 20.04.2026 12:03 — 20.04.2026 12:06. Внутри 2 сообщений, чатов: 1. Частые слова: может, мешало, ситимобил, яндекс, этим.",WB Такси,WB Такси|яндекс,может|мешало|ситимобил|яндекс|этим|потому|самолет,2026-04-20 12:03:00,2026-04-20 12:06:00,1,2,1,2,0,0,0.0,0.0,6.31,новый,False
e_00533,"яндекс: клиент, яндекс, потому","Инфоповод по теме «яндекс» за период 20.04.2026 12:20 — 20.04.2026 12:42. Внутри 2 сообщений, чатов: 1. Частые слова: клиент, яндекс, потому, такси, услугу.",яндекс,яндекс,клиент|яндекс|потому|такси|услугу|чем|водителей,2026-04-20 12:20:00,2026-04-20 12:42:00,1,2,1,2,0,0,0.0,0.0,6.31,новый,False
e_00549,"яндекс: воевать, российская, федерация","Инфоповод по теме «яндекс» за период 20.04.2026 13:50 — 20.04.2026 13:50. Внутри 2 сообщений, чатов: 1. Частые слова: воевать, российская, федерация, том, числе.",яндекс,яндекс,воевать|российская|федерация|том|числе|ним|интересы,2026-04-20 13:50:00,2026-04-20 13:50:00,2,2,1,2,0,0,0.0,0.0,6.31,новый,False
e_00706,"WB Такси: опции, раз, грузчика","Инфоповод по теме «WB Такси» за период 21.04.2026 17:15 — 21.04.2026 17:17. Внутри 2 сообщений, чатов: 1. Частые слова: опции, раз, грузчика, несколько, насколько.",WB Такси,WB Такси,опции|раз|грузчика|несколько|насколько|понимаю|должны,2026-04-21 17:15:00,2026-04-21 17:17:00,1,2,1,2,0,0,0.0,0.0,6.31,новый,False
e_00715,"яндекс: газпром, вместе, яндексом","Инфоповод по теме «яндекс» за период 23.04.2026 11:24 — 23.04.2026 12:14. Внутри 2 сообщений, чатов: 1. Частые слова: газпром, вместе, яндексом, знают, яндекс.",яндекс,яндекс,газпром|вместе|яндексом|знают|яндекс|оплате|считает,2026-04-23 11:24:00,2026-04-23 12:14:00,1,2,1,2,0,0,0.0,0.0,6.31,новый,False
e_00753,"яндекс: лизинг, парков, возможно","Инфоповод по теме «яндекс» за период 22.04.2026 07:29 — 22.04.2026 07:29. Внутри 2 сообщений, чатов: 1. Частые слова: лизинг, парков, возможно, нибудь, серым.",яндекс,яндекс,лизинг|парков|возможно|нибудь|серым|катают|старых,2026-04-22 07:29:00,2026-04-22 07:29:00,1,2,1,2,0,0,0.0,0.0,6.31,новый,False
e_00790,"Фастен: блядь, говорю, короче","Инфоповод по теме «Фастен» за период 22.04.2026 12:15 — 22.04.2026 13:21. Внутри 2 сообщений, чатов: 1. Частые слова: блядь, говорю, короче, нахуй, нам.",Фастен,Фастен|яндекс,блядь|говорю|короче|нахуй|нам|сразу|потому,2026-04-22 12:15:00,2026-04-22 13:21:00,1,2,1,2,0,0,0.0,0.0,6.31,новый,False
e_00829,"Фастен: специально, бля, хуйня","Инфоповод по теме «Фастен» за период 22.04.2026 16:07 — 22.04.2026 18:45. Внутри 2 сообщений, чатов: 1. Частые слова: специально, бля, хуйня, вообще, яша.",Фастен,Фастен|яндекс,специально|бля|хуйня|вообще|яша|какие|свои,2026-04-22 16:07:00,2026-04-22 18:45:00,1,2,1,2,0,0,0.0,0.0,6.31,новый,False
e_00920,"яндекс: месяц, яшу, общую","Инфоповод по теме «яндекс» за период 23.04.2026 12:32 — 23.04.2026 12:33. Внутри 2 сообщений, чатов: 1. Частые слова: месяц, яшу, общую, блядь, пропустил.",яндекс,яндекс,месяц|яшу|общую|блядь|пропустил|одну|всем,2026-04-23 12:32:00,2026-04-23 12:33:00,1,2,1,2,0,0,0.0,0.0,6.31,новый,False
e_00972,"яндекс: причем, машины, работать","Инфоповод по теме «яндекс» за период 23.04.2026 19:47 — 23.04.2026 21:47. Внутри 2 сообщений, чатов: 1. Частые слова: причем, машины, работать, работает, вообще.",яндекс,яндекс,причем|машины|работать|работает|вообще|ничего|машина,2026-04-23 19:47:00,2026-04-23 21:47:00,1,2,1,2,0,0,0.0,0.0,6.31,новый,False
e_01102,"яндекс: максимум, ваших, андроидах","Инфоповод по теме «яндекс» за период 21.04.2026 23:53 — 22.04.2026 00:01. Внутри 2 сообщений, чатов: 1. Частые слова: максимум, ваших, андроидах, можете, позволить.",яндекс,яндекс,максимум|ваших|андроидах|можете|позволить|кнопку|конфликт,2026-04-21 23:53:00,2026-04-22 00:01:00,1,2,1,2,0,0,0.0,0.0,6.31,новый,False
e_01114,"яндекс: такие, бумага, бюджета","Инфоповод по теме «яндекс» за период 20.04.2026 18:22 — 20.04.2026 18:23. Внутри 2 сообщений, чатов: 1. Частые слова: такие, бумага, бюджета, номер, ваша.",яндекс,яндекс,такие|бумага|бюджета|номер|ваша|показать|российские,2026-04-20 18:22:00,2026-04-20 18:23:00,1,2,1,2,0,0,0.0,0.0,6.31,новый,False
e_01151,"яндекс: новая, опция, друзья","Инфоповод по теме «яндекс» за период 20.04.2026 14:57 — 20.04.2026 15:06. Внутри 2 сообщений, чатов: 1. Частые слова: новая, опция, друзья, можем, понять.",яндекс,яндекс,новая|опция|друзья|можем|понять|почему|яше,2026-04-20 14:57:00,2026-04-20 15:06:00,1,2,1,2,0,0,0.0,0.0,6.31,новый,False
e_01155,"яндекс: яндекс, смз, всем","Инфоповод по теме «яндекс» за период 21.04.2026 23:13 — 21.04.2026 23:26. Внутри 2 сообщений, чатов: 1. Частые слова: яндекс, смз, всем, привет, похоже.",яндекс,яндекс,яндекс|смз|всем|привет|похоже|хочет|скинуть,2026-04-21 23:13:00,2026-04-21 23:26:00,1,2,1,2,0,0,0.0,0.0,6.31,новый,False
e_01186,"яндекс: заказ, яндекс, промокод","Инфоповод по теме «яндекс» за период 21.04.2026 14:19 — 21.04.2026 14:22. Внутри 2 сообщений, чатов: 1. Частые слова: заказ, яндекс, промокод, telegra, дим.",яндекс,яндекс,заказ|яндекс|промокод|telegra|дим|скинуть|скрин,2026-04-21 14:19:00,2026-04-21 14:22:00,1,2,1,2,0,0,0.0,0.0,6.31,новый,False
e_01190,"яндекс: рублей, чаевые, забыл","Инфоповод по теме «яндекс» за период 22.04.2026 01:00 — 22.04.2026 01:41. Внутри 2 сообщений, чатов: 1. Частые слова: рублей, чаевые, забыл, детское, кресло.",яндекс,яндекс,рублей|чаевые|забыл|детское|кресло|ребенка|говорит,2026-04-22 01:00:00,2026-04-22 01:41:00,1,2,1,2,0,0,0.0,0.0,6.31,новый,False
e_01249,"яндекс: блять, одного, сука","Инфоповод по теме «яндекс» за период 19.04.2026 14:23 — 19.04.2026 14:48. Внутри 2 сообщений, чатов: 1. Частые слова: блять, одного, сука, штрафа, самое.",яндекс,яндекс,блять|одного|сука|штрафа|самое|знаешь|бесит,2026-04-19 14:23:00,2026-04-19 14:48:00,1,2,1,2,0,0,0.0,0.0,6.31,новый,False
e_01325,"яндекс: блядь, фастинг, понимаю","Инфоповод по теме «яндекс» за период 23.04.2026 23:12 — 23.04.2026 23:15. Внутри 2 сообщений, чатов: 1. Частые слова: блядь, фастинг, понимаю, друзья, нибудь.",яндекс,яндекс,блядь|фастинг|понимаю|друзья|нибудь|знает|отличать,2026-04-23 23:12:00,2026-04-23 23:15:00,1,2,1,2,0,0,0.0,0.0,6.31,новый,False
e_01330,"яндекс: блядь, машину, страховой","Инфоповод по теме «яндекс» за период 22.04.2026 07:13 — 22.04.2026 08:09. Внутри 2 сообщений, чатов: 1. Частые слова: блядь, машину, страховой, выкупил, том.",яндекс,яндекс,блядь|машину|страховой|выкупил|том|зависит|идет,2026-04-22 07:13:00,2026-04-22 08:09:00,1,2,1,2,0,0,0.0,0.0,6.31,новый,False
e_01331,"WB Такси: блядь, водителей, свои","Инфоповод по теме «WB Такси» за период 22.04.2026 12:21 — 22.04.2026 13:09. Внутри 2 сообщений, чатов: 1. Частые слова: блядь, водителей, свои, посмотрим, пассажиров.",WB Такси,WB Такси|яндекс,блядь|водителей|свои|посмотрим|пассажиров|учетом|яша,2026-04-22 12:21:00,2026-04-22 13:09:00,1,2,1,2,0,0,0.0,0.0,6.31,новый,False
e_01387,"яндекс: почему, согласен, печально","Инфоповод по теме «яндекс» за период 22.04.2026 12:27 — 22.04.2026 13:06. Внутри 2 сообщений, чатов: 1. Частые слова: почему, согласен, печально, бывает, такая.",яндекс,яндекс,почему|согласен|печально|бывает|такая|хрень|понимаешь,2026-04-22 12:27:00,2026-04-22 13:06:00,1,2,1,2,0,0,0.0,0.0,6.31,новый,False
e_00074,Сбои и проблемы в приложении,"Инфоповод по теме «Приложение и сбои» за период 17.04.2026 01:03 — 17.04.2026 01:03. Внутри 1 сообщений, чатов: 1. Частые слова: версия, приложения, какой, телефон.",Приложение и сбои,Приложение и сбои|Яндекс Про,версия|приложения|какой|телефон,2026-04-17 01:03:00,2026-04-17 01:03:00,1,1,1,1,0,0,0.0,0.0,6.17,новый,False
e_00080,Сбои и проблемы в приложении,"Инфоповод по теме «Приложение и сбои» за период 19.04.2026 07:00 — 19.04.2026 07:00. Внутри 1 сообщений, чатов: 1. Частые слова: пулково, 40м, центральная, пятерочка, поселок.",Приложение и сбои,Приложение и сбои,пулково|40м|центральная|пятерочка|поселок|парголово|улица,2026-04-19 07:00:00,2026-04-19 07:00:00,1,1,1,1,0,0,0.0,0.0,6.17,новый,False
e_00085,Сбои и проблемы в приложении,"Инфоповод по теме «Приложение и сбои» за период 20.04.2026 03:05 — 20.04.2026 03:05. Внутри 1 сообщений, чатов: 1. Частые слова: max, переходите, такси, эконом, быстрое.",Приложение и сбои,Приложение и сбои|Яндекс Про,max|переходите|такси|эконом|быстрое|легкое|приложение,2026-04-20 03:05:00,2026-04-20 03:05:00,1,1,1,1,0,0,0.0,0.0,6.17,новый,False
e_00164,Сбои и проблемы в приложении,"Инфоповод по теме «Приложение и сбои» за период 17.04.2026 08:48 — 17.04.2026 08:48. Внутри 1 сообщений, чатов: 1. Частые слова: блядь, нахуй, подача, сука, приходит.",Приложение и сбои,Приложение и сбои|Яндекс Про|яндекс,блядь|нахуй|подача|сука|приходит|заказ|написано,2026-04-17 08:48:00,2026-04-17 08:48:00,1,1,1,1,0,0,0.0,0.0,6.17,новый,False
e_00168,Сбои и проблемы в приложении,"Инфоповод по теме «Приложение и сбои» за период 17.04.2026 09:32 — 17.04.2026 09:32. Внутри 1 сообщений, чатов: 1. Частые слова: факт, становится, лучше, пассажирам, поездками.",Приложение и сбои,Приложение и сбои|Яндекс Про,факт|становится|лучше|пассажирам|поездками|бесплатно|дим,2026-04-17 09:32:00,2026-04-17 09:32:00,1,1,1,1,0,0,0.0,0.0,6.17,новый,False
e_00191,Сбои и проблемы в приложении,"Инфоповод по теме «Приложение и сбои» за период 17.04.2026 12:21 — 17.04.2026 12:21. Внутри 1 сообщений, чатов: 1. Частые слова: кстати, эти, осуждатели, разу, свои.",Приложение и сбои,Приложение и сбои|Яндекс Про,кстати|эти|осуждатели|разу|свои|доходы|показали,2026-04-17 12:21:00,2026-04-17 12:21:00,1,1,1,1,0,0,0.0,0.0,6.17,новый,False
e_00203,Сбои и проблемы в приложении,"Инфоповод по теме «Приложение и сбои» за период 17.04.2026 15:15 — 17.04.2026 15:15. Внутри 1 сообщений, чатов: 1. Частые слова: рискнул, суде, говорить, такое, зато.",Приложение и сбои,Приложение и сбои|Яндекс Про,рискнул|суде|говорить|такое|зато|теперь|делаю,2026-04-17 15:15:00,2026-04-17 15:15:00,1,1,1,1,0,0,0.0,0.0,6.17,новый,False
e_00214,Сбои и проблемы в приложении,"Инфоповод по теме «Приложение и сбои» за период 17.04.2026 16:42 — 17.04.2026 16:42. Внутри 1 сообщений, чатов: 1. Частые слова: яндекс, говорит, можно, нужно, потом.",Приложение и сбои,Приложение и сбои|Яндекс Про|яндекс,яндекс|говорит|можно|нужно|потом|салфеточки|предложить,2026-04-17 16:42:00,2026-04-17 16:42:00,1,1,1,1,0,0,0.0,0.0,6.17,новый,False
e_00219,Сбои и проблемы в приложении,"Инфоповод по теме «Приложение и сбои» за период 17.04.2026 17:00 — 17.04.2026 17:00. Внутри 1 сообщений, чатов: 1. Частые слова: сколько, задонатили, недостаточно, забыть, яндекс.",Приложение и сбои,Приложение и сбои|Яндекс Про|яндекс,сколько|задонатили|недостаточно|забыть|яндекс,2026-04-17 17:00:00,2026-04-17 17:00:00,1,1,1,1,0,0,0.0,0.0,6.17,новый,False
e_00225,Сбои и проблемы в приложении,"Инфоповод по теме «Приложение и сбои» за период 17.04.2026 17:55 — 17.04.2026 17:55. Внутри 1 сообщений, чатов: 1. Частые слова: лужи, модуль, выходить, яндекс, вообще.",Приложение и сбои,Приложение и сбои|Яндекс Про|яндекс,лужи|модуль|выходить|яндекс|вообще|джипс|карты,2026-04-17 17:55:00,2026-04-17 17:55:00,1,1,1,1,0,0,0.0,0.0,6.17,новый,False
e_00260,Сбои и проблемы в приложении,"Инфоповод по теме «Приложение и сбои» за период 17.04.2026 23:03 — 17.04.2026 23:03. Внутри 1 сообщений, чатов: 1. Частые слова: блин, приезжаешь, внуково, вообще, понимаешь.",Приложение и сбои,Приложение и сбои,блин|приезжаешь|внуково|вообще|понимаешь|ему|говорил,2026-04-17 23:03:00,2026-04-17 23:03:00,1,1,1,1,0,0,0.0,0.0,6.17,новый,False
e_00302,Сбои и проблемы в приложении,"Инфоповод по теме «Приложение и сбои» за период 18.04.2026 13:44 — 18.04.2026 13:44. Внутри 1 сообщений, чатов: 1. Частые слова: говорю, ему, том, знаю, минут.",Приложение и сбои,Приложение и сбои|яндекс,говорю|ему|том|знаю|минут|прям|первый,2026-04-18 13:44:00,2026-04-18 13:44:00,1,1,1,1,0,0,0.0,0.0,6.17,новый,False
e_00324,Сбои и проблемы в приложении,"Инфоповод по теме «Приложение и сбои» за период 18.04.2026 19:32 — 18.04.2026 19:32. Внутри 1 сообщений, чатов: 1. Частые слова: два, три, часа, придет, часов.",Приложение и сбои,Приложение и сбои|Яндекс Про|яндекс,два|три|часа|придет|часов|знаю|день,2026-04-18 19:32:00,2026-04-18 19:32:00,1,1,1,1,0,0,0.0,0.0,6.17,новый,False
e_00361,Сбои и проблемы в приложении,"Инфоповод по теме «Приложение и сбои» за период 19.04.2026 05:21 — 19.04.2026 05:21. Внутри 1 сообщений, чатов: 1. Частые слова: туда, ему, покатаю, удовольствием, домой.",Приложение и сбои,Приложение и сбои|Яндекс Про,туда|ему|покатаю|удовольствием|домой|люблино|похожая,2026-04-19 05:21:00,2026-04-19 05:21:00,1,1,1,1,0,0,0.0,0.0,6.17,новый,False
e_00365,Сбои и проблемы в приложении,"Инфоповод по теме «Приложение и сбои» за период 19.04.2026 06:52 — 19.04.2026 06:52. Внутри 1 сообщений, чатов: 1. Частые слова: курят, сутки, блокировали, год, назад.",Приложение и сбои,Приложение и сбои|Яндекс Про|яндекс,курят|сутки|блокировали|год|назад|яндекс|установил,2026-04-19 06:52:00,2026-04-19 06:52:00,1,1,1,1,0,0,0.0,0.0,6.17,новый,False
e_00410,Сбои и проблемы в приложении,"Инфоповод по теме «Приложение и сбои» за период 19.04.2026 14:24 — 19.04.2026 14:24. Внутри 1 сообщений, чатов: 1. Частые слова: оплаты, раньше, пиздец, любили, корпораты.",Приложение и сбои,Приложение и сбои|Яндекс Про,оплаты|раньше|пиздец|любили|корпораты|потому|заказ,2026-04-19 14:24:00,2026-04-19 14:24:00,1,1,1,1,0,0,0.0,0.0,6.17,новый,False
e_00446,Сбои и проблемы в приложении,"Инфоповод по теме «Приложение и сбои» за период 19.04.2026 20:01 — 19.04.2026 20:01. Внутри 1 сообщений, чатов: 1. Частые слова: никто, делать, каждый, спрашивать, каком.",Приложение и сбои,Приложение и сбои|Яндекс Про,никто|делать|каждый|спрашивать|каком|сервисе|сделан,2026-04-19 20:01:00,2026-04-19 20:01:00,1,1,1,1,0,0,0.0,0.0,6.17,новый,False
e_00450,Сбои и проблемы в приложении,"Инфоповод по теме «Приложение и сбои» за период 19.04.2026 20:15 — 19.04.2026 20:15. Внутри 1 сообщений, чатов: 1. Частые слова: прям, общем, болтали, бруно, нажал.",Приложение и сбои,Приложение и сбои|Яндекс Про,прям|общем|болтали|бруно|нажал|через|секунд,2026-04-19 20:15:00,2026-04-19 20:15:00,1,1,1,1,0,0,0.0,0.0,6.17,новый,False
e_00475,Сбои и проблемы в приложении,"Инфоповод по теме «Приложение и сбои» за период 19.04.2026 23:36 — 19.04.2026 23:36. Внутри 1 сообщений, чатов: 1. Частые слова: почему, слышно, утром, сделал, заказик.",Приложение и сбои,Приложение и сбои|Яндекс Про,почему|слышно|утром|сделал|заказик|заказов|каждым,2026-04-19 23:36:00,2026-04-19 23:36:00,1,1,1,1,0,0,0.0,0.0,6.17,новый,False
e_00488,Сбои и проблемы в приложении,"Инфоповод по теме «Приложение и сбои» за период 20.04.2026 01:24 — 20.04.2026 01:24. Внутри 1 сообщений, чатов: 1. Частые слова: поездок, поездки, оборот, такси, растет.",Приложение и сбои,Приложение и сбои|Яндекс Про|яндекс,поездок|поездки|оборот|такси|растет|почему|платформа,2026-04-20 01:24:00,2026-04-20 01:24:00,1,1,1,1,0,0,0.0,0.0,6.17,новый,False
e_00489,Сбои и проблемы в приложении,"Инфоповод по теме «Приложение и сбои» за период 20.04.2026 19:35 — 20.04.2026 19:35. Внутри 1 сообщений, чатов: 1. Частые слова: поездок, поездки, оборот, такси, растет.",Приложение и сбои,Приложение и сбои|Яндекс Про|яндекс,поездок|поездки|оборот|такси|растет|почему|платформа,2026-04-20 19:35:00,2026-04-20 19:35:00,1,1,1,1,0,0,0.0,0.0,6.17,новый,False
e_00505,Сбои и проблемы в приложении,"Инфоповод по теме «Приложение и сбои» за период 20.04.2026 07:13 — 20.04.2026 07:13. Внутри 1 сообщений, чатов: 1. Частые слова: значит, очереди, смотри, приложении, написано.",Приложение и сбои,Приложение и сбои|Яндекс Про,значит|очереди|смотри|приложении|написано|типа|время,2026-04-20 07:13:00,2026-04-20 07:13:00,1,1,1,1,0,0,0.0,0.0,6.17,новый,False
e_00529,Обсуждение коэффициентов и тарифов,"Инфоповод по теме «Коэффициент» за период 20.04.2026 11:54 — 20.04.2026 11:54. Внутри 1 сообщений, чатов: 1. Частые слова: заказы, стою, заказ, кофе, знаю.",Коэффициент,Коэффициент|Приложение и сбои|Яндекс Про|яндекс,заказы|стою|заказ|кофе|знаю|яндекс|район,2026-04-20 11:54:00,2026-04-20 11:54:00,1,1,1,1,0,0,0.0,0.0,6.17,новый,False
e_00536,Сбои и проблемы в приложении,"Инфоповод по теме «Приложение и сбои» за период 20.04.2026 12:35 — 20.04.2026 12:35. Внутри 1 сообщений, чатов: 1. Частые слова: массово, естественно, яндекс, меры, вывоз.",Приложение и сбои,Приложение и сбои|Яндекс Про|яндекс,массово|естественно|яндекс|меры|вывоз|баны|давно,2026-04-20 12:35:00,2026-04-20 12:35:00,1,1,1,1,0,0,0.0,0.0,6.17,новый,False
e_00579,Сбои и проблемы в приложении,"Инфоповод по теме «Приложение и сбои» за период 20.04.2026 17:04 — 20.04.2026 17:04. Внутри 1 сообщений, чатов: 1. Частые слова: сотни, лет, прошло, помним, бесплодной.",Приложение и сбои,Приложение и сбои|Яндекс Про|яндекс,сотни|лет|прошло|помним|бесплодной|борьбе|поддержку,2026-04-20 17:04:00,2026-04-20 17:04:00,1,1,1,1,0,0,0.0,0.0,6.17,новый,False
e_00607,Сбои и проблемы в приложении,"Инфоповод по теме «Приложение и сбои» за период 20.04.2026 20:49 — 20.04.2026 20:49. Внутри 1 сообщений, чатов: 1. Частые слова: считаю, должен, яндекс, человек, нужно.",Приложение и сбои,Приложение и сбои|Яндекс Про|яндекс,считаю|должен|яндекс|человек|нужно|чуть|базовый,2026-04-20 20:49:00,2026-04-20 20:49:00,1,1,1,1,0,0,0.0,0.0,6.17,новый,False
e_00646,Сбои и проблемы в приложении,"Инфоповод по теме «Приложение и сбои» за период 21.04.2026 07:06 — 21.04.2026 07:06. Внутри 1 сообщений, чатов: 1. Частые слова: остановить, запись, потом, заходить, папку.",Приложение и сбои,Приложение и сбои,остановить|запись|потом|заходить|папку|галерея|делаю,2026-04-21 07:06:00,2026-04-21 07:06:00,1,1,1,1,0,0,0.0,0.0,6.17,новый,False
e_00662,Сбои и проблемы в приложении,"Инфоповод по теме «Приложение и сбои» за период 21.04.2026 10:18 — 21.04.2026 10:18. Внутри 1 сообщений, чатов: 1. Частые слова: народ, машину, можно, проверить, бесплатно.",Приложение и сбои,Приложение и сбои|Яндекс Про,народ|машину|можно|проверить|бесплатно|сайте|гибдд,2026-04-21 10:18:00,2026-04-21 10:18:00,1,1,1,1,0,0,0.0,0.0,6.17,новый,False
e_00663,Сбои и проблемы в приложении,"Инфоповод по теме «Приложение и сбои» за период 22.04.2026 19:42 — 22.04.2026 19:42. Внутри 1 сообщений, чатов: 1. Частые слова: млжно, проверить, иностранные, права, через.",Приложение и сбои,Приложение и сбои|Яндекс Про,млжно|проверить|иностранные|права|через|сайт|гибдд,2026-04-22 19:42:00,2026-04-22 19:42:00,1,1,1,1,0,0,0.0,0.0,6.17,новый,False
e_00675,Сбои и проблемы в приложении,"Инфоповод по теме «Приложение и сбои» за период 21.04.2026 12:20 — 21.04.2026 12:20. Внутри 1 сообщений, чатов: 1. Частые слова: блядь, нахуй, хунши, купил, говорю.",Приложение и сбои,Приложение и сбои,блядь|нахуй|хунши|купил|говорю|меньше|взять,2026-04-21 12:20:00,2026-04-21 12:20:00,1,1,1,1,0,0,0.0,0.0,6.17,новый,False
e_00702,Сбои и проблемы в приложении,"Инфоповод по теме «Приложение и сбои» за период 21.04.2026 16:33 — 21.04.2026 16:33. Внутри 1 сообщений, чатов: 1. Частые слова: какого, года, реестра, такси, аренду.",Приложение и сбои,Приложение и сбои,какого|года|реестра|такси|аренду|рассматривать|выкуп,2026-04-21 16:33:00,2026-04-21 16:33:00,1,1,1,1,0,0,0.0,0.0,6.17,новый,False
e_00707,Сбои и проблемы в приложении,"Инфоповод по теме «Приложение и сбои» за период 21.04.2026 17:23 — 21.04.2026 17:23. Внутри 1 сообщений, чатов: 1. Частые слова: думаю, приоритет, предел, скоро, заказов.",Приложение и сбои,Приложение и сбои|Яндекс Про,думаю|приоритет|предел|скоро|заказов|давал|приложение,2026-04-21 17:23:00,2026-04-21 17:23:00,1,1,1,1,0,0,0.0,0.0,6.17,новый,False
e_00723,Сбои и проблемы в приложении,"Инфоповод по теме «Приложение и сбои» за период 21.04.2026 21:10 — 21.04.2026 21:10. Внутри 1 сообщений, чатов: 1. Частые слова: рублей, пдд, auto, могут, встречного.",Приложение и сбои,Приложение и сбои|Яндекс Про,рублей|пдд|auto|могут|встречного|inkazan|одну,2026-04-21 21:10:00,2026-04-21 21:10:00,1,1,1,1,0,0,0.0,0.0,6.17,новый,False
e_00729,Сбои и проблемы в приложении,"Инфоповод по теме «Приложение и сбои» за период 21.04.2026 22:15 — 21.04.2026 22:15. Внутри 1 сообщений, чатов: 1. Частые слова: осторожнее, яшаталкой, игрой, пороводности, chinanl.",Приложение и сбои,Приложение и сбои|Яндекс Про,осторожнее|яшаталкой|игрой|пороводности|chinanl|доступ|временно,2026-04-21 22:15:00,2026-04-21 22:15:00,1,1,1,1,0,0,0.0,0.0,6.17,новый,False
e_00732,Сбои и проблемы в приложении,"Инфоповод по теме «Приложение и сбои» за период 21.04.2026 22:50 — 21.04.2026 22:50. Внутри 1 сообщений, чатов: 1. Частые слова: документы, отчет, отправить, отправлял, почту.",Приложение и сбои,Приложение и сбои|Яндекс Про|яндекс,документы|отчет|отправить|отправлял|почту|отправляют|самом,2026-04-21 22:50:00,2026-04-21 22:50:00,1,1,1,1,0,0,0.0,0.0,6.17,новый,False
e_00783,Сбои и проблемы в приложении,"Инфоповод по теме «Приложение и сбои» за период 22.04.2026 11:52 — 22.04.2026 11:52. Внутри 1 сообщений, чатов: 1. Частые слова: вокруг, ребят, яндексом, вообще, никакой.",Приложение и сбои,Приложение и сбои|Яндекс Про|яндекс,вокруг|ребят|яндексом|вообще|никакой|вопрос|решить,2026-04-22 11:52:00,2026-04-22 11:52:00,1,1,1,1,0,0,0.0,0.0,6.17,новый,False
e_00791,Сбои и проблемы в приложении,"Инфоповод по теме «Приложение и сбои» за период 22.04.2026 12:20 — 22.04.2026 12:20. Внутри 1 сообщений, чатов: 1. Частые слова: блядь, какое, беспилотное, движение, хорошо.",Приложение и сбои,Приложение и сбои,блядь|какое|беспилотное|движение|хорошо|будут|беспилотные,2026-04-22 12:20:00,2026-04-22 12:20:00,1,1,1,1,0,0,0.0,0.0,6.17,новый,False
e_00794,Сбои и проблемы в приложении,"Инфоповод по теме «Приложение и сбои» за период 22.04.2026 12:32 — 22.04.2026 12:32. Внутри 1 сообщений, чатов: 1. Частые слова: такси, хоть, заказывают, грузоперевозки, спрос.",Приложение и сбои,Приложение и сбои|Яндекс Про,такси|хоть|заказывают|грузоперевозки|спрос|много|людей,2026-04-22 12:32:00,2026-04-22 12:32:00,1,1,1,1,0,0,0.0,0.0,6.17,новый,False
e_00797,Сбои и проблемы в приложении,"Инфоповод по теме «Приложение и сбои» за период 22.04.2026 12:41 — 22.04.2026 12:41. Внутри 1 сообщений, чатов: 1. Частые слова: беспилотное, такси, соответственно, грубо, говоря.",Приложение и сбои,Приложение и сбои,беспилотное|такси|соответственно|грубо|говоря|блять|вещь,2026-04-22 12:41:00,2026-04-22 12:41:00,1,1,1,1,0,0,0.0,0.0,6.17,новый,False
e_00805,Сбои и проблемы в приложении,"Инфоповод по теме «Приложение и сбои» за период 22.04.2026 13:44 — 22.04.2026 13:44. Внутри 1 сообщений, чатов: 1. Частые слова: стою, гоголя, стоит, ожидание, почему.",Приложение и сбои,Приложение и сбои|Яндекс Про,стою|гоголя|стоит|ожидание|почему|стоите|пожилые,2026-04-22 13:44:00,2026-04-22 13:44:00,1,1,1,1,0,0,0.0,0.0,6.17,новый,False
e_00808,Сбои и проблемы в приложении,"Инфоповод по теме «Приложение и сбои» за период 22.04.2026 14:14 — 22.04.2026 14:14. Внутри 1 сообщений, чатов: 1. Частые слова: декабрьские, пришлют, такой, telegr, многие.",Приложение и сбои,Приложение и сбои|Яндекс Про,декабрьские|пришлют|такой|telegr|многие|считают|выплачивалась,2026-04-22 14:14:00,2026-04-22 14:14:00,1,1,1,1,0,0,0.0,0.0,6.17,новый,False
e_00817,Сбои и проблемы в приложении,"Инфоповод по теме «Приложение и сбои» за период 22.04.2026 14:46 — 22.04.2026 14:46. Внутри 1 сообщений, чатов: 1. Частые слова: дом, короче, сугроба, блядь, никогда.",Приложение и сбои,Приложение и сбои,дом|короче|сугроба|блядь|никогда|забуду|лет,2026-04-22 14:46:00,2026-04-22 14:46:00,1,1,1,1,0,0,0.0,0.0,6.17,новый,False
e_00827,Сбои и проблемы в приложении,"Инфоповод по теме «Приложение и сбои» за период 22.04.2026 15:59 — 22.04.2026 15:59. Внутри 1 сообщений, чатов: 1. Частые слова: валяются, приходят, вообще, совсем, эти.",Приложение и сбои,Приложение и сбои|Яндекс Про|яндекс,валяются|приходят|вообще|совсем|эти|понятно|слушай,2026-04-22 15:59:00,2026-04-22 15:59:00,1,1,1,1,0,0,0.0,0.0,6.17,новый,False
e_00834,Сбои и проблемы в приложении,"Инфоповод по теме «Приложение и сбои» за период 22.04.2026 17:36 — 22.04.2026 17:36. Внутри 1 сообщений, чатов: 1. Частые слова: типа, может, оценку, чуть, скорее.",Приложение и сбои,Приложение и сбои,типа|может|оценку|чуть|скорее|водителя|мелодия,2026-04-22 17:36:00,2026-04-22 17:36:00,1,1,1,1,0,0,0.0,0.0,6.17,новый,False
e_00837,Сбои и проблемы в приложении,"Инфоповод по теме «Приложение и сбои» за период 22.04.2026 17:53 — 22.04.2026 17:53. Внутри 1 сообщений, чатов: 1. Частые слова: relegr, пассажиров, понимают, четверка, хорошая.",Приложение и сбои,Приложение и сбои,relegr|пассажиров|понимают|четверка|хорошая|оценка|плохая,2026-04-22 17:53:00,2026-04-22 17:53:00,1,1,1,1,0,0,0.0,0.0,6.17,новый,False
e_00841,Сбои и проблемы в приложении,"Инфоповод по теме «Приложение и сбои» за период 22.04.2026 18:19 — 22.04.2026 18:19. Внутри 1 сообщений, чатов: 1. Частые слова: может, реально, электричку, взять, попробовал.",Приложение и сбои,Приложение и сбои|Яндекс Про|яндекс,может|реально|электричку|взять|попробовал|подождать|машину,2026-04-22 18:19:00,2026-04-22 18:19:00,1,1,1,1,0,0,0.0,0.0,6.17,новый,False
e_00843,Сбои и проблемы в приложении,"Инфоповод по теме «Приложение и сбои» за период 22.04.2026 18:43 — 22.04.2026 18:43. Внутри 1 сообщений, чатов: 1. Частые слова: карту, банка, модно, приложить, димас.",Приложение и сбои,Приложение и сбои|Яндекс Про,карту|банка|модно|приложить|димас|приложением|удобно,2026-04-22 18:43:00,2026-04-22 18:43:00,1,1,1,1,0,0,0.0,0.0,6.17,новый,False
e_00848,Обсуждение коэффициентов и тарифов,"Инфоповод по теме «Коэффициент» за период 22.04.2026 19:21 — 22.04.2026 19:21. Внутри 1 сообщений, чатов: 1. Частые слова: месяц, платил, отдыхал, точнее, выходной.",Коэффициент,Коэффициент|Приложение и сбои,месяц|платил|отдыхал|точнее|выходной|начинался|аренду,2026-04-22 19:21:00,2026-04-22 19:21:00,1,1,1,1,0,0,0.0,0.0,6.17,новый,False
e_00851,Сбои и проблемы в приложении,"Инфоповод по теме «Приложение и сбои» за период 22.04.2026 19:33 — 22.04.2026 19:33. Внутри 1 сообщений, чатов: 1. Частые слова: потому, равно, уверен, намеренно, своровали.",Приложение и сбои,Приложение и сбои,потому|равно|уверен|намеренно|своровали|может|платеж,2026-04-22 19:33:00,2026-04-22 19:33:00,1,1,1,1,0,0,0.0,0.0,6.17,новый,False
e_00867,Сбои и проблемы в приложении,"Инфоповод по теме «Приложение и сбои» за период 22.04.2026 21:52 — 22.04.2026 21:52. Внутри 1 сообщений, чатов: 1. Частые слова: москва, круиз, бизнес, заказы, вышел.",Приложение и сбои,Приложение и сбои|Яндекс Про,москва|круиз|бизнес|заказы|вышел|мин|сижу,2026-04-22 21:52:00,2026-04-22 21:52:00,1,1,1,1,0,0,0.0,0.0,6.17,новый,False
e_00910,"WB Такси: vpn, может, приложения","Инфоповод по теме «WB Такси» за период 23.04.2026 10:18 — 23.04.2026 10:18. Внутри 1 сообщений, чатов: 1. Частые слова: vpn, может, приложения, российский, доступ.",WB Такси,WB Такси|Приложение и сбои|Яндекс Про,vpn|может|приложения|российский|доступ|банк|адрес,2026-04-23 10:18:00,2026-04-23 10:18:00,1,1,1,1,0,0,0.0,0.0,6.17,новый,False
e_00924,Сбои и проблемы в приложении,"Инфоповод по теме «Приложение и сбои» за период 23.04.2026 12:48 — 23.04.2026 12:48. Внутри 1 сообщений, чатов: 1. Частые слова: 1ксисты, лет, назад, слыхали, новая.",Приложение и сбои,Приложение и сбои|Яндекс Про,1ксисты|лет|назад|слыхали|новая|ишка|заказ,2026-04-23 12:48:00,2026-04-23 12:48:00,1,1,1,1,0,0,0.0,0.0,6.17,новый,False
e_00931,Сбои и проблемы в приложении,"Инфоповод по теме «Приложение и сбои» за период 23.04.2026 14:15 — 23.04.2026 14:15. Внутри 1 сообщений, чатов: 1. Частые слова: слава, sinonim, org, именительный, падеж.",Приложение и сбои,Приложение и сбои|Яндекс Про,слава|sinonim|org|именительный|падеж|единственное|число,2026-04-23 14:15:00,2026-04-23 14:15:00,1,1,1,1,0,0,0.0,0.0,6.17,новый,False
e_00947,Сбои и проблемы в приложении,"Инфоповод по теме «Приложение и сбои» за период 23.04.2026 16:03 — 23.04.2026 16:03. Внутри 1 сообщений, чатов: 1. Частые слова: drivee, требования, такси, недавно, регистрировался.",Приложение и сбои,Приложение и сбои|Яндекс Про,drivee|требования|такси|недавно|регистрировался|дровах|регистрации,2026-04-23 16:03:00,2026-04-23 16:03:00,1,1,1,1,0,0,0.0,0.0,6.17,новый,False
e_00953,Сбои и проблемы в приложении,"Инфоповод по теме «Приложение и сбои» за период 23.04.2026 17:02 — 23.04.2026 17:02. Внутри 1 сообщений, чатов: 1. Частые слова: кого, пишет, бывает, днях, мужик.",Приложение и сбои,Приложение и сбои|Яндекс Про,кого|пишет|бывает|днях|мужик|дороги|видел,2026-04-23 17:02:00,2026-04-23 17:02:00,1,1,1,1,0,0,0.0,0.0,6.17,новый,False
e_00976,Сбои и проблемы в приложении,"Инфоповод по теме «Приложение и сбои» за период 23.04.2026 20:30 — 23.04.2026 20:30. Внутри 1 сообщений, чатов: 1. Частые слова: господа, приветствую, всех, поэтому, заказов.",Приложение и сбои,Приложение и сбои|Яндекс Про,господа|приветствую|всех|поэтому|заказов|адама|выходит,2026-04-23 20:30:00,2026-04-23 20:30:00,1,1,1,1,0,0,0.0,0.0,6.17,новый,False
e_01002,Сбои и проблемы в приложении,"Инфоповод по теме «Приложение и сбои» за период 21.04.2026 20:49 — 21.04.2026 20:49. Внутри 1 сообщений, чатов: 1. Частые слова: рублей, народный, инспектор, пользователей, нарушениях.",Приложение и сбои,Приложение и сбои|Яндекс Про,рублей|народный|инспектор|пользователей|нарушениях|приносит|деньги,2026-04-21 20:49:00,2026-04-21 20:49:00,1,1,1,1,0,0,0.0,0.0,6.17,новый,False
e_01003,Сбои и проблемы в приложении,"Инфоповод по теме «Приложение и сбои» за период 17.04.2026 16:58 — 17.04.2026 16:58. Внутри 1 сообщений, чатов: 1. Частые слова: пассажира, фастен, возить, потом, этого.",Приложение и сбои,Приложение и сбои|Фастен|Яндекс Про|яндекс,пассажира|фастен|возить|потом|этого|поводу|фастена,2026-04-17 16:58:00,2026-04-17 16:58:00,1,1,1,1,0,0,0.0,0.0,6.17,новый,False
e_01012,Обсуждение коэффициентов и тарифов,"Инфоповод по теме «Коэффициент» за период 20.04.2026 13:54 — 20.04.2026 13:54. Внутри 1 сообщений, чатов: 1. Частые слова: который, v709, влада, система, поддержка.",Коэффициент,Коэффициент|Приложение и сбои|Яндекс Про,который|v709|влада|система|поддержка|соворовическими|соворования,2026-04-20 13:54:00,2026-04-20 13:54:00,1,1,1,1,0,0,0.0,0.0,6.17,новый,False
e_01035,Сбои и проблемы в приложении,"Инфоповод по теме «Приложение и сбои» за период 20.04.2026 13:58 — 20.04.2026 13:58. Внутри 1 сообщений, чатов: 1. Частые слова: нету, надписи, бизнес, понять, дверь.",Приложение и сбои,Приложение и сбои|Яндекс Про,нету|надписи|бизнес|понять|дверь|w15|тариф,2026-04-20 13:58:00,2026-04-20 13:58:00,1,1,1,1,0,0,0.0,0.0,6.17,новый,False
e_01036,Сбои и проблемы в приложении,"Инфоповод по теме «Приложение и сбои» за период 21.04.2026 18:22 — 21.04.2026 18:22. Внутри 1 сообщений, чатов: 1. Частые слова: допизделся.",Приложение и сбои,Приложение и сбои|Яндекс Про,допизделся,2026-04-21 18:22:00,2026-04-21 18:22:00,1,1,1,1,0,0,0.0,0.0,6.17,новый,False
e_01049,Сбои и проблемы в приложении,"Инфоповод по теме «Приложение и сбои» за период 18.04.2026 21:09 — 18.04.2026 21:09. Внутри 1 сообщений, чатов: 1. Частые слова: метров, bronto, skylift, hla, серенового.",Приложение и сбои,Приложение и сбои,метров|bronto|skylift|hla|серенового|телескопический|автоподъемник,2026-04-18 21:09:00,2026-04-18 21:09:00,1,1,1,1,0,0,0.0,0.0,6.17,новый,False
e_01051,Сбои и проблемы в приложении,"Инфоповод по теме «Приложение и сбои» за период 17.04.2026 10:30 — 17.04.2026 10:30. Внутри 1 сообщений, чатов: 1. Частые слова: взломать, систему, теперь, дуров, приложение.",Приложение и сбои,Приложение и сбои|Яндекс Про,взломать|систему|теперь|дуров|приложение|секунд|понадобилось,2026-04-17 10:30:00,2026-04-17 10:30:00,1,1,1,1,0,0,0.0,0.0,6.17,новый,False
e_01080,Сбои и проблемы в приложении,"Инфоповод по теме «Приложение и сбои» за период 20.04.2026 18:38 — 20.04.2026 18:38. Внутри 1 сообщений, чатов: 1. Частые слова: работать, марта, ребята, добрый, вечер.",Приложение и сбои,Приложение и сбои|Яндекс Про|яндекс,работать|марта|ребята|добрый|вечер|январе|феврале,2026-04-20 18:38:00,2026-04-20 18:38:00,1,1,1,1,0,0,0.0,0.0,6.17,новый,False
e_01099,Сбои и проблемы в приложении,"Инфоповод по теме «Приложение и сбои» за период 17.04.2026 17:12 — 17.04.2026 17:12. Внутри 1 сообщений, чатов: 1. Частые слова: приложение, понимает, сам, телефоне, выключил.",Приложение и сбои,Приложение и сбои|Яндекс Про,приложение|понимает|сам|телефоне|выключил|интернет|неважно,2026-04-17 17:12:00,2026-04-17 17:12:00,1,1,1,1,0,0,0.0,0.0,6.17,новый,False
e_01127,Обсуждение коэффициентов и тарифов,"Инфоповод по теме «Коэффициент» за период 23.04.2026 23:38 — 23.04.2026 23:38. Внутри 1 сообщений, чатов: 1. Частые слова: предотвращению, информирование, интернета, https, широкое.",Коэффициент,Коэффициент|Приложение и сбои,предотвращению|информирование|интернета|https|широкое|может|нанести,2026-04-23 23:38:00,2026-04-23 23:38:00,1,1,1,1,0,0,0.0,0.0,6.17,новый,False
e_01159,Сбои и проблемы в приложении,"Инфоповод по теме «Приложение и сбои» за период 23.04.2026 20:11 — 23.04.2026 20:11. Внутри 1 сообщений, чатов: 1. Частые слова: указан, рассудить, яша, курсе, умрет.",Приложение и сбои,Приложение и сбои|Яндекс Про|яндекс,указан|рассудить|яша|курсе|умрет|дтп|пусть,2026-04-23 20:11:00,2026-04-23 20:11:00,1,1,1,1,0,0,0.0,0.0,6.17,новый,False
e_01162,Сбои и проблемы в приложении,"Инфоповод по теме «Приложение и сбои» за период 21.04.2026 17:42 — 21.04.2026 17:42. Внутри 1 сообщений, чатов: 1. Частые слова: можно, функцию, хотя, принципе, поставить.",Приложение и сбои,Приложение и сбои|Яндекс Про|яндекс,можно|функцию|хотя|принципе|поставить|включить|андроиде,2026-04-21 17:42:00,2026-04-21 17:42:00,1,1,1,1,0,0,0.0,0.0,6.17,новый,False
e_01170,Сбои и проблемы в приложении,"Инфоповод по теме «Приложение и сбои» за период 23.04.2026 13:49 — 23.04.2026 13:49. Внутри 1 сообщений, чатов: 1. Частые слова: диплом, всероссчиский, конкурс, лучши, одитель.",Приложение и сбои,Приложение и сбои|Яндекс Про|яндекс,диплом|всероссчиский|конкурс|лучши|одитель|такси|ссии,2026-04-23 13:49:00,2026-04-23 13:49:00,1,1,1,1,0,0,0.0,0.0,6.17,новый,False
e_01183,Сбои и проблемы в приложении,"Инфоповод по теме «Приложение и сбои» за период 20.04.2026 06:56 — 20.04.2026 06:56. Внутри 1 сообщений, чатов: 1. Частые слова: верху, вылете.",Приложение и сбои,Приложение и сбои,верху|вылете,2026-04-20 06:56:00,2026-04-20 06:56:00,1,1,1,1,0,0,0.0,0.0,6.17,новый,False
e_01185,Сбои и проблемы в приложении,"Инфоповод по теме «Приложение и сбои» за период 21.04.2026 12:55 — 21.04.2026 12:55. Внутри 1 сообщений, чатов: 1. Частые слова: нему, оператор, возможности, wad, серенового.",Приложение и сбои,Приложение и сбои|Яндекс Про|яндекс,нему|оператор|возможности|wad|серенового|поддержка|соворованное,2026-04-21 12:55:00,2026-04-21 12:55:00,1,1,1,1,0,0,0.0,0.0,6.17,новый,False
e_01197,Обсуждение коэффициентов и тарифов,"Инфоповод по теме «Коэффициент» за период 23.04.2026 14:49 — 23.04.2026 14:49. Внутри 1 сообщений, чатов: 1. Частые слова: заново, хуй, знает, приоритет, знаю.",Коэффициент,Коэффициент|Приложение и сбои,заново|хуй|знает|приоритет|знаю|почему|короче,2026-04-23 14:49:00,2026-04-23 14:49:00,1,1,1,1,0,0,0.0,0.0,6.17,новый,False
e_01206,"WB Такси: будут, пассажиров, вывозить","Инфоповод по теме «WB Такси» за период 21.04.2026 15:53 — 21.04.2026 15:53. Внутри 1 сообщений, чатов: 1. Частые слова: будут, пассажиров, вывозить, водители, счет.",WB Такси,WB Такси|Приложение и сбои|яндекс,будут|пассажиров|вывозить|водители|счет|кого|доплаты,2026-04-21 15:53:00,2026-04-21 15:53:00,1,1,1,1,0,0,0.0,0.0,6.17,новый,False
e_01226,Сбои и проблемы в приложении,"Инфоповод по теме «Приложение и сбои» за период 17.04.2026 15:40 — 17.04.2026 15:40. Внутри 1 сообщений, чатов: 1. Частые слова: заказ, водитель, времени, помни, может.",Приложение и сбои,Приложение и сбои|Яндекс Про,заказ|водитель|времени|помни|может|выгодный|потому,2026-04-17 15:40:00,2026-04-17 15:40:00,1,1,1,1,0,0,0.0,0.0,6.17,новый,False
e_01236,Сбои и проблемы в приложении,"Инфоповод по теме «Приложение и сбои» за период 20.04.2026 03:06 — 20.04.2026 03:06. Внутри 1 сообщений, чатов: 1. Частые слова: двушка, вылетаю.",Приложение и сбои,Приложение и сбои,двушка|вылетаю,2026-04-20 03:06:00,2026-04-20 03:06:00,1,1,1,1,0,0,0.0,0.0,6.17,новый,False
e_01238,Сбои и проблемы в приложении,"Инфоповод по теме «Приложение и сбои» за период 22.04.2026 07:02 — 22.04.2026 07:02. Внутри 1 сообщений, чатов: 1. Частые слова: imegafon, kionol, сообщения, new, итесь.",Приложение и сбои,Приложение и сбои|Яндекс Про|яндекс,imegafon|kionol|сообщения|new|итесь|доступ|поеддкам,2026-04-22 07:02:00,2026-04-22 07:02:00,1,1,1,1,0,0,0.0,0.0,6.17,новый,False
e_01240,Сбои и проблемы в приложении,"Инфоповод по теме «Приложение и сбои» за период 22.04.2026 20:25 — 22.04.2026 20:25. Внутри 1 сообщений, чатов: 1. Частые слова: блядь, авто, кстати, пару, лет.",Приложение и сбои,Приложение и сбои|Яндекс Про,блядь|авто|кстати|пару|лет|назад|отмотал,2026-04-22 20:25:00,2026-04-22 20:25:00,1,1,1,1,0,0,0.0,0.0,6.17,новый,False
e_01281,Сбои и проблемы в приложении,"Инфоповод по теме «Приложение и сбои» за период 21.04.2026 16:06 — 21.04.2026 16:06. Внутри 1 сообщений, чатов: 1. Частые слова: этого, потому, vpn, короче, теледва.",Приложение и сбои,Приложение и сбои|Яндекс Про,этого|потому|vpn|короче|теледва|данные|подожди,2026-04-21 16:06:00,2026-04-21 16:06:00,1,1,1,1,0,0,0.0,0.0,6.17,новый,False
e_01284,Сбои и проблемы в приложении,"Инфоповод по теме «Приложение и сбои» за период 22.04.2026 20:22 — 22.04.2026 20:22. Внутри 1 сообщений, чатов: 1. Частые слова: биз, премьер.",Приложение и сбои,Приложение и сбои|Яндекс Про|яндекс,биз|премьер,2026-04-22 20:22:00,2026-04-22 20:22:00,1,1,1,1,0,0,0.0,0.0,6.17,новый,False
e_01303,Сбои и проблемы в приложении,"Инфоповод по теме «Приложение и сбои» за период 18.04.2026 03:52 — 18.04.2026 03:52. Внутри 1 сообщений, чатов: 1. Частые слова: приложении, запрет, машину, подскажите, лицензии.",Приложение и сбои,Приложение и сбои|Яндекс Про,приложении|запрет|машину|подскажите|лицензии|такси|подвяжу,2026-04-18 03:52:00,2026-04-18 03:52:00,1,1,1,1,0,0,0.0,0.0,6.17,новый,False
e_01312,Сбои и проблемы в приложении,"Инфоповод по теме «Приложение и сбои» за период 18.04.2026 15:13 — 18.04.2026 15:13. Внутри 1 сообщений, чатов: 1. Частые слова: заказ, заметил, прикол, короче, долго.",Приложение и сбои,Приложение и сбои|Яндекс Про,заказ|заметил|прикол|короче|долго|дает|остановить,2026-04-18 15:13:00,2026-04-18 15:13:00,1,1,1,1,0,0,0.0,0.0,6.17,новый,False
e_01323,Сбои и проблемы в приложении,"Инфоповод по теме «Приложение и сбои» за период 23.04.2026 02:54 — 23.04.2026 02:54. Внутри 1 сообщений, чатов: 1. Частые слова: короче, машина, разные, стали, покупать.",Приложение и сбои,Приложение и сбои|Яндекс Про,короче|машина|разные|стали|покупать|сами|какие,2026-04-23 02:54:00,2026-04-23 02:54:00,1,1,1,1,0,0,0.0,0.0,6.17,новый,False
e_01338,Обсуждение коэффициентов и тарифов,"Инфоповод по теме «Коэффициент» за период 19.04.2026 13:58 — 19.04.2026 13:58. Внутри 1 сообщений, чатов: 1. Частые слова: уважаемые, коллеги, подтвердите, пожалуйста, является.",Коэффициент,Коэффициент|Приложение и сбои|Яндекс Про,уважаемые|коллеги|подтвердите|пожалуйста|является|данный|заказ,2026-04-19 13:58:00,2026-04-19 13:58:00,1,1,1,1,0,0,0.0,0.0,6.17,новый,False
e_01373,Сбои и проблемы в приложении,"Инфоповод по теме «Приложение и сбои» за период 21.04.2026 06:59 — 21.04.2026 06:59. Внутри 1 сообщений, чатов: 1. Частые слова: блядь, нахуй, раз, включать, трамвайных.",Приложение и сбои,Приложение и сбои,блядь|нахуй|раз|включать|трамвайных|путях|загорается,2026-04-21 06:59:00,2026-04-21 06:59:00,1,1,1,1,0,0,0.0,0.0,6.17,новый,False
e_01381,Сбои и проблемы в приложении,"Инфоповод по теме «Приложение и сбои» за период 17.04.2026 10:37 — 17.04.2026 10:37. Внутри 1 сообщений, чатов: 1. Частые слова: фотоконтроль, пройти, апреля, ужесточают, тарифе.",Приложение и сбои,Приложение и сбои|Яндекс Про|яндекс,фотоконтроль|пройти|апреля|ужесточают|тарифе|эконом|работаете,2026-04-17 10:37:00,2026-04-17 10:37:00,1,1,1,1,0,0,0.0,0.0,6.17,новый,False
e_01396,Сбои и проблемы в приложении,"Инфоповод по теме «Приложение и сбои» за период 21.04.2026 08:20 — 21.04.2026 08:20. Внутри 1 сообщений, чатов: 1. Частые слова: комиссии, помню, рублей, говоришь, ночная.",Приложение и сбои,Приложение и сбои|Яндекс Про,комиссии|помню|рублей|говоришь|ночная|смена|раз,2026-04-21 08:20:00,2026-04-21 08:20:00,1,1,1,1,0,0,0.0,0.0,6.17,новый,False
e_01407,Сбои и проблемы в приложении,"Инфоповод по теме «Приложение и сбои» за период 21.04.2026 17:20 — 21.04.2026 17:20. Внутри 1 сообщений, чатов: 1. Частые слова: говорю, типа, минут, через, еду.",Приложение и сбои,Приложение и сбои|Яндекс Про|яндекс,говорю|типа|минут|через|еду|позиции|отменить,2026-04-21 17:20:00,2026-04-21 17:20:00,1,1,1,1,0,0,0.0,0.0,6.17,новый,False
e_01408,Сбои и проблемы в приложении,"Инфоповод по теме «Приложение и сбои» за период 21.04.2026 20:48 — 21.04.2026 20:48. Внутри 1 сообщений, чатов: 1. Частые слова: потребительский, экстремизм.",Приложение и сбои,Приложение и сбои,потребительский|экстремизм,2026-04-21 20:48:00,2026-04-21 20:48:00,1,1,1,1,0,0,0.0,0.0,6.17,новый,False
e_01409,Сбои и проблемы в приложении,"Инфоповод по теме «Приложение и сбои» за период 21.04.2026 22:47 — 21.04.2026 22:47. Внутри 1 сообщений, чатов: 1. Частые слова: кстати, означает, эта, надпись, машину.",Приложение и сбои,Приложение и сбои|Яндекс Про,кстати|означает|эта|надпись|машину|продала|приобретала,2026-04-21 22:47:00,2026-04-21 22:47:00,1,1,1,1,0,0,0.0,0.0,6.17,новый,False
e_01417,Сбои и проблемы в приложении,"Инфоповод по теме «Приложение и сбои» за период 22.04.2026 11:49 — 22.04.2026 11:49. Внутри 1 сообщений, чатов: 1. Частые слова: ошибка, яндекс, оператор, преднамеренная, поровостовой.",Приложение и сбои,Приложение и сбои|Яндекс Про|яндекс,ошибка|яндекс|оператор|преднамеренная|поровостовой|шмалспиту|прововов,2026-04-22 11:49:00,2026-04-22 11:49:00,1,1,1,1,0,0,0.0,0.0,6.17,новый,False
e_01426,Сбои и проблемы в приложении,"Инфоповод по теме «Приложение и сбои» за период 19.04.2026 07:42 — 19.04.2026 07:42. Внутри 1 сообщений, чатов: 1. Частые слова: ключевые слова не выделены.",Приложение и сбои,Приложение и сбои,,2026-04-19 07:42:00,2026-04-19 07:42:00,1,1,1,1,0,0,0.0,0.0,6.17,новый,False
e_01431,Сбои и проблемы в приложении,"Инфоповод по теме «Приложение и сбои» за период 20.04.2026 11:28 — 20.04.2026 11:28. Внутри 1 сообщений, чатов: 1. Частые слова: сбой.",Приложение и сбои,Приложение и сбои,сбой,2026-04-20 11:28:00,2026-04-20 11:28:00,1,1,1,1,0,0,0.0,0.0,6.17,новый,False
e_01447,Сбои и проблемы в приложении,"Инфоповод по теме «Приложение и сбои» за период 19.04.2026 16:38 — 19.04.2026 16:38. Внутри 1 сообщений, чатов: 1. Частые слова: едим.",Приложение и сбои,Приложение и сбои,едим,2026-04-19 16:38:00,2026-04-19 16:38:00,1,1,1,1,0,0,0.0,0.0,6.17,новый,False
e_01449,Сбои и проблемы в приложении,"Инфоповод по теме «Приложение и сбои» за период 23.04.2026 23:52 — 23.04.2026 23:52. Внутри 1 сообщений, чатов: 1. Частые слова: владимир.",Приложение и сбои,Приложение и сбои|Яндекс Про,владимир,2026-04-23 23:52:00,2026-04-23 23:52:00,1,1,1,1,0,0,0.0,0.0,6.17,новый,False
e_01455,Сбои и проблемы в приложении,"Инфоповод по теме «Приложение и сбои» за период 23.04.2026 07:13 — 23.04.2026 07:13. Внутри 1 сообщений, чатов: 1. Частые слова: пешком.",Приложение и сбои,Приложение и сбои,пешком,2026-04-23 07:13:00,2026-04-23 07:13:00,1,1,1,1,0,0,0.0,0.0,6.17,новый,False
e_01461,Сбои и проблемы в приложении,"Инфоповод по теме «Приложение и сбои» за период 17.04.2026 18:54 — 17.04.2026 18:54. Внутри 1 сообщений, чатов: 1. Частые слова: ключевые слова не выделены.",Приложение и сбои,Приложение и сбои,,2026-04-17 18:54:00,2026-04-17 18:54:00,1,1,1,1,0,0,0.0,0.0,6.17,новый,False
e_01463,Обсуждение коэффициентов и тарифов,"Инфоповод по теме «Коэффициент» за период 18.04.2026 21:03 — 18.04.2026 21:03. Внутри 1 сообщений, чатов: 1. Частые слова: везет.",Коэффициент,Коэффициент|Приложение и сбои|Яндекс Про,везет,2026-04-18 21:03:00,2026-04-18 21:03:00,1,1,1,1,0,0,0.0,0.0,6.17,новый,False
e_00022,"WB Такси: перемыли, кости, скачал","Инфоповод по теме «WB Такси» за период 20.04.2026 15:38 — 20.04.2026 15:54. Внутри 2 сообщений, чатов: 1. Частые слова: перемыли, кости, скачал, регу, дает.",WB Такси,WB Такси,перемыли|кости|скачал|регу|дает,2026-04-20 15:38:00,2026-04-20 15:54:00,1,2,1,1,0,0,0.0,0.0,5.98,новый,False
e_00175,"яндекс: знаю, эконом, час","Инфоповод по теме «яндекс» за период 17.04.2026 10:37 — 17.04.2026 10:40. Внутри 2 сообщений, чатов: 1. Частые слова: знаю, эконом, час, коля, комфорт.",яндекс,яндекс,знаю|эконом|час|коля|комфорт|бывает|часто,2026-04-17 10:37:00,2026-04-17 10:40:00,1,2,1,1,0,0,0.0,0.0,5.98,новый,False
e_00404,"Фастен: миша, нал, подставной","Инфоповод по теме «Фастен» за период 19.04.2026 13:25 — 19.04.2026 13:38. Внутри 2 сообщений, чатов: 1. Частые слова: миша, нал, подставной, пасс, какие.",Фастен,Фастен|яндекс,миша|нал|подставной|пасс|какие|юрист|чате,2026-04-19 13:25:00,2026-04-19 13:38:00,1,2,1,1,0,0,0.0,0.0,5.98,новый,False
e_00407,"яндекс: заказов, работает, соотношение","Инфоповод по теме «яндекс» за период 19.04.2026 13:48 — 19.04.2026 13:50. Внутри 2 сообщений, чатов: 1. Частые слова: заказов, работает, соотношение, выполненных, блядь.",яндекс,яндекс,заказов|работает|соотношение|выполненных|блядь|яндекс|массово,2026-04-19 13:48:00,2026-04-19 13:50:00,1,2,1,1,0,0,0.0,0.0,5.98,новый,False
e_00411,"яндекс: короче, вообще, чуть","Инфоповод по теме «яндекс» за период 19.04.2026 14:26 — 19.04.2026 14:30. Внутри 2 сообщений, чатов: 1. Частые слова: короче, вообще, чуть, яндекс, блядь.",яндекс,яндекс,короче|вообще|чуть|яндекс|блядь|нахуй|прям,2026-04-19 14:26:00,2026-04-19 14:30:00,1,2,1,1,0,0,0.0,0.0,5.98,новый,False
e_00722,"яндекс: бонусы, подали, декларацию","Инфоповод по теме «яндекс» за период 21.04.2026 21:07 — 21.04.2026 21:08. Внутри 2 сообщений, чатов: 1. Частые слова: бонусы, подали, декларацию, яндекса, самые.",яндекс,яндекс,бонусы|подали|декларацию|яндекса|самые|псн|входят,2026-04-21 21:07:00,2026-04-21 21:08:00,1,2,1,1,0,0,0.0,0.0,5.98,новый,False
e_00822,"яндекс: глупо, зачем, яндекс","Инфоповод по теме «яндекс» за период 22.04.2026 15:07 — 22.04.2026 15:39. Внутри 2 сообщений, чатов: 1. Частые слова: глупо, зачем, яндекс, решает, сколько.",яндекс,яндекс,глупо|зачем|яндекс|решает|сколько|раз|этом,2026-04-22 15:07:00,2026-04-22 15:39:00,1,2,1,1,0,0,0.0,0.0,5.98,новый,False
e_00849,"яндекс: рублей, блядь, вообще","Инфоповод по теме «яндекс» за период 22.04.2026 19:22 — 22.04.2026 19:24. Внутри 2 сообщений, чатов: 1. Частые слова: рублей, блядь, вообще, плюс, нахуй.",яндекс,яндекс,рублей|блядь|вообще|плюс|нахуй|яндексе|цену,2026-04-22 19:22:00,2026-04-22 19:24:00,1,2,1,1,0,0,0.0,0.0,5.98,новый,False
e_01041,"яндекс: думаю, блядь, вообще","Инфоповод по теме «яндекс» за период 17.04.2026 17:53 — 17.04.2026 18:20. Внутри 2 сообщений, чатов: 1. Частые слова: думаю, блядь, вообще, поебать, пожалуются.",яндекс,яндекс,думаю|блядь|вообще|поебать|пожалуются|деньги|компенсировали,2026-04-17 17:53:00,2026-04-17 18:20:00,1,2,1,1,0,0,0.0,0.0,5.98,новый,False
e_01045,"Фастен: через, долго, ждала","Инфоповод по теме «Фастен» за период 22.04.2026 04:55 — 22.04.2026 04:59. Внутри 2 сообщений, чатов: 1. Частые слова: через, долго, ждала, говорю, fasten.",Фастен,Фастен|яндекс,через|долго|ждала|говорю|fasten|обозначения|тарифа,2026-04-22 04:55:00,2026-04-22 04:59:00,1,2,1,1,0,0,0.0,0.0,5.98,новый,False
e_01064,"яндекс: яндекс, такси, будут","Инфоповод по теме «яндекс» за период 23.04.2026 15:08 — 23.04.2026 15:11. Внутри 2 сообщений, чатов: 1. Частые слова: яндекс, такси, будут, машины, будете.",яндекс,яндекс,яндекс|такси|будут|машины|будете|смотрите|сами,2026-04-23 15:08:00,2026-04-23 15:11:00,1,2,1,1,0,0,0.0,0.0,5.98,новый,False
e_01230,"яндекс: мотч, электронный, апреля","Инфоповод по теме «яндекс» за период 21.04.2026 21:43 — 21.04.2026 22:20. Внутри 2 сообщений, чатов: 1. Частые слова: мотч, электронный, апреля, время, яндекс.",яндекс,яндекс,мотч|электронный|апреля|время|яндекс|афиша|сектор,2026-04-21 21:43:00,2026-04-21 22:20:00,1,2,1,1,0,0,0.0,0.0,5.98,новый,False
e_01269,"Фастен: рейтинг, знаю, пассажиры","Инфоповод по теме «Фастен» за период 22.04.2026 06:48 — 22.04.2026 06:48. Внутри 2 сообщений, чатов: 1. Частые слова: рейтинг, знаю, пассажиры, грубо, говоря.",Фастен,Фастен|яндекс,рейтинг|знаю|пассажиры|грубо|говоря|такси|всегда,2026-04-22 06:48:00,2026-04-22 06:48:00,1,2,1,1,0,0,0.0,0.0,5.98,новый,False
e_01277,"яндекс: сделал, хоть, блядь","Инфоповод по теме «яндекс» за период 18.04.2026 19:22 — 18.04.2026 19:29. Внутри 2 сообщений, чатов: 1. Частые слова: сделал, хоть, блядь, нахуй, нам.",яндекс,яндекс,сделал|хоть|блядь|нахуй|нам|деньги|кстати,2026-04-18 19:22:00,2026-04-18 19:29:00,1,2,1,1,0,0,0.0,0.0,5.98,новый,False
e_01294,"яндекс: оцените, точку, посадки","Инфоповод по теме «яндекс» за период 23.04.2026 17:58 — 23.04.2026 18:11. Внутри 2 сообщений, чатов: 1. Частые слова: оцените, точку, посадки, пассажира, всем.",яндекс,яндекс,оцените|точку|посадки|пассажира|всем|привет|никому,2026-04-23 17:58:00,2026-04-23 18:11:00,1,2,1,1,0,0,0.0,0.0,5.98,новый,False
e_01411,"яндекс: деньги, сразу, раньше","Инфоповод по теме «яндекс» за период 22.04.2026 16:00 — 22.04.2026 16:01. Внутри 2 сообщений, чатов: 1. Частые слова: деньги, сразу, раньше, например, баланс.",яндекс,яндекс,деньги|сразу|раньше|например|баланс|баланса|каждый,2026-04-22 16:00:00,2026-04-22 16:01:00,1,2,1,1,0,0,0.0,0.0,5.98,новый,False
e_00162,Обсуждение коэффициентов и тарифов,"Инфоповод по теме «Коэффициент» за период 17.04.2026 08:37 — 17.04.2026 08:37. Внутри 1 сообщений, чатов: 1. Частые слова: блядь, заказы, району, минут, пизду.",Коэффициент,Коэффициент|яндекс,блядь|заказы|району|минут|пизду|почему|сразу,2026-04-17 08:37:00,2026-04-17 08:37:00,1,1,1,1,0,0,0.0,0.0,5.67,новый,False
e_00165,Обсуждение коэффициентов и тарифов,"Инфоповод по теме «Коэффициент» за период 17.04.2026 09:01 — 17.04.2026 09:01. Внутри 1 сообщений, чатов: 1. Частые слова: бабки, между, согласитесь, равноценный, конкурент.",Коэффициент,Коэффициент,бабки|между|согласитесь|равноценный|конкурент|желтому|блеватрону,2026-04-17 09:01:00,2026-04-17 09:01:00,1,1,1,1,0,0,0.0,0.0,5.67,новый,False
e_00167,Обсуждение коэффициентов и тарифов,"Инфоповод по теме «Коэффициент» за период 17.04.2026 09:31 — 17.04.2026 09:31. Внутри 1 сообщений, чатов: 1. Частые слова: начал, короче, минут, блядь, дальше.",Коэффициент,Коэффициент|яндекс,начал|короче|минут|блядь|дальше|давать|гавно,2026-04-17 09:31:00,2026-04-17 09:31:00,1,1,1,1,0,0,0.0,0.0,5.67,новый,False
e_00178,Обсуждение коэффициентов и тарифов,"Инфоповод по теме «Коэффициент» за период 17.04.2026 10:53 — 17.04.2026 10:53. Внутри 1 сообщений, чатов: 1. Частые слова: совсем, ясно, кого, таким, действием.",Коэффициент,Коэффициент,совсем|ясно|кого|таким|действием|наказали|позавчера,2026-04-17 10:53:00,2026-04-17 10:53:00,1,1,1,1,0,0,0.0,0.0,5.67,новый,False
e_00179,Обсуждение коэффициентов и тарифов,"Инфоповод по теме «Коэффициент» за период 17.04.2026 11:10 — 17.04.2026 11:10. Внутри 1 сообщений, чатов: 1. Частые слова: бесит, помилуй, душу, заказали, такси.",Коэффициент,Коэффициент,бесит|помилуй|душу|заказали|такси|приехал|выходят,2026-04-17 11:10:00,2026-04-17 11:10:00,1,1,1,1,0,0,0.0,0.0,5.67,новый,False
e_00187,Обсуждение коэффициентов и тарифов,"Инфоповод по теме «Коэффициент» за период 17.04.2026 11:53 — 17.04.2026 11:53. Внутри 1 сообщений, чатов: 1. Частые слова: правило, чуть, день, два, три.",Коэффициент,Коэффициент,правило|чуть|день|два|три|одно|всем,2026-04-17 11:53:00,2026-04-17 11:53:00,1,1,1,1,0,0,0.0,0.0,5.67,новый,False
e_00196,Обсуждение коэффициентов и тарифов,"Инфоповод по теме «Коэффициент» за период 17.04.2026 13:44 — 17.04.2026 13:44. Внутри 1 сообщений, чатов: 1. Частые слова: drivee, открыли, третий, глаз, поймали.",Коэффициент,Коэффициент|яндекс,drivee|открыли|третий|глаз|поймали|сигнал|космоса,2026-04-17 13:44:00,2026-04-17 13:44:00,1,1,1,1,0,0,0.0,0.0,5.67,новый,False
e_00205,Обсуждение коэффициентов и тарифов,"Инфоповод по теме «Коэффициент» за период 17.04.2026 15:32 — 17.04.2026 15:32. Внутри 1 сообщений, чатов: 1. Частые слова: жир, эффективный, включил, приоритета, стоял.",Коэффициент,Коэффициент,жир|эффективный|включил|приоритета|стоял|возле|дома,2026-04-17 15:32:00,2026-04-17 15:32:00,1,1,1,1,0,0,0.0,0.0,5.67,новый,False
e_00218,Обсуждение коэффициентов и тарифов,"Инфоповод по теме «Коэффициент» за период 17.04.2026 16:55 — 17.04.2026 16:55. Внутри 1 сообщений, чатов: 1. Частые слова: дэвид, знаю, работаю, хорошевки, поеду.",Коэффициент,Коэффициент,дэвид|знаю|работаю|хорошевки|поеду|вообще|константинополь,2026-04-17 16:55:00,2026-04-17 16:55:00,1,1,1,1,0,0,0.0,0.0,5.67,новый,False
e_00227,Обсуждение коэффициентов и тарифов,"Инфоповод по теме «Коэффициент» за период 17.04.2026 18:08 — 17.04.2026 18:08. Внутри 1 сообщений, чатов: 1. Частые слова: нахуй, бампер, стоит, поэтому, заявки.",Коэффициент,Коэффициент,нахуй|бампер|стоит|поэтому|заявки|беру|кэфом,2026-04-17 18:08:00,2026-04-17 18:08:00,1,1,1,1,0,0,0.0,0.0,5.67,новый,False
e_00232,Обсуждение коэффициентов и тарифов,"Инфоповод по теме «Коэффициент» за период 17.04.2026 18:19 — 17.04.2026 18:19. Внутри 1 сообщений, чатов: 1. Частые слова: блять, плюс, минус, намного, тарификатор.",Коэффициент,Коэффициент,блять|плюс|минус|намного|тарификатор|конечно|можно,2026-04-17 18:19:00,2026-04-17 18:19:00,1,1,1,1,0,0,0.0,0.0,5.67,новый,False
e_00242,Обсуждение коэффициентов и тарифов,"Инфоповод по теме «Коэффициент» за период 17.04.2026 19:34 — 17.04.2026 19:34. Внутри 1 сообщений, чатов: 1. Частые слова: войну, пока, никого, зовут, ребятам.",Коэффициент,Коэффициент,войну|пока|никого|зовут|ребятам|чате|показывал,2026-04-17 19:34:00,2026-04-17 19:34:00,1,1,1,1,0,0,0.0,0.0,5.67,новый,False
e_00250,Обсуждение коэффициентов и тарифов,"Инфоповод по теме «Коэффициент» за период 17.04.2026 21:05 — 17.04.2026 21:05. Внутри 1 сообщений, чатов: 1. Частые слова: делать, теперь, мужики, ехал, заказу.",Коэффициент,Коэффициент,делать|теперь|мужики|ехал|заказу|пьяный|клиент,2026-04-17 21:05:00,2026-04-17 21:05:00,1,1,1,1,0,0,0.0,0.0,5.67,новый,False
e_00255,Обсуждение коэффициентов и тарифов,"Инфоповод по теме «Коэффициент» за период 17.04.2026 21:29 — 17.04.2026 21:29. Внутри 1 сообщений, чатов: 1. Частые слова: нахуй, плюс, короче, хуярил, хуй.",Коэффициент,Коэффициент,нахуй|плюс|короче|хуярил|хуй|вообще|блядь,2026-04-17 21:29:00,2026-04-17 21:29:00,1,1,1,1,0,0,0.0,0.0,5.67,новый,False
e_00298,Обсуждение коэффициентов и тарифов,"Инфоповод по теме «Коэффициент» за период 18.04.2026 13:09 — 18.04.2026 13:09. Внутри 1 сообщений, чатов: 1. Частые слова: none, кэф, тарифу, эконом, горки.",Коэффициент,Коэффициент,none|кэф|тарифу|эконом|горки|хохрякова|чурилово,2026-04-18 13:09:00,2026-04-18 13:09:00,1,1,1,1,0,0,0.0,0.0,5.67,новый,False
e_00300,Обсуждение коэффициентов и тарифов,"Инфоповод по теме «Коэффициент» за период 18.04.2026 13:31 — 18.04.2026 13:31. Внутри 1 сообщений, чатов: 1. Частые слова: бам, чем, проблема, коэффициент, горит.",Коэффициент,Коэффициент,бам|чем|проблема|коэффициент|горит|выбирать|охуенные,2026-04-18 13:31:00,2026-04-18 13:31:00,1,1,1,1,0,0,0.0,0.0,5.67,новый,False
e_00303,Обсуждение коэффициентов и тарифов,"Инфоповод по теме «Коэффициент» за период 18.04.2026 13:46 — 18.04.2026 13:46. Внутри 1 сообщений, чатов: 1. Частые слова: прям, кажется, твой, пропуск, спалил.",Коэффициент,Коэффициент,прям|кажется|твой|пропуск|спалил|дыру|пока,2026-04-18 13:46:00,2026-04-18 13:46:00,1,1,1,1,0,0,0.0,0.0,5.67,новый,False
e_00318,Обсуждение коэффициентов и тарифов,"Инфоповод по теме «Коэффициент» за период 18.04.2026 17:34 — 18.04.2026 17:34. Внутри 1 сообщений, чатов: 1. Частые слова: писот, рублей, зароботал, машине, посидел.",Коэффициент,Коэффициент,писот|рублей|зароботал|машине|посидел|заебись|хоть,2026-04-18 17:34:00,2026-04-18 17:34:00,1,1,1,1,0,0,0.0,0.0,5.67,новый,False
e_00320,"WB Такси: потому, потом, уйдут","Инфоповод по теме «WB Такси» за период 18.04.2026 18:20 — 18.04.2026 18:20. Внутри 1 сообщений, чатов: 1. Частые слова: потому, потом, уйдут, издержки, потраченные.",WB Такси,WB Такси|Коэффициент|яндекс,потому|потом|уйдут|издержки|потраченные|обоими|битву,2026-04-18 18:20:00,2026-04-18 18:20:00,1,1,1,1,0,0,0.0,0.0,5.67,новый,False
e_00326,Обсуждение коэффициентов и тарифов,"Инфоповод по теме «Коэффициент» за период 18.04.2026 20:04 — 18.04.2026 20:04. Внутри 1 сообщений, чатов: 1. Частые слова: подскажите, пожалуйста, проводник, жду, парковку.",Коэффициент,Коэффициент,подскажите|пожалуйста|проводник|жду|парковку|сука|открывался,2026-04-18 20:04:00,2026-04-18 20:04:00,1,1,1,1,0,0,0.0,0.0,5.67,новый,False
e_00334,Обсуждение коэффициентов и тарифов,"Инфоповод по теме «Коэффициент» за период 18.04.2026 22:08 — 18.04.2026 22:08. Внутри 1 сообщений, чатов: 1. Частые слова: какому, тарифу, катаешь, щас, эконом.",Коэффициент,Коэффициент|Фастен,какому|тарифу|катаешь|щас|эконом|конца|прошлого,2026-04-18 22:08:00,2026-04-18 22:08:00,1,1,1,1,0,0,0.0,0.0,5.67,новый,False
e_00339,Обсуждение коэффициентов и тарифов,"Инфоповод по теме «Коэффициент» за период 18.04.2026 23:22 — 18.04.2026 23:22. Внутри 1 сообщений, чатов: 1. Частые слова: знает, зачем, поэтому, приоритета, потому.",Коэффициент,Коэффициент|яндекс,знает|зачем|поэтому|приоритета|потому|еду|вопрос,2026-04-18 23:22:00,2026-04-18 23:22:00,1,1,1,1,0,0,0.0,0.0,5.67,новый,False
e_00341,Обсуждение коэффициентов и тарифов,"Инфоповод по теме «Коэффициент» за период 18.04.2026 23:25 — 18.04.2026 23:25. Внутри 1 сообщений, чатов: 1. Частые слова: рейтинг, стоимость, моего, аккаунта, знаешь.",Коэффициент,Коэффициент,рейтинг|стоимость|моего|аккаунта|знаешь|китае|социальный,2026-04-18 23:25:00,2026-04-18 23:25:00,1,1,1,1,0,0,0.0,0.0,5.67,новый,False
e_00350,Обсуждение коэффициентов и тарифов,"Инфоповод по теме «Коэффициент» за период 19.04.2026 00:54 — 19.04.2026 00:54. Внутри 1 сообщений, чатов: 1. Частые слова: комфорте, деньги, самые, коэффициент, знаю.",Коэффициент,Коэффициент,комфорте|деньги|самые|коэффициент|знаю|получается|треть,2026-04-19 00:54:00,2026-04-19 00:54:00,1,1,1,1,0,0,0.0,0.0,5.67,новый,False
e_00351,Обсуждение коэффициентов и тарифов,"Инфоповод по теме «Коэффициент» за период 19.04.2026 03:16 — 19.04.2026 03:16. Внутри 1 сообщений, чатов: 1. Частые слова: вообще, заказов, типа, жестко, пришло.",Коэффициент,Коэффициент,вообще|заказов|типа|жестко|пришло|пора|прям,2026-04-19 03:16:00,2026-04-19 03:16:00,1,1,1,1,0,0,0.0,0.0,5.67,новый,False
e_00355,Обсуждение коэффициентов и тарифов,"Инфоповод по теме «Коэффициент» за период 19.04.2026 02:15 — 19.04.2026 02:15. Внутри 1 сообщений, чатов: 1. Частые слова: забирайте.",Коэффициент,Коэффициент,забирайте,2026-04-19 02:15:00,2026-04-19 02:15:00,1,1,1,1,0,0,0.0,0.0,5.67,новый,False
e_00356,Обсуждение коэффициентов и тарифов,"Инфоповод по теме «Коэффициент» за период 19.04.2026 02:29 — 19.04.2026 02:29. Внутри 1 сообщений, чатов: 1. Частые слова: заказов, доход, туалета, время, новая.",Коэффициент,Коэффициент|яндекс,заказов|доход|туалета|время|новая|прям|вижу,2026-04-19 02:29:00,2026-04-19 02:29:00,1,1,1,1,0,0,0.0,0.0,5.67,новый,False
e_00362,Обсуждение коэффициентов и тарифов,"Инфоповод по теме «Коэффициент» за период 19.04.2026 05:22 — 19.04.2026 05:22. Внутри 1 сообщений, чатов: 1. Частые слова: ебанарот.",Коэффициент,Коэффициент,ебанарот,2026-04-19 05:22:00,2026-04-19 05:22:00,1,1,1,1,0,0,0.0,0.0,5.67,новый,False
e_00373,Обсуждение коэффициентов и тарифов,"Инфоповод по теме «Коэффициент» за период 19.04.2026 09:11 — 19.04.2026 09:11. Внутри 1 сообщений, чатов: 1. Частые слова: нахуй, блядь, типа, рублей, рейтинг.",Коэффициент,Коэффициент,нахуй|блядь|типа|рублей|рейтинг|человек|такси,2026-04-19 09:11:00,2026-04-19 09:11:00,1,1,1,1,0,0,0.0,0.0,5.67,новый,False
e_00377,Обсуждение коэффициентов и тарифов,"Инфоповод по теме «Коэффициент» за период 19.04.2026 09:51 — 19.04.2026 09:51. Внутри 1 сообщений, чатов: 1. Частые слова: потом, наверно, всем, никогда, угодишь.",Коэффициент,Коэффициент,потом|наверно|всем|никогда|угодишь|кол|хорошего,2026-04-19 09:51:00,2026-04-19 09:51:00,1,1,1,1,0,0,0.0,0.0,5.67,новый,False
e_00386,Обсуждение коэффициентов и тарифов,"Инфоповод по теме «Коэффициент» за период 19.04.2026 11:09 — 19.04.2026 11:09. Внутри 1 сообщений, чатов: 1. Частые слова: говорила, машине, одной, сидел, ведьмой.",Коэффициент,Коэффициент,говорила|машине|одной|сидел|ведьмой|делись|приоритетом,2026-04-19 11:09:00,2026-04-19 11:09:00,1,1,1,1,0,0,0.0,0.0,5.67,новый,False
e_00388,Обсуждение коэффициентов и тарифов,"Инфоповод по теме «Коэффициент» за период 19.04.2026 11:42 — 19.04.2026 11:42. Внутри 1 сообщений, чатов: 1. Частые слова: лужи, многих, яшка, стал, пиздошить.",Коэффициент,Коэффициент,лужи|многих|яшка|стал|пиздошить|подмену|сутки,2026-04-19 11:42:00,2026-04-19 11:42:00,1,1,1,1,0,0,0.0,0.0,5.67,новый,False
e_00397,Обсуждение коэффициентов и тарифов,"Инфоповод по теме «Коэффициент» за период 19.04.2026 12:36 — 19.04.2026 12:36. Внутри 1 сообщений, чатов: 1. Частые слова: каратыш, слушай, ситуации, смотрю, отменяю.",Коэффициент,Коэффициент,каратыш|слушай|ситуации|смотрю|отменяю|беру|иногда,2026-04-19 12:36:00,2026-04-19 12:36:00,1,1,1,1,0,0,0.0,0.0,5.67,новый,False
e_00418,Обсуждение коэффициентов и тарифов,"Инфоповод по теме «Коэффициент» за период 19.04.2026 16:34 — 19.04.2026 16:34. Внутри 1 сообщений, чатов: 1. Частые слова: вечер, кефы, вышел, тыс, касса.",Коэффициент,Коэффициент,вечер|кефы|вышел|тыс|касса|хуйня|хуйней,2026-04-19 16:34:00,2026-04-19 16:34:00,1,1,1,1,0,0,0.0,0.0,5.67,новый,False
e_00435,Обсуждение коэффициентов и тарифов,"Инфоповод по теме «Коэффициент» за период 19.04.2026 18:40 — 19.04.2026 18:40. Внутри 1 сообщений, чатов: 1. Частые слова: антона, похоже, точнее, дим, слушай.",Коэффициент,Коэффициент,антона|похоже|точнее|дим|слушай|пользы|чем,2026-04-19 18:40:00,2026-04-19 18:40:00,1,1,1,1,0,0,0.0,0.0,5.67,новый,False
e_00458,Обсуждение коэффициентов и тарифов,"Инфоповод по теме «Коэффициент» за период 19.04.2026 21:11 — 19.04.2026 21:11. Внутри 1 сообщений, чатов: 1. Частые слова: тогда, вообще, заказов, высоким, приоритетом.",Коэффициент,Коэффициент,тогда|вообще|заказов|высоким|приоритетом|говорится|снизил,2026-04-19 21:11:00,2026-04-19 21:11:00,1,1,1,1,0,0,0.0,0.0,5.67,новый,False
e_00459,Обсуждение коэффициентов и тарифов,"Инфоповод по теме «Коэффициент» за период 19.04.2026 21:12 — 19.04.2026 21:12. Внутри 1 сообщений, чатов: 1. Частые слова: бла, делам, конце, режиме, приоритет.",Коэффициент,Коэффициент,бла|делам|конце|режиме|приоритет|повышается|взял,2026-04-19 21:12:00,2026-04-19 21:12:00,1,1,1,1,0,0,0.0,0.0,5.67,новый,False
e_00464,Обсуждение коэффициентов и тарифов,"Инфоповод по теме «Коэффициент» за период 19.04.2026 22:29 — 19.04.2026 22:29. Внутри 1 сообщений, чатов: 1. Частые слова: цена, именно, видимо, комиссии, дело.",Коэффициент,Коэффициент,цена|именно|видимо|комиссии|дело|подачу|высокая,2026-04-19 22:29:00,2026-04-19 22:29:00,1,1,1,1,0,0,0.0,0.0,5.67,новый,False
e_00465,Обсуждение коэффициентов и тарифов,"Инфоповод по теме «Коэффициент» за период 19.04.2026 22:30 — 19.04.2026 22:30. Внутри 1 сообщений, чатов: 1. Частые слова: блядь, цены, том, выше, брать.",Коэффициент,Коэффициент|яндекс,блядь|цены|том|выше|брать|москву|совсем,2026-04-19 22:30:00,2026-04-19 22:30:00,1,1,1,1,0,0,0.0,0.0,5.67,новый,False
e_00494,Обсуждение коэффициентов и тарифов,"Инфоповод по теме «Коэффициент» за период 20.04.2026 02:13 — 20.04.2026 02:13. Внутри 1 сообщений, чатов: 1. Частые слова: охуенно, блядь, сезон, обычная, работа.",Коэффициент,Коэффициент|яндекс,охуенно|блядь|сезон|обычная|работа|скажем|какая,2026-04-20 02:13:00,2026-04-20 02:13:00,1,1,1,1,0,0,0.0,0.0,5.67,новый,False
e_00507,Обсуждение коэффициентов и тарифов,"Инфоповод по теме «Коэффициент» за период 20.04.2026 08:17 — 20.04.2026 08:17. Внутри 1 сообщений, чатов: 1. Частые слова: блядь, нахуй, тогда, нихуя, повышение.",Коэффициент,Коэффициент|яндекс,блядь|нахуй|тогда|нихуя|повышение|яша|никому,2026-04-20 08:17:00,2026-04-20 08:17:00,1,1,1,1,0,0,0.0,0.0,5.67,новый,False
e_00508,Обсуждение коэффициентов и тарифов,"Инфоповод по теме «Коэффициент» за период 20.04.2026 08:26 — 20.04.2026 08:26. Внутри 1 сообщений, чатов: 1. Частые слова: блядь, заказ, думаешь, пылесос, нибудь.",Коэффициент,Коэффициент,блядь|заказ|думаешь|пылесос|нибудь|какой|нахуй,2026-04-20 08:26:00,2026-04-20 08:26:00,1,1,1,1,0,0,0.0,0.0,5.67,новый,False
e_00520,Обсуждение коэффициентов и тарифов,"Инфоповод по теме «Коэффициент» за период 20.04.2026 10:33 — 20.04.2026 10:33. Внутри 1 сообщений, чатов: 1. Частые слова: пам, пара, экран, покажет, веселые.",Коэффициент,Коэффициент,пам|пара|экран|покажет|веселые|истории|журнале,2026-04-20 10:33:00,2026-04-20 10:33:00,1,1,1,1,0,0,0.0,0.0,5.67,новый,False
e_00530,Обсуждение коэффициентов и тарифов,"Инфоповод по теме «Коэффициент» за период 20.04.2026 11:56 — 20.04.2026 11:56. Внутри 1 сообщений, чатов: 1. Частые слова: сколько, белых, вообще, можно, этом.",Коэффициент,Коэффициент,сколько|белых|вообще|можно|этом|районе|никогда,2026-04-20 11:56:00,2026-04-20 11:56:00,1,1,1,1,0,0,0.0,0.0,5.67,новый,False
e_00531,Обсуждение коэффициентов и тарифов,"Инфоповод по теме «Коэффициент» за период 20.04.2026 12:01 — 20.04.2026 12:01. Внутри 1 сообщений, чатов: 1. Частые слова: городу, дает, одинцово, москву, говно.",Коэффициент,Коэффициент,городу|дает|одинцово|москву|говно|минутной|кэфа,2026-04-20 12:01:00,2026-04-20 12:01:00,1,1,1,1,0,0,0.0,0.0,5.67,новый,False
e_00540,Обсуждение коэффициентов и тарифов,"Инфоповод по теме «Коэффициент» за период 20.04.2026 13:01 — 20.04.2026 13:01. Внутри 1 сообщений, чатов: 1. Частые слова: бюджет, выше, этого, бонусы, году.",Коэффициент,Коэффициент|яндекс,бюджет|выше|этого|бонусы|году|рублей|максимальный,2026-04-20 13:01:00,2026-04-20 13:01:00,1,1,1,1,0,0,0.0,0.0,5.67,новый,False
e_00553,Обсуждение коэффициентов и тарифов,"Инфоповод по теме «Коэффициент» за период 20.04.2026 14:18 — 20.04.2026 14:18. Внутри 1 сообщений, чатов: 1. Частые слова: гордым, орлам, яша, ничего, дает.",Коэффициент,Коэффициент,гордым|орлам|яша|ничего|дает|послушным|осликам,2026-04-20 14:18:00,2026-04-20 14:18:00,1,1,1,1,0,0,0.0,0.0,5.67,новый,False
e_00568,Обсуждение коэффициентов и тарифов,"Инфоповод по теме «Коэффициент» за период 20.04.2026 15:37 — 20.04.2026 15:37. Внутри 1 сообщений, чатов: 1. Частые слова: блядь, плюс, чуть, челябинске, ебанать.",Коэффициент,Коэффициент,блядь|плюс|чуть|челябинске|ебанать|кэф|нету,2026-04-20 15:37:00,2026-04-20 15:37:00,1,1,1,1,0,0,0.0,0.0,5.67,новый,False
e_00570,Обсуждение коэффициентов и тарифов,"Инфоповод по теме «Коэффициент» за период 20.04.2026 16:03 — 20.04.2026 16:03. Внутри 1 сообщений, чатов: 1. Частые слова: заказы, этом, факте, логики, рандомное.",Коэффициент,Коэффициент,заказы|этом|факте|логики|рандомное|решение|определенных,2026-04-20 16:03:00,2026-04-20 16:03:00,1,1,1,1,0,0,0.0,0.0,5.67,новый,False
e_00578,Обсуждение коэффициентов и тарифов,"Инфоповод по теме «Коэффициент» за период 20.04.2026 16:50 — 20.04.2026 16:50. Внутри 1 сообщений, чатов: 1. Частые слова: цкада, ловить, дедовска, экспресс, речь.",Коэффициент,Коэффициент,цкада|ловить|дедовска|экспресс|речь|ценнике|цена,2026-04-20 16:50:00,2026-04-20 16:50:00,1,1,1,1,0,0,0.0,0.0,5.67,новый,False
e_00624,Обсуждение коэффициентов и тарифов,"Инфоповод по теме «Коэффициент» за период 20.04.2026 22:16 — 20.04.2026 22:16. Внутри 1 сообщений, чатов: 1. Частые слова: изначально, рассчитано, минут, блять, комфорт.",Коэффициент,Коэффициент,изначально|рассчитано|минут|блять|комфорт|москва|умнож,2026-04-20 22:16:00,2026-04-20 22:16:00,1,1,1,1,0,0,0.0,0.0,5.67,новый,False
e_00645,Обсуждение коэффициентов и тарифов,"Инфоповод по теме «Коэффициент» за период 21.04.2026 06:56 — 21.04.2026 06:56. Внутри 1 сообщений, чатов: 1. Частые слова: такси, время, выходные, поспорю, попробовав.",Коэффициент,Коэффициент,такси|время|выходные|поспорю|попробовав|поработать|другом,2026-04-21 06:56:00,2026-04-21 06:56:00,1,1,1,1,0,0,0.0,0.0,5.67,новый,False
e_00677,Обсуждение коэффициентов и тарифов,"Инфоповод по теме «Коэффициент» за период 21.04.2026 12:34 — 21.04.2026 12:34. Внутри 1 сообщений, чатов: 1. Частые слова: искателей, кладов, кладмэнов, кусты, везешь.",Коэффициент,Коэффициент,искателей|кладов|кладмэнов|кусты|везешь|раз|кабака,2026-04-21 12:34:00,2026-04-21 12:34:00,1,1,1,1,0,0,0.0,0.0,5.67,новый,False
e_00717,Обсуждение коэффициентов и тарифов,"Инфоповод по теме «Коэффициент» за период 21.04.2026 19:20 — 21.04.2026 19:20. Внутри 1 сообщений, чатов: 1. Частые слова: самый, короткий, яндекс, считает, маршрут.",Коэффициент,Коэффициент|Фастен,самый|короткий|яндекс|считает|маршрут|город|времени,2026-04-21 19:20:00,2026-04-21 19:20:00,1,1,1,1,0,0,0.0,0.0,5.67,новый,False
e_00761,Обсуждение коэффициентов и тарифов,"Инфоповод по теме «Коэффициент» за период 22.04.2026 09:42 — 22.04.2026 09:42. Внутри 1 сообщений, чатов: 1. Частые слова: заказы, lte, иногда, случается, приоритет.",Коэффициент,Коэффициент,заказы|lte|иногда|случается|приоритет|останется|прежним,2026-04-22 09:42:00,2026-04-22 09:42:00,1,1,1,1,0,0,0.0,0.0,5.67,новый,False
e_00786,Обсуждение коэффициентов и тарифов,"Инфоповод по теме «Коэффициент» за период 22.04.2026 12:01 — 22.04.2026 12:01. Внутри 1 сообщений, чатов: 1. Частые слова: повышенных, тарифов, почти, всегда, коэффициент.",Коэффициент,Коэффициент,повышенных|тарифов|почти|всегда|коэффициент|меньше|лужах,2026-04-22 12:01:00,2026-04-22 12:01:00,1,1,1,1,0,0,0.0,0.0,5.67,новый,False
e_00815,Обсуждение коэффициентов и тарифов,"Инфоповод по теме «Коэффициент» за период 22.04.2026 14:30 — 22.04.2026 14:30. Внутри 1 сообщений, чатов: 1. Частые слова: спрашивал, понятный, ответ, получил, потому.",Коэффициент,Коэффициент,спрашивал|понятный|ответ|получил|потому|такое|встречал,2026-04-22 14:30:00,2026-04-22 14:30:00,1,1,1,1,0,0,0.0,0.0,5.67,новый,False
e_00820,Обсуждение коэффициентов и тарифов,"Инфоповод по теме «Коэффициент» за период 22.04.2026 14:59 — 22.04.2026 14:59. Внутри 1 сообщений, чатов: 1. Частые слова: сюда, лучше, фиг, заезжать, прошлый.",Коэффициент,Коэффициент,сюда|лучше|фиг|заезжать|прошлый|раз|приехал,2026-04-22 14:59:00,2026-04-22 14:59:00,1,1,1,1,0,0,0.0,0.0,5.67,новый,False
e_00861,Обсуждение коэффициентов и тарифов,"Инфоповод по теме «Коэффициент» за период 22.04.2026 21:00 — 22.04.2026 21:00. Внутри 1 сообщений, чатов: 1. Частые слова: блядь, заказы, перебираю, допустим, перебирал.",Коэффициент,Коэффициент,блядь|заказы|перебираю|допустим|перебирал|потому|кэфа,2026-04-22 21:00:00,2026-04-22 21:00:00,1,1,1,1,0,0,0.0,0.0,5.67,новый,False
e_00864,Обсуждение коэффициентов и тарифов,"Инфоповод по теме «Коэффициент» за период 22.04.2026 21:22 — 22.04.2026 21:22. Внутри 1 сообщений, чатов: 1. Частые слова: блядь, савушкино, раз, подачи, пустой.",Коэффициент,Коэффициент,блядь|савушкино|раз|подачи|пустой|возвращайся|выставился,2026-04-22 21:22:00,2026-04-22 21:22:00,1,1,1,1,0,0,0.0,0.0,5.67,новый,False
e_00882,Обсуждение коэффициентов и тарифов,"Инфоповод по теме «Коэффициент» за период 23.04.2026 01:31 — 23.04.2026 01:31. Внутри 1 сообщений, чатов: 1. Частые слова: блядь, лужу, лужа, темок, ебаное.",Коэффициент,Коэффициент,блядь|лужу|лужа|темок|ебаное|типа|кэф,2026-04-23 01:31:00,2026-04-23 01:31:00,1,1,1,1,0,0,0.0,0.0,5.67,новый,False
e_00901,Обсуждение коэффициентов и тарифов,"Инфоповод по теме «Коэффициент» за период 23.04.2026 08:29 — 23.04.2026 08:29. Внутри 1 сообщений, чатов: 1. Частые слова: блядь, километров, благо, рублей, пулково.",Коэффициент,Коэффициент|яндекс,блядь|километров|благо|рублей|пулково|забрать|пассажира,2026-04-23 08:29:00,2026-04-23 08:29:00,1,1,1,1,0,0,0.0,0.0,5.67,новый,False
e_00904,Обсуждение коэффициентов и тарифов,"Инфоповод по теме «Коэффициент» за период 23.04.2026 09:33 — 23.04.2026 09:33. Внутри 1 сообщений, чатов: 1. Частые слова: блядь, картыши, бля, ненавижу, фудсити.",Коэффициент,Коэффициент,блядь|картыши|бля|ненавижу|фудсити|такой|коэффициент,2026-04-23 09:33:00,2026-04-23 09:33:00,1,1,1,1,0,0,0.0,0.0,5.67,новый,False
e_00942,Обсуждение коэффициентов и тарифов,"Инфоповод по теме «Коэффициент» за период 23.04.2026 15:25 — 23.04.2026 15:25. Внутри 1 сообщений, чатов: 1. Частые слова: тачки, может, парк, тупой, второй.",Коэффициент,Коэффициент,тачки|может|парк|тупой|второй|говорит|нихуя,2026-04-23 15:25:00,2026-04-23 15:25:00,1,1,1,1,0,0,0.0,0.0,5.67,новый,False
e_00949,Обсуждение коэффициентов и тарифов,"Инфоповод по теме «Коэффициент» за период 23.04.2026 16:15 — 23.04.2026 16:15. Внутри 1 сообщений, чатов: 1. Частые слова: берега, правого, левого, график, реверсивного.",Коэффициент,Коэффициент,берега|правого|левого|график|реверсивного|cooll|ooll,2026-04-23 16:15:00,2026-04-23 16:15:00,1,1,1,1,0,0,0.0,0.0,5.67,новый,False
e_00954,Обсуждение коэффициентов и тарифов,"Инфоповод по теме «Коэффициент» за период 23.04.2026 17:22 — 23.04.2026 17:22. Внутри 1 сообщений, чатов: 1. Частые слова: cal, включите, тариф, комфорт, просп.",Коэффициент,Коэффициент,cal|включите|тариф|комфорт|просп|151р|проспа,2026-04-23 17:22:00,2026-04-23 17:22:00,1,1,1,1,0,0,0.0,0.0,5.67,новый,False
e_00967,Обсуждение коэффициентов и тарифов,"Инфоповод по теме «Коэффициент» за период 23.04.2026 19:28 — 23.04.2026 19:28. Внутри 1 сообщений, чатов: 1. Частые слова: вообще, эти, должно, потому, вечером.",Коэффициент,Коэффициент|яндекс,вообще|эти|должно|потому|вечером|сто|цели,2026-04-23 19:28:00,2026-04-23 19:28:00,1,1,1,1,0,0,0.0,0.0,5.67,новый,False
e_00977,Обсуждение коэффициентов и тарифов,"Инфоповод по теме «Коэффициент» за период 23.04.2026 20:35 — 23.04.2026 20:35. Внутри 1 сообщений, чатов: 1. Частые слова: водители, наглеют, увидит, любую, дырку.",Коэффициент,Коэффициент,водители|наглеют|увидит|любую|дырку|сразу|прут,2026-04-23 20:35:00,2026-04-23 20:35:00,1,1,1,1,0,0,0.0,0.0,5.67,новый,False
e_00987,Обсуждение коэффициентов и тарифов,"Инфоповод по теме «Коэффициент» за период 23.04.2026 21:15 — 23.04.2026 21:15. Внутри 1 сообщений, чатов: 1. Частые слова: карты, вообще, приоритет, другой, могу.",Коэффициент,Коэффициент|яндекс,карты|вообще|приоритет|другой|могу|мои|того,2026-04-23 21:15:00,2026-04-23 21:15:00,1,1,1,1,0,0,0.0,0.0,5.67,новый,False
e_00999,Обсуждение коэффициентов и тарифов,"Инфоповод по теме «Коэффициент» за период 23.04.2026 23:51 — 23.04.2026 23:51. Внутри 1 сообщений, чатов: 1. Частые слова: потому, ехать, условно, допустим, самом.",Коэффициент,Коэффициент|яндекс,потому|ехать|условно|допустим|самом|деле|пассажиров,2026-04-23 23:51:00,2026-04-23 23:51:00,1,1,1,1,0,0,0.0,0.0,5.67,новый,False
e_01001,Обсуждение коэффициентов и тарифов,"Инфоповод по теме «Коэффициент» за период 20.04.2026 06:16 — 20.04.2026 06:16. Внутри 1 сообщений, чатов: 1. Частые слова: платеж, drivee, ндс, выполнено, доходы.",Коэффициент,Коэффициент,платеж|drivee|ндс|выполнено|доходы|улица|тольятти,2026-04-20 06:16:00,2026-04-20 06:16:00,1,1,1,1,0,0,0.0,0.0,5.67,новый,False
e_01005,Обсуждение коэффициентов и тарифов,"Инфоповод по теме «Коэффициент» за период 20.04.2026 13:37 — 20.04.2026 13:37. Внутри 1 сообщений, чатов: 1. Частые слова: бахнули, разминки.",Коэффициент,Коэффициент,бахнули|разминки,2026-04-20 13:37:00,2026-04-20 13:37:00,1,1,1,1,0,0,0.0,0.0,5.67,новый,False
e_01024,Обсуждение коэффициентов и тарифов,"Инфоповод по теме «Коэффициент» за период 18.04.2026 02:04 — 18.04.2026 02:04. Внутри 1 сообщений, чатов: 1. Частые слова: приоритета, выставился, дом, летит, чуть.",Коэффициент,Коэффициент,приоритета|выставился|дом|летит|чуть|подальше|поехали,2026-04-18 02:04:00,2026-04-18 02:04:00,1,1,1,1,0,0,0.0,0.0,5.67,новый,False
e_01043,Обсуждение коэффициентов и тарифов,"Инфоповод по теме «Коэффициент» за период 18.04.2026 08:56 — 18.04.2026 08:56. Внутри 1 сообщений, чатов: 1. Частые слова: нахуй, говорю, блядь, поездку, два.",Коэффициент,Коэффициент,нахуй|говорю|блядь|поездку|два|роста|почему,2026-04-18 08:56:00,2026-04-18 08:56:00,1,1,1,1,0,0,0.0,0.0,5.67,новый,False
e_01044,Обсуждение коэффициентов и тарифов,"Инфоповод по теме «Коэффициент» за период 21.04.2026 16:12 — 21.04.2026 16:12. Внутри 1 сообщений, чатов: 1. Частые слова: ебашил, одним, голохуевка, заказы, желтый.",Коэффициент,Коэффициент,ебашил|одним|голохуевка|заказы|желтый|приоритета|стало,2026-04-21 16:12:00,2026-04-21 16:12:00,1,1,1,1,0,0,0.0,0.0,5.67,новый,False
e_01072,Обсуждение коэффициентов и тарифов,"Инфоповод по теме «Коэффициент» за период 19.04.2026 00:00 — 19.04.2026 00:00. Внутри 1 сообщений, чатов: 1. Частые слова: упора, волгодонска, население, поменьше, равно.",Коэффициент,Коэффициент,упора|волгодонска|население|поменьше|равно|блокировки|таким,2026-04-19 00:00:00,2026-04-19 00:00:00,1,1,1,1,0,0,0.0,0.0,5.67,новый,False
e_01089,Обсуждение коэффициентов и тарифов,"Инфоповод по теме «Коэффициент» за период 21.04.2026 00:02 — 21.04.2026 00:02. Внутри 1 сообщений, чатов: 1. Частые слова: бля, линии, пиздец, вечно, сука.",Коэффициент,Коэффициент,бля|линии|пиздец|вечно|сука|нахуй|своего,2026-04-21 00:02:00,2026-04-21 00:02:00,1,1,1,1,0,0,0.0,0.0,5.67,новый,False
e_01090,Обсуждение коэффициентов и тарифов,"Инфоповод по теме «Коэффициент» за период 22.04.2026 00:14 — 22.04.2026 00:14. Внутри 1 сообщений, чатов: 1. Частые слова: блядь, ромчик, сидишь, пылесосишь, нахуй.",Коэффициент,Коэффициент,блядь|ромчик|сидишь|пылесосишь|нахуй|кэфа|утра,2026-04-22 00:14:00,2026-04-22 00:14:00,1,1,1,1,0,0,0.0,0.0,5.67,новый,False
e_01146,Обсуждение коэффициентов и тарифов,"Инфоповод по теме «Коэффициент» за период 17.04.2026 15:31 — 17.04.2026 15:31. Внутри 1 сообщений, чатов: 1. Частые слова: блядь, обклеить, неделю, ничего, сколько.",Коэффициент,Коэффициент,блядь|обклеить|неделю|ничего|сколько|обклеиваться|вообще,2026-04-17 15:31:00,2026-04-17 15:31:00,1,1,1,1,0,0,0.0,0.0,5.67,новый,False
e_01187,Обсуждение коэффициентов и тарифов,"Инфоповод по теме «Коэффициент» за период 21.04.2026 15:16 — 21.04.2026 15:16. Внутри 1 сообщений, чатов: 1. Частые слова: минут, народ, походу, взломали, таксометре.",Коэффициент,Коэффициент,минут|народ|походу|взломали|таксометре|написано|коэффициент,2026-04-21 15:16:00,2026-04-21 15:16:00,1,1,1,1,0,0,0.0,0.0,5.67,новый,False
e_01189,Обсуждение коэффициентов и тарифов,"Инфоповод по теме «Коэффициент» за период 21.04.2026 22:52 — 21.04.2026 22:52. Внутри 1 сообщений, чатов: 1. Частые слова: заказ, короткий, активируешь, промокод, час.",Коэффициент,Коэффициент,заказ|короткий|активируешь|промокод|час|падает|следующий,2026-04-21 22:52:00,2026-04-21 22:52:00,1,1,1,1,0,0,0.0,0.0,5.67,новый,False
e_01228,Обсуждение коэффициентов и тарифов,"Инфоповод по теме «Коэффициент» за период 19.04.2026 15:06 — 19.04.2026 15:06. Внутри 1 сообщений, чатов: 1. Частые слова: ничесе, история, сохранена, докембрийских, времен.",Коэффициент,Коэффициент,ничесе|история|сохранена|докембрийских|времен,2026-04-19 15:06:00,2026-04-19 15:06:00,1,1,1,1,0,0,0.0,0.0,5.67,новый,False
e_01232,Обсуждение коэффициентов и тарифов,"Инфоповод по теме «Коэффициент» за период 18.04.2026 14:00 — 18.04.2026 14:00. Внутри 1 сообщений, чатов: 1. Частые слова: блядь, поэтому, говорит, жень, какой.",Коэффициент,Коэффициент,блядь|поэтому|говорит|жень|какой|форум|хуй,2026-04-18 14:00:00,2026-04-18 14:00:00,1,1,1,1,0,0,0.0,0.0,5.67,новый,False
e_01250,Обсуждение коэффициентов и тарифов,"Инфоповод по теме «Коэффициент» за период 20.04.2026 03:40 — 20.04.2026 03:40. Внутри 1 сообщений, чатов: 1. Частые слова: самолетом, пропускаю, вроде, четко, следующий.",Коэффициент,Коэффициент,самолетом|пропускаю|вроде|четко|следующий|день|смотрю,2026-04-20 03:40:00,2026-04-20 03:40:00,1,1,1,1,0,0,0.0,0.0,5.67,новый,False
e_01278,Обсуждение коэффициентов и тарифов,"Инфоповод по теме «Коэффициент» за период 19.04.2026 07:47 — 19.04.2026 07:47. Внутри 1 сообщений, чатов: 1. Частые слова: короче, тысячи, какой, ладно, задача.",Коэффициент,Коэффициент,короче|тысячи|какой|ладно|задача|отсюда|побыстрее,2026-04-19 07:47:00,2026-04-19 07:47:00,1,1,1,1,0,0,0.0,0.0,5.67,новый,False
e_01292,Обсуждение коэффициентов и тарифов,"Инфоповод по теме «Коэффициент» за период 21.04.2026 21:30 — 21.04.2026 21:30. Внутри 1 сообщений, чатов: 1. Частые слова: дед, итоги, дня, покинул, чат.",Коэффициент,Коэффициент,дед|итоги|дня|покинул|чат|причина|неизвестна,2026-04-21 21:30:00,2026-04-21 21:30:00,1,1,1,1,0,0,0.0,0.0,5.67,новый,False
e_01319,Обсуждение коэффициентов и тарифов,"Инфоповод по теме «Коэффициент» за период 21.04.2026 10:47 — 21.04.2026 10:47. Внутри 1 сообщений, чатов: 1. Частые слова: поныть.",Коэффициент,Коэффициент,поныть,2026-04-21 10:47:00,2026-04-21 10:47:00,1,1,1,1,0,0,0.0,0.0,5.67,новый,False
e_01326,Обсуждение коэффициентов и тарифов,"Инфоповод по теме «Коэффициент» за период 17.04.2026 07:21 — 17.04.2026 07:21. Внутри 1 сообщений, чатов: 1. Частые слова: блядь, вернуться, короче, заказ, очереди.",Коэффициент,Коэффициент,блядь|вернуться|короче|заказ|очереди|проверила|теорию,2026-04-17 07:21:00,2026-04-17 07:21:00,1,1,1,1,0,0,0.0,0.0,5.67,новый,False
e_01336,Обсуждение коэффициентов и тарифов,"Инфоповод по теме «Коэффициент» за период 18.04.2026 16:10 — 18.04.2026 16:10. Внутри 1 сообщений, чатов: 1. Частые слова: блядь, какой, пиздец, ничего, сонные.",Коэффициент,Коэффициент,блядь|какой|пиздец|ничего|сонные|сука|попал,2026-04-18 16:10:00,2026-04-18 16:10:00,1,1,1,1,0,0,0.0,0.0,5.67,новый,False
e_01357,Обсуждение коэффициентов и тарифов,"Инфоповод по теме «Коэффициент» за период 22.04.2026 11:59 — 22.04.2026 11:59. Внутри 1 сообщений, чатов: 1. Частые слова: горит, знает, такая, тема, экономе.",Коэффициент,Коэффициент,горит|знает|такая|тема|экономе|коэффициент|неделю,2026-04-22 11:59:00,2026-04-22 11:59:00,1,1,1,1,0,0,0.0,0.0,5.67,новый,False
e_01392,Обсуждение коэффициентов и тарифов,"Инфоповод по теме «Коэффициент» за период 19.04.2026 04:59 — 19.04.2026 04:59. Внутри 1 сообщений, чатов: 1. Частые слова: вез, центра, три, точки, запахом.",Коэффициент,Коэффициент,вез|центра|три|точки|запахом|вежливые|воспитанные,2026-04-19 04:59:00,2026-04-19 04:59:00,1,1,1,1,0,0,0.0,0.0,5.67,новый,False
e_01393,Обсуждение коэффициентов и тарифов,"Инфоповод по теме «Коэффициент» за период 17.04.2026 08:40 — 17.04.2026 08:40. Внутри 1 сообщений, чатов: 1. Частые слова: короче, думаю, ночью, почти, месяц.",Коэффициент,Коэффициент,короче|думаю|ночью|почти|месяц|одном|графике,2026-04-17 08:40:00,2026-04-17 08:40:00,1,1,1,1,0,0,0.0,0.0,5.67,новый,False
e_01422,Обсуждение коэффициентов и тарифов,"Инфоповод по теме «Коэффициент» за период 17.04.2026 10:57 — 17.04.2026 10:57. Внутри 1 сообщений, чатов: 1. Частые слова: кэф.",Коэффициент,Коэффициент,кэф,2026-04-17 10:57:00,2026-04-17 10:57:00,1,1,1,1,0,0,0.0,0.0,5.67,новый,False
e_01425,Обсуждение коэффициентов и тарифов,"Инфоповод по теме «Коэффициент» за период 19.04.2026 06:45 — 19.04.2026 06:45. Внутри 1 сообщений, чатов: 1. Частые слова: ехало.",Коэффициент,Коэффициент,ехало,2026-04-19 06:45:00,2026-04-19 06:45:00,1,1,1,1,0,0,0.0,0.0,5.67,новый,False
e_01428,Обсуждение коэффициентов и тарифов,"Инфоповод по теме «Коэффициент» за период 19.04.2026 09:24 — 19.04.2026 09:24. Внутри 1 сообщений, чатов: 1. Частые слова: центр, дает.",Коэффициент,Коэффициент,центр|дает,2026-04-19 09:24:00,2026-04-19 09:24:00,1,1,1,1,0,0,0.0,0.0,5.67,новый,False
e_01430,Обсуждение коэффициентов и тарифов,"Инфоповод по теме «Коэффициент» за период 20.04.2026 08:57 — 20.04.2026 08:57. Внутри 1 сообщений, чатов: 1. Частые слова: кэф.",Коэффициент,Коэффициент,кэф,2026-04-20 08:57:00,2026-04-20 08:57:00,1,1,1,1,0,0,0.0,0.0,5.67,новый,False
e_01436,Обсуждение коэффициентов и тарифов,"Инфоповод по теме «Коэффициент» за период 23.04.2026 05:47 — 23.04.2026 05:47. Внутри 1 сообщений, чатов: 1. Частые слова: кэф.",Коэффициент,Коэффициент,кэф,2026-04-23 05:47:00,2026-04-23 05:47:00,1,1,1,1,0,0,0.0,0.0,5.67,новый,False
e_01439,Обсуждение коэффициентов и тарифов,"Инфоповод по теме «Коэффициент» за период 22.04.2026 19:47 — 22.04.2026 19:47. Внутри 1 сообщений, чатов: 1. Частые слова: готово.",Коэффициент,Коэффициент,готово,2026-04-22 19:47:00,2026-04-22 19:47:00,1,1,1,1,0,0,0.0,0.0,5.67,новый,False
e_01442,Обсуждение коэффициентов и тарифов,"Инфоповод по теме «Коэффициент» за период 22.04.2026 14:56 — 22.04.2026 14:56. Внутри 1 сообщений, чатов: 1. Частые слова: кэфа, хуй.",Коэффициент,Коэффициент,кэфа|хуй,2026-04-22 14:56:00,2026-04-22 14:56:00,1,1,1,1,0,0,0.0,0.0,5.67,новый,False
e_01443,Обсуждение коэффициентов и тарифов,"Инфоповод по теме «Коэффициент» за период 19.04.2026 02:13 — 19.04.2026 02:13. Внутри 1 сообщений, чатов: 1. Частые слова: забирайте.",Коэффициент,Коэффициент,забирайте,2026-04-19 02:13:00,2026-04-19 02:13:00,1,1,1,1,0,0,0.0,0.0,5.67,новый,False
e_01444,Обсуждение коэффициентов и тарифов,"Инфоповод по теме «Коэффициент» за период 17.04.2026 16:13 — 17.04.2026 16:13. Внутри 1 сообщений, чатов: 1. Частые слова: ключевые слова не выделены.",Коэффициент,Коэффициент,,2026-04-17 16:13:00,2026-04-17 16:13:00,1,1,1,1,0,0,0.0,0.0,5.67,новый,False
e_01448,Обсуждение коэффициентов и тарифов,"Инфоповод по теме «Коэффициент» за период 21.04.2026 14:49 — 21.04.2026 14:49. Внутри 1 сообщений, чатов: 1. Частые слова: ключевые слова не выделены.",Коэффициент,Коэффициент,,2026-04-21 14:49:00,2026-04-21 14:49:00,1,1,1,1,0,0,0.0,0.0,5.67,новый,False
e_01452,Обсуждение коэффициентов и тарифов,"Инфоповод по теме «Коэффициент» за период 17.04.2026 16:34 — 17.04.2026 16:34. Внутри 1 сообщений, чатов: 1. Частые слова: сдохли.",Коэффициент,Коэффициент,сдохли,2026-04-17 16:34:00,2026-04-17 16:34:00,1,1,1,1,0,0,0.0,0.0,5.67,новый,False
e_01453,Обсуждение коэффициентов и тарифов,"Инфоповод по теме «Коэффициент» за период 18.04.2026 02:42 — 18.04.2026 02:42. Внутри 1 сообщений, чатов: 1. Частые слова: кэф.",Коэффициент,Коэффициент,кэф,2026-04-18 02:42:00,2026-04-18 02:42:00,1,1,1,1,0,0,0.0,0.0,5.67,новый,False
e_01456,Обсуждение коэффициентов и тарифов,"Инфоповод по теме «Коэффициент» за период 22.04.2026 20:58 — 22.04.2026 20:58. Внутри 1 сообщений, чатов: 1. Частые слова: кэф.",Коэффициент,Коэффициент,кэф,2026-04-22 20:58:00,2026-04-22 20:58:00,1,1,1,1,0,0,0.0,0.0,5.67,новый,False
e_01458,Обсуждение коэффициентов и тарифов,"Инфоповод по теме «Коэффициент» за период 19.04.2026 15:09 — 19.04.2026 15:09. Внутри 1 сообщений, чатов: 1. Частые слова: балла.",Коэффициент,Коэффициент,балла,2026-04-19 15:09:00,2026-04-19 15:09:00,1,1,1,1,0,0,0.0,0.0,5.67,новый,False
e_01459,Обсуждение коэффициентов и тарифов,"Инфоповод по теме «Коэффициент» за период 20.04.2026 13:37 — 20.04.2026 13:37. Внутри 1 сообщений, чатов: 1. Частые слова: баллов.",Коэффициент,Коэффициент,баллов,2026-04-20 13:37:00,2026-04-20 13:37:00,1,1,1,1,0,0,0.0,0.0,5.67,новый,False
e_01460,Обсуждение коэффициентов и тарифов,"Инфоповод по теме «Коэффициент» за период 19.04.2026 20:14 — 19.04.2026 20:14. Внутри 1 сообщений, чатов: 1. Частые слова: психанул.",Коэффициент,Коэффициент,психанул,2026-04-19 20:14:00,2026-04-19 20:14:00,1,1,1,1,0,0,0.0,0.0,5.67,новый,False
e_01466,Обсуждение коэффициентов и тарифов,"Инфоповод по теме «Коэффициент» за период 18.04.2026 20:38 — 18.04.2026 20:38. Внутри 1 сообщений, чатов: 1. Частые слова: юхууууу.",Коэффициент,Коэффициент,юхууууу,2026-04-18 20:38:00,2026-04-18 20:38:00,1,1,1,1,0,0,0.0,0.0,5.67,новый,False
e_00018,"WB Такси: анастасия, внесла, хоть","Инфоповод по теме «WB Такси» за период 19.04.2026 22:44 — 19.04.2026 22:44. Внутри 1 сообщений, чатов: 1. Частые слова: анастасия, внесла, хоть, какое, разнообразие.",WB Такси,WB Такси|яндекс,анастасия|внесла|хоть|какое|разнообразие|вечном|схемы,2026-04-19 22:44:00,2026-04-19 22:44:00,1,1,1,1,0,0,0.0,0.0,5.17,новый,False
e_00024,"WB Такси: складе, озон, заработаешь","Инфоповод по теме «WB Такси» за период 20.04.2026 23:30 — 20.04.2026 23:30. Внутри 1 сообщений, чатов: 1. Частые слова: складе, озон, заработаешь, рассматривать, такие.",WB Такси,WB Такси,складе|озон|заработаешь|рассматривать|такие|варианты|работы,2026-04-20 23:30:00,2026-04-20 23:30:00,1,1,1,1,0,0,0.0,0.0,5.17,новый,False
e_00032,"WB Такси: может, иди, скажи","Инфоповод по теме «WB Такси» за период 22.04.2026 11:31 — 22.04.2026 11:31. Внутри 1 сообщений, чатов: 1. Частые слова: может, иди, скажи, думаешь, фастен.",WB Такси,WB Такси|яндекс,может|иди|скажи|думаешь|фастен|скупает|такси,2026-04-22 11:31:00,2026-04-22 11:31:00,1,1,1,1,0,0,0.0,0.0,5.17,новый,False
e_00040,"WB Такси: такси, переобулись","Инфоповод по теме «WB Такси» за период 23.04.2026 12:35 — 23.04.2026 12:35. Внутри 1 сообщений, чатов: 1. Частые слова: такси, переобулись.",WB Такси,WB Такси,такси|переобулись,2026-04-23 12:35:00,2026-04-23 12:35:00,1,1,1,1,0,0,0.0,0.0,5.17,новый,False
e_00041,"WB Такси: чемпионы, легенды, уйдут","Инфоповод по теме «WB Такси» за период 23.04.2026 14:27 — 23.04.2026 14:27. Внутри 1 сообщений, чатов: 1. Частые слова: чемпионы, легенды, уйдут, временной, костью.",WB Такси,WB Такси,чемпионы|легенды|уйдут|временной|костью|пойдут|выбрал,2026-04-23 14:27:00,2026-04-23 14:27:00,1,1,1,1,0,0,0.0,0.0,5.17,новый,False
e_00042,"WB Такси: чет, теме, такси","Инфоповод по теме «WB Такси» за период 23.04.2026 17:58 — 23.04.2026 17:58. Внутри 1 сообщений, чатов: 1. Частые слова: чет, теме, такси, запустили.",WB Такси,WB Такси,чет|теме|такси|запустили,2026-04-23 17:58:00,2026-04-23 17:58:00,1,1,1,1,0,0,0.0,0.0,5.17,новый,False
e_00043,"WB Такси: ребятаааааа, такси, бишкека","Инфоповод по теме «WB Такси» за период 23.04.2026 19:01 — 23.04.2026 19:01. Внутри 1 сообщений, чатов: 1. Частые слова: ребятаааааа, такси, бишкека, начал, работу.",WB Такси,WB Такси,ребятаааааа|такси|бишкека|начал|работу,2026-04-23 19:01:00,2026-04-23 19:01:00,1,1,1,1,0,0,0.0,0.0,5.17,новый,False
e_00046,"Фастен: нахуй, сезон, типо","Инфоповод по теме «Фастен» за период 17.04.2026 00:34 — 17.04.2026 00:34. Внутри 1 сообщений, чатов: 1. Частые слова: нахуй, сезон, типо, кого, нету.",Фастен,Фастен,нахуй|сезон|типо|кого|нету|сезона|бля,2026-04-17 00:34:00,2026-04-17 00:34:00,1,1,1,1,0,0,0.0,0.0,5.17,новый,False
e_00048,"Фастен: хотел, ехать, такси","Инфоповод по теме «Фастен» за период 17.04.2026 08:50 — 17.04.2026 08:50. Внутри 1 сообщений, чатов: 1. Частые слова: хотел, ехать, такси, чет, 10мин.",Фастен,Фастен|яндекс,хотел|ехать|такси|чет|10мин|800р|передумал,2026-04-17 08:50:00,2026-04-17 08:50:00,1,1,1,1,0,0,0.0,0.0,5.17,новый,False
e_00049,"Фастен: фастен, прям, спрошу","Инфоповод по теме «Фастен» за период 17.04.2026 13:32 — 17.04.2026 13:32. Внутри 1 сообщений, чатов: 1. Частые слова: фастен, прям, спрошу, блять, фистинг.",Фастен,Фастен,фастен|прям|спрошу|блять|фистинг|идет|нахуй,2026-04-17 13:32:00,2026-04-17 13:32:00,1,1,1,1,0,0,0.0,0.0,5.17,новый,False
e_00071,"Фастен: яндекса, фалос, блядь","Инфоповод по теме «Фастен» за период 23.04.2026 19:57 — 23.04.2026 19:57. Внутри 1 сообщений, чатов: 1. Частые слова: яндекса, фалос, блядь, отличить, фастен.",Фастен,Фастен|яндекс,яндекса|фалос|блядь|отличить|фастен|заказ|такси,2026-04-23 19:57:00,2026-04-23 19:57:00,1,1,1,1,0,0,0.0,0.0,5.17,новый,False
e_00072,"Фастен: сизон, фастен","Инфоповод по теме «Фастен» за период 23.04.2026 22:11 — 23.04.2026 22:11. Внутри 1 сообщений, чатов: 1. Частые слова: сизон, фастен.",Фастен,Фастен,сизон|фастен,2026-04-23 22:11:00,2026-04-23 22:11:00,1,1,1,1,0,0,0.0,0.0,5.17,новый,False
e_00104,"яндекс: город, соседний, между","Инфоповод по теме «яндекс» за период 17.04.2026 01:25 — 17.04.2026 01:25. Внутри 1 сообщений, чатов: 1. Частые слова: город, соседний, между, километров, область.",яндекс,яндекс,город|соседний|между|километров|область|район|яндекс,2026-04-17 01:25:00,2026-04-17 01:25:00,1,1,1,1,0,0,0.0,0.0,5.17,новый,False
e_00127,"яндекс: эконому, комфорту, блядь","Инфоповод по теме «яндекс» за период 17.04.2026 02:44 — 17.04.2026 02:44. Внутри 1 сообщений, чатов: 1. Частые слова: эконому, комфорту, блядь, моему, сколько.",яндекс,яндекс,эконому|комфорту|блядь|моему|сколько|поездки|стоят,2026-04-17 02:44:00,2026-04-17 02:44:00,1,1,1,1,0,0,0.0,0.0,5.17,новый,False
e_00128,"яндекс: блядь, нахуй, городе","Инфоповод по теме «яндекс» за период 17.04.2026 03:35 — 17.04.2026 03:35. Внутри 1 сообщений, чатов: 1. Частые слова: блядь, нахуй, городе, хочу, висючки.",яндекс,яндекс,блядь|нахуй|городе|хочу|висючки|потому|всякая,2026-04-17 03:35:00,2026-04-17 03:35:00,1,1,1,1,0,0,0.0,0.0,5.17,новый,False
e_00148,"яндекс: несколько, человек, прилипли","Инфоповод по теме «яндекс» за период 17.04.2026 06:07 — 17.04.2026 06:07. Внутри 1 сообщений, чатов: 1. Частые слова: несколько, человек, прилипли, фейк, пацаненок.",яндекс,яндекс,несколько|человек|прилипли|фейк|пацаненок|техподдержкой|разговаривал,2026-04-17 06:07:00,2026-04-17 06:07:00,1,1,1,1,0,0,0.0,0.0,5.17,новый,False
e_00149,"Фастен: чем, фастена, хватал","Инфоповод по теме «Фастен» за период 17.04.2026 06:21 — 17.04.2026 06:21. Внутри 1 сообщений, чатов: 1. Частые слова: чем, фастена, хватал, подряд, катал.",Фастен,Фастен,чем|фастена|хватал|подряд|катал|район|много,2026-04-17 06:21:00,2026-04-17 06:21:00,1,1,1,1,0,0,0.0,0.0,5.17,новый,False
e_00154,"яндекс: модуль, начали, некоторые","Инфоповод по теме «яндекс» за период 17.04.2026 06:56 — 17.04.2026 06:56. Внутри 1 сообщений, чатов: 1. Частые слова: модуль, начали, некоторые, который, скрывал.",яндекс,яндекс,модуль|начали|некоторые|который|скрывал|рут|теории,2026-04-17 06:56:00,2026-04-17 06:56:00,1,1,1,1,0,0,0.0,0.0,5.17,новый,False
e_00155,"яндекс: очереди, слушается, находясь","Инфоповод по теме «яндекс» за период 17.04.2026 07:07 — 17.04.2026 07:07. Внутри 1 сообщений, чатов: 1. Частые слова: очереди, слушается, находясь, порту, принимаешь.",яндекс,яндекс,очереди|слушается|находясь|порту|принимаешь|заказ|самостоятельно,2026-04-17 07:07:00,2026-04-17 07:07:00,1,1,1,1,0,0,0.0,0.0,5.17,новый,False
e_00156,"яндекс: месяц, игрался, норм","Инфоповод по теме «яндекс» за период 17.04.2026 07:31 — 17.04.2026 07:31. Внутри 1 сообщений, чатов: 1. Частые слова: месяц, игрался, норм, всех, разному.",яндекс,яндекс,месяц|игрался|норм|всех|разному|видимо|яша,2026-04-17 07:31:00,2026-04-17 07:31:00,1,1,1,1,0,0,0.0,0.0,5.17,новый,False
e_00166,"яндекс: неделю, одной, оценки","Инфоповод по теме «яндекс» за период 17.04.2026 09:25 — 17.04.2026 09:25. Внутри 1 сообщений, чатов: 1. Частые слова: неделю, одной, оценки, такого, может.",яндекс,яндекс,неделю|одной|оценки|такого|может|мужики|подскажите,2026-04-17 09:25:00,2026-04-17 09:25:00,1,1,1,1,0,0,0.0,0.0,5.17,новый,False
e_00171,"яндекс: блядь, типа, лучше","Инфоповод по теме «яндекс» за период 17.04.2026 09:44 — 17.04.2026 09:44. Внутри 1 сообщений, чатов: 1. Частые слова: блядь, типа, лучше, месяц, будут.",яндекс,яндекс,блядь|типа|лучше|месяц|будут|работать|кайфом,2026-04-17 09:44:00,2026-04-17 09:44:00,1,1,1,1,0,0,0.0,0.0,5.17,новый,False
e_00172,"яндекс: сити, потому, яше","Инфоповод по теме «яндекс» за период 17.04.2026 09:49 — 17.04.2026 09:49. Внутри 1 сообщений, чатов: 1. Частые слова: сити, потому, яше, гарантии, списывалась.",яндекс,яндекс,сити|потому|яше|гарантии|списывалась|дак|соглашались,2026-04-17 09:49:00,2026-04-17 09:49:00,1,1,1,1,0,0,0.0,0.0,5.17,новый,False
e_00176,"WB Такси: заканчиваются, вез, водителя","Инфоповод по теме «WB Такси» за период 17.04.2026 10:39 — 17.04.2026 10:39. Внутри 1 сообщений, чатов: 1. Частые слова: заканчиваются, вез, водителя, фуры, озона.",WB Такси,WB Такси,заканчиваются|вез|водителя|фуры|озона|рассказывает|заработки,2026-04-17 10:39:00,2026-04-17 10:39:00,1,1,1,1,0,0,0.0,0.0,5.17,новый,False
e_00183,"яндекс: тыс, расходы, твой","Инфоповод по теме «яндекс» за период 17.04.2026 11:29 — 17.04.2026 11:29. Внутри 1 сообщений, чатов: 1. Частые слова: тыс, расходы, твой, доход, накатал.",яндекс,яндекс,тыс|расходы|твой|доход|накатал|скорее|отдал,2026-04-17 11:29:00,2026-04-17 11:29:00,1,1,1,1,0,0,0.0,0.0,5.17,новый,False
e_00192,"яндекс: говорю, говорит, отработали","Инфоповод по теме «яндекс» за период 17.04.2026 12:23 — 17.04.2026 12:23. Внутри 1 сообщений, чатов: 1. Частые слова: говорю, говорит, отработали, иваново, можете.",яндекс,яндекс,говорю|говорит|отработали|иваново|можете|лицензии|часов,2026-04-17 12:23:00,2026-04-17 12:23:00,1,1,1,1,0,0,0.0,0.0,5.17,новый,False
e_00197,"яндекс: плавно, возможно, может","Инфоповод по теме «яндекс» за период 17.04.2026 14:03 — 17.04.2026 14:03. Внутри 1 сообщений, чатов: 1. Частые слова: плавно, возможно, может, лужи, игруля.",яндекс,яндекс,плавно|возможно|может|лужи|игруля|яша|банит,2026-04-17 14:03:00,2026-04-17 14:03:00,1,1,1,1,0,0,0.0,0.0,5.17,новый,False
e_00207,"яндекс: ивантеевку, еду, проверю","Инфоповод по теме «яндекс» за период 17.04.2026 15:46 — 17.04.2026 15:46. Внутри 1 сообщений, чатов: 1. Частые слова: ивантеевку, еду, проверю, трех, телефонов.",яндекс,яндекс,ивантеевку|еду|проверю|трех|телефонов|буду|спрос,2026-04-17 15:46:00,2026-04-17 15:46:00,1,1,1,1,0,0,0.0,0.0,5.17,новый,False
e_00220,"яндекс: можно, которые, юристы","Инфоповод по теме «яндекс» за период 17.04.2026 17:02 — 17.04.2026 17:02. Внутри 1 сообщений, чатов: 1. Частые слова: можно, которые, юристы, потому, может.",яндекс,яндекс,можно|которые|юристы|потому|может|работать|рекламу,2026-04-17 17:02:00,2026-04-17 17:02:00,1,1,1,1,0,0,0.0,0.0,5.17,новый,False
e_00226,"яндекс: короче, uber, почему","Инфоповод по теме «яндекс» за период 17.04.2026 18:07 — 17.04.2026 18:07. Внутри 1 сообщений, чатов: 1. Частые слова: короче, uber, почему, поездка, получается.",яндекс,яндекс,короче|uber|почему|поездка|получается|татарстан|нахуй,2026-04-17 18:07:00,2026-04-17 18:07:00,1,1,1,1,0,0,0.0,0.0,5.17,новый,False
e_00231,"WB Такси: скорее, появился, действительно","Инфоповод по теме «WB Такси» за период 17.04.2026 18:15 — 17.04.2026 18:15. Внутри 1 сообщений, чатов: 1. Частые слова: скорее, появился, действительно, будут, такие.",WB Такси,WB Такси|яндекс,скорее|появился|действительно|будут|такие|сладкие|условия,2026-04-17 18:15:00,2026-04-17 18:15:00,1,1,1,1,0,0,0.0,0.0,5.17,новый,False
e_00233,"яндекс: алексей, доброго, вечера","Инфоповод по теме «яндекс» за период 17.04.2026 18:21 — 17.04.2026 18:21. Внутри 1 сообщений, чатов: 1. Частые слова: алексей, доброго, вечера, пожалуйста, внимание.",яндекс,яндекс,алексей|доброго|вечера|пожалуйста|внимание|свое|заостряйте,2026-04-17 18:21:00,2026-04-17 18:21:00,1,1,1,1,0,0,0.0,0.0,5.17,новый,False
e_00241,"WB Такси: влияния, думали, вбт","Инфоповод по теме «WB Такси» за период 17.04.2026 19:33 — 17.04.2026 19:33. Внутри 1 сообщений, чатов: 1. Частые слова: влияния, думали, вбт, ведут, переговоры.",WB Такси,WB Такси|яндекс,влияния|думали|вбт|ведут|переговоры|разделе|сферы,2026-04-17 19:33:00,2026-04-17 19:33:00,1,1,1,1,0,0,0.0,0.0,5.17,новый,False
e_00257,"яндекс: блять, пойму, игра","Инфоповод по теме «яндекс» за период 17.04.2026 22:18 — 17.04.2026 22:18. Внутри 1 сообщений, чатов: 1. Частые слова: блять, пойму, игра, сломалась, будем.",яндекс,яндекс,блять|пойму|игра|сломалась|будем|пробовать|понятное,2026-04-17 22:18:00,2026-04-17 22:18:00,1,1,1,1,0,0,0.0,0.0,5.17,новый,False
e_00267,"WB Такси: куча, отмазок, яндекс","Инфоповод по теме «WB Такси» за период 18.04.2026 00:18 — 18.04.2026 00:18. Внутри 1 сообщений, чатов: 1. Частые слова: куча, отмазок, яндекс, отвалил, бабло.",WB Такси,WB Такси,куча|отмазок|яндекс|отвалил|бабло|лезли|бабок,2026-04-18 00:18:00,2026-04-18 00:18:00,1,1,1,1,0,0,0.0,0.0,5.17,новый,False
e_00268,"яндекс: бабок, вроде, посмотрели","Инфоповод по теме «яндекс» за период 18.04.2026 00:19 — 18.04.2026 00:19. Внутри 1 сообщений, чатов: 1. Частые слова: бабок, вроде, посмотрели, болото, решили.",яндекс,яндекс,бабок|вроде|посмотрели|болото|решили|пока|лезть,2026-04-18 00:19:00,2026-04-18 00:19:00,1,1,1,1,0,0,0.0,0.0,5.17,новый,False
e_00269,"яндекс: youtube, набери, подключить","Инфоповод по теме «яндекс» за период 18.04.2026 17:13 — 18.04.2026 17:13. Внутри 1 сообщений, чатов: 1. Частые слова: youtube, набери, подключить, двойную, розетку.",яндекс,яндекс,youtube|набери|подключить|двойную|розетку|куча|роликов,2026-04-18 17:13:00,2026-04-18 17:13:00,1,1,1,1,0,0,0.0,0.0,5.17,новый,False
e_00271,"яндекс: спот, михайловский, row","Инфоповод по теме «яндекс» за период 18.04.2026 03:51 — 18.04.2026 03:51. Внутри 1 сообщений, чатов: 1. Частые слова: спот, михайловский, row, сад, наб.",яндекс,яндекс,спот|михайловский|row|сад|наб|павильон|росси,2026-04-18 03:51:00,2026-04-18 03:51:00,1,1,1,1,0,0,0.0,0.0,5.17,новый,False
e_00272,яндекс: приятнее,"Инфоповод по теме «яндекс» за период 18.04.2026 03:53 — 18.04.2026 03:53. Внутри 1 сообщений, чатов: 1. Частые слова: приятнее.",яндекс,яндекс,приятнее,2026-04-18 03:53:00,2026-04-18 03:53:00,1,1,1,1,0,0,0.0,0.0,5.17,новый,False
e_00273,"яндекс: блядь, нахуй, тысяч","Инфоповод по теме «яндекс» за период 18.04.2026 03:59 — 18.04.2026 03:59. Внутри 1 сообщений, чатов: 1. Частые слова: блядь, нахуй, тысяч, скидывать, работаю.",яндекс,яндекс,блядь|нахуй|тысяч|скидывать|работаю|допустим|меньше,2026-04-18 03:59:00,2026-04-18 03:59:00,1,1,1,1,0,0,0.0,0.0,5.17,новый,False
e_00277,"WB Такси: плохо, щас, доедешь","Инфоповод по теме «WB Такси» за период 18.04.2026 07:27 — 18.04.2026 07:27. Внутри 1 сообщений, чатов: 1. Частые слова: плохо, щас, доедешь, адреса, пиздец.",WB Такси,WB Такси|яндекс,плохо|щас|доедешь|адреса|пиздец|вообще|жду,2026-04-18 07:27:00,2026-04-18 07:27:00,1,1,1,1,0,0,0.0,0.0,5.17,новый,False
e_00283,"Фастен: блядь, подъехал, запасом","Инфоповод по теме «Фастен» за период 18.04.2026 09:23 — 18.04.2026 09:23. Внутри 1 сообщений, чатов: 1. Частые слова: блядь, подъехал, запасом, оказалось, эти.",Фастен,Фастен,блядь|подъехал|запасом|оказалось|эти|уебки|поставили,2026-04-18 09:23:00,2026-04-18 09:23:00,1,1,1,1,0,0,0.0,0.0,5.17,новый,False
e_00286,"яндекс: должна, система, абсолютно","Инфоповод по теме «яндекс» за период 18.04.2026 10:43 — 18.04.2026 10:43. Внутри 1 сообщений, чатов: 1. Частые слова: должна, система, абсолютно, может, пятерки.",яндекс,яндекс,должна|система|абсолютно|может|пятерки|нужно|артур,2026-04-18 10:43:00,2026-04-18 10:43:00,1,1,1,1,0,0,0.0,0.0,5.17,новый,False
e_00289,"яндекс: проблемы, заезжал, конечно","Инфоповод по теме «яндекс» за период 18.04.2026 11:16 — 18.04.2026 11:16. Внутри 1 сообщений, чатов: 1. Частые слова: проблемы, заезжал, конечно, начались, неделю.",яндекс,яндекс,проблемы|заезжал|конечно|начались|неделю|назад|потому,2026-04-18 11:16:00,2026-04-18 11:16:00,1,1,1,1,0,0,0.0,0.0,5.17,новый,False
e_00291,"яндекс: пени, яндекс, пополнение","Инфоповод по теме «яндекс» за период 18.04.2026 11:28 — 18.04.2026 11:28. Внутри 1 сообщений, чатов: 1. Частые слова: пени, яндекс, пополнение, tip, ill.",яндекс,яндекс,пени|яндекс|пополнение|tip|ill|o0u|lte,2026-04-18 11:28:00,2026-04-18 11:28:00,1,1,1,1,0,0,0.0,0.0,5.17,новый,False
e_00293,"WB Такси: судя, твоим, сообщениям","Инфоповод по теме «WB Такси» за период 18.04.2026 11:35 — 18.04.2026 11:35. Внутри 1 сообщений, чатов: 1. Частые слова: судя, твоим, сообщениям, очередной, ящуробот.",WB Такси,WB Такси,судя|твоим|сообщениям|очередной|ящуробот|поэтому|тратить,2026-04-18 11:35:00,2026-04-18 11:35:00,1,1,1,1,0,0,0.0,0.0,5.17,новый,False
e_00296,"яндекс: месяц, принятия, угодно","Инфоповод по теме «яндекс» за период 18.04.2026 12:27 — 18.04.2026 12:27. Внутри 1 сообщений, чатов: 1. Частые слова: месяц, принятия, угодно, куда, нибудь.",яндекс,яндекс,месяц|принятия|угодно|куда|нибудь|том|году,2026-04-18 12:27:00,2026-04-18 12:27:00,1,1,1,1,0,0,0.0,0.0,5.17,новый,False
e_00306,"WB Такси: купил, вместе, работаю","Инфоповод по теме «WB Такси» за период 18.04.2026 14:11 — 18.04.2026 14:11. Внутри 1 сообщений, чатов: 1. Частые слова: купил, вместе, работаю, заказы, голодранцы.",WB Такси,WB Такси,купил|вместе|работаю|заказы|голодранцы|сделал|осени,2026-04-18 14:11:00,2026-04-18 14:11:00,1,1,1,1,0,0,0.0,0.0,5.17,новый,False
e_00310,"яндекс: заехала, заказ, снова","Инфоповод по теме «яндекс» за период 18.04.2026 14:55 — 18.04.2026 14:55. Внутри 1 сообщений, чатов: 1. Частые слова: заехала, заказ, снова, причем, приехала.",яндекс,яндекс,заехала|заказ|снова|причем|приехала|пассом|сразу,2026-04-18 14:55:00,2026-04-18 14:55:00,1,1,1,1,0,0,0.0,0.0,5.17,новый,False
e_00314,"яндекс: блядь, берешь, рублей","Инфоповод по теме «яндекс» за период 18.04.2026 16:27 — 18.04.2026 16:27. Внутри 1 сообщений, чатов: 1. Частые слова: блядь, берешь, рублей, машину, основные.",яндекс,яндекс,блядь|берешь|рублей|машину|основные|затраты|могут,2026-04-18 16:27:00,2026-04-18 16:27:00,1,1,1,1,0,0,0.0,0.0,5.17,новый,False
e_00315,"яндекс: допиздяться, будут, пешком","Инфоповод по теме «яндекс» за период 18.04.2026 16:30 — 18.04.2026 16:30. Внутри 1 сообщений, чатов: 1. Частые слова: допиздяться, будут, пешком, детьми, ходить.",яндекс,яндекс,допиздяться|будут|пешком|детьми|ходить|месте|яндексом,2026-04-18 16:30:00,2026-04-18 16:30:00,1,1,1,1,0,0,0.0,0.0,5.17,новый,False
e_00316,"яндекс: фистинга, согласно, желтыйпидор","Инфоповод по теме «яндекс» за период 18.04.2026 16:33 — 18.04.2026 16:33. Внутри 1 сообщений, чатов: 1. Частые слова: фистинга, согласно, желтыйпидор, урааа, спустя.",яндекс,яндекс,фистинга|согласно|желтыйпидор|урааа|спустя|дня|взяли,2026-04-18 16:33:00,2026-04-18 16:33:00,1,1,1,1,0,0,0.0,0.0,5.17,новый,False
e_00319,"яндекс: года, какого, пускают","Инфоповод по теме «яндекс» за период 18.04.2026 18:12 — 18.04.2026 18:12. Внутри 1 сообщений, чатов: 1. Частые слова: года, какого, пускают, авто, грузовой.",яндекс,яндекс,года|какого|пускают|авто|грузовой|какие|жесткие,2026-04-18 18:12:00,2026-04-18 18:12:00,1,1,1,1,0,0,0.0,0.0,5.17,новый,False
e_00321,"яндекс: вообще, яндекс, жизни","Инфоповод по теме «яндекс» за период 18.04.2026 18:55 — 18.04.2026 18:55. Внутри 1 сообщений, чатов: 1. Частые слова: вообще, яндекс, жизни, помню, бля.",яндекс,яндекс,вообще|яндекс|жизни|помню|бля|рейтинг|ему,2026-04-18 18:55:00,2026-04-18 18:55:00,1,1,1,1,0,0,0.0,0.0,5.17,новый,False
e_00322,"яндекс: далее, цены, сколько","Инфоповод по теме «яндекс» за период 18.04.2026 18:58 — 18.04.2026 18:58. Внутри 1 сообщений, чатов: 1. Частые слова: далее, цены, сколько, блядь, людей.",яндекс,яндекс,далее|цены|сколько|блядь|людей|пытаются|люди,2026-04-18 18:58:00,2026-04-18 18:58:00,1,1,1,1,0,0,0.0,0.0,5.17,новый,False
e_00323,"яндекс: короче, говорю, приезжает","Инфоповод по теме «яндекс» за период 18.04.2026 19:06 — 18.04.2026 19:06. Внутри 1 сообщений, чатов: 1. Частые слова: короче, говорю, приезжает, задом, немножко.",яндекс,яндекс,короче|говорю|приезжает|задом|немножко|чуть|нужно,2026-04-18 19:06:00,2026-04-18 19:06:00,1,1,1,1,0,0,0.0,0.0,5.17,новый,False
e_00330,"яндекс: полностью, абсолютно, например","Инфоповод по теме «яндекс» за период 18.04.2026 20:57 — 18.04.2026 20:57. Внутри 1 сообщений, чатов: 1. Частые слова: полностью, абсолютно, например, оценку, вилле.",яндекс,яндекс,полностью|абсолютно|например|оценку|вилле|чем|telegr,2026-04-18 20:57:00,2026-04-18 20:57:00,1,1,1,1,0,0,0.0,0.0,5.17,новый,False
e_00331,"яндекс: понимаю, бонусы, химчистку","Инфоповод по теме «яндекс» за период 18.04.2026 21:10 — 18.04.2026 21:10. Внутри 1 сообщений, чатов: 1. Частые слова: понимаю, бонусы, химчистку, яндекс, оплатил.",яндекс,яндекс,понимаю|бонусы|химчистку|яндекс|оплатил|пассажир|перед,2026-04-18 21:10:00,2026-04-18 21:10:00,1,1,1,1,0,0,0.0,0.0,5.17,новый,False
e_00332,"яндекс: айти, компании, мол","Инфоповод по теме «яндекс» за период 18.04.2026 21:14 — 18.04.2026 21:14. Внутри 1 сообщений, чатов: 1. Частые слова: айти, компании, мол, много, пропускал.",яндекс,яндекс,айти|компании|мол|много|пропускал|этого|пофиксили,2026-04-18 21:14:00,2026-04-18 21:14:00,1,1,1,1,0,0,0.0,0.0,5.17,новый,False
e_00333,"яндекс: звоню, минут, трубку","Инфоповод по теме «яндекс» за период 18.04.2026 21:45 — 18.04.2026 21:45. Внутри 1 сообщений, чатов: 1. Частые слова: звоню, минут, трубку, берут, потом.",яндекс,яндекс,звоню|минут|трубку|берут|потом|сброс|звонка,2026-04-18 21:45:00,2026-04-18 21:45:00,1,1,1,1,0,0,0.0,0.0,5.17,новый,False
e_00345,"яндекс: блядь, раз, арризо","Инфоповод по теме «яндекс» за период 18.04.2026 23:52 — 18.04.2026 23:52. Внутри 1 сообщений, чатов: 1. Частые слова: блядь, раз, арризо, катит, ань.",яндекс,яндекс,блядь|раз|арризо|катит|ань|пока|ариза,2026-04-18 23:52:00,2026-04-18 23:52:00,1,1,1,1,0,0,0.0,0.0,5.17,новый,False
e_00352,"яндекс: заказы, 30р, мин","Инфоповод по теме «яндекс» за период 19.04.2026 00:54 — 19.04.2026 00:54. Внутри 1 сообщений, чатов: 1. Частые слова: заказы, 30р, мин, яндекс, сюрприз.",яндекс,яндекс,заказы|30р|мин|яндекс|сюрприз|индрайвер|дешевый,2026-04-19 00:54:00,2026-04-19 00:54:00,1,1,1,1,0,0,0.0,0.0,5.17,новый,False
e_00358,"яндекс: кормильца, нищеброды, говоришь","Инфоповод по теме «яндекс» за период 19.04.2026 02:35 — 19.04.2026 02:35. Внутри 1 сообщений, чатов: 1. Частые слова: кормильца, нищеброды, говоришь, пассу, отменяйте.",яндекс,яндекс,кормильца|нищеброды|говоришь|пассу|отменяйте|яши|едем,2026-04-19 02:35:00,2026-04-19 02:35:00,1,1,1,1,0,0,0.0,0.0,5.17,новый,False
e_00359,"яндекс: фигурировал, думаю, можно","Инфоповод по теме «яндекс» за период 19.04.2026 02:55 — 19.04.2026 02:55. Внутри 1 сообщений, чатов: 1. Частые слова: фигурировал, думаю, можно, прочитать, открыл.",яндекс,яндекс,фигурировал|думаю|можно|прочитать|открыл|инфу|франции,2026-04-19 02:55:00,2026-04-19 02:55:00,1,1,1,1,0,0,0.0,0.0,5.17,новый,False
e_00367,"яндекс: блочат, делать, будешь","Инфоповод по теме «яндекс» за период 19.04.2026 07:22 — 19.04.2026 07:22. Внутри 1 сообщений, чатов: 1. Частые слова: блочат, делать, будешь, каплюса, некомфорт.",яндекс,яндекс,блочат|делать|будешь|каплюса|некомфорт|глобальных|таких,2026-04-19 07:22:00,2026-04-19 07:22:00,1,1,1,1,0,0,0.0,0.0,5.17,новый,False
e_00368,"яндекс: ниже, пассажиры, будут","Инфоповод по теме «яндекс» за период 19.04.2026 07:35 — 19.04.2026 07:35. Внутри 1 сообщений, чатов: 1. Частые слова: ниже, пассажиры, будут, нашем, сервисе.",яндекс,яндекс,ниже|пассажиры|будут|нашем|сервисе|фиксированных|цен,2026-04-19 07:35:00,2026-04-19 07:35:00,1,1,1,1,0,0,0.0,0.0,5.17,новый,False
e_00369,"яндекс: будут, этих, пассажиров","Инфоповод по теме «яндекс» за период 20.04.2026 15:49 — 20.04.2026 15:49. Внутри 1 сообщений, чатов: 1. Частые слова: будут, этих, пассажиров, альберес, пассажиры.",яндекс,яндекс,будут|этих|пассажиров|альберес|пассажиры|далее|ниже,2026-04-20 15:49:00,2026-04-20 15:49:00,1,1,1,1,0,0,0.0,0.0,5.17,новый,False
e_00376,"яндекс: шереметьево, вообще, скольки","Инфоповод по теме «яндекс» за период 19.04.2026 09:28 — 19.04.2026 09:28. Внутри 1 сообщений, чатов: 1. Частые слова: шереметьево, вообще, скольки, проворонилась, встаю.",яндекс,яндекс,шереметьево|вообще|скольки|проворонилась|встаю|пятом|четыре,2026-04-19 09:28:00,2026-04-19 09:28:00,1,1,1,1,0,0,0.0,0.0,5.17,новый,False
e_00383,"яндекс: лицензией, сидим, тачке","Инфоповод по теме «яндекс» за период 18.04.2026 07:46 — 18.04.2026 07:46. Внутри 1 сообщений, чатов: 1. Частые слова: лицензией, сидим, тачке, другом, волгоград.",яндекс,яндекс,лицензией|сидим|тачке|другом|волгоград|лицензии|приходят,2026-04-18 07:46:00,2026-04-18 07:46:00,1,1,1,1,0,0,0.0,0.0,5.17,новый,False
e_00384,"яндекс: лицензией, нажималово, сидим","Инфоповод по теме «яндекс» за период 19.04.2026 10:45 — 19.04.2026 10:45. Внутри 1 сообщений, чатов: 1. Частые слова: лицензией, нажималово, сидим, тачке, другом.",яндекс,яндекс,лицензией|нажималово|сидим|тачке|другом|волгоград|лицензии,2026-04-19 10:45:00,2026-04-19 10:45:00,1,1,1,1,0,0,0.0,0.0,5.17,новый,False
e_00385,"яндекс: именно, работать, работают","Инфоповод по теме «яндекс» за период 19.04.2026 10:56 — 19.04.2026 10:56. Внутри 1 сообщений, чатов: 1. Частые слова: именно, работать, работают, фрилансеры, могут.",яндекс,яндекс,именно|работать|работают|фрилансеры|могут|крайне|какая,2026-04-19 10:56:00,2026-04-19 10:56:00,1,1,1,1,0,0,0.0,0.0,5.17,новый,False
e_00387,"яндекс: люди, яше, плюс","Инфоповод по теме «яндекс» за период 19.04.2026 11:30 — 19.04.2026 11:30. Внутри 1 сообщений, чатов: 1. Частые слова: люди, яше, плюс, улице, деньги.",яндекс,яндекс,люди|яше|плюс|улице|деньги|дают|самые,2026-04-19 11:30:00,2026-04-19 11:30:00,1,1,1,1,0,0,0.0,0.0,5.17,новый,False
e_00390,"яндекс: часто, москву, едешь","Инфоповод по теме «яндекс» за период 19.04.2026 11:48 — 19.04.2026 11:48. Внутри 1 сообщений, чатов: 1. Частые слова: часто, москву, едешь, мало, соглашается.",яндекс,яндекс,часто|москву|едешь|мало|соглашается|платить|чем,2026-04-19 11:48:00,2026-04-19 11:48:00,1,1,1,1,0,0,0.0,0.0,5.17,новый,False
e_00392,"WB Такси: главное, процент, адекватный","Инфоповод по теме «WB Такси» за период 19.04.2026 11:58 — 19.04.2026 11:58. Внутри 1 сообщений, чатов: 1. Частые слова: главное, процент, адекватный, остался, агрегатора.",WB Такси,WB Такси,главное|процент|адекватный|остался|агрегатора|иначе|нахер,2026-04-19 11:58:00,2026-04-19 11:58:00,1,1,1,1,0,0,0.0,0.0,5.17,новый,False
e_00403,"яндекс: яндекс, чуть, принцип","Инфоповод по теме «яндекс» за период 19.04.2026 13:04 — 19.04.2026 13:04. Внутри 1 сообщений, чатов: 1. Частые слова: яндекс, чуть, принцип, брать, жизни.",яндекс,яндекс,яндекс|чуть|принцип|брать|жизни|максимуму|дают,2026-04-19 13:04:00,2026-04-19 13:04:00,1,1,1,1,0,0,0.0,0.0,5.17,новый,False
e_00405,"яндекс: недавно, милая, пассажирка","Инфоповод по теме «яндекс» за период 19.04.2026 13:31 — 19.04.2026 13:31. Внутри 1 сообщений, чатов: 1. Частые слова: недавно, милая, пассажирка, которая, супер.",яндекс,яндекс,недавно|милая|пассажирка|которая|супер|качестве|пассажира,2026-04-19 13:31:00,2026-04-19 13:31:00,1,1,1,1,0,0,0.0,0.0,5.17,новый,False
e_00408,"яндекс: блядь, абсолютно, деньги","Инфоповод по теме «яндекс» за период 19.04.2026 14:16 — 19.04.2026 14:16. Внутри 1 сообщений, чатов: 1. Частые слова: блядь, абсолютно, деньги, понимаешь, ничего.",яндекс,яндекс,блядь|абсолютно|деньги|понимаешь|ничего|личного|бизнес,2026-04-19 14:16:00,2026-04-19 14:16:00,1,1,1,1,0,0,0.0,0.0,5.17,новый,False
e_00409,"WB Такси: померил, отказ","Инфоповод по теме «WB Такси» за период 19.04.2026 14:19 — 19.04.2026 14:19. Внутри 1 сообщений, чатов: 1. Частые слова: померил, отказ.",WB Такси,WB Такси,померил|отказ,2026-04-19 14:19:00,2026-04-19 14:19:00,1,1,1,1,0,0,0.0,0.0,5.17,новый,False
e_00414,"WB Такси: день, франшиза, тысячи","Инфоповод по теме «WB Такси» за период 19.04.2026 14:48 — 19.04.2026 14:48. Внутри 1 сообщений, чатов: 1. Частые слова: день, франшиза, тысячи, видимо, потому.",WB Такси,WB Такси,день|франшиза|тысячи|видимо|потому|открывается|платят,2026-04-19 14:48:00,2026-04-19 14:48:00,1,1,1,1,0,0,0.0,0.0,5.17,новый,False
e_00421,"яндекс: блядь, запрос, минут","Инфоповод по теме «яндекс» за период 19.04.2026 16:41 — 19.04.2026 16:41. Внутри 1 сообщений, чатов: 1. Частые слова: блядь, запрос, минут, своей, могу.",яндекс,яндекс,блядь|запрос|минут|своей|могу|источник|лицензии,2026-04-19 16:41:00,2026-04-19 16:41:00,1,1,1,1,0,0,0.0,0.0,5.17,новый,False
e_00422,"яндекс: блядь, единицу, поставил","Инфоповод по теме «яндекс» за период 19.04.2026 17:02 — 19.04.2026 17:02. Внутри 1 сообщений, чатов: 1. Частые слова: блядь, единицу, поставил, комфорт, сука.",яндекс,яндекс,блядь|единицу|поставил|комфорт|сука|сумку|отменил,2026-04-19 17:02:00,2026-04-19 17:02:00,1,1,1,1,0,0,0.0,0.0,5.17,новый,False
e_00423,"яндекс: риски, попробую, посмотрим","Инфоповод по теме «яндекс» за период 19.04.2026 17:06 — 19.04.2026 17:06. Внутри 1 сообщений, чатов: 1. Частые слова: риски, попробую, посмотрим, какие, подачи.",яндекс,яндекс,риски|попробую|посмотрим|какие|подачи|потому|эффективном,2026-04-19 17:06:00,2026-04-19 17:06:00,1,1,1,1,0,0,0.0,0.0,5.17,новый,False
e_00424,"яндекс: этом, вопрос, яша","Инфоповод по теме «яндекс» за период 19.04.2026 17:30 — 19.04.2026 17:30. Внутри 1 сообщений, чатов: 1. Частые слова: этом, вопрос, яша, среди, многодетные.",яндекс,яндекс,этом|вопрос|яша|среди|многодетные|отцы|люди,2026-04-19 17:30:00,2026-04-19 17:30:00,1,1,1,1,0,0,0.0,0.0,5.17,новый,False
e_00427,"яндекс: люди, сам, пишешь","Инфоповод по теме «яндекс» за период 19.04.2026 17:52 — 19.04.2026 17:52. Внутри 1 сообщений, чатов: 1. Частые слова: люди, сам, пишешь, такое, которое.",яндекс,яндекс,люди|сам|пишешь|такое|которое|сергеич|скинул,2026-04-19 17:52:00,2026-04-19 17:52:00,1,1,1,1,0,0,0.0,0.0,5.17,новый,False
e_00429,"яндекс: пока, показывал, основном","Инфоповод по теме «яндекс» за период 19.04.2026 17:55 — 19.04.2026 17:55. Внутри 1 сообщений, чатов: 1. Частые слова: пока, показывал, основном, полное, самое.",яндекс,яндекс,пока|показывал|основном|полное|самое|яша|комиссии,2026-04-19 17:55:00,2026-04-19 17:55:00,1,1,1,1,0,0,0.0,0.0,5.17,новый,False
e_00440,"яндекс: блядь, думаю, вроде","Инфоповод по теме «яндекс» за период 19.04.2026 19:19 — 19.04.2026 19:19. Внутри 1 сообщений, чатов: 1. Частые слова: блядь, думаю, вроде, нахуй, едем.",яндекс,яндекс,блядь|думаю|вроде|нахуй|едем|поездка|держись,2026-04-19 19:19:00,2026-04-19 19:19:00,1,1,1,1,0,0,0.0,0.0,5.17,новый,False
e_00444,"яндекс: потом, поездки, карту","Инфоповод по теме «яндекс» за период 19.04.2026 19:44 — 19.04.2026 19:44. Внутри 1 сообщений, чатов: 1. Частые слова: потом, поездки, карту, итоге, заказ.",яндекс,яндекс,потом|поездки|карту|итоге|заказ|тема|поездка,2026-04-19 19:44:00,2026-04-19 19:44:00,1,1,1,1,0,0,0.0,0.0,5.17,новый,False
e_00451,"яндекс: блядь, нахуй, западном","Инфоповод по теме «яндекс» за период 19.04.2026 20:36 — 19.04.2026 20:36. Внутри 1 сообщений, чатов: 1. Частые слова: блядь, нахуй, западном, плюс, чурилово.",яндекс,яндекс,блядь|нахуй|западном|плюс|чурилово|кстати|раньше,2026-04-19 20:36:00,2026-04-19 20:36:00,1,1,1,1,0,0,0.0,0.0,5.17,новый,False
e_00462,"яндекс: тот, работает, самом","Инфоповод по теме «яндекс» за период 19.04.2026 22:12 — 19.04.2026 22:12. Внутри 1 сообщений, чатов: 1. Частые слова: тот, работает, самом, деле, часов.",яндекс,яндекс,тот|работает|самом|деле|часов|зарабатывает|меньше,2026-04-19 22:12:00,2026-04-19 22:12:00,1,1,1,1,0,0,0.0,0.0,5.17,новый,False
e_00463,"яндекс: плюс, примерно, оттуда","Инфоповод по теме «яндекс» за период 19.04.2026 22:28 — 19.04.2026 22:28. Внутри 1 сообщений, чатов: 1. Частые слова: плюс, примерно, оттуда, щас, забрал.",яндекс,яндекс,плюс|примерно|оттуда|щас|забрал|центра|яндекс,2026-04-19 22:28:00,2026-04-19 22:28:00,1,1,1,1,0,0,0.0,0.0,5.17,новый,False
e_00466,"яндекс: потому, яндекс, парк","Инфоповод по теме «яндекс» за период 19.04.2026 22:48 — 19.04.2026 22:48. Внутри 1 сообщений, чатов: 1. Частые слова: потому, яндекс, парк, этого, честно.",яндекс,яндекс,потому|яндекс|парк|этого|честно|людей|паркам,2026-04-19 22:48:00,2026-04-19 22:48:00,1,1,1,1,0,0,0.0,0.0,5.17,новый,False
e_00469,"WB Такси: частные, другому, устроено","Инфоповод по теме «WB Такси» за период 19.04.2026 23:02 — 19.04.2026 23:02. Внутри 1 сообщений, чатов: 1. Частые слова: частные, другому, устроено, люди, умеют.",WB Такси,WB Такси,частные|другому|устроено|люди|умеют|работать|обслуживании,2026-04-19 23:02:00,2026-04-19 23:02:00,1,1,1,1,0,0,0.0,0.0,5.17,новый,False
e_00472,"яндекс: потому, сокращение, времени","Инфоповод по теме «яндекс» за период 19.04.2026 23:21 — 19.04.2026 23:21. Внутри 1 сообщений, чатов: 1. Частые слова: потому, сокращение, времени, линии, тогда.",яндекс,яндекс,потому|сокращение|времени|линии|тогда|сначала|пройдет,2026-04-19 23:21:00,2026-04-19 23:21:00,1,1,1,1,0,0,0.0,0.0,5.17,новый,False
e_00474,"яндекс: яндекс, обязан, продолжай","Инфоповод по теме «яндекс» за период 19.04.2026 23:35 — 19.04.2026 23:35. Внутри 1 сообщений, чатов: 1. Частые слова: яндекс, обязан, продолжай, поддерживать, линию.",яндекс,яндекс,яндекс|обязан|продолжай|поддерживать|линию|яндекса|заплатил,2026-04-19 23:35:00,2026-04-19 23:35:00,1,1,1,1,0,0,0.0,0.0,5.17,новый,False
e_00479,"яндекс: сработает, этой, типа","Инфоповод по теме «яндекс» за период 20.04.2026 00:14 — 20.04.2026 00:14. Внутри 1 сообщений, чатов: 1. Частые слова: сработает, этой, типа, раз, две.",яндекс,яндекс,сработает|этой|типа|раз|две|тысячи|вон,2026-04-20 00:14:00,2026-04-20 00:14:00,1,1,1,1,0,0,0.0,0.0,5.17,новый,False
e_00485,"WB Такси: господа, нибудь, резину","Инфоповод по теме «WB Такси» за период 22.04.2026 11:49 — 22.04.2026 11:49. Внутри 1 сообщений, чатов: 1. Частые слова: господа, нибудь, резину, этой, марки.",WB Такси,WB Такси,господа|нибудь|резину|этой|марки|ставил|хочу,2026-04-22 11:49:00,2026-04-22 11:49:00,1,1,1,1,0,0,0.0,0.0,5.17,новый,False
e_00486,"яндекс: цен, такси, каком","Инфоповод по теме «яндекс» за период 20.04.2026 00:58 — 20.04.2026 00:58. Внутри 1 сообщений, чатов: 1. Частые слова: цен, такси, каком, повышении, пишите.",яндекс,яндекс,цен|такси|каком|повышении|пишите|выслушиваю|ежедневное,2026-04-20 00:58:00,2026-04-20 00:58:00,1,1,1,1,0,0,0.0,0.0,5.17,новый,False
e_00492,"Фастен: блядь, отменяем, могут","Инфоповод по теме «Фастен» за период 20.04.2026 02:06 — 20.04.2026 02:06. Внутри 1 сообщений, чатов: 1. Частые слова: блядь, отменяем, могут, счет, водителя.",Фастен,Фастен|яндекс,блядь|отменяем|могут|счет|водителя|сезон|доходы,2026-04-20 02:06:00,2026-04-20 02:06:00,1,1,1,1,0,0,0.0,0.0,5.17,новый,False
e_00493,"яндекс: метро, всегда, время","Инфоповод по теме «яндекс» за период 20.04.2026 02:12 — 20.04.2026 02:12. Внутри 1 сообщений, чатов: 1. Частые слова: метро, всегда, время, выходишь, другое.",яндекс,яндекс,метро|всегда|время|выходишь|другое|такие|поездки,2026-04-20 02:12:00,2026-04-20 02:12:00,1,1,1,1,0,0,0.0,0.0,5.17,новый,False
e_00495,"яндекс: блядь, делам, запад","Инфоповод по теме «яндекс» за период 20.04.2026 02:18 — 20.04.2026 02:18. Внутри 1 сообщений, чатов: 1. Частые слова: блядь, делам, запад, единственное, отличие.",яндекс,яндекс,блядь|делам|запад|единственное|отличие|всегда|через,2026-04-20 02:18:00,2026-04-20 02:18:00,1,1,1,1,0,0,0.0,0.0,5.17,новый,False
e_00497,"яндекс: ооо, часа, оплату","Инфоповод по теме «яндекс» за период 20.04.2026 02:46 — 20.04.2026 02:46. Внутри 1 сообщений, чатов: 1. Частые слова: ооо, часа, оплату, нормально, относитель.",яндекс,яндекс,ооо|часа|оплату|нормально|относитель|вообще|магазин,2026-04-20 02:46:00,2026-04-20 02:46:00,1,1,1,1,0,0,0.0,0.0,5.17,новый,False
e_00506,"яндекс: рейтинг, рассчитывается, объективным","Инфоповод по теме «яндекс» за период 20.04.2026 08:01 — 20.04.2026 08:01. Внутри 1 сообщений, чатов: 1. Частые слова: рейтинг, рассчитывается, объективным, оценкам, понимаем.",яндекс,яндекс,рейтинг|рассчитывается|объективным|оценкам|понимаем|хочется|увидеть,2026-04-20 08:01:00,2026-04-20 08:01:00,1,1,1,1,0,0,0.0,0.0,5.17,новый,False
e_00509,"яндекс: верно, говорить, клиентом","Инфоповод по теме «яндекс» за период 20.04.2026 08:44 — 20.04.2026 08:44. Внутри 1 сообщений, чатов: 1. Частые слова: верно, говорить, клиентом, цене, интересует.",яндекс,яндекс,верно|говорить|клиентом|цене|интересует|километраж|расстояние,2026-04-20 08:44:00,2026-04-20 08:44:00,1,1,1,1,0,0,0.0,0.0,5.17,новый,False
e_00511,"яндекс: пиццерией, пиццафорния, такси","Инфоповод по теме «яндекс» за период 20.04.2026 09:11 — 20.04.2026 09:11. Внутри 1 сообщений, чатов: 1. Частые слова: пиццерией, пиццафорния, такси, связи, сеть.",яндекс,яндекс,пиццерией|пиццафорния|такси|связи|сеть|хотим|поблагодарить,2026-04-20 09:11:00,2026-04-20 09:11:00,1,1,1,1,0,0,0.0,0.0,5.17,новый,False
e_00515,"яндекс: 80к, вообще, руки","Инфоповод по теме «яндекс» за период 20.04.2026 09:42 — 20.04.2026 09:42. Внутри 1 сообщений, чатов: 1. Частые слова: 80к, вообще, руки, получаешь, страховые.",яндекс,яндекс,80к|вообще|руки|получаешь|страховые|взносы|общему,2026-04-20 09:42:00,2026-04-20 09:42:00,1,1,1,1,0,0,0.0,0.0,5.17,новый,False
e_00524,"яндекс: дальняки, межгород, ладно","Инфоповод по теме «яндекс» за период 20.04.2026 11:18 — 20.04.2026 11:18. Внутри 1 сообщений, чатов: 1. Частые слова: дальняки, межгород, ладно, куда, сьебнуть.",яндекс,яндекс,дальняки|межгород|ладно|куда|сьебнуть|пока|пробки,2026-04-20 11:18:00,2026-04-20 11:18:00,1,1,1,1,0,0,0.0,0.0,5.17,новый,False
e_00526,"яндекс: вывоз, аккаунт, день","Инфоповод по теме «яндекс» за период 20.04.2026 11:43 — 20.04.2026 11:43. Внутри 1 сообщений, чатов: 1. Частые слова: вывоз, аккаунт, день, таполка, марте.",яндекс,яндекс,вывоз|аккаунт|день|таполка|марте|волна|банов,2026-04-20 11:43:00,2026-04-20 11:43:00,1,1,1,1,0,0,0.0,0.0,5.17,новый,False
e_00537,"яндекс: гибкий, включаешь, вырубаешь","Инфоповод по теме «яндекс» за период 20.04.2026 12:39 — 20.04.2026 12:39. Внутри 1 сообщений, чатов: 1. Частые слова: гибкий, включаешь, вырубаешь, сделать, баг.",яндекс,яндекс,гибкий|включаешь|вырубаешь|сделать|баг|долгий|муторный,2026-04-20 12:39:00,2026-04-20 12:39:00,1,1,1,1,0,0,0.0,0.0,5.17,новый,False
e_00538,"Фастен: чем, проблема, китаец","Инфоповод по теме «Фастен» за период 20.04.2026 12:41 — 20.04.2026 12:41. Внутри 1 сообщений, чатов: 1. Частые слова: чем, проблема, китаец, масло, лексус.",Фастен,Фастен,чем|проблема|китаец|масло|лексус|рублей|вон,2026-04-20 12:41:00,2026-04-20 12:41:00,1,1,1,1,0,0,0.0,0.0,5.17,новый,False
e_00539,"яндекс: водителей, знаю, заблокировал","Инфоповод по теме «яндекс» за период 20.04.2026 12:54 — 20.04.2026 12:54. Внутри 1 сообщений, чатов: 1. Частые слова: водителей, знаю, заблокировал, опять, часа.",яндекс,яндекс,водителей|знаю|заблокировал|опять|часа|пока|заблокированы,2026-04-20 12:54:00,2026-04-20 12:54:00,1,1,1,1,0,0,0.0,0.0,5.17,новый,False
e_00543,"яндекс: яндекс, может, прям","Инфоповод по теме «яндекс» за период 20.04.2026 13:14 — 20.04.2026 13:14. Внутри 1 сообщений, чатов: 1. Частые слова: яндекс, может, прям, скором, времени.",яндекс,яндекс,яндекс|может|прям|скором|времени|станем|нужны,2026-04-20 13:14:00,2026-04-20 13:14:00,1,1,1,1,0,0,0.0,0.0,5.17,новый,False
e_00547,"яндекс: нормальный, вариант, яндекс","Инфоповод по теме «яндекс» за период 20.04.2026 13:31 — 20.04.2026 13:31. Внутри 1 сообщений, чатов: 1. Частые слова: нормальный, вариант, яндекс, считает, иначе.",яндекс,яндекс,нормальный|вариант|яндекс|считает|иначе|лучше|конечно,2026-04-20 13:31:00,2026-04-20 13:31:00,1,1,1,1,0,0,0.0,0.0,5.17,новый,False
e_00548,"яндекс: заказ, довезти, другого","Инфоповод по теме «яндекс» за период 20.04.2026 13:44 — 20.04.2026 13:44. Внутри 1 сообщений, чатов: 1. Частые слова: заказ, довезти, другого, курьера, вообще.",яндекс,яндекс,заказ|довезти|другого|курьера|вообще|стремная|хурма,2026-04-20 13:44:00,2026-04-20 13:44:00,1,1,1,1,0,0,0.0,0.0,5.17,новый,False
e_00551,"яндекс: факту, легкий, вход","Инфоповод по теме «яндекс» за период 20.04.2026 14:11 — 20.04.2026 14:11. Внутри 1 сообщений, чатов: 1. Частые слова: факту, легкий, вход, ограничивает, твой.",яндекс,яндекс,факту|легкий|вход|ограничивает|твой|заработок|пике,2026-04-20 14:11:00,2026-04-20 14:11:00,1,1,1,1,0,0,0.0,0.0,5.17,новый,False
e_00556,"яндекс: данные, каждого, возможность","Инфоповод по теме «яндекс» за период 20.04.2026 14:36 — 20.04.2026 14:36. Внутри 1 сообщений, чатов: 1. Частые слова: данные, каждого, возможность, желательно, удалять.",яндекс,яндекс,данные|каждого|возможность|желательно|удалять|дня|самолета,2026-04-20 14:36:00,2026-04-20 14:36:00,1,1,1,1,0,0,0.0,0.0,5.17,новый,False
e_00558,"яндекс: эксплуатации, ирина, зарипова","Инфоповод по теме «яндекс» за период 20.04.2026 14:50 — 20.04.2026 14:50. Внутри 1 сообщений, чатов: 1. Частые слова: эксплуатации, ирина, зарипова, многие, прежнему.",яндекс,яндекс,эксплуатации|ирина|зарипова|многие|прежнему|представляют|таксопарк,2026-04-20 14:50:00,2026-04-20 14:50:00,1,1,1,1,0,0,0.0,0.0,5.17,новый,False
e_00559,"яндекс: дело, платите, может","Инфоповод по теме «яндекс» за период 20.04.2026 14:50 — 20.04.2026 14:50. Внутри 1 сообщений, чатов: 1. Частые слова: дело, платите, может, услуга, яндекс.",яндекс,яндекс,дело|платите|может|услуга|яндекс|конечно|работаете,2026-04-20 14:50:00,2026-04-20 14:50:00,1,1,1,1,0,0,0.0,0.0,5.17,новый,False
e_00561,"яндекс: лицензию, сделали, получилось","Инфоповод по теме «яндекс» за период 20.04.2026 15:11 — 20.04.2026 15:11. Внутри 1 сообщений, чатов: 1. Частые слова: лицензию, сделали, получилось, машина, лизенге.",яндекс,яндекс,лицензию|сделали|получилось|машина|лизенге|яша|выпускает,2026-04-20 15:11:00,2026-04-20 15:11:00,1,1,1,1,0,0,0.0,0.0,5.17,новый,False
e_00565,"яндекс: говорю, говорит, типа","Инфоповод по теме «яндекс» за период 20.04.2026 15:28 — 20.04.2026 15:28. Внутри 1 сообщений, чатов: 1. Частые слова: говорю, говорит, типа, короче, девушка.",яндекс,яндекс,говорю|говорит|типа|короче|девушка|ехать|минут,2026-04-20 15:28:00,2026-04-20 15:28:00,1,1,1,1,0,0,0.0,0.0,5.17,новый,False
e_00566,"яндекс: блядь, смешно, давно","Инфоповод по теме «яндекс» за период 20.04.2026 15:32 — 20.04.2026 15:32. Внутри 1 сообщений, чатов: 1. Частые слова: блядь, смешно, давно, потому, поддержке.",яндекс,яндекс,блядь|смешно|давно|потому|поддержке|опять|методичке,2026-04-20 15:32:00,2026-04-20 15:32:00,1,1,1,1,0,0,0.0,0.0,5.17,новый,False
e_00573,"яндекс: блядь, нахуй, говорю","Инфоповод по теме «яндекс» за период 20.04.2026 16:34 — 20.04.2026 16:34. Внутри 1 сообщений, чатов: 1. Частые слова: блядь, нахуй, говорю, газ, похуй.",яндекс,яндекс,блядь|нахуй|говорю|газ|похуй|типа|буду,2026-04-20 16:34:00,2026-04-20 16:34:00,1,1,1,1,0,0,0.0,0.0,5.17,новый,False
e_00576,"яндекс: выглядит, звонил, поводу","Инфоповод по теме «яндекс» за период 20.04.2026 16:43 — 20.04.2026 16:43. Внутри 1 сообщений, чатов: 1. Частые слова: выглядит, звонил, поводу, брендирования, сказали.",яндекс,яндекс,выглядит|звонил|поводу|брендирования|сказали|яндекс|еду,2026-04-20 16:43:00,2026-04-20 16:43:00,1,1,1,1,0,0,0.0,0.0,5.17,новый,False
e_00577,"яндекс: нужно, этого, собирать","Инфоповод по теме «яндекс» за период 20.04.2026 16:45 — 20.04.2026 16:45. Внутри 1 сообщений, чатов: 1. Частые слова: нужно, этого, собирать, telegram, каналы.",яндекс,яндекс,нужно|этого|собирать|telegram|каналы|водителями|города,2026-04-20 16:45:00,2026-04-20 16:45:00,1,1,1,1,0,0,0.0,0.0,5.17,новый,False
e_00586,"яндекс: ждать, пасс, иногда","Инфоповод по теме «яндекс» за период 20.04.2026 18:07 — 20.04.2026 18:07. Внутри 1 сообщений, чатов: 1. Частые слова: ждать, пасс, иногда, пишу, дальних.",яндекс,яндекс,ждать|пасс|иногда|пишу|дальних|подачах|подача,2026-04-20 18:07:00,2026-04-20 18:07:00,1,1,1,1,0,0,0.0,0.0,5.17,новый,False
e_00594,"яндекс: цели, катает, выкатывались","Инфоповод по теме «яндекс» за период 20.04.2026 19:16 — 20.04.2026 19:16. Внутри 1 сообщений, чатов: 1. Частые слова: цели, катает, выкатывались, сами, собой.",яндекс,яндекс,цели|катает|выкатывались|сами|собой|какая|разница,2026-04-20 19:16:00,2026-04-20 19:16:00,1,1,1,1,0,0,0.0,0.0,5.17,новый,False
e_00595,WB Такси: благодари,"Инфоповод по теме «WB Такси» за период 20.04.2026 19:27 — 20.04.2026 19:27. Внутри 1 сообщений, чатов: 1. Частые слова: благодари.",WB Такси,WB Такси|яндекс,благодари,2026-04-20 19:27:00,2026-04-20 19:27:00,1,1,1,1,0,0,0.0,0.0,5.17,новый,False
e_00604,"яндекс: приветствую, смотрю, ваше","Инфоповод по теме «яндекс» за период 20.04.2026 20:29 — 20.04.2026 20:29. Внутри 1 сообщений, чатов: 1. Частые слова: приветствую, смотрю, ваше, видео, круглого.",яндекс,яндекс,приветствую|смотрю|ваше|видео|круглого|стола|спасибо,2026-04-20 20:29:00,2026-04-20 20:29:00,1,1,1,1,0,0,0.0,0.0,5.17,новый,False
e_00608,"яндекс: будут, яндекс, коммерческая","Инфоповод по теме «яндекс» за период 20.04.2026 20:51 — 20.04.2026 20:51. Внутри 1 сообщений, чатов: 1. Частые слова: будут, яндекс, коммерческая, компания, никогда.",яндекс,яндекс,будут|яндекс|коммерческая|компания|никогда|такого|сделает,2026-04-20 20:51:00,2026-04-20 20:51:00,1,1,1,1,0,0,0.0,0.0,5.17,новый,False
e_00609,"яндекс: меньше, точно, станет","Инфоповод по теме «яндекс» за период 20.04.2026 20:54 — 20.04.2026 20:54. Внутри 1 сообщений, чатов: 1. Частые слова: меньше, точно, станет, поездок, людям.",яндекс,яндекс,меньше|точно|станет|поездок|людям|равно|сколько,2026-04-20 20:54:00,2026-04-20 20:54:00,1,1,1,1,0,0,0.0,0.0,5.17,новый,False
e_00611,"яндекс: условия, лучше, тачки","Инфоповод по теме «яндекс» за период 20.04.2026 20:58 — 20.04.2026 20:58. Внутри 1 сообщений, чатов: 1. Частые слова: условия, лучше, тачки, блокируют, чем.",яндекс,яндекс,условия|лучше|тачки|блокируют|чем|говорит|переферии,2026-04-20 20:58:00,2026-04-20 20:58:00,1,1,1,1,0,0,0.0,0.0,5.17,новый,False
e_00622,"яндекс: знает, говорят, бот","Инфоповод по теме «яндекс» за период 20.04.2026 21:54 — 20.04.2026 21:54. Внутри 1 сообщений, чатов: 1. Частые слова: знает, говорят, бот, телеге, можно.",яндекс,яндекс,знает|говорят|бот|телеге|можно|заказы|пропускать,2026-04-20 21:54:00,2026-04-20 21:54:00,1,1,1,1,0,0,0.0,0.0,5.17,новый,False
e_00623,"яндекс: права, перевозчика, убил","Инфоповод по теме «яндекс» за период 20.04.2026 22:06 — 20.04.2026 22:06. Внутри 1 сообщений, чатов: 1. Частые слова: права, перевозчика, убил, конкурировать, перевозчикам.",яндекс,яндекс,права|перевозчика|убил|конкурировать|перевозчикам|сути|требования,2026-04-20 22:06:00,2026-04-20 22:06:00,1,1,1,1,0,0,0.0,0.0,5.17,новый,False
e_00626,"яндекс: домой, часов, telegr","Инфоповод по теме «яндекс» за период 20.04.2026 22:40 — 20.04.2026 22:40. Внутри 1 сообщений, чатов: 1. Частые слова: домой, часов, telegr, яндексе, работают.",яндекс,яндекс,домой|часов|telegr|яндексе|работают|студенты|которые,2026-04-20 22:40:00,2026-04-20 22:40:00,1,1,1,1,0,0,0.0,0.0,5.17,новый,False
e_00631,"яндекс: общем, день, разогнуться","Инфоповод по теме «яндекс» за период 20.04.2026 23:16 — 20.04.2026 23:16. Внутри 1 сообщений, чатов: 1. Частые слова: общем, день, разогнуться, потом, работать.",яндекс,яндекс,общем|день|разогнуться|потом|работать|решила|попробовать,2026-04-20 23:16:00,2026-04-20 23:16:00,1,1,1,1,0,0,0.0,0.0,5.17,новый,False
e_00634,"WB Такси: яндекс, прежде, нисши","Инфоповод по теме «WB Такси» за период 21.04.2026 01:00 — 21.04.2026 01:00. Внутри 1 сообщений, чатов: 1. Частые слова: яндекс, прежде, нисши, рабочими, местами.",WB Такси,WB Такси,яндекс|прежде|нисши|рабочими|местами|люди|могут,2026-04-21 01:00:00,2026-04-21 01:00:00,1,1,1,1,0,0,0.0,0.0,5.17,новый,False
e_00636,"яндекс: дня, человек, сделал","Инфоповод по теме «яндекс» за период 21.04.2026 01:15 — 21.04.2026 01:15. Внутри 1 сообщений, чатов: 1. Частые слова: дня, человек, сделал, добро, вырвал.",яндекс,яндекс,дня|человек|сделал|добро|вырвал|машину|работы,2026-04-21 01:15:00,2026-04-21 01:15:00,1,1,1,1,0,0,0.0,0.0,5.17,новый,False
e_00637,"яндекс: люди, совсем, мог","Инфоповод по теме «яндекс» за период 21.04.2026 01:21 — 21.04.2026 01:21. Внутри 1 сообщений, чатов: 1. Частые слова: люди, совсем, мог, послушать, таксисты.",яндекс,яндекс,люди|совсем|мог|послушать|таксисты|всегда|особо,2026-04-21 01:21:00,2026-04-21 01:21:00,1,1,1,1,0,0,0.0,0.0,5.17,новый,False
e_00638,"яндекс: блядь, знаю, дровам","Инфоповод по теме «яндекс» за период 21.04.2026 01:23 — 21.04.2026 01:23. Внутри 1 сообщений, чатов: 1. Частые слова: блядь, знаю, дровам, людей, рекламировать.",яндекс,яндекс,блядь|знаю|дровам|людей|рекламировать|год|потому,2026-04-21 01:23:00,2026-04-21 01:23:00,1,1,1,1,0,0,0.0,0.0,5.17,новый,False
e_00639,"яндекс: блядь, знаю, пусть","Инфоповод по теме «яндекс» за период 22.04.2026 21:10 — 22.04.2026 21:10. Внутри 1 сообщений, чатов: 1. Частые слова: блядь, знаю, пусть, потому, получаться.",яндекс,яндекс,блядь|знаю|пусть|потому|получаться|кого|дрова,2026-04-22 21:10:00,2026-04-22 21:10:00,1,1,1,1,0,0,0.0,0.0,5.17,новый,False
e_00644,"яндекс: эпл, наверное, конторы","Инфоповод по теме «яндекс» за период 21.04.2026 06:50 — 21.04.2026 06:50. Внутри 1 сообщений, чатов: 1. Частые слова: эпл, наверное, конторы, вносят, эти.",яндекс,яндекс,эпл|наверное|конторы|вносят|эти|проверке|парка,2026-04-21 06:50:00,2026-04-21 06:50:00,1,1,1,1,0,0,0.0,0.0,5.17,новый,False
e_00651,"Фастен: выходит, среднем, руб","Инфоповод по теме «Фастен» за период 21.04.2026 08:36 — 21.04.2026 08:36. Внутри 1 сообщений, чатов: 1. Частые слова: выходит, среднем, руб, день, заводе.",Фастен,Фастен,выходит|среднем|руб|день|заводе|плюс|соцпакет,2026-04-21 08:36:00,2026-04-21 08:36:00,1,1,1,1,0,0,0.0,0.0,5.17,новый,False
e_00656,"яндекс: правда, нахуя, фистинг","Инфоповод по теме «яндекс» за период 21.04.2026 09:20 — 21.04.2026 09:20. Внутри 1 сообщений, чатов: 1. Частые слова: правда, нахуя, фистинг, тогда, заказал.",яндекс,яндекс,правда|нахуя|фистинг|тогда|заказал|общая|цена,2026-04-21 09:20:00,2026-04-21 09:20:00,1,1,1,1,0,0,0.0,0.0,5.17,новый,False
e_00659,"яндекс: кое, шлагбаум, пускали","Инфоповод по теме «яндекс» за период 21.04.2026 09:33 — 21.04.2026 09:33. Внутри 1 сообщений, чатов: 1. Частые слова: кое, шлагбаум, пускали, номер, работает.",яндекс,яндекс,кое|шлагбаум|пускали|номер|работает|парковка|через,2026-04-21 09:33:00,2026-04-21 09:33:00,1,1,1,1,0,0,0.0,0.0,5.17,новый,False
e_00664,"яндекс: какой, город, даст","Инфоповод по теме «яндекс» за период 21.04.2026 10:26 — 21.04.2026 10:26. Внутри 1 сообщений, чатов: 1. Частые слова: какой, город, даст, никогда, понимал.",яндекс,яндекс,какой|город|даст|никогда|понимал|этого|вопроса,2026-04-21 10:26:00,2026-04-21 10:26:00,1,1,1,1,0,0,0.0,0.0,5.17,новый,False
e_00669,"яндекс: заводе, сложней, сказки","Инфоповод по теме «яндекс» за период 21.04.2026 11:27 — 21.04.2026 11:27. Внутри 1 сообщений, чатов: 1. Частые слова: заводе, сложней, сказки, таксистов, лучше.",яндекс,яндекс,заводе|сложней|сказки|таксистов|лучше|каждый|выбирает,2026-04-21 11:27:00,2026-04-21 11:27:00,1,1,1,1,0,0,0.0,0.0,5.17,новый,False
e_00671,"яндекс: чувство, цены, уронили","Инфоповод по теме «яндекс» за период 21.04.2026 11:43 — 21.04.2026 11:43. Внутри 1 сообщений, чатов: 1. Частые слова: чувство, цены, уронили, смотрел, днем.",яндекс,яндекс,чувство|цены|уронили|смотрел|днем|написал|ценник,2026-04-21 11:43:00,2026-04-21 11:43:00,1,1,1,1,0,0,0.0,0.0,5.17,новый,False
e_00676,"яндекс: упыри, таксист, ему","Инфоповод по теме «яндекс» за период 21.04.2026 12:31 — 21.04.2026 12:31. Внутри 1 сообщений, чатов: 1. Частые слова: упыри, таксист, ему, задание, остановило.",яндекс,яндекс,упыри|таксист|ему|задание|остановило|бубба|ног,2026-04-21 12:31:00,2026-04-21 12:31:00,1,1,1,1,0,0,0.0,0.0,5.17,новый,False
e_00678,"яндекс: аренду, среднем, грубо","Инфоповод по теме «яндекс» за период 21.04.2026 12:37 — 21.04.2026 12:37. Внутри 1 сообщений, чатов: 1. Частые слова: аренду, среднем, грубо, говоря, такси.",яндекс,яндекс,аренду|среднем|грубо|говоря|такси|работается|честно,2026-04-21 12:37:00,2026-04-21 12:37:00,1,1,1,1,0,0,0.0,0.0,5.17,новый,False
e_00680,"яндекс: сама, поездку, посчитал","Инфоповод по теме «яндекс» за период 21.04.2026 13:07 — 21.04.2026 13:07. Внутри 1 сообщений, чатов: 1. Частые слова: сама, поездку, посчитал, цену, стандартной.",яндекс,яндекс,сама|поездку|посчитал|цену|стандартной|подачи|моя,2026-04-21 13:07:00,2026-04-21 13:07:00,1,1,1,1,0,0,0.0,0.0,5.17,новый,False
e_00684,"яндекс: пейн, ноги, чувствую","Инфоповод по теме «яндекс» за период 21.04.2026 13:20 — 21.04.2026 13:20. Внутри 1 сообщений, чатов: 1. Частые слова: пейн, ноги, чувствую, яндекс, получать.",яндекс,яндекс,пейн|ноги|чувствую|яндекс|получать,2026-04-21 13:20:00,2026-04-21 13:20:00,1,1,1,1,0,0,0.0,0.0,5.17,новый,False
e_00685,"яндекс: зачем, декларацию, доходы","Инфоповод по теме «яндекс» за период 21.04.2026 13:25 — 21.04.2026 13:25. Внутри 1 сообщений, чатов: 1. Частые слова: зачем, декларацию, доходы, писать, скорее.",яндекс,яндекс,зачем|декларацию|доходы|писать|скорее|налоговая|посчитает,2026-04-21 13:25:00,2026-04-21 13:25:00,1,1,1,1,0,0,0.0,0.0,5.17,новый,False
e_00686,"яндекс: дешевле, яндекса, потом","Инфоповод по теме «яндекс» за период 21.04.2026 13:51 — 21.04.2026 13:51. Внутри 1 сообщений, чатов: 1. Частые слова: дешевле, яндекса, потом, чуть, делать.",яндекс,яндекс,дешевле|яндекса|потом|чуть|делать|начале|каждого,2026-04-21 13:51:00,2026-04-21 13:51:00,1,1,1,1,0,0,0.0,0.0,5.17,новый,False
e_00692,"яндекс: яндекса, водители, пользователь","Инфоповод по теме «яндекс» за период 21.04.2026 15:14 — 21.04.2026 15:14. Внутри 1 сообщений, чатов: 1. Частые слова: яндекса, водители, пользователь, беларуси, сравнил.",яндекс,яндекс,яндекса|водители|пользователь|беларуси|сравнил|поездку|вышло,2026-04-21 15:14:00,2026-04-21 15:14:00,1,1,1,1,0,0,0.0,0.0,5.17,новый,False
e_00693,"WB Такси: поездка, стоит, чем","Инфоповод по теме «WB Такси» за период 21.04.2026 15:30 — 21.04.2026 15:30. Внутри 1 сообщений, чатов: 1. Частые слова: поездка, стоит, чем, ящерском, скрине.",WB Такси,WB Такси|яндекс,поездка|стоит|чем|ящерском|скрине|вижу|комфорту,2026-04-21 15:30:00,2026-04-21 15:30:00,1,1,1,1,0,0,0.0,0.0,5.17,новый,False
e_00696,"яндекс: среднем, другой, водитель","Инфоповод по теме «яндекс» за период 21.04.2026 16:02 — 21.04.2026 16:02. Внутри 1 сообщений, чатов: 1. Частые слова: среднем, другой, водитель, возит, определенное.",яндекс,яндекс,среднем|другой|водитель|возит|определенное|количество|заказов,2026-04-21 16:02:00,2026-04-21 16:02:00,1,1,1,1,0,0,0.0,0.0,5.17,новый,False
e_00697,"яндекс: возить, потом, помню","Инфоповод по теме «яндекс» за период 21.04.2026 16:05 — 21.04.2026 16:05. Внутри 1 сообщений, чатов: 1. Частые слова: возить, потом, помню, какой, срок.",яндекс,яндекс,возить|потом|помню|какой|срок|дней|обнуляется,2026-04-21 16:05:00,2026-04-21 16:05:00,1,1,1,1,0,0,0.0,0.0,5.17,новый,False
e_00701,"яндекс: типа, блядь, грузчик","Инфоповод по теме «яндекс» за период 21.04.2026 16:29 — 21.04.2026 16:29. Внутри 1 сообщений, чатов: 1. Частые слова: типа, блядь, грузчик, вопрос, место.",яндекс,яндекс,типа|блядь|грузчик|вопрос|место|сопровождающий|полный,2026-04-21 16:29:00,2026-04-21 16:29:00,1,1,1,1,0,0,0.0,0.0,5.17,новый,False
e_00704,"яндекс: блять, короче, кузове","Инфоповод по теме «яндекс» за период 21.04.2026 16:57 — 21.04.2026 16:57. Внутри 1 сообщений, чатов: 1. Частые слова: блять, короче, кузове, реально, прикол.",яндекс,яндекс,блять|короче|кузове|реально|прикол|смысле|грузчик,2026-04-21 16:57:00,2026-04-21 16:57:00,1,1,1,1,0,0,0.0,0.0,5.17,новый,False
e_00708,"яндекс: делать, счас, парк","Инфоповод по теме «яндекс» за период 21.04.2026 17:42 — 21.04.2026 17:42. Внутри 1 сообщений, чатов: 1. Частые слова: делать, счас, парк, написал, сказали.",яндекс,яндекс,делать|счас|парк|написал|сказали|вариантов|деприоритет,2026-04-21 17:42:00,2026-04-21 17:42:00,1,1,1,1,0,0,0.0,0.0,5.17,новый,False
e_00709,"яндекс: каких, пор, стерл","Инфоповод по теме «яндекс» за период 21.04.2026 17:49 — 21.04.2026 17:49. Внутри 1 сообщений, чатов: 1. Частые слова: каких, пор, стерл, стало, матом.",яндекс,яндекс,каких|пор|стерл|стало|матом|таки|железная,2026-04-21 17:49:00,2026-04-21 17:49:00,1,1,1,1,0,0,0.0,0.0,5.17,новый,False
e_00714,"яндекс: самый, короткий, может","Инфоповод по теме «яндекс» за период 21.04.2026 19:18 — 21.04.2026 19:18. Внутри 1 сообщений, чатов: 1. Частые слова: самый, короткий, может, обычный, заказ.",яндекс,яндекс,самый|короткий|может|обычный|заказ|яндекс|считает,2026-04-21 19:18:00,2026-04-21 19:18:00,1,1,1,1,0,0,0.0,0.0,5.17,новый,False
e_00720,"яндекс: дубнинской, название, парка","Инфоповод по теме «яндекс» за период 21.04.2026 20:28 — 21.04.2026 20:28. Внутри 1 сообщений, чатов: 1. Частые слова: дубнинской, название, парка, подскажешь, яндекс.",яндекс,яндекс,дубнинской|название|парка|подскажешь|яндекс|много|парков,2026-04-21 20:28:00,2026-04-21 20:28:00,1,1,1,1,0,0,0.0,0.0,5.17,новый,False
e_00726,"WB Такси: оплата, 2х2, мужики","Инфоповод по теме «WB Такси» за период 21.04.2026 21:40 — 21.04.2026 21:40. Внутри 1 сообщений, чатов: 1. Частые слова: оплата, 2х2, мужики, кому, нужна.",WB Такси,WB Такси,оплата|2х2|мужики|кому|нужна|занятость|газелях,2026-04-21 21:40:00,2026-04-21 21:40:00,1,1,1,1,0,0,0.0,0.0,5.17,новый,False
e_00731,"яндекс: нужно, отвезти, которую","Инфоповод по теме «яндекс» за период 21.04.2026 22:45 — 21.04.2026 22:45. Внутри 1 сообщений, чатов: 1. Частые слова: нужно, отвезти, которую, привет, херню.",яндекс,яндекс,нужно|отвезти|которую|привет|херню|яндекс|отправляет,2026-04-21 22:45:00,2026-04-21 22:45:00,1,1,1,1,0,0,0.0,0.0,5.17,новый,False
e_00733,"яндекс: документы, отдельно, отвез","Инфоповод по теме «яндекс» за период 21.04.2026 23:13 — 21.04.2026 23:13. Внутри 1 сообщений, чатов: 1. Частые слова: документы, отдельно, отвез, новый, контрагенты.",яндекс,яндекс,документы|отдельно|отвез|новый|контрагенты|яндекс|потому,2026-04-21 23:13:00,2026-04-21 23:13:00,1,1,1,1,0,0,0.0,0.0,5.17,новый,False
e_00734,"Фастен: такси, заводах, хорошо","Инфоповод по теме «Фастен» за период 21.04.2026 23:50 — 21.04.2026 23:50. Внутри 1 сообщений, чатов: 1. Частые слова: такси, заводах, хорошо, заработок, вижу.",Фастен,Фастен,такси|заводах|хорошо|заработок|вижу|получают|значит,2026-04-21 23:50:00,2026-04-21 23:50:00,1,1,1,1,0,0,0.0,0.0,5.17,новый,False
e_00738,"яндекс: грузовичков, которых, выкупил","Инфоповод по теме «яндекс» за период 22.04.2026 00:41 — 22.04.2026 00:41. Внутри 1 сообщений, чатов: 1. Частые слова: грузовичков, которых, выкупил, успешно, катается.",яндекс,яндекс,грузовичков|которых|выкупил|успешно|катается|может|решили,2026-04-22 00:41:00,2026-04-22 00:41:00,1,1,1,1,0,0,0.0,0.0,5.17,новый,False
e_00751,"яндекс: плюс, район, туда","Инфоповод по теме «яндекс» за период 22.04.2026 06:44 — 22.04.2026 06:44. Внутри 1 сообщений, чатов: 1. Частые слова: плюс, район, туда, сюда, такие.",яндекс,яндекс,плюс|район|туда|сюда|такие|минут|того,2026-04-22 06:44:00,2026-04-22 06:44:00,1,1,1,1,0,0,0.0,0.0,5.17,новый,False
e_00755,"яндекс: блядь, эти, тысяч","Инфоповод по теме «яндекс» за период 22.04.2026 08:16 — 22.04.2026 08:16. Внутри 1 сообщений, чатов: 1. Частые слова: блядь, эти, тысяч, цели, деньги.",яндекс,яндекс,блядь|эти|тысяч|цели|деньги|потом|цель,2026-04-22 08:16:00,2026-04-22 08:16:00,1,1,1,1,0,0,0.0,0.0,5.17,новый,False
e_00757,"яндекс: блядь, типа, поедем","Инфоповод по теме «яндекс» за период 22.04.2026 08:22 — 22.04.2026 08:22. Внутри 1 сообщений, чатов: 1. Частые слова: блядь, типа, поедем, трачу, знаю.",яндекс,яндекс,блядь|типа|поедем|трачу|знаю|перед|озвучила,2026-04-22 08:22:00,2026-04-22 08:22:00,1,1,1,1,0,0,0.0,0.0,5.17,новый,False
e_00766,"яндекс: бонусы, которые, цели","Инфоповод по теме «яндекс» за период 22.04.2026 10:31 — 22.04.2026 10:31. Внутри 1 сообщений, чатов: 1. Частые слова: бонусы, которые, цели, услугу, продвижению.",яндекс,яндекс,бонусы|которые|цели|услугу|продвижению|сервиса|деньги,2026-04-22 10:31:00,2026-04-22 10:31:00,1,1,1,1,0,0,0.0,0.0,5.17,новый,False
e_00769,"яндекс: сами, вряд, счет","Инфоповод по теме «яндекс» за период 22.04.2026 10:37 — 22.04.2026 10:37. Внутри 1 сообщений, чатов: 1. Частые слова: сами, вряд, счет, отменять, через.",яндекс,яндекс,сами|вряд|счет|отменять|через|минус|семь,2026-04-22 10:37:00,2026-04-22 10:37:00,1,1,1,1,0,0,0.0,0.0,5.17,новый,False
e_00770,"яндекс: буд, сильно, дешевле","Инфоповод по теме «яндекс» за период 22.04.2026 10:39 — 22.04.2026 10:39. Внутри 1 сообщений, чатов: 1. Частые слова: буд, сильно, дешевле, никуда, тарифы.",яндекс,яндекс,буд|сильно|дешевле|никуда|тарифы|проходит|яндекс,2026-04-22 10:39:00,2026-04-22 10:39:00,1,1,1,1,0,0,0.0,0.0,5.17,новый,False
e_00771,"яндекс: гора, целая, ощущение","Инфоповод по теме «яндекс» за период 22.04.2026 10:39 — 22.04.2026 10:39. Внутри 1 сообщений, чатов: 1. Частые слова: гора, целая, ощущение, каждому, городе.",яндекс,яндекс,гора|целая|ощущение|каждому|городе|самокату|положено,2026-04-22 10:39:00,2026-04-22 10:39:00,1,1,1,1,0,0,0.0,0.0,5.17,новый,False
e_00774,"яндекс: блядь, селфи, хуй","Инфоповод по теме «яндекс» за период 22.04.2026 10:49 — 22.04.2026 10:49. Внутри 1 сообщений, чатов: 1. Частые слова: блядь, селфи, хуй, поэтому, сколько.",яндекс,яндекс,блядь|селфи|хуй|поэтому|сколько|всегда|дня,2026-04-22 10:49:00,2026-04-22 10:49:00,1,1,1,1,0,0,0.0,0.0,5.17,новый,False
e_00776,"яндекс: дня, всем, бодрого","Инфоповод по теме «яндекс» за период 22.04.2026 11:19 — 22.04.2026 11:19. Внутри 1 сообщений, чатов: 1. Частые слова: дня, всем, бодрого, всех, самолет.",яндекс,яндекс,дня|всем|бодрого|всех|самолет|отрубили|пол,2026-04-22 11:19:00,2026-04-22 11:19:00,1,1,1,1,0,0,0.0,0.0,5.17,новый,False
e_00779,"яндекс: блядь, доставку, думаю","Инфоповод по теме «яндекс» за период 22.04.2026 11:29 — 22.04.2026 11:29. Внутри 1 сообщений, чатов: 1. Частые слова: блядь, доставку, думаю, можно, включить.",яндекс,яндекс,блядь|доставку|думаю|можно|включить|мало|яндекс,2026-04-22 11:29:00,2026-04-22 11:29:00,1,1,1,1,0,0,0.0,0.0,5.17,новый,False
e_00780,"яндекс: поэтому, этим, расскажу","Инфоповод по теме «яндекс» за период 22.04.2026 11:29 — 22.04.2026 11:29. Внутри 1 сообщений, чатов: 1. Частые слова: поэтому, этим, расскажу, оценка, учтена.",яндекс,яндекс,поэтому|этим|расскажу|оценка|учтена|понимаешь|поддержка,2026-04-22 11:29:00,2026-04-22 11:29:00,1,1,1,1,0,0,0.0,0.0,5.17,новый,False
e_00782,"яндекс: клиенты, бывает, заметил","Инфоповод по теме «яндекс» за период 22.04.2026 11:38 — 22.04.2026 11:38. Внутри 1 сообщений, чатов: 1. Частые слова: клиенты, бывает, заметил, двух, разрядов.",яндекс,яндекс,клиенты|бывает|заметил|двух|разрядов|хитрожопые|тупорылые,2026-04-22 11:38:00,2026-04-22 11:38:00,1,1,1,1,0,0,0.0,0.0,5.17,новый,False
e_00784,"яндекс: принципе, деньги, карту","Инфоповод по теме «яндекс» за период 22.04.2026 11:56 — 22.04.2026 11:56. Внутри 1 сообщений, чатов: 1. Частые слова: принципе, деньги, карту, нужно, перевесить.",яндекс,яндекс,принципе|деньги|карту|нужно|перевесить|буквально|попросил,2026-04-22 11:56:00,2026-04-22 11:56:00,1,1,1,1,0,0,0.0,0.0,5.17,новый,False
e_00787,"яндекс: поэтому, русские, газоны","Инфоповод по теме «яндекс» за период 22.04.2026 12:07 — 22.04.2026 12:07. Внутри 1 сообщений, чатов: 1. Частые слова: поэтому, русские, газоны, сам, такого.",яндекс,яндекс,поэтому|русские|газоны|сам|такого|грузчика|приехал,2026-04-22 12:07:00,2026-04-22 12:07:00,1,1,1,1,0,0,0.0,0.0,5.17,новый,False
e_00793,"яндекс: яндекс, видимо, писать","Инфоповод по теме «яндекс» за период 22.04.2026 12:25 — 22.04.2026 12:25. Внутри 1 сообщений, чатов: 1. Частые слова: яндекс, видимо, писать, значит, убери.",яндекс,яндекс,яндекс|видимо|писать|значит|убери|говно|предыдущим,2026-04-22 12:25:00,2026-04-22 12:25:00,1,1,1,1,0,0,0.0,0.0,5.17,новый,False
e_00795,"яндекс: район, говорю, блядь","Инфоповод по теме «яндекс» за период 22.04.2026 12:32 — 22.04.2026 12:32. Внутри 1 сообщений, чатов: 1. Частые слова: район, говорю, блядь, через, потихонечку.",яндекс,яндекс,район|говорю|блядь|через|потихонечку|чаще|такое,2026-04-22 12:32:00,2026-04-22 12:32:00,1,1,1,1,0,0,0.0,0.0,5.17,новый,False
e_00799,"яндекс: яндекс, комиссию, именно","Инфоповод по теме «яндекс» за период 22.04.2026 12:47 — 22.04.2026 12:47. Внутри 1 сообщений, чатов: 1. Частые слова: яндекс, комиссию, именно, понимаете, платим.",яндекс,яндекс,яндекс|комиссию|именно|понимаете|платим|пассажир|тарифу,2026-04-22 12:47:00,2026-04-22 12:47:00,1,1,1,1,0,0,0.0,0.0,5.17,новый,False
e_00809,"яндекс: запросам, статистика, переезде","Инфоповод по теме «яндекс» за период 22.04.2026 12:58 — 22.04.2026 12:58. Внутри 1 сообщений, чатов: 1. Частые слова: запросам, статистика, переезде, россии, поползла.",яндекс,яндекс,запросам|статистика|переезде|россии|поползла|вверх|пишут,2026-04-22 12:58:00,2026-04-22 12:58:00,1,1,1,1,0,0,0.0,0.0,5.17,новый,False
e_00810,"яндекс: раньше, всех, автомобиле","Инфоповод по теме «яндекс» за период 22.04.2026 14:16 — 22.04.2026 14:16. Внутри 1 сообщений, чатов: 1. Частые слова: раньше, всех, автомобиле, запросам, контракт.",яндекс,яндекс,раньше|всех|автомобиле|запросам|контракт|подписывать|страны,2026-04-22 14:16:00,2026-04-22 14:16:00,1,1,1,1,0,0,0.0,0.0,5.17,новый,False
e_00811,"яндекс: включила, раньше, грузовым","Инфоповод по теме «яндекс» за период 22.04.2026 14:20 — 22.04.2026 14:20. Внутри 1 сообщений, чатов: 1. Частые слова: включила, раньше, грузовым, яндекс, включать.",яндекс,яндекс,включила|раньше|грузовым|яндекс|включать|экспресс|катаешь,2026-04-22 14:20:00,2026-04-22 14:20:00,1,1,1,1,0,0,0.0,0.0,5.17,новый,False
e_00813,"яндекс: знаю, стороны, сделали","Инфоповод по теме «яндекс» за период 22.04.2026 14:21 — 22.04.2026 14:21. Внутри 1 сообщений, чатов: 1. Частые слова: знаю, стороны, сделали, эти, драйве.",яндекс,яндекс,знаю|стороны|сделали|эти|драйве|брала|нибудь,2026-04-22 14:21:00,2026-04-22 14:21:00,1,1,1,1,0,0,0.0,0.0,5.17,новый,False
e_00814,"яндекс: могу, яндексе, блядь","Инфоповод по теме «яндекс» за период 22.04.2026 14:27 — 22.04.2026 14:27. Внутри 1 сообщений, чатов: 1. Частые слова: могу, яндексе, блядь, девушка, хотите.",яндекс,яндекс,могу|яндексе|блядь|девушка|хотите|сдэке|своей,2026-04-22 14:27:00,2026-04-22 14:27:00,1,1,1,1,0,0,0.0,0.0,5.17,новый,False
e_00823,"яндекс: эти, бонусы, понял","Инфоповод по теме «яндекс» за период 22.04.2026 15:45 — 22.04.2026 15:45. Внутри 1 сообщений, чатов: 1. Частые слова: эти, бонусы, понял, яшка, висят.",яндекс,яндекс,эти|бонусы|понял|яшка|висят|расхождение|telegr,2026-04-22 15:45:00,2026-04-22 15:45:00,1,1,1,1,0,0,0.0,0.0,5.17,новый,False
e_00825,"Фастен: короче, собственно, говоря","Инфоповод по теме «Фастен» за период 22.04.2026 15:50 — 22.04.2026 15:50. Внутри 1 сообщений, чатов: 1. Частые слова: короче, собственно, говоря, момент, покатушек.",Фастен,Фастен,короче|собственно|говоря|момент|покатушек|левобережном|зачем,2026-04-22 15:50:00,2026-04-22 15:50:00,1,1,1,1,0,0,0.0,0.0,5.17,новый,False
e_00828,"яндекс: полис, осаго, выхода","Инфоповод по теме «яндекс» за период 22.04.2026 16:01 — 22.04.2026 16:01. Внутри 1 сообщений, чатов: 1. Частые слова: полис, осаго, выхода, линию, юлия.",яндекс,яндекс,полис|осаго|выхода|линию|юлия|стала|миллионным,2026-04-22 16:01:00,2026-04-22 16:01:00,1,1,1,1,0,0,0.0,0.0,5.17,новый,False
e_00838,"яндекс: евгений, чувашин, давно","Инфоповод по теме «яндекс» за период 22.04.2026 17:55 — 22.04.2026 17:55. Внутри 1 сообщений, чатов: 1. Частые слова: евгений, чувашин, давно, слышно, какой.",яндекс,яндекс,евгений|чувашин|давно|слышно|какой|завод|устроиться,2026-04-22 17:55:00,2026-04-22 17:55:00,1,1,1,1,0,0,0.0,0.0,5.17,новый,False
e_00845,"яндекс: яндекс, интересно, могут","Инфоповод по теме «яндекс» за период 22.04.2026 18:55 — 22.04.2026 18:55. Внутри 1 сообщений, чатов: 1. Частые слова: яндекс, интересно, могут, патент, деятельность.",яндекс,яндекс,яндекс|интересно|могут|патент|деятельность|яснее|стало,2026-04-22 18:55:00,2026-04-22 18:55:00,1,1,1,1,0,0,0.0,0.0,5.17,новый,False
e_00853,"яндекс: получил, свою, деятельность","Инфоповод по теме «яндекс» за период 22.04.2026 19:40 — 22.04.2026 19:40. Внутри 1 сообщений, чатов: 1. Частые слова: получил, свою, деятельность, делаю, кажется.",яндекс,яндекс,получил|свою|деятельность|делаю|кажется|янтекс|своих,2026-04-22 19:40:00,2026-04-22 19:40:00,1,1,1,1,0,0,0.0,0.0,5.17,новый,False
e_00854,"яндекс: планирую, привет, всем","Инфоповод по теме «яндекс» за период 22.04.2026 18:22 — 22.04.2026 18:22. Внутри 1 сообщений, чатов: 1. Частые слова: планирую, привет, всем, вечерам, работы.",яндекс,яндекс,планирую|привет|всем|вечерам|работы|таксовать|какое,2026-04-22 18:22:00,2026-04-22 18:22:00,1,1,1,1,0,0,0.0,0.0,5.17,новый,False
e_00855,"яндекс: планирую, привет, всем","Инфоповод по теме «яндекс» за период 22.04.2026 19:41 — 22.04.2026 19:41. Внутри 1 сообщений, чатов: 1. Частые слова: планирую, привет, всем, вечерам, работы.",яндекс,яндекс,планирую|привет|всем|вечерам|работы|таксовать|какое,2026-04-22 19:41:00,2026-04-22 19:41:00,1,1,1,1,0,0,0.0,0.0,5.17,новый,False
e_00860,"яндекс: блядь, нахуй, потому","Инфоповод по теме «яндекс» за период 22.04.2026 20:51 — 22.04.2026 20:51. Внутри 1 сообщений, чатов: 1. Частые слова: блядь, нахуй, потому, фейки, возишь.",яндекс,яндекс,блядь|нахуй|потому|фейки|возишь|смотри|паш,2026-04-22 20:51:00,2026-04-22 20:51:00,1,1,1,1,0,0,0.0,0.0,5.17,новый,False
e_00862,"яндекс: налоговую, замечательно, тогда","Инфоповод по теме «яндекс» за период 22.04.2026 21:14 — 22.04.2026 21:14. Внутри 1 сообщений, чатов: 1. Частые слова: налоговую, замечательно, тогда, делать, моим.",яндекс,яндекс,налоговую|замечательно|тогда|делать|моим|годом|идти,2026-04-22 21:14:00,2026-04-22 21:14:00,1,1,1,1,0,0,0.0,0.0,5.17,новый,False
e_00869,"WB Такси: жилье, идет, походу","Инфоповод по теме «WB Такси» за период 22.04.2026 22:06 — 22.04.2026 22:06. Внутри 1 сообщений, чатов: 1. Частые слова: жилье, идет, походу, переехал, сочи.",WB Такси,WB Такси,жилье|идет|походу|переехал|сочи|продают|минск,2026-04-22 22:06:00,2026-04-22 22:06:00,1,1,1,1,0,0,0.0,0.0,5.17,новый,False
e_00870,"яндекс: ультиме, сказал, какой","Инфоповод по теме «яндекс» за период 22.04.2026 22:09 — 22.04.2026 22:09. Внутри 1 сообщений, чатов: 1. Частые слова: ультиме, сказал, какой, нахуй, премиум.",яндекс,яндекс,ультиме|сказал|какой|нахуй|премиум|хотите|1800р,2026-04-22 22:09:00,2026-04-22 22:09:00,1,1,1,1,0,0,0.0,0.0,5.17,новый,False
e_00885,"яндекс: pro, машины, max","Инфоповод по теме «яндекс» за период 23.04.2026 02:30 — 23.04.2026 02:30. Внутри 1 сообщений, чатов: 1. Частые слова: pro, машины, max, comfort, maximum.",яндекс,яндекс,pro|машины|max|comfort|maximum|опять|какие,2026-04-23 02:30:00,2026-04-23 02:30:00,1,1,1,1,0,0,0.0,0.0,5.17,новый,False
e_00891,"Фастен: фастан, заколебал, сказал","Инфоповод по теме «Фастен» за период 23.04.2026 06:23 — 23.04.2026 06:23. Внутри 1 сообщений, чатов: 1. Частые слова: фастан, заколебал, сказал, сюда, ногой.",Фастен,Фастен,фастан|заколебал|сказал|сюда|ногой|крайней|мере,2026-04-23 06:23:00,2026-04-23 06:23:00,1,1,1,1,0,0,0.0,0.0,5.17,новый,False
e_00895,"яндекс: круг, выставить, можно","Инфоповод по теме «яндекс» за период 23.04.2026 07:12 — 23.04.2026 07:12. Внутри 1 сообщений, чатов: 1. Частые слова: круг, выставить, можно, личку, яндекс.",яндекс,яндекс,круг|выставить|можно|личку|яндекс|музыке|забиваешь,2026-04-23 07:12:00,2026-04-23 07:12:00,1,1,1,1,0,0,0.0,0.0,5.17,новый,False
e_00897,"яндекс: денег, мало, улеееет","Инфоповод по теме «яндекс» за период 23.04.2026 08:00 — 23.04.2026 08:00. Внутри 1 сообщений, чатов: 1. Частые слова: денег, мало, улеееет, говоришь, новую.",яндекс,яндекс,денег|мало|улеееет|говоришь|новую|брать|яшу,2026-04-23 08:00:00,2026-04-23 08:00:00,1,1,1,1,0,0,0.0,0.0,5.17,новый,False
e_00905,"яндекс: блядь, яндекс, каком","Инфоповод по теме «яндекс» за период 23.04.2026 09:37 — 23.04.2026 09:37. Внутри 1 сообщений, чатов: 1. Частые слова: блядь, яндекс, каком, хонда, таки.",яндекс,яндекс,блядь|яндекс|каком|хонда|таки|делает|вещи,2026-04-23 09:37:00,2026-04-23 09:37:00,1,1,1,1,0,0,0.0,0.0,5.17,новый,False
e_00908,"яндекс: такой, стоимости, такая","Инфоповод по теме «яндекс» за период 23.04.2026 09:51 — 23.04.2026 09:51. Внутри 1 сообщений, чатов: 1. Частые слова: такой, стоимости, такая, тормозов, хватает.",яндекс,яндекс,такой|стоимости|такая|тормозов|хватает|крузака|салон,2026-04-23 09:51:00,2026-04-23 09:51:00,1,1,1,1,0,0,0.0,0.0,5.17,новый,False
e_00912,"яндекс: блядь, нахуй, уехал","Инфоповод по теме «яндекс» за период 23.04.2026 10:40 — 23.04.2026 10:40. Внутри 1 сообщений, чатов: 1. Частые слова: блядь, нахуй, уехал, нибудь, возьмет.",яндекс,яндекс,блядь|нахуй|уехал|нибудь|возьмет|южного|вокзала,2026-04-23 10:40:00,2026-04-23 10:40:00,1,1,1,1,0,0,0.0,0.0,5.17,новый,False
e_00916,"яндекс: ребят, дежурные, шарику","Инфоповод по теме «яндекс» за период 23.04.2026 11:32 — 23.04.2026 11:32. Внутри 1 сообщений, чатов: 1. Частые слова: ребят, дежурные, шарику, первый, раз.",яндекс,яндекс,ребят|дежурные|шарику|первый|раз|долго|парковке,2026-04-23 11:32:00,2026-04-23 11:32:00,1,1,1,1,0,0,0.0,0.0,5.17,новый,False
e_00917,"яндекс: ставить, ответьте, вопрос","Инфоповод по теме «яндекс» за период 23.04.2026 12:01 — 23.04.2026 12:01. Внутри 1 сообщений, чатов: 1. Частые слова: ставить, ответьте, вопрос, знаю, поступите.",яндекс,яндекс,ставить|ответьте|вопрос|знаю|поступите|самом|деле,2026-04-23 12:01:00,2026-04-23 12:01:00,1,1,1,1,0,0,0.0,0.0,5.17,новый,False
e_00918,"яндекс: нафиг, поставлю, арризо","Инфоповод по теме «яндекс» за период 23.04.2026 12:16 — 23.04.2026 12:16. Внутри 1 сообщений, чатов: 1. Частые слова: нафиг, поставлю, арризо, чудо, крепкая.",яндекс,яндекс,нафиг|поставлю|арризо|чудо|крепкая|машина|знала,2026-04-23 12:16:00,2026-04-23 12:16:00,1,1,1,1,0,0,0.0,0.0,5.17,новый,False
e_00921,"яндекс: документы, закрывающие, можно","Инфоповод по теме «яндекс» за период 23.04.2026 15:29 — 23.04.2026 15:29. Внутри 1 сообщений, чатов: 1. Частые слова: документы, закрывающие, можно, всем, привет.",яндекс,яндекс,документы|закрывающие|можно|всем|привет|сотрудничестве|качестве,2026-04-23 15:29:00,2026-04-23 15:29:00,1,1,1,1,0,0,0.0,0.0,5.17,новый,False
e_00927,"яндекс: проходил, коллеги, такое","Инфоповод по теме «яндекс» за период 23.04.2026 13:25 — 23.04.2026 13:25. Внутри 1 сообщений, чатов: 1. Частые слова: проходил, коллеги, такое, сообщение, пришло.",яндекс,яндекс,проходил|коллеги|такое|сообщение|пришло|выбор|несколько,2026-04-23 13:25:00,2026-04-23 13:25:00,1,1,1,1,0,0,0.0,0.0,5.17,новый,False
e_00934,"яндекс: бля, короче, какие","Инфоповод по теме «яндекс» за период 23.04.2026 14:33 — 23.04.2026 14:33. Внутри 1 сообщений, чатов: 1. Частые слова: бля, короче, какие, издержки, лучше.",яндекс,яндекс,бля|короче|какие|издержки|лучше|оплатить|долг,2026-04-23 14:33:00,2026-04-23 14:33:00,1,1,1,1,0,0,0.0,0.0,5.17,новый,False
e_00937,"яндекс: должно, два, потому","Инфоповод по теме «яндекс» за период 23.04.2026 14:46 — 23.04.2026 14:46. Внутри 1 сообщений, чатов: 1. Частые слова: должно, два, потому, отдельно, водителей.",яндекс,яндекс,должно|два|потому|отдельно|водителей|работниками|признает,2026-04-23 14:46:00,2026-04-23 14:46:00,1,1,1,1,0,0,0.0,0.0,5.17,новый,False
e_00939,"яндекс: ублюдки, издеваются, спрашивают","Инфоповод по теме «яндекс» за период 23.04.2026 14:50 — 23.04.2026 14:50. Внутри 1 сообщений, чатов: 1. Частые слова: ублюдки, издеваются, спрашивают, удобная, точка.",яндекс,яндекс,ублюдки|издеваются|спрашивают|удобная|точка|посадки|камеры,2026-04-23 14:50:00,2026-04-23 14:50:00,1,1,1,1,0,0,0.0,0.0,5.17,новый,False
e_00940,"яндекс: штрафы, россии, нужен","Инфоповод по теме «яндекс» за период 23.04.2026 14:57 — 23.04.2026 14:57. Внутри 1 сообщений, чатов: 1. Частые слова: штрафы, россии, нужен, инвалидные, которых.",яндекс,яндекс,штрафы|россии|нужен|инвалидные|которых|всех|городах,2026-04-23 14:57:00,2026-04-23 14:57:00,1,1,1,1,0,0,0.0,0.0,5.17,новый,False
e_00943,"яндекс: цену, видно, парнаса","Инфоповод по теме «яндекс» за период 23.04.2026 15:27 — 23.04.2026 15:27. Внутри 1 сообщений, чатов: 1. Частые слова: цену, видно, парнаса, колпино, взял.",яндекс,яндекс,цену|видно|парнаса|колпино|взял|лучше|адрес,2026-04-23 15:27:00,2026-04-23 15:27:00,1,1,1,1,0,0,0.0,0.0,5.17,новый,False
e_00948,"яндекс: года, гражданских, году","Инфоповод по теме «яндекс» за период 23.04.2026 16:03 — 23.04.2026 16:03. Внутри 1 сообщений, чатов: 1. Частые слова: года, гражданских, году, гражданская, авиация.",яндекс,яндекс,года|гражданских|году|гражданская|авиация|темпы|производства,2026-04-23 16:03:00,2026-04-23 16:03:00,1,1,1,1,0,0,0.0,0.0,5.17,новый,False
e_00959,"яндекс: такси, коллеги, нибудь","Инфоповод по теме «яндекс» за период 23.04.2026 18:28 — 23.04.2026 18:28. Внутри 1 сообщений, чатов: 1. Частые слова: такси, коллеги, нибудь, попался, рейд.",яндекс,яндекс,такси|коллеги|нибудь|попался|рейд|лицензии|вообще,2026-04-23 18:28:00,2026-04-23 18:28:00,1,1,1,1,0,0,0.0,0.0,5.17,новый,False
e_00960,"яндекс: отстегивается, нажатием, одной","Инфоповод по теме «яндекс» за период 23.04.2026 18:30 — 23.04.2026 18:30. Внутри 1 сообщений, чатов: 1. Частые слова: отстегивается, нажатием, одной, кнопки, ощущение.",яндекс,яндекс,отстегивается|нажатием|одной|кнопки|ощущение|пару|смен,2026-04-23 18:30:00,2026-04-23 18:30:00,1,1,1,1,0,0,0.0,0.0,5.17,новый,False
e_00961,"яндекс: написал, пассу, чат","Инфоповод по теме «яндекс» за период 23.04.2026 18:42 — 23.04.2026 18:42. Внутри 1 сообщений, чатов: 1. Частые слова: написал, пассу, чат, нищих, фасстенов.",яндекс,яндекс,написал|пассу|чат|нищих|фасстенов|вожу|сделай,2026-04-23 18:42:00,2026-04-23 18:42:00,1,1,1,1,0,0,0.0,0.0,5.17,новый,False
e_00963,"яндекс: сама, работала, конечно","Инфоповод по теме «яндекс» за период 23.04.2026 19:10 — 23.04.2026 19:10. Внутри 1 сообщений, чатов: 1. Частые слова: сама, работала, конечно, пока, бизнес.",яндекс,яндекс,сама|работала|конечно|пока|бизнес|городе|ним,2026-04-23 19:10:00,2026-04-23 19:10:00,1,1,1,1,0,0,0.0,0.0,5.17,новый,False
e_00964,"яндекс: левая, день, бац","Инфоповод по теме «яндекс» за период 23.04.2026 19:17 — 23.04.2026 19:17. Внутри 1 сообщений, чатов: 1. Частые слова: левая, день, бац, бро, грубо.",яндекс,яндекс,левая|день|бац|бро|грубо|знаешь|честно,2026-04-23 19:17:00,2026-04-23 19:17:00,1,1,1,1,0,0,0.0,0.0,5.17,новый,False
e_00968,"яндекс: откройте, понимаю, покупаешь","Инфоповод по теме «яндекс» за период 23.04.2026 19:31 — 23.04.2026 19:31. Внутри 1 сообщений, чатов: 1. Частые слова: откройте, понимаю, покупаешь, новую, машину.",яндекс,яндекс,откройте|понимаю|покупаешь|новую|машину|ставишь|цену,2026-04-23 19:31:00,2026-04-23 19:31:00,1,1,1,1,0,0,0.0,0.0,5.17,новый,False
e_00973,"яндекс: будут, китайцы, давай","Инфоповод по теме «яндекс» за период 23.04.2026 19:51 — 23.04.2026 19:51. Внутри 1 сообщений, чатов: 1. Частые слова: будут, китайцы, давай, добавили, москве.",яндекс,яндекс,будут|китайцы|давай|добавили|москве|круг|груз,2026-04-23 19:51:00,2026-04-23 19:51:00,1,1,1,1,0,0,0.0,0.0,5.17,новый,False
e_00974,"яндекс: коль, погоди, первых","Инфоповод по теме «яндекс» за период 23.04.2026 20:00 — 23.04.2026 20:00. Внутри 1 сообщений, чатов: 1. Частые слова: коль, погоди, первых, расстраивайся, ничего.",яндекс,яндекс,коль|погоди|первых|расстраивайся|ничего|страшного|произошло,2026-04-23 20:00:00,2026-04-23 20:00:00,1,1,1,1,0,0,0.0,0.0,5.17,новый,False
e_00975,"яндекс: можно, проводник, отменить","Инфоповод по теме «яндекс» за период 23.04.2026 20:21 — 23.04.2026 20:21. Внутри 1 сообщений, чатов: 1. Частые слова: можно, проводник, отменить, заехать, помню.",яндекс,яндекс,можно|проводник|отменить|заехать|помню|действия|раньше,2026-04-23 20:21:00,2026-04-23 20:21:00,1,1,1,1,0,0,0.0,0.0,5.17,новый,False
e_00979,"яндекс: очереди, проси, подвинуть","Инфоповод по теме «яндекс» за период 23.04.2026 20:54 — 23.04.2026 20:54. Внутри 1 сообщений, чатов: 1. Частые слова: очереди, проси, подвинуть, блин, ночи.",яндекс,яндекс,очереди|проси|подвинуть|блин|ночи|оценила|называется,2026-04-23 20:54:00,2026-04-23 20:54:00,1,1,1,1,0,0,0.0,0.0,5.17,новый,False
e_00980,"яндекс: всм, прямом, бонусы","Инфоповод по теме «яндекс» за период 23.04.2026 20:57 — 23.04.2026 20:57. Внутри 1 сообщений, чатов: 1. Частые слова: всм, прямом, бонусы, корпоративные, заказы.",яндекс,яндекс,всм|прямом|бонусы|корпоративные|заказы|подлежат|отдельному,2026-04-23 20:57:00,2026-04-23 20:57:00,1,1,1,1,0,0,0.0,0.0,5.17,новый,False
e_00982,"яндекс: вопрос, случай, городе","Инфоповод по теме «яндекс» за период 23.04.2026 21:00 — 23.04.2026 21:00. Внутри 1 сообщений, чатов: 1. Частые слова: вопрос, случай, городе, типы, вызывали.",яндекс,яндекс,вопрос|случай|городе|типы|вызывали|грузовой|ехали,2026-04-23 21:00:00,2026-04-23 21:00:00,1,1,1,1,0,0,0.0,0.0,5.17,новый,False
e_00983,"яндекс: машину, какой, этого","Инфоповод по теме «яндекс» за период 23.04.2026 21:06 — 23.04.2026 21:06. Внутри 1 сообщений, чатов: 1. Частые слова: машину, какой, этого, вообще, москва.",яндекс,яндекс,машину|какой|этого|вообще|москва|сдавать|поехала,2026-04-23 21:06:00,2026-04-23 21:06:00,1,1,1,1,0,0,0.0,0.0,5.17,новый,False
e_00984,"WB Такси: прям, ведут, хоть","Инфоповод по теме «WB Такси» за период 23.04.2026 21:09 — 23.04.2026 21:09. Внутри 1 сообщений, чатов: 1. Частые слова: прям, ведут, хоть, оставалось, нужно.",WB Такси,WB Такси,прям|ведут|хоть|оставалось|нужно|вывернуться|находить,2026-04-23 21:09:00,2026-04-23 21:09:00,1,1,1,1,0,0,0.0,0.0,5.17,новый,False
e_00990,"яндекс: блядь, лицензии, ему","Инфоповод по теме «яндекс» за период 23.04.2026 21:28 — 23.04.2026 21:28. Внутри 1 сообщений, чатов: 1. Частые слова: блядь, лицензии, ему, машина, короче.",яндекс,яндекс,блядь|лицензии|ему|машина|короче|вообще|пару,2026-04-23 21:28:00,2026-04-23 21:28:00,1,1,1,1,0,0,0.0,0.0,5.17,новый,False
e_00991,"яндекс: комфорт, мог, пройти","Инфоповод по теме «яндекс» за период 23.04.2026 21:59 — 23.04.2026 21:59. Внутри 1 сообщений, чатов: 1. Частые слова: комфорт, мог, пройти, фотографировал, потом.",яндекс,яндекс,комфорт|мог|пройти|фотографировал|потом|зачем|другой,2026-04-23 21:59:00,2026-04-23 21:59:00,1,1,1,1,0,0,0.0,0.0,5.17,новый,False
e_00994,"Фастен: года, можем, последним","Инфоповод по теме «Фастен» за период 23.04.2026 22:22 — 23.04.2026 22:22. Внутри 1 сообщений, чатов: 1. Частые слова: года, можем, последним, данным, начало.",Фастен,Фастен,года|можем|последним|данным|начало|ситуация|количеством,2026-04-23 22:22:00,2026-04-23 22:22:00,1,1,1,1,0,0,0.0,0.0,5.17,новый,False
e_00997,"яндекс: город, щас, чем","Инфоповод по теме «яндекс» за период 23.04.2026 23:12 — 23.04.2026 23:12. Внутри 1 сообщений, чатов: 1. Частые слова: город, щас, чем, столько, ноября.",яндекс,яндекс,город|щас|чем|столько|ноября|другой|расклад,2026-04-23 23:12:00,2026-04-23 23:12:00,1,1,1,1,0,0,0.0,0.0,5.17,новый,False
e_01010,"яндекс: домой, режим, ехал","Инфоповод по теме «яндекс» за период 19.04.2026 15:08 — 19.04.2026 15:08. Внутри 1 сообщений, чатов: 1. Частые слова: домой, режим, ехал, какую, стою.",яндекс,яндекс,домой|режим|ехал|какую|стою|дает|подачи,2026-04-19 15:08:00,2026-04-19 15:08:00,1,1,1,1,0,0,0.0,0.0,5.17,новый,False
e_01030,"яндекс: одни, помню, такую","Инфоповод по теме «яндекс» за период 23.04.2026 17:05 — 23.04.2026 17:05. Внутри 1 сообщений, чатов: 1. Частые слова: одни, помню, такую, лютую, нервозность.",яндекс,яндекс,одни|помню|такую|лютую|нервозность|создали|отсутствия,2026-04-23 17:05:00,2026-04-23 17:05:00,1,1,1,1,0,0,0.0,0.0,5.17,новый,False
e_01033,"яндекс: доброй, ночи, коллеги","Инфоповод по теме «яндекс» за период 17.04.2026 23:39 — 17.04.2026 23:39. Внутри 1 сообщений, чатов: 1. Частые слова: доброй, ночи, коллеги, порадую, чутка.",яндекс,яндекс,доброй|ночи|коллеги|порадую|чутка|считаю|яше,2026-04-17 23:39:00,2026-04-17 23:39:00,1,1,1,1,0,0,0.0,0.0,5.17,новый,False
e_01038,"яндекс: конечно, каждый, раз","Инфоповод по теме «яндекс» за период 22.04.2026 15:33 — 22.04.2026 15:33. Внутри 1 сообщений, чатов: 1. Частые слова: конечно, каждый, раз, просить, отменить.",яндекс,яндекс,конечно|каждый|раз|просить|отменить|заказ|колени,2026-04-22 15:33:00,2026-04-22 15:33:00,1,1,1,1,0,0,0.0,0.0,5.17,новый,False
e_01060,"яндекс: говорю, говорит, наушники","Инфоповод по теме «яндекс» за период 20.04.2026 07:02 — 20.04.2026 07:02. Внутри 1 сообщений, чатов: 1. Частые слова: говорю, говорит, наушники, сидит, индрайверу.",яндекс,яндекс,говорю|говорит|наушники|сидит|индрайверу|заказ|поймал,2026-04-20 07:02:00,2026-04-20 07:02:00,1,1,1,1,0,0,0.0,0.0,5.17,новый,False
e_01068,"WB Такси: видосик, глянул, такси","Инфоповод по теме «WB Такси» за период 18.04.2026 10:47 — 18.04.2026 10:47. Внутри 1 сообщений, чатов: 1. Частые слова: видосик, глянул, такси, беларуси, оклейка.",WB Такси,WB Такси|яндекс,видосик|глянул|такси|беларуси|оклейка|обычная|яндекс,2026-04-18 10:47:00,2026-04-18 10:47:00,1,1,1,1,0,0,0.0,0.0,5.17,новый,False
e_01071,"WB Такси: одного, спрашивал, машины","Инфоповод по теме «WB Такси» за период 21.04.2026 21:22 — 21.04.2026 21:22. Внутри 1 сообщений, чатов: 1. Частые слова: одного, спрашивал, машины, машину, пдд.",WB Такси,WB Такси,одного|спрашивал|машины|машину|пдд|говорю|катался,2026-04-21 21:22:00,2026-04-21 21:22:00,1,1,1,1,0,0,0.0,0.0,5.17,новый,False
e_01073,"яндекс: всем, теперь, можно","Инфоповод по теме «яндекс» за период 19.04.2026 01:06 — 19.04.2026 01:06. Внутри 1 сообщений, чатов: 1. Частые слова: всем, теперь, можно, муковозам, останавливаться.",яндекс,яндекс,всем|теперь|можно|муковозам|останавливаться|придумали|встроенный,2026-04-19 01:06:00,2026-04-19 01:06:00,1,1,1,1,0,0,0.0,0.0,5.17,новый,False
e_01085,"WB Такси: слышал, сказала, официально","Инфоповод по теме «WB Такси» за период 19.04.2026 23:53 — 19.04.2026 23:53. Внутри 1 сообщений, чатов: 1. Частые слова: слышал, сказала, официально, запуски, такси.",WB Такси,WB Такси,слышал|сказала|официально|запуски|такси|россии,2026-04-19 23:53:00,2026-04-19 23:53:00,1,1,1,1,0,0,0.0,0.0,5.17,новый,False
e_01098,"яндекс: волгоградской, сторону, второй","Инфоповод по теме «яндекс» за период 23.04.2026 17:50 — 23.04.2026 17:50. Внутри 1 сообщений, чатов: 1. Частые слова: волгоградской, сторону, второй, солнечной, дтп.",яндекс,яндекс,волгоградской|сторону|второй|солнечной|дтп|крайняя|левая,2026-04-23 17:50:00,2026-04-23 17:50:00,1,1,1,1,0,0,0.0,0.0,5.17,новый,False
e_01103,"яндекс: захотел, хороших, условий","Инфоповод по теме «яндекс» за период 23.04.2026 23:22 — 23.04.2026 23:22. Внутри 1 сообщений, чатов: 1. Частые слова: захотел, хороших, условий, терпи, минут.",яндекс,яндекс,захотел|хороших|условий|терпи|минут,2026-04-23 23:22:00,2026-04-23 23:22:00,1,1,1,1,0,0,0.0,0.0,5.17,новый,False
e_01111,"яндекс: этой, площадке, сколько","Инфоповод по теме «яндекс» за период 20.04.2026 01:59 — 20.04.2026 01:59. Внутри 1 сообщений, чатов: 1. Частые слова: этой, площадке, сколько, знаю, автомобили.",яндекс,яндекс,этой|площадке|сколько|знаю|автомобили|яндекса|подобных,2026-04-20 01:59:00,2026-04-20 01:59:00,1,1,1,1,0,0,0.0,0.0,5.17,новый,False
e_01131,"яндекс: которые, потом, поначалу","Инфоповод по теме «яндекс» за период 18.04.2026 15:40 — 18.04.2026 15:40. Внутри 1 сообщений, чатов: 1. Частые слова: которые, потом, поначалу, момент, помню.",яндекс,яндекс,которые|потом|поначалу|момент|помню|каплюс|скатал,2026-04-18 15:40:00,2026-04-18 15:40:00,1,1,1,1,0,0,0.0,0.0,5.17,новый,False
e_01133,"яндекс: блядь, типа, нахуй","Инфоповод по теме «яндекс» за период 19.04.2026 19:54 — 19.04.2026 19:54. Внутри 1 сообщений, чатов: 1. Частые слова: блядь, типа, нахуй, поездка, садится.",яндекс,яндекс,блядь|типа|нахуй|поездка|садится|такая|наличные,2026-04-19 19:54:00,2026-04-19 19:54:00,1,1,1,1,0,0,0.0,0.0,5.17,новый,False
e_01143,"яндекс: сколько, можно, продать","Инфоповод по теме «яндекс» за период 22.04.2026 20:37 — 22.04.2026 20:37. Внутри 1 сообщений, чатов: 1. Частые слова: сколько, можно, продать, аккаунт, яндекс.",яндекс,яндекс,сколько|можно|продать|аккаунт|яндекс,2026-04-22 20:37:00,2026-04-22 20:37:00,1,1,1,1,0,0,0.0,0.0,5.17,новый,False
e_01158,"яндекс: халявном, бензине, типа","Инфоповод по теме «яндекс» за период 23.04.2026 18:49 — 23.04.2026 18:49. Внутри 1 сообщений, чатов: 1. Частые слова: халявном, бензине, типа, хотя, кстати.",яндекс,яндекс,халявном|бензине|типа|хотя|кстати|съездила|приехала,2026-04-23 18:49:00,2026-04-23 18:49:00,1,1,1,1,0,0,0.0,0.0,5.17,новый,False
e_01161,"яндекс: зарегаться, авто, яндекс","Инфоповод по теме «яндекс» за период 23.04.2026 23:18 — 23.04.2026 23:18. Внутри 1 сообщений, чатов: 1. Частые слова: зарегаться, авто, яндекс, мая, должен.",яндекс,яндекс,зарегаться|авто|яндекс|мая|должен|гослоге|сливать,2026-04-23 23:18:00,2026-04-23 23:18:00,1,1,1,1,0,0,0.0,0.0,5.17,новый,False
e_01171,"яндекс: доброй, ночи, всем","Инфоповод по теме «яндекс» за период 17.04.2026 02:16 — 17.04.2026 02:16. Внутри 1 сообщений, чатов: 1. Частые слова: доброй, ночи, всем, гармонии, умиротворения.",яндекс,яндекс,доброй|ночи|всем|гармонии|умиротворения|хорошего|отдыха,2026-04-17 02:16:00,2026-04-17 02:16:00,1,1,1,1,0,0,0.0,0.0,5.17,новый,False
e_01188,"яндекс: бизнес, четыре, заказа","Инфоповод по теме «яндекс» за период 21.04.2026 16:09 — 21.04.2026 16:09. Внутри 1 сообщений, чатов: 1. Частые слова: бизнес, четыре, заказа, нахуй, никто.",яндекс,яндекс,бизнес|четыре|заказа|нахуй|никто|хотя|фасному,2026-04-21 16:09:00,2026-04-21 16:09:00,1,1,1,1,0,0,0.0,0.0,5.17,новый,False
e_01193,"WB Такси: раздевалке, вайлдбериз, шупаю","Инфоповод по теме «WB Такси» за период 22.04.2026 22:08 — 22.04.2026 22:08. Внутри 1 сообщений, чатов: 1. Частые слова: раздевалке, вайлдбериз, шупаю.",WB Такси,WB Такси,раздевалке|вайлдбериз|шупаю,2026-04-22 22:08:00,2026-04-22 22:08:00,1,1,1,1,0,0,0.0,0.0,5.17,новый,False
e_01195,яндекс: сместилось,"Инфоповод по теме «яндекс» за период 23.04.2026 04:39 — 23.04.2026 04:39. Внутри 1 сообщений, чатов: 1. Частые слова: сместилось.",яндекс,яндекс,сместилось,2026-04-23 04:39:00,2026-04-23 04:39:00,1,1,1,1,0,0,0.0,0.0,5.17,новый,False
e_01203,"яндекс: яндекс, такси, водителей","Инфоповод по теме «яндекс» за период 20.04.2026 09:54 — 20.04.2026 09:54. Внутри 1 сообщений, чатов: 1. Частые слова: яндекс, такси, водителей, работы, западного.",яндекс,яндекс,яндекс|такси|водителей|работы|западного|изменений|работе,2026-04-20 09:54:00,2026-04-20 09:54:00,1,1,1,1,0,0,0.0,0.0,5.17,новый,False
e_01204,"яндекс: такси, яндекс, водителей","Инфоповод по теме «яндекс» за период 20.04.2026 14:47 — 20.04.2026 14:47. Внутри 1 сообщений, чатов: 1. Частые слова: такси, яндекс, водителей, работы, западного.",яндекс,яндекс,такси|яндекс|водителей|работы|западного|изменений|работе,2026-04-20 14:47:00,2026-04-20 14:47:00,1,1,1,1,0,0,0.0,0.0,5.17,новый,False
e_01215,"яндекс: вообще, никаких, опять","Инфоповод по теме «яндекс» за период 23.04.2026 19:45 — 23.04.2026 19:45. Внутри 1 сообщений, чатов: 1. Частые слова: вообще, никаких, опять, такси, можно.",яндекс,яндекс,вообще|никаких|опять|такси|можно|понимаю|какие,2026-04-23 19:45:00,2026-04-23 19:45:00,1,1,1,1,0,0,0.0,0.0,5.17,новый,False
e_01219,"яндекс: честно, интересно, сам","Инфоповод по теме «яндекс» за период 18.04.2026 23:00 — 18.04.2026 23:00. Внутри 1 сообщений, чатов: 1. Частые слова: честно, интересно, сам, видишь, стабильно.",яндекс,яндекс,честно|интересно|сам|видишь|стабильно|гос|конторе,2026-04-18 23:00:00,2026-04-18 23:00:00,1,1,1,1,0,0,0.0,0.0,5.17,новый,False
e_01227,"яндекс: дальние, поездки, катал","Инфоповод по теме «яндекс» за период 19.04.2026 13:15 — 19.04.2026 13:15. Внутри 1 сообщений, чатов: 1. Частые слова: дальние, поездки, катал, яша, блокнул.",яндекс,яндекс,дальние|поездки|катал|яша|блокнул|высадил|пассажиров,2026-04-19 13:15:00,2026-04-19 13:15:00,1,1,1,1,0,0,0.0,0.0,5.17,новый,False
e_01239,"яндекс: такси, полосе, может","Инфоповод по теме «яндекс» за период 22.04.2026 19:16 — 22.04.2026 19:16. Внутри 1 сообщений, чатов: 1. Частые слова: такси, полосе, может, ездить, выделенной.",яндекс,яндекс,такси|полосе|может|ездить|выделенной|движение|запрещено,2026-04-22 19:16:00,2026-04-22 19:16:00,1,1,1,1,0,0,0.0,0.0,5.17,новый,False
e_01247,"яндекс: яндекса, такое, мои","Инфоповод по теме «яндекс» за период 18.04.2026 21:07 — 18.04.2026 21:07. Внутри 1 сообщений, чатов: 1. Частые слова: яндекса, такое, мои, личные, наблюдения.",яндекс,яндекс,яндекса|такое|мои|личные|наблюдения|отменяешь|заказа,2026-04-18 21:07:00,2026-04-18 21:07:00,1,1,1,1,0,0,0.0,0.0,5.17,новый,False
e_01251,"яндекс: говорю, такая, может","Инфоповод по теме «яндекс» за период 20.04.2026 04:46 — 20.04.2026 04:46. Внутри 1 сообщений, чатов: 1. Частые слова: говорю, такая, может, парку, пришел.",яндекс,яндекс,говорю|такая|может|парку|пришел|отчет|говорит,2026-04-20 04:46:00,2026-04-20 04:46:00,1,1,1,1,0,0,0.0,0.0,5.17,новый,False
e_01255,"яндекс: насчет, бухгалтерии, знакомый","Инфоповод по теме «яндекс» за период 21.04.2026 23:20 — 21.04.2026 23:20. Внутри 1 сообщений, чатов: 1. Частые слова: насчет, бухгалтерии, знакомый, помогает, всеми.",яндекс,яндекс,насчет|бухгалтерии|знакомый|помогает|всеми|этими|вопросами,2026-04-21 23:20:00,2026-04-21 23:20:00,1,1,1,1,0,0,0.0,0.0,5.17,новый,False
e_01264,"яндекс: можно, блядь, касается","Инфоповод по теме «яндекс» за период 19.04.2026 08:16 — 19.04.2026 08:16. Внутри 1 сообщений, чатов: 1. Частые слова: можно, блядь, касается, оценок, трикола.",яндекс,яндекс,можно|блядь|касается|оценок|трикола|далее|точно,2026-04-19 08:16:00,2026-04-19 08:16:00,1,1,1,1,0,0,0.0,0.0,5.17,новый,False
e_01274,"яндекс: должен, пишут, такое","Инфоповод по теме «яндекс» за период 21.04.2026 10:28 — 21.04.2026 10:28. Внутри 1 сообщений, чатов: 1. Частые слова: должен, пишут, такое, понимаю, конкретно.",яндекс,яндекс,должен|пишут|такое|понимаю|конкретно|требуется|катаясь,2026-04-21 10:28:00,2026-04-21 10:28:00,1,1,1,1,0,0,0.0,0.0,5.17,новый,False
e_01285,"яндекс: блядь, бля, слова","Инфоповод по теме «яндекс» за период 23.04.2026 09:15 — 23.04.2026 09:15. Внутри 1 сообщений, чатов: 1. Частые слова: блядь, бля, слова, жалко, эти.",яндекс,яндекс,блядь|бля|слова|жалко|эти|разговоры|записываются,2026-04-23 09:15:00,2026-04-23 09:15:00,1,1,1,1,0,0,0.0,0.0,5.17,новый,False
e_01306,"яндекс: транспондера, пассажира, сталкивался","Инфоповод по теме «яндекс» за период 17.04.2026 14:07 — 17.04.2026 14:07. Внутри 1 сообщений, чатов: 1. Частые слова: транспондера, пассажира, сталкивался, ситуацией, такой.",яндекс,яндекс,транспондера|пассажира|сталкивался|ситуацией|такой|произошло|двойное,2026-04-17 14:07:00,2026-04-17 14:07:00,1,1,1,1,0,0,0.0,0.0,5.17,новый,False
e_01310,"яндекс: подобное, вез, женщин","Инфоповод по теме «яндекс» за период 18.04.2026 07:22 — 18.04.2026 07:22. Внутри 1 сообщений, чатов: 1. Частые слова: подобное, вез, женщин, сказали, мол.",яндекс,яндекс,подобное|вез|женщин|сказали|мол|давайте|скинемся,2026-04-18 07:22:00,2026-04-18 07:22:00,1,1,1,1,0,0,0.0,0.0,5.17,новый,False
e_01320,"Фастен: блять, приходил, типа","Инфоповод по теме «Фастен» за период 21.04.2026 12:17 — 21.04.2026 12:17. Внутри 1 сообщений, чатов: 1. Частые слова: блять, приходил, типа, пустой, багажник.",Фастен,Фастен|яндекс,блять|приходил|типа|пустой|багажник|сука|какой,2026-04-21 12:17:00,2026-04-21 12:17:00,1,1,1,1,0,0,0.0,0.0,5.17,новый,False
e_01324,"яндекс: потому, пулково, складывается","Инфоповод по теме «яндекс» за период 23.04.2026 05:33 — 23.04.2026 05:33. Внутри 1 сообщений, чатов: 1. Частые слова: потому, пулково, складывается, ощущение, яндекс.",яндекс,яндекс,потому|пулково|складывается|ощущение|яндекс|нами|подглядывает,2026-04-23 05:33:00,2026-04-23 05:33:00,1,1,1,1,0,0,0.0,0.0,5.17,новый,False
e_01327,"яндекс: потом, такая, заказ","Инфоповод по теме «яндекс» за период 18.04.2026 15:31 — 18.04.2026 15:31. Внутри 1 сообщений, чатов: 1. Частые слова: потом, такая, заказ, проехать, думаю.",яндекс,яндекс,потом|такая|заказ|проехать|думаю|всем|лучше,2026-04-18 15:31:00,2026-04-18 15:31:00,1,1,1,1,0,0,0.0,0.0,5.17,новый,False
e_01343,"яндекс: полностью, заново, работать","Инфоповод по теме «яндекс» за период 17.04.2026 00:08 — 17.04.2026 00:08. Внутри 1 сообщений, чатов: 1. Частые слова: полностью, заново, работать, кого, чинят.",яндекс,яндекс,полностью|заново|работать|кого|чинят|блядь|яндекс,2026-04-17 00:08:00,2026-04-17 00:08:00,1,1,1,1,0,0,0.0,0.0,5.17,новый,False
e_01348,"яндекс: отключение, комиссии, парк","Инфоповод по теме «яндекс» за период 18.04.2026 16:46 — 18.04.2026 16:46. Внутри 1 сообщений, чатов: 1. Частые слова: отключение, комиссии, парк, мертвому, понятно.",яндекс,яндекс,отключение|комиссии|парк|мертвому|понятно|яндекса|забирается,2026-04-18 16:46:00,2026-04-18 16:46:00,1,1,1,1,0,0,0.0,0.0,5.17,новый,False
e_01359,"яндекс: сервиса, шили, партнером","Инфоповод по теме «яндекс» за период 22.04.2026 17:07 — 22.04.2026 17:07. Внутри 1 сообщений, чатов: 1. Частые слова: сервиса, шили, партнером, запросов, предоставление.",яндекс,яндекс,сервиса|шили|партнером|запросов|предоставление|случае|водителями,2026-04-22 17:07:00,2026-04-22 17:07:00,1,1,1,1,0,0,0.0,0.0,5.17,новый,False
e_01374,"яндекс: блядь, блять, ебать","Инфоповод по теме «яндекс» за период 22.04.2026 00:31 — 22.04.2026 00:31. Внутри 1 сообщений, чатов: 1. Частые слова: блядь, блять, ебать, наебать, изобретает.",яндекс,яндекс,блядь|блять|ебать|наебать|изобретает|люди|хуйню,2026-04-22 00:31:00,2026-04-22 00:31:00,1,1,1,1,0,0,0.0,0.0,5.17,новый,False
e_01375,"WB Такси: будут, бонусы, работал","Инфоповод по теме «WB Такси» за период 19.04.2026 17:39 — 19.04.2026 17:39. Внутри 1 сообщений, чатов: 1. Частые слова: будут, бонусы, работал, курьером, месяц.",WB Такси,WB Такси,будут|бонусы|работал|курьером|месяц|заказы|100р,2026-04-19 17:39:00,2026-04-19 17:39:00,1,1,1,1,0,0,0.0,0.0,5.17,новый,False
e_01379,"яндекс: бизнес, нахуй, недолго","Инфоповод по теме «яндекс» за период 23.04.2026 14:30 — 23.04.2026 14:30. Внутри 1 сообщений, чатов: 1. Частые слова: бизнес, нахуй, недолго, яндекса, наебал.",яндекс,яндекс,бизнес|нахуй|недолго|яндекса|наебал|центре|ладно,2026-04-23 14:30:00,2026-04-23 14:30:00,1,1,1,1,0,0,0.0,0.0,5.17,новый,False
e_01404,"яндекс: стороны, слушай, некоторые","Инфоповод по теме «яндекс» за период 20.04.2026 17:35 — 20.04.2026 17:35. Внутри 1 сообщений, чатов: 1. Частые слова: стороны, слушай, некоторые, крайней, мере.",яндекс,яндекс,стороны|слушай|некоторые|крайней|мере|делали|длинные,2026-04-20 17:35:00,2026-04-20 17:35:00,1,1,1,1,0,0,0.0,0.0,5.17,новый,False
e_01413,"яндекс: правильно, посчитано, заказ","Инфоповод по теме «яндекс» за период 23.04.2026 20:33 — 23.04.2026 20:33. Внутри 1 сообщений, чатов: 1. Частые слова: правильно, посчитано, заказ, город, водитель.",яндекс,яндекс,правильно|посчитано|заказ|город|водитель|едут|дороге,2026-04-23 20:33:00,2026-04-23 20:33:00,1,1,1,1,0,0,0.0,0.0,5.17,новый,False
e_01415,"яндекс: рублей, примеру, поездок","Инфоповод по теме «яндекс» за период 21.04.2026 10:25 — 21.04.2026 10:25. Внутри 1 сообщений, чатов: 1. Частые слова: рублей, примеру, поездок, валберис, валберес.",яндекс,яндекс,рублей|примеру|поездок|валберис|валберес|тысяч|день,2026-04-21 10:25:00,2026-04-21 10:25:00,1,1,1,1,0,0,0.0,0.0,5.17,новый,False
e_01416,"яндекс: такси, почему, женщины","Инфоповод по теме «яндекс» за период 22.04.2026 08:11 — 22.04.2026 08:11. Внутри 1 сообщений, чатов: 1. Частые слова: такси, почему, женщины, меняется, отсутствие.",яндекс,яндекс,такси|почему|женщины|меняется|отсутствие|женских|розовый,2026-04-22 08:11:00,2026-04-22 08:11:00,1,1,1,1,0,0,0.0,0.0,5.17,новый,False
e_01424,Фастен: фастен,"Инфоповод по теме «Фастен» за период 18.04.2026 14:17 — 18.04.2026 14:17. Внутри 1 сообщений, чатов: 1. Частые слова: фастен.",Фастен,Фастен,фастен,2026-04-18 14:17:00,2026-04-18 14:17:00,1,1,1,1,0,0,0.0,0.0,5.17,новый,False
e_01427,Фастен: фастен,"Инфоповод по теме «Фастен» за период 19.04.2026 09:07 — 19.04.2026 09:07. Внутри 1 сообщений, чатов: 1. Частые слова: фастен.",Фастен,Фастен,фастен,2026-04-19 09:07:00,2026-04-19 09:07:00,1,1,1,1,0,0,0.0,0.0,5.17,новый,False
e_01432,Фастен: фастен,"Инфоповод по теме «Фастен» за период 20.04.2026 13:58 — 20.04.2026 13:58. Внутри 1 сообщений, чатов: 1. Частые слова: фастен.",Фастен,Фастен,фастен,2026-04-20 13:58:00,2026-04-20 13:58:00,1,1,1,1,0,0,0.0,0.0,5.17,новый,False
e_01433,Фастен: фастен,"Инфоповод по теме «Фастен» за период 20.04.2026 21:03 — 20.04.2026 21:03. Внутри 1 сообщений, чатов: 1. Частые слова: фастен.",Фастен,Фастен,фастен,2026-04-20 21:03:00,2026-04-20 21:03:00,1,1,1,1,0,0,0.0,0.0,5.17,новый,False
e_01434,Фастен: фастен,"Инфоповод по теме «Фастен» за период 22.04.2026 17:50 — 22.04.2026 17:50. Внутри 1 сообщений, чатов: 1. Частые слова: фастен.",Фастен,Фастен,фастен,2026-04-22 17:50:00,2026-04-22 17:50:00,1,1,1,1,0,0,0.0,0.0,5.17,новый,False
e_01435,"яндекс: сто, яша","Инфоповод по теме «яндекс» за период 20.04.2026 18:14 — 20.04.2026 18:14. Внутри 1 сообщений, чатов: 1. Частые слова: сто, яша.",яндекс,яндекс,сто|яша,2026-04-20 18:14:00,2026-04-20 18:14:00,1,1,1,1,0,0,0.0,0.0,5.17,новый,False
e_01441,яндекс: нбу,"Инфоповод по теме «яндекс» за период 21.04.2026 10:18 — 21.04.2026 10:18. Внутри 1 сообщений, чатов: 1. Частые слова: нбу.",яндекс,яндекс,нбу,2026-04-21 10:18:00,2026-04-21 10:18:00,1,1,1,1,0,0,0.0,0.0,5.17,новый,False
e_01446,Фастен: пиздит,"Инфоповод по теме «Фастен» за период 17.04.2026 10:20 — 17.04.2026 10:20. Внутри 1 сообщений, чатов: 1. Частые слова: пиздит.",Фастен,Фастен,пиздит,2026-04-17 10:20:00,2026-04-17 10:20:00,1,1,1,1,0,0,0.0,0.0,5.17,новый,False
e_01454,"яндекс: выше, яши","Инфоповод по теме «яндекс» за период 20.04.2026 02:32 — 20.04.2026 02:32. Внутри 1 сообщений, чатов: 1. Частые слова: выше, яши.",яндекс,яндекс,выше|яши,2026-04-20 02:32:00,2026-04-20 02:32:00,1,1,1,1,0,0,0.0,0.0,5.17,новый,False
e_01457,Обсуждение: яндекс,"Инфоповод по теме «яндекс» за период 18.04.2026 08:25 — 18.04.2026 08:25. Внутри 1 сообщений, чатов: 1. Частые слова: ключевые слова не выделены.",яндекс,яндекс,,2026-04-18 08:25:00,2026-04-18 08:25:00,1,1,1,1,0,0,0.0,0.0,5.17,новый,False
e_01462,яндекс: яше,"Инфоповод по теме «яндекс» за период 17.04.2026 02:38 — 17.04.2026 02:38. Внутри 1 сообщений, чатов: 1. Частые слова: яше.",яндекс,яндекс,яше,2026-04-17 02:38:00,2026-04-17 02:38:00,1,1,1,1,0,0,0.0,0.0,5.17,новый,False
e_01464,Обсуждение: Фастен,"Инфоповод по теме «Фастен» за период 23.04.2026 07:42 — 23.04.2026 07:42. Внутри 1 сообщений, чатов: 1. Частые слова: ключевые слова не выделены.",Фастен,Фастен,,2026-04-23 07:42:00,2026-04-23 07:42:00,1,1,1,1,0,0,0.0,0.0,5.17,новый,False
e_01468,Обсуждение: Фастен,"Инфоповод по теме «Фастен» за период 23.04.2026 07:09 — 23.04.2026 07:09. Внутри 1 сообщений, чатов: 1. Частые слова: ключевые слова не выделены.",Фастен,Фастен,,2026-04-23 07:09:00,2026-04-23 07:09:00,1,1,1,1,0,0,0.0,0.0,5.17,новый,False
