message_id,tag
m_83c94c38c4c0,Коэффициент
m_25ca4981b1e2,Законы и налоги
m_9dd079befe32,Законы и налоги
m_e0bd847bb752,яндекс
m_9cd388ee606b,Законы и налоги
m_fa571b68b7a7,яндекс
m_1f2c31289a0a,яндекс
m_9e60344ce41e,Законы и налоги
m_05991787919d,яндекс
m_7463c480556a,яндекс
m_2f8052b3a106,яндекс
m_7d8b6411b552,WB Такси
m_52dc1d83e1f3,Фастен
m_e94a57cf1937,Коэффициент
m_cef12008e23f,WB Такси
m_650bbbd56a64,яндекс
m_119a6a9313b3,Коэффициент
m_d1c3a70a3922,Коэффициент
m_d24ce614d591,Коэффициент
m_44e49a6b6adf,WB Такси
m_80034665dbee,Коэффициент
m_5bc124d904ea,Коэффициент
m_655e0e1b1434,Приложение и сбои
m_655e0e1b1434,Яндекс Про
m_ac4285a03c56,Коэффициент
m_7d2b3d538587,Коэффициент
m_7d2b3d538587,Приложение и сбои
m_6af43991e987,Законы и налоги
m_6af43991e987,яндекс
m_c8286fdd4534,яндекс
m_b87753e2eced,Коэффициент
m_6ef3eb164d21,яндекс
m_fa46325104d3,яндекс
m_c04c5f9d2889,яндекс
m_b6dfa65d617b,яндекс
m_2bfc036bb33f,Коэффициент
m_2bfc036bb33f,яндекс
m_54836c43e79e,яндекс
m_67ae98fc5bcf,яндекс
m_e96a733da837,яндекс
m_a9af3452811a,яндекс
m_43a9f5cc4bc0,яндекс
m_43a9f5cc4bc0,Приложение и сбои
m_43a9f5cc4bc0,Яндекс Про
m_0d3291b36f42,яндекс
m_0d3291b36f42,Приложение и сбои
m_0d3291b36f42,Яндекс Про
m_a4656b057a19,Приложение и сбои
m_a4656b057a19,Яндекс Про
m_5d575befff00,яндекс
m_5d575befff00,Приложение и сбои
m_5d575befff00,Яндекс Про
m_2512a16a22dc,яндекс
m_2512a16a22dc,Приложение и сбои
m_2512a16a22dc,Яндекс Про
m_de60d38fdb4b,яндекс
m_26dc8e69de79,яндекс
m_95f9a5d6fc44,яндекс
m_95f9a5d6fc44,Приложение и сбои
m_95f9a5d6fc44,Яндекс Про
m_4f1d8b5d4679,яндекс
m_213de55c47d8,яндекс
m_7b2c229f9284,яндекс
m_bb24d3a97636,Коэффициент
m_10c648f7736d,яндекс
m_2fbee8afba75,Коэффициент
m_3a292b2ea865,Коэффициент
m_5042bf444c32,Приложение и сбои
m_5042bf444c32,Яндекс Про
m_c3211a753a82,яндекс
m_f82e0ca0558b,Забастовка
m_bcf6b78b6355,Коэффициент
m_ee32fdfdff35,яндекс
m_4812c4c5fbab,яндекс
m_e2e628384497,Законы и налоги
m_e2e628384497,Приложение и сбои
m_1486a7c2da27,Коэффициент
m_e4c0ef96afe4,яндекс
m_24ca2fab34e8,Коэффициент
m_24ca2fab34e8,яндекс
m_01f268fb6070,яндекс
m_a595290ffde2,Коэффициент
m_b549517ca97a,яндекс
m_2df788d764ad,Коэффициент
m_2df788d764ad,яндекс
m_b7c217d0eb65,Забастовка
m_65044f4a4fc7,Коэффициент
m_a3d683d53407,Коэффициент
m_b338e1fb553d,Законы и налоги
m_fb89238af596,Забастовка
m_ce8a4d677796,Забастовка
m_b6358a93d4ec,яндекс
m_e30b360bfa7e,яндекс
m_b95df9d0f9f1,Коэффициент
m_5d90633c11bf,яндекс
m_16de8c7d08bd,яндекс
m_c02ed5dfd0e2,Коэффициент
m_fb868df0ffc3,яндекс
m_a5b3bd4fbb29,Коэффициент
m_a5b3bd4fbb29,Законы и налоги
m_a5b3bd4fbb29,яндекс
m_312e999d026a,яндекс
m_22684f879023,яндекс
m_a8d90af923ae,яндекс
m_ee7195149ac0,яндекс
m_3aad0c7d3123,яндекс
m_b3f08b25d54a,яндекс
m_9952397c3bce,Коэффициент
m_9952397c3bce,яндекс
m_9952397c3bce,Фастен
m_b7813c6013a9,Коэффициент
m_cb74cb741158,Коэффициент
m_e0e9eedd7587,яндекс
m_f6e275219bec,яндекс
m_ea19439a0f09,яндекс
m_0c408f0f96e5,яндекс
m_dcc5f95b4da2,Коэффициент
m_5d0fb6d89614,яндекс
m_353241fa71ed,яндекс
m_6f03ff61fc1d,Приложение и сбои
m_6f03ff61fc1d,Яндекс Про
m_2945ee7ae156,Коэффициент
m_ecfb3c3e072d,Коэффициент
m_411ebc8b5c50,яндекс
m_e793a8cb6424,яндекс
m_e793a8cb6424,WB Такси
m_730c0e1f6908,Приложение и сбои
m_e0aa4b8a0e0a,Приложение и сбои
m_872d7e50e196,яндекс
m_bde29cc999e1,яндекс
m_ea4aa49a6e04,яндекс
m_13ae41964513,яндекс
m_0107235e4643,Законы и налоги
m_4051e9f63f9d,Приложение и сбои
m_4051e9f63f9d,Яндекс Про
m_639d1c9ffe54,Приложение и сбои
m_639d1c9ffe54,Яндекс Про
m_7385bf3d616a,Коэффициент
m_7385bf3d616a,Законы и налоги
m_7385bf3d616a,яндекс
m_b19b45876bcc,яндекс
m_0889967dbaf7,Коэффициент
m_8c5f977df454,яндекс
m_bcfeca05cbab,Законы и налоги
m_6f28cacd7f41,яндекс
m_3c4b9230d794,Законы и налоги
m_f6146b041d2b,Коэффициент
m_305eca1a07b3,яндекс
m_305eca1a07b3,Приложение и сбои
m_305eca1a07b3,Яндекс Про
m_fc022f98b8c5,яндекс
m_fc022f98b8c5,Приложение и сбои
m_fc022f98b8c5,Яндекс Про
m_94a4e5d253ce,Приложение и сбои
m_94a4e5d253ce,Яндекс Про
m_2bd80528aa32,яндекс
m_08063a1f0c09,Законы и налоги
m_8f96a9bb7405,яндекс
m_767afac51f47,Коэффициент
m_5e4dc795dfc3,Коэффициент
m_06bdc15bc1a8,Коэффициент
m_06bdc15bc1a8,яндекс
m_06bdc15bc1a8,Приложение и сбои
m_06bdc15bc1a8,Яндекс Про
m_c764649123b0,Коэффициент
m_b3486dfb2aaa,Приложение и сбои
m_b3486dfb2aaa,Яндекс Про
m_63c13fa64d3c,Фастен
m_924a4f5aa7b3,яндекс
m_924a4f5aa7b3,Приложение и сбои
m_924a4f5aa7b3,Яндекс Про
m_acfa8b45fb73,яндекс
m_acfa8b45fb73,Приложение и сбои
m_acfa8b45fb73,Яндекс Про
m_ed79582a743a,Коэффициент
m_ed79582a743a,Приложение и сбои
m_5e50efb70262,яндекс
m_945d39278da2,яндекс
m_945d39278da2,Приложение и сбои
m_945d39278da2,Яндекс Про
m_fba826f4bb81,Коэффициент
m_fba826f4bb81,Приложение и сбои
m_fba826f4bb81,Яндекс Про
m_277f56e4ca8a,Коэффициент
m_78645dacd981,яндекс
m_435705c12b01,яндекс
m_2efa117f10db,Коэффициент
m_fb915c0bec52,яндекс
m_9f7b7af0e9de,Коэффициент
m_95754a15d0f9,яндекс
m_fb25d07f6efe,Коэффициент
m_0358ffcfbb80,яндекс
m_d1f8e17616b4,яндекс
m_4563ba0c1245,Приложение и сбои
m_4563ba0c1245,Яндекс Про
m_0971c7d6c0e3,яндекс
m_641f7fc1a52a,Коэффициент
m_d458406c7e40,Коэффициент
m_52ecaf90abb4,яндекс
m_98b769f23ba5,яндекс
m_4abd11d9a4a2,Коэффициент
m_f24dcecdbea3,яндекс
m_0b70c63c1e76,Коэффициент
m_baf08c497a72,яндекс
m_69b21761c3f8,яндекс
m_7d33d94b2014,яндекс
m_b360a58fe60b,яндекс
m_e4528bc32139,Коэффициент
m_a9bb0fbfe67e,Коэффициент
m_aa9aa1eb1f2a,Приложение и сбои
m_aa9aa1eb1f2a,Яндекс Про
m_00af4827c7cc,Приложение и сбои
m_00af4827c7cc,Яндекс Про
m_c77439307514,яндекс
m_88d1c3b1df82,Законы и налоги
m_1a10b4108b25,WB Такси
m_7328dc1dcdd4,Приложение и сбои
m_7328dc1dcdd4,Яндекс Про
m_72b08fcc5546,Коэффициент
m_a6d69a1899cc,яндекс
m_ca4c0d1fb3b6,Коэффициент
m_6c0d75ab6749,Коэффициент
m_a77989e6f078,Коэффициент
m_c4eeefb08263,Коэффициент
m_c4eeefb08263,яндекс
m_b670608739a4,Коэффициент
m_4bc198b273db,яндекс
m_6f060b18f954,Фастен
m_91fe3a7e2d0f,яндекс
m_d6f5b595ecd4,Коэффициент
m_0a15ebd47547,Фастен
m_7d474d8252f0,Коэффициент
m_bec84a72d562,яндекс
m_3e63d04326e2,Фастен
m_90bea51e45c1,WB Такси
m_e02d03027564,яндекс
m_421fdbd232e7,WB Такси
m_3fe13d0fb036,Законы и налоги
m_0681d1df542a,Приложение и сбои
m_0681d1df542a,Яндекс Про
m_ca5ba1815525,Коэффициент
m_53f177d9e380,Коэффициент
m_f755783851e1,Коэффициент
m_4ae418a0898e,Коэффициент
m_7f6e0824c269,Законы и налоги
m_5006cb6fc888,Приложение и сбои
m_83cf4e783a5a,Коэффициент
m_83cf4e783a5a,яндекс
m_3589037b2211,Коэффициент
m_24c3fc6b6cc1,Приложение и сбои
m_24c3fc6b6cc1,Яндекс Про
m_e2aabc36e78d,Коэффициент
m_333472cdbde4,Коэффициент
m_a7974442b20a,яндекс
m_6f65a229953b,Законы и налоги
m_22fbd94990e0,Коэффициент
m_8e97eecff0dd,яндекс
m_41c45373161c,яндекс
m_41c45373161c,Приложение и сбои
m_41c45373161c,Яндекс Про
m_29bb70b3467e,яндекс
m_9a78484f135b,Законы и налоги
m_6fa9a1ef1465,Законы и налоги
m_c7604b298cbe,Коэффициент
m_c7604b298cbe,яндекс
m_6d6641edc31d,яндекс
m_e88cd65baa7e,Приложение и сбои
m_e88cd65baa7e,Яндекс Про
m_95aa932ad4d2,Законы и налоги
m_bbc42898454b,яндекс
m_bbc42898454b,Приложение и сбои
m_bbc42898454b,Яндекс Про
m_93af8044ec7b,яндекс
m_93af8044ec7b,Приложение и сбои
m_93af8044ec7b,Яндекс Про
m_1252f214a2ba,Приложение и сбои
m_1252f214a2ba,Яндекс Про
m_9d69810a1c5d,Коэффициент
m_9d69810a1c5d,яндекс
m_f5372431d96a,яндекс
m_c3d886073d14,яндекс
m_471a44db9549,яндекс
m_b1c307ef4523,Приложение и сбои
m_b1c307ef4523,Яндекс Про
m_64ec51c9727f,яндекс
m_ec30080c6fa5,Приложение и сбои
m_ec30080c6fa5,Яндекс Про
m_5c91e3154017,яндекс
m_38321cfc9752,Коэффициент
m_c7269740eca7,Коэффициент
m_c7269740eca7,яндекс
m_097f07df12c3,Приложение и сбои
m_097f07df12c3,Яндекс Про
m_418d2d58f0e9,Коэффициент
m_418d2d58f0e9,яндекс
m_66aa26527d5d,Коэффициент
m_66aa26527d5d,яндекс
m_66aa26527d5d,WB Такси
m_66aa26527d5d,Приложение и сбои
m_66aa26527d5d,Яндекс Про
m_22cad5a3e08d,яндекс
m_2fd2a3c29bcb,Коэффициент
m_dcb1f2dbcdc9,яндекс
m_8ea3f5f25d50,яндекс
m_8ea3f5f25d50,WB Такси
m_e2bb7c0d9697,Коэффициент
m_e2bb7c0d9697,яндекс
m_b95c6e7f46e1,WB Такси
m_c2078f73fad1,яндекс
m_e0ddfb47bb28,яндекс
m_b2659cd5ef71,Коэффициент
m_c7419fbcd736,яндекс
m_c7419fbcd736,WB Такси
m_66843cbfc375,яндекс
m_1665b229f036,Приложение и сбои
m_1665b229f036,Яндекс Про
m_ad2371b3a8c5,Коэффициент
m_ad2371b3a8c5,яндекс
m_ea352f541d03,яндекс
m_b181a6decaa4,Приложение и сбои
m_b181a6decaa4,Яндекс Про
m_ed46a857721b,WB Такси
m_60eb06c2cb53,яндекс
m_2c50b61b707e,яндекс
m_7a0fbf4cdc81,WB Такси
m_e23ae16829f1,яндекс
m_e1d7946f992d,Коэффициент
m_057ae2a69f39,Коэффициент
m_4fde2437b369,Законы и налоги
m_4fde2437b369,WB Такси
m_4b1b4f1f17cb,яндекс
m_85f3a35e6980,яндекс
m_85f3a35e6980,WB Такси
m_f93bba964340,яндекс
m_9881833362b2,Законы и налоги
m_a090fa313543,яндекс
m_f25b2c4279ba,WB Такси
m_f5b7e386f819,Законы и налоги
m_3124b54250f9,Законы и налоги
m_65da7a7eafe0,Законы и налоги
m_1efb2c4e1079,Коэффициент
m_9abc76d600b4,яндекс
m_f9e6da9c1847,Коэффициент
m_51e63cbb1caf,Коэффициент
m_40dc9f9fcb34,яндекс
m_91fcc0dd7ffc,яндекс
m_20a61de9c68b,яндекс
m_20a61de9c68b,Фастен
m_3226d3b8d0ed,яндекс
m_086a494db4f0,яндекс
m_5c913adf267a,яндекс
m_c377334dc232,Законы и налоги
m_192dc6f7a0dd,яндекс
m_192dc6f7a0dd,Приложение и сбои
m_192dc6f7a0dd,Яндекс Про
m_778d949edda9,Забастовка
m_b3b1255c06e9,яндекс
m_32a351b4f0c7,яндекс
m_3fcb0e54263c,Законы и налоги
m_7af29c7df518,яндекс
m_1e4a12523d7b,яндекс
m_c7126dfbceb1,яндекс
m_c7126dfbceb1,Фастен
m_669090abefa1,Законы и налоги
m_871fc3bb6f59,WB Такси
m_2d5dd6f5111b,Коэффициент
m_c73c2861fe7d,Законы и налоги
m_578877d7ddab,яндекс
m_a162bb36a691,яндекс
m_a162bb36a691,WB Такси
m_0ad751df2d5c,Приложение и сбои
m_0ad751df2d5c,Яндекс Про
m_330d7a6a05a6,яндекс
m_b3d7820c7b56,яндекс
m_ea7cbbdc7bf9,Коэффициент
m_d3a5f48a2033,яндекс
m_3b7292217c68,Законы и налоги
m_4dcc15e78088,яндекс
m_bdda2dd7a256,Законы и налоги
m_f608f600accb,Законы и налоги
m_3cf149f66299,яндекс
m_95e06543c4c3,яндекс
m_fd3e83e590d1,яндекс
m_2ade78c34ef1,WB Такси
m_f5d493333d26,яндекс
m_c066456a7c51,WB Такси
m_4d68b278120b,яндекс
m_740fd6456e01,Коэффициент
m_7ebd596d200a,Законы и налоги
m_d106390e4427,Законы и налоги
m_3576628d98b7,яндекс
m_3576628d98b7,Приложение и сбои
m_3576628d98b7,Яндекс Про
m_05e6a896700f,Коэффициент
m_05e6a896700f,яндекс
m_05e6a896700f,WB Такси
m_31f0b4c86e6f,яндекс
m_71bc32392371,яндекс
m_646acaf65e28,Законы и налоги
m_1060757e4049,Законы и налоги
m_1060757e4049,яндекс
m_1060757e4049,Приложение и сбои
m_1060757e4049,Яндекс Про
m_102248ea2d7c,яндекс
m_bbf9753045ca,Коэффициент
m_488b299f3138,яндекс
m_29b4e0d83871,яндекс
m_9c92cd2678f4,яндекс
m_dda3cfdffba2,WB Такси
m_05d6786b22c7,яндекс
m_03b053fcd9d6,Приложение и сбои
m_03b053fcd9d6,Яндекс Про
m_a7149a5e3324,яндекс
m_2ef196ad5026,Приложение и сбои
m_2ef196ad5026,Яндекс Про
m_fe25d6f35328,Коэффициент
m_778c4ff10830,Приложение и сбои
m_778c4ff10830,Яндекс Про
m_29f3b7e205fd,Приложение и сбои
m_29f3b7e205fd,Яндекс Про
m_056f1b93851e,WB Такси
m_a7f16f9c4140,Законы и налоги
m_a7f16f9c4140,яндекс
m_fe15423d569c,яндекс
m_fe15423d569c,WB Такси
m_9ccfb3be8579,Законы и налоги
m_d806aec4c828,Коэффициент
m_e5a68ae373b0,яндекс
m_4f18ba2a2168,яндекс
m_85cbae3e9110,яндекс
m_85cbae3e9110,Приложение и сбои
m_85cbae3e9110,Яндекс Про
m_2f4eb15ea718,Коэффициент
m_4fe41d16638f,Коэффициент
m_f6695181f875,Приложение и сбои
m_f6695181f875,Яндекс Про
m_4899527488c1,Коэффициент
m_afc14836ea66,Коэффициент
m_afc14836ea66,яндекс
m_edde88890437,яндекс
m_5bc8115c5ce9,Приложение и сбои
m_5bc8115c5ce9,Яндекс Про
m_5df43c5d120c,яндекс
m_c0dd4046d52e,Приложение и сбои
m_c0dd4046d52e,Яндекс Про
m_9da03f38bd95,Коэффициент
m_e28573dd48b8,Приложение и сбои
m_e28573dd48b8,Яндекс Про
m_3a96fba3faba,яндекс
m_4246daee196b,Приложение и сбои
m_6b6cbeb0c909,Приложение и сбои
m_6b6cbeb0c909,Яндекс Про
m_f10d6339a12f,яндекс
m_f10d6339a12f,Приложение и сбои
m_abc7eddea4e5,яндекс
m_f18cc45b2c51,яндекс
m_f18cc45b2c51,Приложение и сбои
m_f18cc45b2c51,Яндекс Про
m_ba69ec5499f0,яндекс
m_8a7493b333bc,Коэффициент
m_8a7493b333bc,яндекс
m_8a7493b333bc,WB Такси
m_32a56da48c1b,яндекс
m_c8c356969424,яндекс
m_cb62f73eef93,яндекс
m_820c4f582dbb,Коэффициент
m_1831245b830b,Законы и налоги
m_2492a740a227,Коэффициент
m_e2f44b12dc7a,Коэффициент
m_1acde9c96530,WB Такси
m_98cee27e5fdd,Коэффициент
m_a07a33531e83,яндекс
m_1a5a72b6c647,яндекс
m_cb80826eacda,яндекс
m_c40def7a125e,WB Такси
m_24d1f8ffadf3,Коэффициент
m_e0c28f1024d0,яндекс
m_d74d66d86e46,Коэффициент
m_8d81cc64caa6,Приложение и сбои
m_8d81cc64caa6,Яндекс Про
m_70632bbd7588,яндекс
m_70632bbd7588,WB Такси
m_35a337944159,яндекс
m_354dc2fedd82,яндекс
m_354dc2fedd82,Приложение и сбои
m_354dc2fedd82,Яндекс Про
m_4e435a396493,яндекс
m_eca932b7d789,Приложение и сбои
m_eca932b7d789,Яндекс Про
m_2646dfd1f6b0,Коэффициент
m_7b7652b5b47b,Приложение и сбои
m_7b7652b5b47b,Яндекс Про
m_e122ba2e75bf,яндекс
m_17d1ab234e88,яндекс
m_b66f141ee3af,яндекс
m_a7b56603fa01,Законы и налоги
m_04e363fd3fd8,Законы и налоги
m_b6b82affd486,яндекс
m_33e3f3ffaf8e,Коэффициент
m_ea714e992721,Фастен
m_9095b0e06016,Приложение и сбои
m_9095b0e06016,Яндекс Про
m_5980e8b13159,яндекс
m_d34196e0310e,яндекс
m_d34196e0310e,WB Такси
m_802cb20d6ad6,Законы и налоги
m_853e25aa794d,Коэффициент
m_e0e606101aba,яндекс
m_e69aed91cdf3,яндекс
m_8674390a3a8a,Приложение и сбои
m_8674390a3a8a,Яндекс Про
m_67c8e727fe85,Приложение и сбои
m_67c8e727fe85,Яндекс Про
m_db0ce42d24e3,яндекс
m_0e8155e6dbd2,Коэффициент
m_29e3dfde15dc,Законы и налоги
m_4d91fa1045d5,яндекс
m_5459c5f08c13,Приложение и сбои
m_5459c5f08c13,Яндекс Про
m_dc02df02b085,Законы и налоги
m_8a8cbe1ad188,яндекс
m_a7a716db345a,яндекс
m_15a0e1cf7656,WB Такси
m_8c780572cbf4,Приложение и сбои
m_8c780572cbf4,Яндекс Про
m_6b1a20ace0c1,яндекс
m_39bec6ce75aa,Коэффициент
m_662a8a8111e7,Коэффициент
m_5ba3c1eed752,яндекс
m_8f828f40f3e5,яндекс
m_8f50a4fd7570,яндекс
m_0232907051ff,яндекс
m_0232907051ff,Приложение и сбои
m_0232907051ff,Яндекс Про
m_55674d1f4b45,яндекс
m_6ab5c2b68462,WB Такси
m_49e4a33c238d,яндекс
m_49e4a33c238d,Приложение и сбои
m_49e4a33c238d,Яндекс Про
m_cdd536a32a2c,яндекс
m_6ae80999d0fc,яндекс
m_6ae80999d0fc,Приложение и сбои
m_6ae80999d0fc,Яндекс Про
m_d12ff8c57d51,яндекс
m_2747f150d855,Приложение и сбои
m_2747f150d855,Яндекс Про
m_197017b6c149,Коэффициент
m_06e1a8c1c468,WB Такси
m_2b1d64ccfaef,WB Такси
m_186eed1097ae,яндекс
m_c979533beeac,Законы и налоги
m_bdb18f78acce,Законы и налоги
m_0b839faed06e,Законы и налоги
m_0b550859600e,яндекс
m_7ce230acf540,Законы и налоги
m_dee221e0e5c1,Приложение и сбои
m_dee221e0e5c1,Яндекс Про
m_a8c534b7db5e,Приложение и сбои
m_a8c534b7db5e,Яндекс Про
m_39ee6957ba20,Законы и налоги
m_577d1e225fa2,яндекс
m_577d1e225fa2,Приложение и сбои
m_577d1e225fa2,Яндекс Про
m_b0aa9bbd179e,яндекс
m_2f1f5246d793,Законы и налоги
m_ad0fff3e0e9e,яндекс
m_ad0fff3e0e9e,WB Такси
m_a77573f7833f,яндекс
m_a77573f7833f,Приложение и сбои
m_a77573f7833f,Яндекс Про
m_a0b0827321de,яндекс
m_79d8599f2d45,Коэффициент
m_79d8599f2d45,яндекс
m_7a6ef5894b33,яндекс
m_c6a64e48edf8,яндекс
m_c6a64e48edf8,Приложение и сбои
m_c6a64e48edf8,Яндекс Про
m_14b8bd9b6002,WB Такси
m_8e79b3269f6a,яндекс
m_dfe03cf8a392,Коэффициент
m_8bff202d8076,Коэффициент
m_b4c67d9ddaa9,Коэффициент
m_6cf33b17997b,Коэффициент
m_a06e9bc91f88,Коэффициент
m_a14f256653e5,Коэффициент
m_c74023607e9e,Законы и налоги
m_11dec03240be,яндекс
m_e6e1017b0ebb,Коэффициент
m_68b25d23e0a8,Коэффициент
m_045b10a86e04,Коэффициент
m_310828a37221,Законы и налоги
m_90f619650ce6,Коэффициент
m_7a5a9f33b8bf,Приложение и сбои
m_7a5a9f33b8bf,Яндекс Про
m_240f14ea8a09,Приложение и сбои
m_240f14ea8a09,Яндекс Про
m_b9abd142fcb4,Законы и налоги
m_a03acc429366,Приложение и сбои
m_c5adb34916d9,яндекс
m_c5adb34916d9,Приложение и сбои
m_c5adb34916d9,Яндекс Про
m_0bd345d11877,яндекс
m_b4358283a72a,яндекс
m_69ea1c5cfb50,яндекс
m_02485c0a75be,яндекс
m_b1e8af92a19f,яндекс
m_3d20d0d216b0,яндекс
m_c73aea65f609,Коэффициент
m_bc6df96e2d34,яндекс
m_bc6df96e2d34,Приложение и сбои
m_bc6df96e2d34,Яндекс Про
m_3d346e43961e,яндекс
m_0f0b912028ec,яндекс
m_a6f64626ca34,Коэффициент
m_88f98f67e164,яндекс
m_f3137fbb76bb,яндекс
m_8a55a06dfaf1,яндекс
m_5930fa3b0b28,Приложение и сбои
m_5930fa3b0b28,Яндекс Про
m_663bc003a673,Приложение и сбои
m_663bc003a673,Яндекс Про
m_df9a145a6bbc,Приложение и сбои
m_df9a145a6bbc,Яндекс Про
m_c73347c28c82,яндекс
m_84ff15234f5b,яндекс
m_27e49b42c806,Коэффициент
m_eb5ce29f7ee9,Законы и налоги
m_c9cfffcecbd7,Законы и налоги
m_46caece4ca63,Законы и налоги
m_750447901d21,Законы и налоги
m_749447e59498,Законы и налоги
m_eb3a944e1a11,яндекс
m_eb3a944e1a11,Приложение и сбои
m_eb3a944e1a11,Яндекс Про
m_9cf79365b8c5,Законы и налоги
m_5af02654e13f,Коэффициент
m_65262bc85492,Законы и налоги
m_95126d931305,Коэффициент
m_50d36b779c64,Коэффициент
m_18fb3b58fc9a,яндекс
m_2a5c185a8f71,яндекс
m_3197fc690725,Коэффициент
m_3197fc690725,яндекс
m_126f69e2c380,Законы и налоги
m_126f69e2c380,яндекс
m_291100e622c3,яндекс
m_c8c50f81dc65,яндекс
m_7b440a169d7b,Законы и налоги
m_749452e2f854,Коэффициент
m_509be33d2693,Коэффициент
m_4e1b7b62d8d2,Законы и налоги
m_1bb1f3b9a07b,Коэффициент
m_1bb1f3b9a07b,яндекс
m_7e186b202009,Коэффициент
m_7e186b202009,яндекс
m_b09766c024b1,Коэффициент
m_859d8055a020,яндекс
m_16ad2bf595e0,Коэффициент
m_1d737447afd1,яндекс
m_1f5e093939c3,яндекс
m_c62454394156,яндекс
m_aa0f5af6a483,яндекс
m_793d6b6568b8,Коэффициент
m_c8413f33ccdb,яндекс
m_5dc5817b0109,яндекс
m_d0c478a8b3bb,Коэффициент
m_97f4e53b362d,Коэффициент
m_6d1d2e41fbe2,Законы и налоги
m_6d1d2e41fbe2,Приложение и сбои
m_6d1d2e41fbe2,Яндекс Про
m_49c217433c2d,WB Такси
m_2f968a989da9,Коэффициент
m_841c5d39c7db,Законы и налоги
m_142fc7e39780,Коэффициент
m_1af4ebabc3bd,Законы и налоги
m_6841bb0f51db,Законы и налоги
m_9eb9ae29b6d6,Законы и налоги
m_c616768b3044,Законы и налоги
m_230a6ed28e3b,Законы и налоги
m_fbcaa7135b5e,яндекс
m_7a17bf92e7ed,Законы и налоги
m_af8037f90e11,Законы и налоги
m_71712457c76f,яндекс
m_92858deacf20,Законы и налоги
m_7a3778d4f31c,яндекс
m_eec66ec62ad8,яндекс
m_cef7b6dc984a,Коэффициент
m_c84b99f84cdc,яндекс
m_2f954923a7e0,Коэффициент
m_e54370c97ff8,Приложение и сбои
m_e54370c97ff8,Яндекс Про
m_1dea85e27259,яндекс
m_817f5a1bcd9e,Коэффициент
m_e197e937d10a,Коэффициент
m_4df30aef9ce9,Коэффициент
m_db3089b24d85,яндекс
m_b196dc308b0b,Коэффициент
m_96aebd17060d,Коэффициент
m_a781e7ed8262,Законы и налоги
m_6ab0fdf7910b,Коэффициент
m_6ab0fdf7910b,Законы и налоги
m_df422e66a5ac,Законы и налоги
m_5964d8f9dc3e,Приложение и сбои
m_5964d8f9dc3e,Яндекс Про
m_27279a1296b3,Приложение и сбои
m_27279a1296b3,Яндекс Про
m_8ce017c9ed7a,Законы и налоги
m_c3761863238d,яндекс
m_f8e19e09f6cf,яндекс
m_8f321eb988dd,Приложение и сбои
m_8f321eb988dd,Яндекс Про
m_59295524546a,яндекс
m_d5f31ae36c40,яндекс
m_df13aa08448e,яндекс
m_ceb8cf0ec064,Коэффициент
m_c6ca6c560c05,яндекс
m_a4dc3c99c57c,Приложение и сбои
m_a4dc3c99c57c,Яндекс Про
m_686f0f4d37fd,Фастен
m_686f0f4d37fd,Приложение и сбои
m_686f0f4d37fd,Яндекс Про
m_611beefa7c16,яндекс
m_32ff3b611bba,Фастен
m_04905d8913fd,Коэффициент
m_2030afd32a2a,Приложение и сбои
m_2030afd32a2a,Яндекс Про
m_4061dd7b89cd,Коэффициент
m_12ca21d0116b,Приложение и сбои
m_035a811ad635,яндекс
m_035a811ad635,Приложение и сбои
m_d65bca1fcc05,Законы и налоги
m_945385f16976,Коэффициент
m_9fd6d4bf5502,яндекс
m_f63a114003e9,Фастен
m_d6e83b12d32e,Фастен
m_21ec80525922,яндекс
m_8d581898a9bd,Забастовка
m_7c82323edabd,яндекс
m_b8588413593a,яндекс
m_856e868a7387,Коэффициент
m_856e868a7387,яндекс
m_572b98e14208,яндекс
m_0736a4f9b6eb,Приложение и сбои
m_0736a4f9b6eb,Яндекс Про
m_26420b6760dd,яндекс
m_b1132b8b71fb,Приложение и сбои
m_b1132b8b71fb,Яндекс Про
m_4526b78a1292,яндекс
m_e3b30f95bfdb,яндекс
m_5719aa42b551,яндекс
m_90569edc3518,WB Такси
m_e4209e8a65b8,Коэффициент
m_30ae0f6c46eb,яндекс
m_e72f92733856,Коэффициент
m_3a6ed85ba14e,Законы и налоги
m_1ba04ab67f70,Приложение и сбои
m_1ba04ab67f70,Яндекс Про
m_c504427ca746,Приложение и сбои
m_c504427ca746,Яндекс Про
m_b2a12ddef28f,яндекс
m_0468760932c5,Коэффициент
m_0468760932c5,яндекс
m_0468760932c5,Фастен
m_4887e29fe732,Приложение и сбои
m_4887e29fe732,Яндекс Про
m_cc36a6fe2808,Приложение и сбои
m_cc36a6fe2808,Яндекс Про
m_e67e3b89354d,яндекс
m_f0d5a6dd0be3,Коэффициент
m_737e43b1524e,Коэффициент
m_d9555ad251f8,Коэффициент
m_d9555ad251f8,яндекс
m_9ec1c7697864,Коэффициент
m_9ec1c7697864,яндекс
m_282a7406a822,яндекс
m_9581af8aa443,Коэффициент
m_d6a2245f3964,яндекс
m_71fdff03da68,Законы и налоги
m_298eb48ec295,Коэффициент
m_298eb48ec295,яндекс
m_202eab432b89,яндекс
m_b5b3fec3e6cf,яндекс
m_db412b564813,яндекс
m_f0d5e48ff963,яндекс
m_2b45476487ab,Законы и налоги
m_2b45476487ab,Приложение и сбои
m_2b45476487ab,Яндекс Про
m_a8058ca41ffb,Приложение и сбои
m_a8058ca41ffb,Яндекс Про
m_e8b3ca16c17f,Фастен
m_2a7481175ee8,яндекс
m_4e77af5bf708,Законы и налоги
m_c036096a87aa,Приложение и сбои
m_c036096a87aa,Яндекс Про
m_1db2d88acf0c,яндекс
m_fd06fb177329,Приложение и сбои
m_fd06fb177329,Яндекс Про
m_6165457f3d68,Коэффициент
m_62d42de2c045,Законы и налоги
m_c04558710fdd,Коэффициент
m_c55a1dbc60d6,Коэффициент
m_c55a1dbc60d6,яндекс
m_8efc572c2af6,яндекс
m_181cfc2971c4,яндекс
m_5aca808c1e53,Коэффициент
m_6d71a35a1872,Приложение и сбои
m_6d71a35a1872,Яндекс Про
m_ec4560ce9a23,яндекс
m_65469c0343a1,Законы и налоги
m_d909d241ee80,Законы и налоги
m_289295c62f70,яндекс
m_1168606172df,Законы и налоги
m_17aaf20390c2,яндекс
m_648134950761,Забастовка
m_428de5146774,Коэффициент
m_1b67726a1b0c,Приложение и сбои
m_1b67726a1b0c,Яндекс Про
m_505686903ba3,Законы и налоги
m_4f2b78c3d298,яндекс
m_c6dee386e2b8,Законы и налоги
m_8fd71c5494f1,Законы и налоги
m_e8ba6fb9b385,Коэффициент
m_4dd2fbdddbac,Законы и налоги
m_2ead3ddd58cc,Законы и налоги
m_36c9ed66a8e6,Законы и налоги
m_bd0b70fbe349,яндекс
m_bda46a9c15a1,яндекс
m_d6e27f120803,Коэффициент
m_cc6f39be91e8,яндекс
m_98c243ad6d48,яндекс
m_684ec6e3860f,яндекс
m_c7c8ad7f43d2,яндекс
m_408a06d76ef6,Законы и налоги
m_61cbaaa5cccb,Приложение и сбои
m_61cbaaa5cccb,Яндекс Про
m_b24f70c91902,Коэффициент
m_7789196615cb,Приложение и сбои
m_7789196615cb,Яндекс Про
m_585338b3901b,Приложение и сбои
m_585338b3901b,Яндекс Про
m_710a0352b3de,Коэффициент
m_394bbbbb415e,Приложение и сбои
m_394bbbbb415e,Яндекс Про
m_4d389a58a699,яндекс
m_31676f951754,яндекс
m_152b8e93a8e9,Коэффициент
m_5b9c23879d6f,Законы и налоги
m_5b9c23879d6f,яндекс
m_5b9c23879d6f,Приложение и сбои
m_5b9c23879d6f,Яндекс Про
m_345dcffaa7a3,Коэффициент
m_345dcffaa7a3,яндекс
m_345dcffaa7a3,Приложение и сбои
m_345dcffaa7a3,Яндекс Про
m_d4eae0333e36,Коэффициент
m_07106dd7b63c,Коэффициент
m_00c6451b5c68,Коэффициент
m_00c6451b5c68,Приложение и сбои
m_e0da907bd35a,яндекс
m_d6ddcd272c95,Коэффициент
m_43af7739c447,яндекс
m_8d18dcd2a807,яндекс
m_0e638c2505fe,Коэффициент
m_edefc9ac8f22,яндекс
m_d51b30693847,Законы и налоги
m_8864f0273101,Приложение и сбои
m_3c4281f288a1,Забастовка
m_8443672f1dc9,Коэффициент
m_fe935c16e36c,яндекс
m_fe935c16e36c,Фастен
m_2e9e15acfe49,яндекс
m_1ec237255c1f,Фастен
m_a057b1db71ad,Коэффициент
m_ffe7e175fbb6,яндекс
m_d5c9151c908d,яндекс
m_177591d86ca7,яндекс
m_f2fe4f744bea,Коэффициент
m_9ba3a3f9b9f1,яндекс
m_5e640f91b308,Коэффициент
m_8de88baa6747,яндекс
m_22a1f2009d73,Коэффициент
m_b6f486d7904c,Законы и налоги
m_a037326d12d6,Приложение и сбои
m_a037326d12d6,Яндекс Про
m_6feb1ccdc53d,Законы и налоги
m_468f4e66b96e,яндекс
m_25939864014d,яндекс
m_66b29396731d,Приложение и сбои
m_66b29396731d,Яндекс Про
m_69f199f87633,Приложение и сбои
m_69f199f87633,Яндекс Про
m_277ca058f71d,яндекс
m_7697f9e87949,яндекс
m_b86115510023,яндекс
m_b86115510023,Приложение и сбои
m_b86115510023,Яндекс Про
m_e8e43a517c88,Забастовка
m_e78ba0c864df,яндекс
m_4061536793ae,яндекс
m_4061536793ae,Приложение и сбои
m_4061536793ae,Яндекс Про
m_f44a4432b89a,яндекс
m_4a76cd9cfb52,яндекс
m_2806a7869d51,яндекс
m_8125898b7d37,Коэффициент
m_7049af5cc4c7,Коэффициент
m_7049af5cc4c7,яндекс
m_8efe03d8a3fa,яндекс
m_8efe03d8a3fa,Приложение и сбои
m_8efe03d8a3fa,Яндекс Про
m_69b339e5095a,Законы и налоги
m_b3d3a76eaf67,яндекс
m_0a4d37e31f03,Коэффициент
m_f34a92321fd1,Коэффициент
m_d077839d6cf3,яндекс
m_ad3fb43efa2c,яндекс
m_0b9c26ecf640,Коэффициент
m_72455e438168,яндекс
m_10b2704ac601,Фастен
m_66b64e38f0a1,Законы и налоги
m_dfab0a9be33c,яндекс
m_dfab0a9be33c,Приложение и сбои
m_dfab0a9be33c,Яндекс Про
m_991cc7bae6e5,яндекс
m_c2f1284a4f30,яндекс
m_d7356b2b0ccd,Коэффициент
m_1690ea77cf2c,Коэффициент
m_54871e4b5cb7,Коэффициент
m_36581ebfe5a7,Приложение и сбои
m_36581ebfe5a7,Яндекс Про
m_3c09698ea688,яндекс
m_de9041347357,яндекс
m_e5252b158e94,Приложение и сбои
m_4c96929d8756,Коэффициент
m_2caa124e5999,Коэффициент
m_e595ca7e2fae,Приложение и сбои
m_e595ca7e2fae,Яндекс Про
m_606de85ce774,яндекс
m_0779bb29bc4d,яндекс
m_645d835d75a5,Приложение и сбои
m_645d835d75a5,Яндекс Про
m_1d1411441988,Приложение и сбои
m_1d1411441988,Яндекс Про
m_c8e504603b27,яндекс
m_0b5282e8afe9,Коэффициент
m_e52f0195fb28,яндекс
m_6be827874a12,Коэффициент
m_6be827874a12,яндекс
m_6be827874a12,Приложение и сбои
m_6be827874a12,Яндекс Про
m_35307cdf6aa5,яндекс
m_bb38148f99ab,яндекс
m_bb38148f99ab,Приложение и сбои
m_bb38148f99ab,Яндекс Про
m_c3065a916cec,яндекс
m_642d62669148,Коэффициент
m_642d62669148,яндекс
m_c65f223b6c97,яндекс
m_0ac3c895b157,Приложение и сбои
m_0ac3c895b157,Яндекс Про
m_96f9a93d61c4,Законы и налоги
m_96f9a93d61c4,яндекс
m_e1a21068b69b,Приложение и сбои
m_e1a21068b69b,Яндекс Про
m_7350f0954f9f,Законы и налоги
m_5cdb37fd1389,яндекс
m_599b425e2865,Законы и налоги
m_8801d494c5ef,яндекс
m_8801d494c5ef,Приложение и сбои
m_8801d494c5ef,Яндекс Про
m_30390401814f,Коэффициент
m_0cb7dddd0182,яндекс
m_62505f327a2b,яндекс
m_c1fe382c3bc4,яндекс
m_e03686c4356a,Фастен
m_4a39c9cbd8d1,Коэффициент
m_540ac5d7d933,яндекс
m_e8ab0dd2c41b,яндекс
m_c6181a40b5c4,Приложение и сбои
m_c6181a40b5c4,Яндекс Про
m_0275500a0d0d,Коэффициент
m_567ae01b9ea9,Коэффициент
m_50ae55ef3ee1,Коэффициент
m_3f927d15f926,яндекс
m_dd9d1bcd8002,яндекс
m_dd9d1bcd8002,Забастовка
m_e55352f65a4b,яндекс
m_3c34592ed501,Коэффициент
m_b7e56cb262f6,Законы и налоги
m_b7e56cb262f6,яндекс
m_b7e56cb262f6,Приложение и сбои
m_b7e56cb262f6,Яндекс Про
m_0a4d25165ca7,Коэффициент
m_877d7b76c537,Приложение и сбои
m_877d7b76c537,Яндекс Про
m_fb17a21f9d82,Коэффициент
m_fca0c06badb2,яндекс
m_83751bb2ef0f,яндекс
m_25822bdd1c44,Коэффициент
m_6a5ed9a6479a,яндекс
m_39245897fdfd,Приложение и сбои
m_39245897fdfd,Яндекс Про
m_c59f2875a1e7,Законы и налоги
m_6bba6d8ac18c,Приложение и сбои
m_6bba6d8ac18c,Яндекс Про
m_67e14559b47a,Коэффициент
m_1899f3eec707,яндекс
m_14b49cc14e2f,Законы и налоги
m_bdff742be727,Коэффициент
m_abaf1545159b,Коэффициент
m_abaf1545159b,Законы и налоги
m_c1059d34b4c8,Коэффициент
m_c1059d34b4c8,Приложение и сбои
m_c1059d34b4c8,Яндекс Про
m_bb29281ffaab,Коэффициент
m_534e06b308d3,яндекс
m_c93e0f06b439,яндекс
m_c93e0f06b439,Фастен
m_c8d95feeeb10,Коэффициент
m_c8d95feeeb10,Законы и налоги
m_f9849c024f02,Коэффициент
m_8958e44d81a7,яндекс
m_8958e44d81a7,Приложение и сбои
m_8958e44d81a7,Яндекс Про
m_ce65cd37f265,Законы и налоги
m_3b257f9fa21f,Законы и налоги
m_a8631e6c5ac9,Законы и налоги
m_7bf0448ead62,яндекс
m_e3959c515355,яндекс
m_f702e4646a99,яндекс
m_78dd0d88a252,Законы и налоги
m_30b5c52030f3,Законы и налоги
m_30b5c52030f3,яндекс
m_26fef16debde,яндекс
m_6406aae9c17a,Коэффициент
m_6406aae9c17a,яндекс
m_6406aae9c17a,WB Такси
m_34406952a548,Коэффициент
m_76cf6fabcafa,Коэффициент
m_e820e8a2bc0c,яндекс
m_b38e76a04753,яндекс
m_ecc020f41bbe,Приложение и сбои
m_ecc020f41bbe,Яндекс Про
m_bf0438f8b652,яндекс
m_ee8b5fe2869c,Коэффициент
m_ba4e9b5f0592,яндекс
m_4094c4614d96,Коэффициент
m_18cc098fb9d1,WB Такси
m_6f93af073b5e,яндекс
m_6f93af073b5e,Фастен
m_6f93af073b5e,Приложение и сбои
m_6f93af073b5e,Яндекс Про
m_22e31a780ee2,яндекс
m_0d34531eb35e,Коэффициент
m_1bd3c8c8491a,яндекс
m_1bd3c8c8491a,Приложение и сбои
m_1bd3c8c8491a,Яндекс Про
m_67acb2ec4a78,яндекс
m_c70736deacd3,яндекс
m_a67835e0d076,Законы и налоги
m_a67835e0d076,яндекс
m_7c0bec074d5f,WB Такси
m_3340c22ce80c,Коэффициент
m_6cf6a107b5e8,Коэффициент
m_780a34099a03,Фастен
m_b8fd289c9ca6,Приложение и сбои
m_b8fd289c9ca6,Яндекс Про
m_08ab8cb51c01,Фастен
m_c4e5bad2ed11,яндекс
m_e6535afe512b,Приложение и сбои
m_e9f427146fd2,Коэффициент
m_84fab4e00087,Коэффициент
m_369d7d64a668,яндекс
m_9ed34794da98,яндекс
m_b540d2b4ab1f,Коэффициент
m_7ad4822df8c7,яндекс
m_c63af0e9dee7,Коэффициент
m_faafa785fffd,Коэффициент
m_9602c352ce43,Коэффициент
m_d45167eea064,яндекс
m_9b655493f9fc,яндекс
m_e6b3a78f8cf0,Фастен
m_1027c8094e95,яндекс
m_b343549ca917,яндекс
m_d4e8e9228076,Законы и налоги
m_e21692b79a33,Фастен
m_33396ed88b02,Коэффициент
m_6a6dca654882,Фастен
m_ffeb1bd4332b,яндекс
m_3a27d64b4f42,Приложение и сбои
m_3a27d64b4f42,Яндекс Про
m_5908bb4eea29,яндекс
m_b8d8df419962,яндекс
m_b62584c9c5cb,Фастен
m_5a2d6f378a1b,Законы и налоги
m_fc0aa6491213,яндекс
m_2a51834ecc78,яндекс
m_a95425292e3e,Приложение и сбои
m_a95425292e3e,Яндекс Про
m_84f0d7cce98a,яндекс
m_da5146102c8d,яндекс
m_66a3f2c94c66,Коэффициент
m_3024e9f1a7a3,Коэффициент
m_3c5b530d5e69,яндекс
m_1452f929d5f8,яндекс
m_20ee04ea3b71,Коэффициент
m_6689b7b6098a,яндекс
m_20458f8bcdac,яндекс
m_c10e87cb409a,Коэффициент
m_578a132051dc,яндекс
m_5bb3d284efc2,яндекс
m_dbbec497f0fe,Коэффициент
m_7ae8c66c2ec6,яндекс
m_9e9a2377871d,Коэффициент
m_84da140980bb,Коэффициент
m_13d4f1b8cc07,Фастен
m_a3dc6f769a51,Фастен
m_ce6ee8e07b14,Приложение и сбои
m_ce6ee8e07b14,Яндекс Про
m_189ec3e698ed,яндекс
m_870f256d5611,яндекс
m_2db151f7a3a7,яндекс
m_7742675b316c,яндекс
m_9e61195d1246,яндекс
m_b279dbf8cd18,яндекс
m_b279dbf8cd18,Приложение и сбои
m_b279dbf8cd18,Яндекс Про
m_8b212ce1f376,яндекс
m_8b212ce1f376,Приложение и сбои
m_8b212ce1f376,Яндекс Про
m_dde9030ac9f8,яндекс
m_dde9030ac9f8,Фастен
m_a75667de61e2,яндекс
m_f64a0d54415e,Коэффициент
m_cd2815c75c05,Коэффициент
m_57cb25e5ac73,яндекс
m_82c80cc52241,Приложение и сбои
m_82c80cc52241,Яндекс Про
m_f072f9e0301d,яндекс
m_1a929581ce4a,яндекс
m_acaa19534969,Коэффициент
m_91f137835249,Коэффициент
m_7b6aac6dce88,яндекс
m_7b6aac6dce88,Приложение и сбои
m_7b6aac6dce88,Яндекс Про
m_e852f93650be,Коэффициент
m_919b61d774d1,Коэффициент
m_cbd5368bc4eb,яндекс
m_8fd365f030c2,Приложение и сбои
m_8fd365f030c2,Яндекс Про
m_d6f17c0043f4,яндекс
m_a8f14a7f2d2d,яндекс
m_cb5a48c1bc14,Законы и налоги
m_68354ee16b19,Коэффициент
m_a4751cabcab3,яндекс
m_9bd428ee9e44,Коэффициент
m_06a767dca2d6,Коэффициент
m_6f47cfa47b41,яндекс
m_be0db6419451,Приложение и сбои
m_be0db6419451,Яндекс Про
m_d1a64e63d88f,Коэффициент
m_699b0f359c8b,Законы и налоги
m_699b0f359c8b,яндекс
m_02b755376ad4,яндекс
m_d6dc10fe695d,Законы и налоги
m_d6dc10fe695d,яндекс
m_157b82334a81,Законы и налоги
m_157b82334a81,яндекс
m_bc88a1c06fbc,яндекс
m_bc88a1c06fbc,WB Такси
m_6b97803fda8e,яндекс
m_68d76398f4e3,Приложение и сбои
m_68d76398f4e3,Яндекс Про
m_bc3a93e80f54,Фастен
m_5daf4c2fe71c,яндекс
m_bd0bf27caa7c,яндекс
m_7645bae45ac9,яндекс
m_c2ab1e6ba201,Коэффициент
m_95886ff40afe,яндекс
m_25e993877482,Коэффициент
m_25e993877482,Законы и налоги
m_e217fd2a9029,Законы и налоги
m_e2b1d50cd781,яндекс
m_b4f61c608371,яндекс
m_f18934fc0cb5,яндекс
m_1eab6a3ccfee,Приложение и сбои
m_1eab6a3ccfee,Яндекс Про
m_b7e52182acb6,Законы и налоги
m_3c0103a77ea1,яндекс
m_f59136277aa3,Законы и налоги
m_f59136277aa3,яндекс
m_07119d202a35,яндекс
m_19f1ab92240d,Коэффициент
m_19f1ab92240d,Законы и налоги
m_19f1ab92240d,яндекс
m_19f1ab92240d,Фастен
m_19f1ab92240d,Забастовка
m_9387fdea794f,яндекс
m_9387fdea794f,Фастен
m_a260e772e0c1,Фастен
m_5ad44335e38c,яндекс
m_715c71325ad5,Фастен
m_4a806f61328e,яндекс
m_3f456c849a1d,Фастен
m_320e82de3c10,яндекс
m_320e82de3c10,Приложение и сбои
m_320e82de3c10,Яндекс Про
m_9b9f51f04883,Фастен
m_6fb49b661df1,яндекс
m_e782203477d8,Фастен
m_46fe22ee3e54,яндекс
m_428e96b4c0b0,яндекс
m_c3ff3df8ad7a,яндекс
m_c3ff3df8ad7a,Фастен
m_80e45d6b4901,Законы и налоги
m_206965587e77,яндекс
m_984128b2d077,яндекс
m_d34c91dbafc2,яндекс
m_abaeda7f4a48,яндекс
m_1fdc82ecc7e7,яндекс
m_f96722b0a437,яндекс
m_f96722b0a437,Фастен
m_f91be4b31082,Коэффициент
m_f91be4b31082,яндекс
m_5e35498099de,яндекс
m_66670c5f9cc1,яндекс
m_da6fe6661e22,яндекс
m_4de17004bf67,яндекс
m_7bbc9707e377,Приложение и сбои
m_7bbc9707e377,Яндекс Про
m_2134bbe0c606,Коэффициент
m_b1e161247fcb,Коэффициент
m_1b7b15c5f42e,яндекс
m_eee81558d31f,яндекс
m_a7de21ff9366,яндекс
m_a7de21ff9366,WB Такси
m_7cd71e2f6829,WB Такси
m_ad89b62f9a3c,Коэффициент
m_71e76917a5b0,яндекс
m_a0d897b1b0b9,яндекс
m_c3c4e730a52d,яндекс
m_c680cc831d06,яндекс
m_13a6f6a680f2,Забастовка
m_c8be39fdcae3,яндекс
m_c8e4a256a9a7,яндекс
m_022f2ebd9dea,яндекс
m_ad5c061ce891,Коэффициент
m_ad5c061ce891,яндекс
m_ad5c061ce891,Приложение и сбои
m_ad5c061ce891,Яндекс Про
m_36c384fb4c94,яндекс
m_af013d28f69f,яндекс
m_c5d067fae7d5,яндекс
m_1fda6d5616d3,Коэффициент
m_f8bab125feec,яндекс
m_ce40d65c230e,Приложение и сбои
m_7fbd979c021d,яндекс
m_0334da79b910,Коэффициент
m_ce5cf59504e1,яндекс
m_9cbdc0e316f3,яндекс
m_408d1ce47d23,Коэффициент
m_408d1ce47d23,яндекс
m_408d1ce47d23,Фастен
m_408d1ce47d23,Приложение и сбои
m_408d1ce47d23,Яндекс Про
m_3f562083c456,яндекс
m_aa435fbb46b9,яндекс
m_4420907138ae,яндекс
m_4420907138ae,Приложение и сбои
m_4420907138ae,Яндекс Про
m_b99e18c90cd2,Законы и налоги
m_100617def850,Коэффициент
m_4c5ee5d5cc8b,Коэффициент
m_f908a75f66e4,яндекс
m_db6868a1c466,яндекс
m_fef80b20d10b,Коэффициент
m_3632c3795dd1,Приложение и сбои
m_3632c3795dd1,Яндекс Про
m_35549934d5d7,Фастен
m_6cf06b79966f,яндекс
m_45614d4853ff,Приложение и сбои
m_45614d4853ff,Яндекс Про
m_25a601826cb6,яндекс
m_f234b9ba20c7,яндекс
m_5e9b90afe47a,Коэффициент
m_2e348492e858,Фастен
m_be34ab08939f,Коэффициент
m_0a21bd7c08f6,Коэффициент
m_2d8152095383,Коэффициент
m_2d8152095383,яндекс
m_2d8152095383,WB Такси
m_e8f7f15fcf26,яндекс
m_e8f7f15fcf26,WB Такси
m_e1a77b6719ff,Коэффициент
m_b8896b183311,яндекс
m_ac63a5c48764,яндекс
m_7737423c9c52,Фастен
m_824da4703e33,яндекс
m_824da4703e33,Приложение и сбои
m_824da4703e33,Яндекс Про
m_cd4c0c84ab65,Приложение и сбои
m_f2db02c4c59c,Фастен
m_883b8af43e3d,Фастен
m_8c34d0b28bf2,Коэффициент
m_3b8eb1e901ca,Законы и налоги
m_164ed7dcc9a1,Коэффициент
m_38467b06d401,Коэффициент
m_cc6886552ea2,Коэффициент
m_8c8f52e40e73,яндекс
m_742ee517bd3b,яндекс
m_163a3db3bed9,Коэффициент
m_055f1dfec3fd,яндекс
m_5619ca53e953,Коэффициент
m_51810c961a6a,яндекс
m_923086d40eb9,Фастен
m_32bb8cac1679,Коэффициент
m_db7b7964d7a3,яндекс
m_60bfe3a68ff9,Законы и налоги
m_616639a37bd3,яндекс
m_226b6cca5843,Забастовка
m_cecba147751a,яндекс
m_0827f50459dd,Коэффициент
m_fc8d8be7eec8,Коэффициент
m_fc8d8be7eec8,яндекс
m_8ec776d51141,Законы и налоги
m_8ec776d51141,яндекс
m_f1867ecf2870,яндекс
m_f1867ecf2870,WB Такси
m_af39e7f260c0,Коэффициент
m_b49f753627ee,Коэффициент
m_043abb943010,Коэффициент
m_a04af0b4faaf,яндекс
m_6f8798e68614,Коэффициент
m_6f8798e68614,Приложение и сбои
m_6f8798e68614,Яндекс Про
m_469f9ba226d0,Законы и налоги
m_a5c44cd287d0,Законы и налоги
m_6a6f4b968270,Законы и налоги
m_ae14042ebed8,яндекс
m_e05a6f1076a3,яндекс
m_149566c2daeb,Законы и налоги
m_bccb1171862f,яндекс
m_47beb864bec1,WB Такси
m_5ea5979783a7,Законы и налоги
m_ecd304755a35,яндекс
m_ecd304755a35,Приложение и сбои
m_ecd304755a35,Яндекс Про
m_6318820fcff3,Коэффициент
m_6318820fcff3,Фастен
m_e6332f70ef9b,яндекс
m_ff7ce1139544,яндекс
m_469d1cef6151,яндекс
m_3b72970664e6,Коэффициент
m_eaa79ca90563,Коэффициент
m_e40e75215b70,Приложение и сбои
m_e40e75215b70,Яндекс Про
m_831e5e2a45d2,Коэффициент
m_6904d2e8dfc8,яндекс
m_3d00210e9eaa,Законы и налоги
m_061ee4a6e861,яндекс
m_6c86da8cbb12,Законы и налоги
m_059642739fbe,яндекс
m_5f12a068b761,Коэффициент
m_5f12a068b761,яндекс
m_5f12a068b761,Приложение и сбои
m_5f12a068b761,Яндекс Про
m_c2837159ab92,Коэффициент
m_c2837159ab92,яндекс
m_c2837159ab92,Приложение и сбои
m_c2837159ab92,Яндекс Про
m_633e669abd0f,Коэффициент
m_ad29083eb199,Коэффициент
m_40a778a20e49,Законы и налоги
m_9f1d1ff49e9b,яндекс
m_46af24d2a135,яндекс
m_38cb3629ced3,Коэффициент
m_0dc7de2b9a4a,яндекс
m_49b0ecada954,Законы и налоги
m_6f60fb5d2808,яндекс
m_76a01f521ef9,яндекс
m_56bb88159121,Коэффициент
m_f80f0e0731da,Коэффициент
m_6047274dcdc3,Фастен
m_732c9f8c8555,Коэффициент
m_e2adaf5d9522,Коэффициент
m_a2e29f4cd085,Коэффициент
m_0943137407a0,Фастен
m_8914eebfa44f,Коэффициент
m_a0424a1e4999,Коэффициент
m_120fc2790bca,Коэффициент
m_adf372443122,яндекс
m_adf372443122,Приложение и сбои
m_adf372443122,Яндекс Про
m_5ce980fa85d5,Коэффициент
m_770b89ae62cb,Коэффициент
m_770b89ae62cb,яндекс
m_2eafa443ee8c,Коэффициент
m_2eafa443ee8c,яндекс
m_39dc7f82670c,Законы и налоги
m_5bad93cc6226,Коэффициент
m_6519137b512f,яндекс
m_6519137b512f,Фастен
m_26d242efe416,Приложение и сбои
m_26d242efe416,Яндекс Про
m_1e7fc4dadc1f,яндекс
m_1f91732c0e9c,яндекс
m_199a03d9c936,Коэффициент
m_199a03d9c936,яндекс
m_0c89cdb53301,Коэффициент
m_4733dc4019c1,Коэффициент
m_8084784578a9,яндекс
m_8084784578a9,Приложение и сбои
m_8084784578a9,Яндекс Про
m_357dcf119f61,Коэффициент
m_2c9f12ceba86,яндекс
m_b2028421343e,Законы и налоги
m_b2028421343e,яндекс
m_b2028421343e,Приложение и сбои
m_b2028421343e,Яндекс Про
m_0a359a90ce77,Коэффициент
m_3df6b7d76778,яндекс
m_3df6b7d76778,Приложение и сбои
m_3df6b7d76778,Яндекс Про
m_92d287f41352,яндекс
m_185f3e9f94aa,Коэффициент
m_02148c7825e9,Коэффициент
m_0da2e43431f2,яндекс
m_906f9766ec7b,яндекс
m_e935517e953a,яндекс
m_5cb8e9b00ac0,яндекс
m_2cd4de6f9f35,Коэффициент
m_09d68bad23fe,яндекс
m_13f5d49b25d8,Коэффициент
m_13f5d49b25d8,яндекс
m_6558404f1800,яндекс
m_2d4d17d05681,Коэффициент
m_30eddabe52d0,Коэффициент
m_a946959c5472,Коэффициент
m_32bcba0c8da7,Фастен
m_4ae5e6f68e2b,Приложение и сбои
m_4ae5e6f68e2b,Яндекс Про
m_6c73f409621f,Законы и налоги
m_e74c29e5364c,Законы и налоги
m_e74c29e5364c,яндекс
m_7c298d5e676b,яндекс
m_7c298d5e676b,WB Такси
m_14e8b6fa6fb9,Коэффициент
m_b2999087db60,Коэффициент
m_502b07338bd1,Законы и налоги
m_55c964638f74,Коэффициент
m_55c964638f74,Приложение и сбои
m_c49464151f41,яндекс
m_198c0f375abd,Коэффициент
m_72b50d7570b9,яндекс
m_4a28def4215d,Законы и налоги
m_7c1d40059781,яндекс
m_b56458112140,яндекс
m_e1712b881f06,яндекс
m_08dc754e0a75,Законы и налоги
m_784391a25697,Законы и налоги
m_c4de457f6779,Коэффициент
m_eed00fdb6419,Коэффициент
m_a758a648a94e,Коэффициент
m_a758a648a94e,яндекс
m_a758a648a94e,WB Такси
m_4b88602c54bc,Законы и налоги
m_e9c3d6d7f4aa,яндекс
m_ca6d33d690f1,Коэффициент
m_52daf481bcbb,яндекс
m_60cd975b266a,яндекс
m_a6be471fc3db,яндекс
m_8a6324d00962,Коэффициент
m_ad272b441ed1,Коэффициент
m_761b45f9b87c,Законы и налоги
m_a0b4f06d8a02,яндекс
m_d0f2261ca5a4,яндекс
m_f4a376cfb5e9,Законы и налоги
m_2db2e7179359,Приложение и сбои
m_2db2e7179359,Яндекс Про
m_0b00496a619a,Законы и налоги
m_3f53e9090379,яндекс
m_d98431a1b4d9,яндекс
m_1e7d8ba7358c,яндекс
m_5e22aad5c83a,Коэффициент
m_95bd04dc0f3d,Коэффициент
m_a31523c045b6,яндекс
m_d047429c8fa4,Коэффициент
m_d047429c8fa4,яндекс
m_d047429c8fa4,WB Такси
m_d5eebd752b0a,яндекс
m_1adc49467d83,Законы и налоги
m_d45577fdf552,яндекс
m_9ae06164fd39,яндекс
m_f6467f647083,яндекс
m_9c02e2bc63b2,Законы и налоги
m_496a5637165c,яндекс
m_d64ce418d8da,Законы и налоги
m_c66d96f188cc,яндекс
m_5ed8c1c0a8e5,Законы и налоги
m_5ed8c1c0a8e5,яндекс
m_6a2690340d7c,Коэффициент
m_98bce5ac6956,Законы и налоги
m_98bce5ac6956,Забастовка
m_342542e2192d,Законы и налоги
m_d1335086f696,Коэффициент
m_d1335086f696,яндекс
m_d1335086f696,WB Такси
m_c1dbd545f5ac,Коэффициент
m_e55a94125f3c,яндекс
m_d44e857bdc8d,яндекс
m_bb8b6ee6fce8,Коэффициент
m_bb8b6ee6fce8,яндекс
m_bb8b6ee6fce8,WB Такси
m_d009326153a0,яндекс
m_49ca672c7028,Законы и налоги
m_127bda092b84,Законы и налоги
m_b1259df0ea2c,яндекс
m_5ee9db2bcdd0,Коэффициент
m_5ee9db2bcdd0,яндекс
m_5ee9db2bcdd0,WB Такси
m_e16b5ead85dd,Коэффициент
m_965869945ae7,Коэффициент
m_965869945ae7,яндекс
m_965869945ae7,WB Такси
m_19666e404dbf,Коэффициент
m_b247eebf75d1,яндекс
m_aaa9ae3d66d5,Коэффициент
m_aaa9ae3d66d5,WB Такси
m_56373fe6ad26,Коэффициент
m_6d742171e867,Коэффициент
m_6b086837623c,яндекс
m_0dc9ef708478,Коэффициент
m_0dc9ef708478,яндекс
m_0dc9ef708478,WB Такси
m_98bbcb95f253,Коэффициент
m_d461161c9387,яндекс
m_d461161c9387,WB Такси
m_f0c091dc2fe8,яндекс
m_aef2731ed4c3,яндекс
m_3772440c3d1c,Коэффициент
m_3772440c3d1c,WB Такси
m_cb404d0c2432,Коэффициент
m_cb404d0c2432,яндекс
m_cb404d0c2432,WB Такси
m_c10c50d0cb9b,WB Такси
m_afd2c78c6394,яндекс
m_add8125e693e,яндекс
m_add8125e693e,Приложение и сбои
m_add8125e693e,Яндекс Про
m_fc3e05b1af9c,яндекс
m_8dac57afdbb2,WB Такси
m_7632452f8819,Коэффициент
m_f5e71892f4d9,яндекс
m_8a3a08df966b,яндекс
m_8a3a08df966b,Приложение и сбои
m_8a3a08df966b,Яндекс Про
m_2f1d9642538f,WB Такси
m_5b5133f81a73,Коэффициент
m_e91f0362b82a,яндекс
m_dc8ee614d1ec,яндекс
m_5f7b325eb105,яндекс
m_df63df2caa10,Коэффициент
m_a9d684bcd783,Коэффициент
m_ca26b3ff6186,Коэффициент
m_6188c7a26581,Коэффициент
m_b1b9c37fb107,яндекс
m_b0f0694c442c,Коэффициент
m_60a2fbcb9f54,Коэффициент
m_60a2fbcb9f54,яндекс
m_60a2fbcb9f54,WB Такси
m_9c59f6c1a418,Коэффициент
m_d3009bf19d67,Приложение и сбои
m_d3009bf19d67,Яндекс Про
m_8a1e57cb70e3,Коэффициент
m_80272de26ef8,яндекс
m_7b1c431792de,Коэффициент
m_b66063b9b83f,яндекс
m_b6b6eaedb0d4,яндекс
m_a972331049f9,яндекс
m_21bd3d7d38eb,яндекс
m_392ed15211d7,яндекс
m_ec83afd9d329,яндекс
m_831730d52b28,яндекс
m_a5576b4f3861,яндекс
m_702106f748b1,яндекс
m_a0c9b8c445d5,Коэффициент
m_0de36468ced0,яндекс
m_e889130a0a73,Коэффициент
m_b04ae214e2b9,Коэффициент
m_4500b25764fc,яндекс
m_d1997e38ad25,яндекс
m_09368da6e11f,Коэффициент
m_06071debdf6b,Законы и налоги
m_7980e2127097,яндекс
m_e1f41ad53dd0,Коэффициент
m_55e6a764d663,Приложение и сбои
m_754e45c7bdbd,Коэффициент
m_754e45c7bdbd,яндекс
m_754e45c7bdbd,WB Такси
m_48ea9be6dbeb,яндекс
m_1d3880d4efa3,яндекс
m_0e23288a8181,яндекс
m_ff035a3da731,яндекс
m_ff035a3da731,WB Такси
m_ebc5e1b6632d,WB Такси
m_af0be0f06489,Коэффициент
m_af0be0f06489,яндекс
m_af0be0f06489,WB Такси
m_6d5c40b11e1c,яндекс
m_85307f2f3715,Коэффициент
m_d4e0b4f4a082,Законы и налоги
m_d4e0b4f4a082,яндекс
m_888eff8800b4,WB Такси
m_1646fa1609c2,Коэффициент
m_dcf54b091b09,Фастен
m_62cc6cf912a2,Фастен
m_e68c03292f5a,Коэффициент
m_e68c03292f5a,яндекс
m_f09d41102431,Коэффициент
m_f09d41102431,яндекс
m_f09d41102431,WB Такси
m_1ad830d90ec4,Законы и налоги
m_b31e3ecbd6dc,яндекс
m_4e8df4a5509a,яндекс
m_2b24e6bda8ef,Законы и налоги
m_0a0b89a8c0de,Приложение и сбои
m_0a0b89a8c0de,Яндекс Про
m_825a2b68c590,Коэффициент
m_825a2b68c590,Законы и налоги
m_900a218fef8e,Коэффициент
m_900a218fef8e,яндекс
m_dbfcfbea198a,Приложение и сбои
m_dbfcfbea198a,Яндекс Про
m_bcc37456305b,Фастен
m_27343092821f,яндекс
m_27343092821f,Приложение и сбои
m_27343092821f,Яндекс Про
m_817e8196f8df,Коэффициент
m_426fcaf1655e,яндекс
m_711b2fd902de,яндекс
m_b40f6b828b30,Коэффициент
m_94e0336a218c,Законы и налоги
m_251802b94bfc,Законы и налоги
m_b296bef22ee2,яндекс
m_a66411802f73,Приложение и сбои
m_f346724ae892,Законы и налоги
m_e75b4b56b9b4,Приложение и сбои
m_e75b4b56b9b4,Яндекс Про
m_18a34227ab84,Коэффициент
m_18a34227ab84,Фастен
m_eab4ce79adb7,Коэффициент
m_8107b7849aa0,Коэффициент
m_458f8e138b54,Законы и налоги
m_c998856f5609,Законы и налоги
m_2d0b7cc4eaf6,Коэффициент
m_2d0b7cc4eaf6,яндекс
m_50255742e5c9,WB Такси
m_f3d3618c4665,Законы и налоги
m_bfd5bef5154b,Приложение и сбои
m_bfd5bef5154b,Яндекс Про
m_25ffb7ba8a0f,яндекс
m_c08b0fc4c297,Коэффициент
m_57da314a74d8,Приложение и сбои
m_e124563e9423,Фастен
m_29623e882ba1,Фастен
m_6a36c4fce7c5,яндекс
m_a98f1fc1135f,Коэффициент
m_d97a5b02855b,яндекс
m_65b71e4e6a6b,яндекс
m_777b5aa6806e,яндекс
m_2bb50f986177,Коэффициент
m_1384aba99190,яндекс
m_1384aba99190,WB Такси
m_08fa2679a5b2,яндекс
m_2c0dd93ac559,яндекс
m_c8f9ac8dac0b,яндекс
m_bfa67793200c,яндекс
m_45b03dee5637,Приложение и сбои
m_d9bb3cfd2814,яндекс
m_0883ac1e07f1,Коэффициент
m_5834fe6faf0e,яндекс
m_63dd56c1838b,яндекс
m_0c9b9b36b143,яндекс
m_d2c76ce79b5c,Коэффициент
m_6efaa1c298a2,Коэффициент
m_6efaa1c298a2,яндекс
m_403d6cf43133,Коэффициент
m_4713ebdbbe2d,Коэффициент
m_4713ebdbbe2d,яндекс
m_e2ea6fec0128,яндекс
m_161b9442cba2,яндекс
m_63796f74789e,яндекс
m_921e43669ecf,яндекс
m_921e43669ecf,Фастен
m_921e43669ecf,Приложение и сбои
m_921e43669ecf,Яндекс Про
m_8a69338f0aa3,Коэффициент
m_8a69338f0aa3,яндекс
m_8a69338f0aa3,WB Такси
m_18f3b166c669,Коэффициент
m_18f3b166c669,яндекс
m_ab6911f77c6d,яндекс
m_bcf4df5ad9c3,яндекс
m_9ec4644e4533,Коэффициент
m_37abb8cda47f,Коэффициент
m_775fcacf6997,яндекс
m_4a98b56708b1,яндекс
m_84f166b5af3f,яндекс
m_f038088b789d,яндекс
m_4ae64808822a,яндекс
m_f35bc9286ee2,яндекс
m_d98839be9a19,Забастовка
m_d35d3f4c4856,Коэффициент
m_3aaedc0ca72e,яндекс
m_1415e3d93955,яндекс
m_7a448f8c4af8,яндекс
m_84c7b43f6c6b,яндекс
m_84c7b43f6c6b,Фастен
m_357539eb6158,яндекс
m_2823c3dda46c,Коэффициент
m_fe35ccad75da,Коэффициент
m_1064db0b8c61,яндекс
m_1064db0b8c61,WB Такси
m_018adb93179b,Законы и налоги
m_94e5e880ded5,Законы и налоги
m_382b5104050a,яндекс
m_429a9a9091e7,WB Такси
m_3770a58bfe0c,яндекс
m_a27271e1154d,яндекс
m_99d69f5d3fbb,Фастен
m_a10653eee12f,яндекс
m_1ad4665ba16e,Коэффициент
m_ce9d01641fd5,Фастен
m_4c509e70083b,яндекс
m_84a6f51f50bf,яндекс
m_9970ddbde12f,Фастен
m_ea9867f96938,яндекс
m_a8e360627b6f,яндекс
m_a8e360627b6f,Фастен
m_d2c4495b5327,WB Такси
m_db29fca938e0,яндекс
m_e3ccae77cab3,Коэффициент
m_b3bb04be9f9a,Коэффициент
m_0390ee117212,яндекс
m_3129e4125832,Коэффициент
m_275f98fa25eb,Коэффициент
m_183c68827ab1,яндекс
m_9963cb468f25,Коэффициент
m_9963cb468f25,яндекс
m_81b9b7cc82ae,Коэффициент
m_dc5bce37c82f,Коэффициент
m_dc5bce37c82f,яндекс
m_dc5bce37c82f,WB Такси
m_cefa04345718,Коэффициент
m_95105abcdf39,Забастовка
m_cd5e0d3aab4b,Забастовка
m_5603542fff66,яндекс
m_008457789998,яндекс
m_c45e57663fd0,яндекс
m_696909a2a97c,яндекс
m_941ca6b95a93,Коэффициент
m_33c86eaf1221,яндекс
m_cd604c77fef0,Коэффициент
m_6fb94badfef3,яндекс
m_10c275cf508b,яндекс
m_a096e4c0a80b,Приложение и сбои
m_a096e4c0a80b,Яндекс Про
m_255c9ecd7268,яндекс
m_440a6d0aa8fb,Коэффициент
m_43cae075516c,яндекс
m_f06ad8bbea4e,яндекс
m_78ae37e9af09,Коэффициент
m_19d6aad33df9,Коэффициент
m_a54773dcee01,яндекс
m_b363cd1646ef,яндекс
m_badba27d4d2a,Коэффициент
m_aef6576a1ea1,Приложение и сбои
m_a8276381d559,Коэффициент
m_5eec622cde92,Приложение и сбои
m_5eec622cde92,Яндекс Про
m_a4c4bdb8c86a,Коэффициент
m_a4c4bdb8c86a,яндекс
m_d49692867ac6,яндекс
m_d5ead3060a72,яндекс
m_33f5f9a73b6f,Коэффициент
m_b2c7e0953591,Приложение и сбои
m_b2c7e0953591,Яндекс Про
m_2f0ab6d3015d,Коэффициент
m_8ffe5466a208,Приложение и сбои
m_8ffe5466a208,Яндекс Про
m_8f71768a68eb,Коэффициент
m_8f71768a68eb,яндекс
m_8f71768a68eb,WB Такси
m_08407b59c3ba,Коэффициент
m_08407b59c3ba,яндекс
m_08407b59c3ba,WB Такси
m_26f43c820551,WB Такси
m_1acbe5e7fc32,яндекс
m_0d8d416e92f3,Коэффициент
m_aa1d37519afe,яндекс
m_0b453227a41b,Коэффициент
m_1044409f2464,яндекс
m_e52b89b19c68,Фастен
m_11d5e38d98bf,Коэффициент
m_7552f8590576,Законы и налоги
m_f2687a63961a,яндекс
m_8c92f73a1084,яндекс
m_47bb91a2c45c,Коэффициент
m_b023c1529da2,яндекс
m_494fefb95282,WB Такси
m_8927c1780d89,яндекс
m_faa05e704cda,яндекс
m_8c2ebd8e449d,Законы и налоги
m_8737c27e768a,яндекс
m_8a23e995cc8a,WB Такси
m_4c254e6ce6b0,Коэффициент
m_4c254e6ce6b0,яндекс
m_4c254e6ce6b0,WB Такси
m_870dfd7a26cd,яндекс
m_a2c3330ace81,Коэффициент
m_72c8579d4401,Коэффициент
m_3157f879a4e0,яндекс
m_faf2e0879266,яндекс
m_59f43c6c1010,Приложение и сбои
m_59f43c6c1010,Яндекс Про
m_288b4e5e627b,яндекс
m_fd95e542cdf4,яндекс
m_f3e067cb6e6b,яндекс
m_99b364d0fcf9,яндекс
m_99b364d0fcf9,Приложение и сбои
m_99b364d0fcf9,Яндекс Про
m_74e24beb8be1,яндекс
m_73cd3043b00d,яндекс
m_c96cf7bd7d63,Коэффициент
m_629f3c69ac0c,Коэффициент
m_7b38bc53e65f,яндекс
m_bae0875ee20a,яндекс
m_8ff50cecd0c3,яндекс
m_10fa3c2fab88,Приложение и сбои
m_10fa3c2fab88,Яндекс Про
m_c980e3f7342d,яндекс
m_c980e3f7342d,Приложение и сбои
m_c980e3f7342d,Яндекс Про
m_beff021835be,яндекс
m_6f12f3133f55,Приложение и сбои
m_6f12f3133f55,Яндекс Про
m_308602737d54,Коэффициент
m_308602737d54,яндекс
m_8aaf11738066,яндекс
m_8aaf11738066,Приложение и сбои
m_8aaf11738066,Яндекс Про
m_29444be23c19,Приложение и сбои
m_29444be23c19,Яндекс Про
m_20ff1edf276b,Коэффициент
m_294efa15c7c1,Приложение и сбои
m_294efa15c7c1,Яндекс Про
m_114730ff84a5,Приложение и сбои
m_e3e313eff430,яндекс
m_0dbae90a17e9,яндекс
m_d5802eb2a837,яндекс
m_76f98d08821d,яндекс
m_586d85931929,Коэффициент
m_e2def2e1b24a,Приложение и сбои
m_e2def2e1b24a,Яндекс Про
m_49ea09e0a70e,Коэффициент
m_cf4f8cfd42c8,Приложение и сбои
m_cf4f8cfd42c8,Яндекс Про
m_b5ad74b474c9,яндекс
m_e4e62c468b61,Коэффициент
m_24d04bb85733,Приложение и сбои
m_24d04bb85733,Яндекс Про
m_a0b64e6af5d8,Приложение и сбои
m_a0b64e6af5d8,Яндекс Про
m_c4f6276e92ad,Коэффициент
m_c4f6276e92ad,Приложение и сбои
m_05606af3842e,Коэффициент
m_05606af3842e,яндекс
m_05606af3842e,Приложение и сбои
m_05606af3842e,Яндекс Про
m_f8982bcb725e,Коэффициент
m_4c941cce5552,Коэффициент
m_dbe03b411223,Приложение и сбои
m_dbe03b411223,Яндекс Про
m_b6092df5eac2,яндекс
m_d11034ab6706,яндекс
m_1507baf3a0a7,WB Такси
m_36f4a79627cb,яндекс
m_809d6403363f,Коэффициент
m_d78021d35af8,Коэффициент
m_e23860353360,яндекс
m_242d491a3bca,Приложение и сбои
m_242d491a3bca,Яндекс Про
m_fe5810c700f9,яндекс
m_0fcccc027b9d,яндекс
m_a97e5edf6a25,Коэффициент
m_986ef4692e29,WB Такси
m_a36ac3fc0f74,Коэффициент
m_a36ac3fc0f74,яндекс
m_64101d61e8cd,Коэффициент
m_0cd110235a06,яндекс
m_92788f47019a,яндекс
m_136c71c55c2a,яндекс
m_8d06a7084c0e,яндекс
m_4dc9a1ad95f0,Коэффициент
m_3d15f51fd6ac,яндекс
m_b35c080ba0a7,яндекс
m_b35c080ba0a7,WB Такси
m_601accfce4e5,Фастен
m_66ae54051220,Коэффициент
m_834ad4dec1ad,Законы и налоги
m_bb4908a064d9,Коэффициент
m_b0f0fa9890ce,Фастен
m_e86650b08509,Приложение и сбои
m_92b84d4fb343,яндекс
m_30204de7542d,Законы и налоги
m_f7354b5aed19,яндекс
m_25b7d0a1586c,Коэффициент
m_39a842b3a0d8,Коэффициент
m_cf33895be516,Коэффициент
m_288957e5a80b,Коэффициент
m_288957e5a80b,яндекс
m_288957e5a80b,WB Такси
m_13137a3f9a1a,Коэффициент
m_533af4ba6abc,яндекс
m_a4f83baa4632,яндекс
m_cee304893c87,Фастен
m_1e7a00c3d7ee,яндекс
m_afce131cf200,Законы и налоги
m_0e0d0daee4a9,Коэффициент
m_dfecbf9d1c6f,Приложение и сбои
m_dfecbf9d1c6f,Яндекс Про
m_eca227590ff7,WB Такси
m_99d09877999d,Приложение и сбои
m_99d09877999d,Яндекс Про
m_3f17df2bdfdf,Приложение и сбои
m_3f17df2bdfdf,Яндекс Про
m_f12576cdfc20,Приложение и сбои
m_f12576cdfc20,Яндекс Про
m_cc3b32ad5b45,Фастен
m_e0914b966229,Коэффициент
m_ccddde7d758b,Коэффициент
m_d847dccb7417,Коэффициент
m_32457df787ca,Фастен
m_bd59634a296a,яндекс
m_0070661fa657,яндекс
m_efae019daeb7,яндекс
m_953bfffc70df,яндекс
m_f3d3cea997bd,яндекс
m_38be51a3dc02,Приложение и сбои
m_38be51a3dc02,Яндекс Про
m_22c639a33498,яндекс
m_edc3b7213135,Коэффициент
m_972e33eb439f,яндекс
m_d5d743cf3ba4,Коэффициент
m_76790d7ca9e3,Коэффициент
m_b4c0a2a0af23,Коэффициент
m_f6e1bc45da51,Коэффициент
m_925c92573f1c,Коэффициент
m_4cc2bf21e3fc,яндекс
m_63d2ebce5051,Коэффициент
m_43d4ec1821b2,Приложение и сбои
m_43d4ec1821b2,Яндекс Про
m_8d84ab5e4d83,Коэффициент
m_968e373635dc,Законы и налоги
m_299d95be6413,Коэффициент
m_d18df4072751,Коэффициент
m_b27033310446,Приложение и сбои
m_b27033310446,Яндекс Про
m_6b0eae2a7938,Приложение и сбои
m_77fef362bd79,яндекс
m_4ece2c6410f0,WB Такси
m_82067d005337,Коэффициент
m_2c4c9cd5aba8,WB Такси
m_2c4c9cd5aba8,Приложение и сбои
m_2c4c9cd5aba8,Яндекс Про
m_f035fb9155b2,яндекс
m_5690ce172d28,яндекс
m_5690ce172d28,Приложение и сбои
m_5690ce172d28,Яндекс Про
m_ef80db793982,яндекс
m_b3c9dac30d43,Коэффициент
m_1b1ac14e815b,WB Такси
m_74b6ba0b009f,яндекс
m_3a4ba68dfa51,WB Такси
m_9b0cd4d62964,яндекс
m_5e4c8b03791a,яндекс
m_3b3135eb6535,Законы и налоги
m_c0f072f3fa91,Коэффициент
m_e9c467055cbf,Фастен
m_57deda044954,Фастен
m_3fd21ed519eb,Коэффициент
m_989c6874e123,яндекс
m_2d1f751a674c,Коэффициент
m_2d1f751a674c,яндекс
m_f0b1866ca3a2,Фастен
m_96a12080a3d9,Коэффициент
m_b62e3b72f01a,яндекс
m_2a3ea9195425,яндекс
m_3b00906fb5b9,Коэффициент
m_04bee3993e6e,Законы и налоги
m_77abb3a6dbcf,яндекс
m_4c1733e3710b,яндекс
m_4c1733e3710b,Приложение и сбои
m_4c1733e3710b,Яндекс Про
m_e1a9db8031c3,Приложение и сбои
m_e1a9db8031c3,Яндекс Про
m_469b7f4bafa8,Приложение и сбои
m_469b7f4bafa8,Яндекс Про
m_d0b6f3d19b18,Приложение и сбои
m_551e006c4be2,Коэффициент
m_78855bd8bf35,Приложение и сбои
m_746180815f04,яндекс
m_f51e91012095,Коэффициент
m_bf332db2f63b,Законы и налоги
m_03d2f107656b,Фастен
m_d2fcde619a62,Законы и налоги
m_db7761319e40,Коэффициент
m_72c4060d0043,Приложение и сбои
m_a7c5824d81b5,Коэффициент
m_b8405fa21a5e,Законы и налоги
m_0e0fc926041f,яндекс
m_e94a9c67fdbd,Приложение и сбои
m_e94a9c67fdbd,Яндекс Про
m_73ff5d9977ef,WB Такси
m_7c01585cf532,Коэффициент
m_7c01585cf532,яндекс
m_7c01585cf532,WB Такси
m_47c38fbac8c2,Фастен
m_58eca3dfc48f,Коэффициент
m_58eca3dfc48f,яндекс
m_58eca3dfc48f,WB Такси
m_b9057977b807,Коэффициент
m_2531eb7e0b75,яндекс
m_18929c0fd027,яндекс
m_7f626c7d9285,Коэффициент
m_5e5829742b3c,Коэффициент
m_5e5829742b3c,яндекс
m_5e5829742b3c,WB Такси
m_402a84995e85,Коэффициент
m_a3e447c3d68b,Коэффициент
m_a3e447c3d68b,Фастен
m_474846db99c3,Коэффициент
m_4457879c75fa,Коэффициент
m_4457879c75fa,яндекс
m_9ce6fa2bd7e6,Законы и налоги
m_b4a5ecb67637,Коэффициент
m_785bc47f0675,яндекс
m_7197c1b13f3f,яндекс
m_11a93a3bf9fc,WB Такси
m_3a61d3a3e1df,Коэффициент
m_4c6840b181b6,Законы и налоги
m_2c1e99448fce,Коэффициент
m_0df26c42ba19,Приложение и сбои
m_8b299ffe1575,яндекс
m_bc74e275b5d5,Законы и налоги
m_43380f8cdb34,Законы и налоги
m_62629aba26bc,Законы и налоги
m_5edf1046e891,Коэффициент
m_48309889222e,Законы и налоги
m_9028239e7c9e,Коэффициент
m_e8c835deed3d,Коэффициент
m_589904c9af16,Приложение и сбои
m_d40b9b445760,Фастен
m_8d5007245b76,яндекс
m_af8bca1dd413,Приложение и сбои
m_af8bca1dd413,Яндекс Про
m_81548c6b0fcb,яндекс
m_e70db0b1b398,Фастен
m_2aa6a7b54aca,яндекс
m_87281eff9fa6,Законы и налоги
m_469b14ef69e7,Коэффициент
m_e3116b5568aa,яндекс
m_6be7c0b1c46e,яндекс
m_6be7c0b1c46e,WB Такси
m_fecaaa5caf4e,Коэффициент
m_67d7b72fe55d,Приложение и сбои
m_67d7b72fe55d,Яндекс Про
m_1b86cb08a1f8,Законы и налоги
m_635095ab05f6,яндекс
m_635095ab05f6,Фастен
m_635095ab05f6,Приложение и сбои
m_635095ab05f6,Яндекс Про
m_464f3da3aa66,яндекс
m_464f3da3aa66,WB Такси
m_11325b7dc0d8,яндекс
m_11325b7dc0d8,Фастен
m_5dabc38a1752,яндекс
m_7d675a9b0708,Законы и налоги
m_6511e7e3af07,Законы и налоги
m_fdf23006112f,Фастен
m_0d35529d8a7d,яндекс
m_d5140ce83fc8,яндекс
m_d5140ce83fc8,Приложение и сбои
m_d5140ce83fc8,Яндекс Про
m_e6c8c121196b,WB Такси
m_d27b55c1be4f,яндекс
m_79b98838065e,Приложение и сбои
m_4fac9aa4d870,Коэффициент
m_d708b36be4fa,Приложение и сбои
m_3dd6c59277c2,Коэффициент
m_abd566fdf58e,Законы и налоги
m_6194f9a95400,Законы и налоги
m_436d22981ee7,Законы и налоги
m_3be9e1565e45,Коэффициент
m_cbc34ab8d1ac,Приложение и сбои
m_cbc34ab8d1ac,Яндекс Про
m_2096ccda6a8d,яндекс
m_3d1028a17fc6,Законы и налоги
m_e768bbe9185c,яндекс
m_adf0629a91be,яндекс
m_6cc43fe1566b,яндекс
m_868584e7269c,Законы и налоги
m_33be381706a8,Коэффициент
m_719fa2bc7285,Коэффициент
m_ca04cbbfe416,Коэффициент
m_db7c05cb160e,Законы и налоги
m_3b9cdb13dfbb,Законы и налоги
m_83d359416ea7,Законы и налоги
m_9b21945e136a,яндекс
m_42c4790a91ec,яндекс
m_06322cb21065,яндекс
m_8269aed3ee84,Законы и налоги
m_8269aed3ee84,яндекс
m_feec7ce94961,яндекс
m_983882da7ee0,яндекс
m_dc40af215ade,яндекс
m_80926256159c,Коэффициент
m_d24646cd4ca8,WB Такси
m_f3a2efa11671,яндекс
m_a4a9a0d47cad,Законы и налоги
m_b5b95e0f6d40,яндекс
m_95ba914ade1b,яндекс
m_3597f96b02f1,WB Такси
m_a09dc0efc592,Коэффициент
m_7c1cadea0c8b,яндекс
m_b15d2fb183ef,WB Такси
m_b31fead79672,яндекс
m_d0cd9b69acf3,Коэффициент
m_5a7f41eb1db3,Приложение и сбои
m_5a7f41eb1db3,Яндекс Про
m_c9a369abfb68,яндекс
m_1430d321dfb8,яндекс
m_81d6a6b86b85,Коэффициент
m_81d6a6b86b85,Приложение и сбои
m_81d6a6b86b85,Яндекс Про
m_839019ba9cc6,Коэффициент
m_4e127cabc516,Фастен
m_335c9a86113b,Коэффициент
m_a0bedcac8673,Коэффициент
m_25284d4f569c,WB Такси
m_3ce19fdff424,Коэффициент
m_8c82faa8991a,Коэффициент
m_ffb9651f971c,яндекс
m_b7ca570dec09,яндекс
m_0b40b233e706,яндекс
m_99ab5cd788d6,яндекс
m_e37d52ef8c47,яндекс
m_e37d52ef8c47,Приложение и сбои
m_e37d52ef8c47,Яндекс Про
m_318f3eab68f8,Фастен
m_c82132b93671,яндекс
m_ff2ec9c20bb5,яндекс
m_2a7645550c9e,яндекс
m_e8da18645225,Законы и налоги
m_4417094b0403,Законы и налоги
m_3bc5027abc83,Приложение и сбои
m_3bc5027abc83,Яндекс Про
m_2dc1bd3910a5,яндекс
m_2dc1bd3910a5,WB Такси
m_2dc1bd3910a5,Приложение и сбои
m_2dc1bd3910a5,Яндекс Про
m_1e7a3b5e2074,Коэффициент
m_e41a627497fb,яндекс
m_557b0da8897b,Коэффициент
m_557b0da8897b,яндекс
m_3ea0034b14cd,яндекс
m_3ea0034b14cd,Фастен
m_21f73dcf53a0,Коэффициент
m_21f73dcf53a0,яндекс
m_6d3dc92a50a4,Приложение и сбои
m_6d3dc92a50a4,Яндекс Про
m_779a8b681c8d,Коэффициент
m_779a8b681c8d,яндекс
m_779a8b681c8d,WB Такси
m_ec99663f8a78,яндекс
m_04d2e9f96021,Законы и налоги
m_393680376fda,яндекс
m_f51e2764e5fd,Коэффициент
m_621cb6cb2e78,яндекс
m_4f5d61e7235b,WB Такси
m_2b72129222f3,Коэффициент
m_d849116b0a32,Приложение и сбои
m_d849116b0a32,Яндекс Про
m_c5b8895a1bed,яндекс
m_34fe652b7b89,Законы и налоги
m_c5c4fda5a4df,яндекс
m_66875b033179,Коэффициент
m_66875b033179,яндекс
m_01ecb2033305,яндекс
m_4e72318867d8,Коэффициент
m_ff17f3830de8,Коэффициент
m_8460e2d85037,Приложение и сбои
m_8460e2d85037,Яндекс Про
m_6df0e48f85a3,Коэффициент
m_3440456ee511,Коэффициент
m_cb34868fdf8b,Приложение и сбои
m_cb34868fdf8b,Яндекс Про
m_b5504e5e3761,яндекс
m_1895dd2bd5e8,яндекс
m_3a4aef07704c,яндекс
m_58ec77e1cde3,яндекс
m_e8bcaecd2dac,яндекс
m_90fb6f9fff45,яндекс
m_ad4a5ae6b5cd,Фастен
m_c8b7a6add9c4,яндекс
m_8af35cfe17fc,яндекс
m_8af35cfe17fc,Фастен
m_93dc39f61228,Приложение и сбои
m_93dc39f61228,Яндекс Про
m_133ec45b53df,яндекс
m_f85a505aaee3,яндекс
m_6f2c1cd77a15,яндекс
m_8e4d89b9a05f,яндекс
m_12a5451115c6,Коэффициент
m_3f9c8bdf98f2,Законы и налоги
m_956fccef02ee,Законы и налоги
m_696885f4e7f3,Приложение и сбои
m_ee2d1600729f,Приложение и сбои
m_ee2d1600729f,Яндекс Про
m_ba4896f48518,Коэффициент
m_7231fd301cec,Коэффициент
m_e28eb7c971f7,яндекс
m_975556165e5c,Коэффициент
m_ccc3975cb96d,Коэффициент
m_c79544f121aa,яндекс
m_c79544f121aa,WB Такси
m_bde0c075c97b,яндекс
m_ab6a0c777f82,Коэффициент
m_ab6a0c777f82,WB Такси
m_4a5a6d58a28e,Приложение и сбои
m_00532659950e,яндекс
m_4e50669ca62c,Коэффициент
m_fbb708af177a,WB Такси
m_122709cabaf7,Приложение и сбои
m_9036a947b20b,Приложение и сбои
m_4b96f0ebb1f0,Коэффициент
m_584ba4ccf5f2,яндекс
m_ad959d15bd7b,яндекс
m_ad959d15bd7b,Фастен
m_a4bc751743dc,яндекс
m_714fb17bfd0d,яндекс
m_847d9fbffbae,Законы и налоги
m_9edf88c76648,Законы и налоги
m_5ba8171c90de,Коэффициент
m_7f9ec285d395,Законы и налоги
m_6865ece44d11,Коэффициент
m_d08aab1a346d,Приложение и сбои
m_d08aab1a346d,Яндекс Про
m_6d5058aa420d,яндекс
m_4a26926e05a9,Коэффициент
m_16f8f3de9ecf,Коэффициент
m_ce1564c42194,Коэффициент
m_92f5c5b296e0,Законы и налоги
m_92f5c5b296e0,яндекс
m_1f149ecf3397,Коэффициент
m_83f8b2ad44db,Коэффициент
m_f576ccdaabda,Коэффициент
m_b1543d82b5fb,яндекс
m_9cb0a6a6f81a,Законы и налоги
m_4e1a00e43089,Коэффициент
m_3bf84fbba8ef,яндекс
m_20df35231589,Приложение и сбои
m_20df35231589,Яндекс Про
m_3fd75867959b,Приложение и сбои
m_ee0f8572c707,Фастен
m_33530bd3c99a,яндекс
m_fc348d250f8a,Коэффициент
m_3e397fc97583,яндекс
m_4b1ee73f8c2c,яндекс
m_4b1ee73f8c2c,Приложение и сбои
m_c62232cb443f,Коэффициент
m_a6ad8d517e1a,яндекс
m_3b20b82c59ed,яндекс
m_39392f33bf2b,Коэффициент
m_03a4e460128f,Фастен
m_940bf3046904,Коэффициент
m_2605d8afcc8d,Коэффициент
m_ecf89d6d3a88,Законы и налоги
m_44581b3368cd,Приложение и сбои
m_44581b3368cd,Яндекс Про
m_d05f7034e53d,Коэффициент
m_659a0f086b09,яндекс
m_46b3b9e0e961,Коэффициент
m_46b3b9e0e961,яндекс
m_186f2b7c3a29,Приложение и сбои
m_3d77e2d0cb4f,яндекс
m_ec08fe476c64,яндекс
m_6ec9239ea580,Коэффициент
m_6ec9239ea580,яндекс
m_6ec9239ea580,WB Такси
m_afc0e02cb87d,яндекс
m_e9d4ec45c1a4,Законы и налоги
m_f6723f96f355,яндекс
m_6032dbc64c9c,яндекс
m_f36f44c14189,Фастен
m_ae7ab1eb0ebd,яндекс
m_14119903e426,Коэффициент
m_ba18834676ff,яндекс
m_3b77865637aa,яндекс
m_4ab59861774b,яндекс
m_5dea7b103ca1,яндекс
m_8a3305508700,яндекс
m_0792762986fb,Коэффициент
m_0de742b92dee,яндекс
m_a2b65b2ffed8,яндекс
m_fd2aa3ab5a68,Коэффициент
m_fd2aa3ab5a68,Фастен
m_2bfc5e2e2e10,Законы и налоги
m_7d57cef13e16,Приложение и сбои
m_7d57cef13e16,Яндекс Про
m_e3b60b76a10e,Коэффициент
m_e3b60b76a10e,Законы и налоги
m_e3b60b76a10e,яндекс
m_944b418a0954,Коэффициент
m_a8a4c0dfbc30,Коэффициент
m_d9b3756ae5d4,WB Такси
m_c24f7c550cd3,WB Такси
m_05d48e9e7763,яндекс
m_05d48e9e7763,Забастовка
m_8cc9c03bce18,яндекс
m_8cc9c03bce18,Забастовка
m_921e678bade1,Коэффициент
m_5c98ea5f4362,яндекс
m_fb4de22524fd,яндекс
m_6cba2269e1c6,Законы и налоги
m_787598b77720,Законы и налоги
m_d5a4e0e5f699,Фастен
m_2981189d3121,яндекс
m_c22c1fc1d26c,яндекс
m_c22c1fc1d26c,Приложение и сбои
m_c22c1fc1d26c,Яндекс Про
m_324364bcf28d,WB Такси
m_d2a701617758,Законы и налоги
m_3b64f8f5124f,Коэффициент
m_f7e6f70e05df,WB Такси
m_1ed3f9ace25d,Коэффициент
m_ca2e18ee07cb,яндекс
m_20f9731c7402,яндекс
m_20f9731c7402,WB Такси
m_4678d37704c0,яндекс
m_185ebd35a5a9,яндекс
m_098205197f15,яндекс
m_158234f78c3a,яндекс
m_c2635192195b,яндекс
m_c2635192195b,WB Такси
m_9726c6e44c9a,WB Такси
m_8c838c441451,яндекс
m_8c838c441451,WB Такси
m_8b454a69e278,Приложение и сбои
m_81d4d25241a6,Приложение и сбои
m_81d4d25241a6,Яндекс Про
m_ef3527a62ac3,Законы и налоги
m_ef3527a62ac3,яндекс
m_ef3527a62ac3,Фастен
m_2cf60a7aeccb,яндекс
m_00ac1676d535,яндекс
m_edb360f0040c,Приложение и сбои
m_edb360f0040c,Яндекс Про
m_80e9c9fd3e5d,яндекс
m_80e9c9fd3e5d,WB Такси
m_604105a833cb,яндекс
m_0e91162f473d,яндекс
m_0e91162f473d,Фастен
m_f9b905fbf491,яндекс
m_d3c194a5cb28,яндекс
m_cd7b590ea5d0,яндекс
m_c47b0e4c1b17,яндекс
m_39cf5065e996,Фастен
m_5082fd15f16a,яндекс
m_8f9357ad0a50,яндекс
m_77c198a4cf5a,WB Такси
m_14c478737853,яндекс
m_3dde75674e2f,Приложение и сбои
m_3dde75674e2f,Яндекс Про
m_dcb25f1a9351,яндекс
m_dcb25f1a9351,WB Такси
m_466c2e66b1e4,яндекс
m_f0f640b96686,яндекс
m_cf09e24f94ec,яндекс
m_cf09e24f94ec,WB Такси
m_69d939cc23fe,Коэффициент
m_de4337410d0d,Законы и налоги
m_e811eee9948e,яндекс
m_96098692ccd9,яндекс
m_c3549d25f5fc,Приложение и сбои
m_c3549d25f5fc,Яндекс Про
m_2fc5471670c2,Законы и налоги
m_ed8f2c9cf2b8,Коэффициент
m_920eebf74c75,яндекс
m_5ceb123f0da6,Коэффициент
m_54d44974dad1,Забастовка
m_8e18d7fefbcb,Фастен
m_76f1fd178108,Приложение и сбои
m_76f1fd178108,Яндекс Про
m_fb698a5c03ef,яндекс
m_fb698a5c03ef,WB Такси
m_1e8a8b352ad0,яндекс
m_1e8a8b352ad0,Фастен
m_6dc84e7a3cb0,Коэффициент
m_3beb5d6d5c12,яндекс
m_3beb5d6d5c12,WB Такси
m_b974e8293a07,яндекс
m_4b0b0007e5a0,Приложение и сбои
m_4b0b0007e5a0,Яндекс Про
m_02ee0cd78488,Коэффициент
m_e6e4a979a301,яндекс
m_c4e970462775,Коэффициент
m_c4e970462775,яндекс
m_d9dc9d2af332,яндекс
m_d9dc9d2af332,Фастен
m_ed27e066009d,Коэффициент
m_436eafdd637c,Коэффициент
m_f332b4c51981,Приложение и сбои
m_e5d8170d2e64,Коэффициент
m_8e4fc0ead6ae,WB Такси
m_b96db49dc8e8,Приложение и сбои
m_2ae91d2676d6,WB Такси
m_1724cfdc6e85,Приложение и сбои
m_1724cfdc6e85,Яндекс Про
m_cf6fda09fc7d,яндекс
m_d349b5f393a3,яндекс
m_d349b5f393a3,Приложение и сбои
m_d349b5f393a3,Яндекс Про
m_f47cca89ac0b,яндекс
m_2db291fa8160,Коэффициент
m_b0081709309c,яндекс
m_23f364113eb6,Законы и налоги
m_50acb3904e36,Коэффициент
m_36dd25b13c4f,Законы и налоги
m_36dd25b13c4f,яндекс
m_185316ca12f6,Приложение и сбои
m_185316ca12f6,Яндекс Про
m_6934623a0da7,Законы и налоги
m_2f0c0f3cf03d,Коэффициент
m_5fef2c765bbe,яндекс
m_62352f474ef5,яндекс
m_a5557d5ebafb,Приложение и сбои
m_a5557d5ebafb,Яндекс Про
m_b985627a58bf,яндекс
m_ec400602efcd,яндекс
m_bf28ee7753ca,Коэффициент
m_7bb4054e4bd6,яндекс
m_bae54911030b,яндекс
m_95d5601f5a01,Коэффициент
m_1f3005f60f67,Коэффициент
m_97ccb1c7f05d,Приложение и сбои
m_6ce81355a270,WB Такси
m_24ab35806f62,яндекс
m_961a6935770a,яндекс
m_882d172275b9,яндекс
m_9f173d6d13d7,Коэффициент
m_52af65b76acc,Коэффициент
m_2a925afcdf7e,Законы и налоги
m_546029983218,Приложение и сбои
m_546029983218,Яндекс Про
m_fcb27573c7ec,Коэффициент
m_b9f2aa1bfbac,WB Такси
m_a433f1a8dfd0,Коэффициент
m_299866e3245c,Коэффициент
m_299866e3245c,яндекс
m_299866e3245c,Приложение и сбои
m_299866e3245c,Яндекс Про
m_141233f64fc7,Коэффициент
m_6c850ebe1bab,Коэффициент
m_8e9dac65c79b,яндекс
m_c94d54a9763c,Приложение и сбои
m_c94d54a9763c,Яндекс Про
m_6d579adb280c,яндекс
m_633f3a8bc6be,Законы и налоги
m_83cc1b898b13,яндекс
m_b3d152c25a1c,яндекс
m_66bc5e177423,яндекс
m_fea795424031,яндекс
m_67cffbe80688,Законы и налоги
m_002e5bda4854,Коэффициент
m_3a693ed2f44c,Коэффициент
m_3a693ed2f44c,яндекс
m_f98fb0247837,яндекс
m_4c52c5e4d559,Фастен
m_3af660ffdf5c,яндекс
m_3d06a6be7f49,яндекс
m_5b47bfc00006,Коэффициент
m_aa76df6eea5d,Фастен
m_61a97d8b5f54,Приложение и сбои
m_61a97d8b5f54,Яндекс Про
m_926117a44ede,яндекс
m_f6e81049ee8c,WB Такси
m_aaffdb280393,Законы и налоги
m_4cb486ee614f,яндекс
m_53faf944865d,яндекс
m_53faf944865d,Приложение и сбои
m_53faf944865d,Яндекс Про
m_08ffcda286c2,Коэффициент
m_0985d4bbead8,Коэффициент
m_785d6bc6acca,Коэффициент
m_32bed97529b9,Коэффициент
m_6124aa7bd0cb,Коэффициент
m_f4b19f305fa4,Коэффициент
m_f4b19f305fa4,яндекс
m_8aff2d552600,WB Такси
m_b3c361ebe6ea,Коэффициент
m_9de3bd30acd2,яндекс
m_6da76b963e87,яндекс
m_033e37c31628,Законы и налоги
m_27d3d93cdd4d,Коэффициент
m_35a05337af33,Приложение и сбои
m_35a05337af33,Яндекс Про
m_91e3366d21b4,Приложение и сбои
m_91e3366d21b4,Яндекс Про
m_90374319153a,Коэффициент
m_832240fcc243,Приложение и сбои
m_832240fcc243,Яндекс Про
m_609aa761c7ee,Законы и налоги
m_7e587af1de33,Приложение и сбои
m_7e587af1de33,Яндекс Про
m_75ee7895087a,яндекс
m_1e61c823badc,яндекс
m_0275a6a0f3a9,Коэффициент
m_c7c444e9f1f3,WB Такси
m_7096aedd78d7,Приложение и сбои
m_7096aedd78d7,Яндекс Про
m_b6c7ac2e3f75,Коэффициент
m_4aaca052945e,Коэффициент
m_123efb2dfb43,яндекс
m_62a4eb6f0da3,яндекс
m_62a4eb6f0da3,Приложение и сбои
m_62a4eb6f0da3,Яндекс Про
m_5a7cb47e074e,яндекс
m_cd9842873ca4,Забастовка
m_e2b7b5aeaba3,WB Такси
m_4610d1a6b8a6,Забастовка
m_6952ba9193f3,яндекс
m_6952ba9193f3,WB Такси
m_e7985989994d,яндекс
m_e7985989994d,Приложение и сбои
m_e7985989994d,Яндекс Про
m_aca3430ab9c9,Коэффициент
m_f0e2ffbd9ae5,Законы и налоги
m_d0dfa777065f,Фастен
m_6fd5c6c7acd0,Приложение и сбои
m_6fd5c6c7acd0,Яндекс Про
m_0ff5aed190c3,яндекс
m_f734f9980fc6,яндекс
m_ca5a56424b4f,Коэффициент
m_8246b54589a1,Коэффициент
m_d113f1a98eb9,яндекс
m_da4b10406e4c,WB Такси
m_db88af21b2a6,Коэффициент
m_8da8385544a6,яндекс
m_8c7033b8aaed,яндекс
m_a2b8a71a882e,WB Такси
m_a98f036a2850,WB Такси
m_31df813ad592,яндекс
m_9cc1b110bd9d,Коэффициент
m_570f6ab5c957,Коэффициент
m_80224220ee42,Коэффициент
m_c958fe440220,Законы и налоги
m_d5de47b11bcf,Приложение и сбои
m_d5de47b11bcf,Яндекс Про
m_fc7fb9aa6d74,яндекс
m_fc7fb9aa6d74,WB Такси
m_18ce0a20132a,Коэффициент
m_30346fd34ecb,яндекс
m_6ee9d8d685f2,Забастовка
m_c7ef48b18040,WB Такси
m_51ee19ccbb7f,яндекс
m_07dbfc4e5a4a,Коэффициент
m_07dbfc4e5a4a,яндекс
m_07dbfc4e5a4a,WB Такси
m_e09916f5c288,Законы и налоги
m_e279f89ee390,Коэффициент
m_2e32de1faffa,яндекс
m_bc37203f062b,Законы и налоги
m_8e0be1d80b78,Законы и налоги
m_5edd51e345d1,Приложение и сбои
m_5edd51e345d1,Яндекс Про
m_fc72ca82effb,Фастен
m_5e23c0d54ff7,яндекс
m_ddecbabb6b48,яндекс
m_9031504c66f1,Коэффициент
m_162a4a115a91,Коэффициент
m_47deeba4064b,Коэффициент
m_1bdb01bac892,яндекс
m_078f099793b4,яндекс
m_b14c574abed3,Фастен
m_021733933378,Коэффициент
m_56a9327d7d15,Коэффициент
m_3ba87a512573,Коэффициент
m_e943f026dab1,Коэффициент
m_e0eea7e6e801,яндекс
m_42e5fdf4027a,яндекс
m_17bde7a594ca,яндекс
m_17bde7a594ca,WB Такси
m_f8c686bb1cf5,яндекс
m_b4543a5b885b,Фастен
m_c0de5a00b722,яндекс
m_df734092b75a,яндекс
m_f555bd7ea0da,Коэффициент
m_d13e6d0d0b04,яндекс
m_1a01b1060a71,яндекс
m_1b2667de26cf,яндекс
m_70c217a951cd,яндекс
m_05132f85be04,яндекс
m_e33635a70deb,яндекс
m_3cc0333c5b82,яндекс
m_efc1ffb5aa16,Законы и налоги
m_efc1ffb5aa16,яндекс
m_c8629d5d4390,яндекс
m_289f0d808f21,яндекс
m_3947919bd994,Коэффициент
m_47c5b6a8b2e3,Коэффициент
m_47c5b6a8b2e3,яндекс
m_d2d66fc96398,яндекс
m_6eb896a90841,Коэффициент
m_c9a49db3cfdc,яндекс
m_c9a49db3cfdc,WB Такси
m_1216efc41c76,яндекс
m_1216efc41c76,Приложение и сбои
m_1216efc41c76,Яндекс Про
m_1216efc41c76,Забастовка
m_f42e4ba12ebc,Коэффициент
m_f42e4ba12ebc,яндекс
m_bcaf09dbda51,яндекс
m_7f8773b9192a,Коэффициент
m_59f5d34f4e1d,яндекс
m_573f9f7d28df,яндекс
m_01d27c189736,яндекс
m_f32bad3402aa,Коэффициент
m_f0cabe23ccff,яндекс
m_0d2247a67fca,яндекс
m_9815b6978200,яндекс
m_99c15f67e766,яндекс
m_843bc2e43bf7,яндекс
m_67c60786e7a6,яндекс
m_d7e26039fe2b,Забастовка
m_0be514ccbe99,яндекс
m_5fa052a84c72,яндекс
m_8aa88155fa50,яндекс
m_50ca45112ae4,WB Такси
m_a677cb43a0cb,яндекс
m_6663add6ff00,яндекс
m_3f1e7624392e,Коэффициент
m_2786918a6946,Коэффициент
m_dedd13602f09,Коэффициент
m_dedd13602f09,Фастен
m_94a3bd01b6d6,яндекс
m_4869d6b1e1ed,яндекс
m_2949b90b6b2b,яндекс
m_a0e7f79cb06d,Законы и налоги
m_c74aec362315,Законы и налоги
m_f8b369b7fd25,яндекс
m_db50d814b85b,яндекс
m_598751dc6150,Приложение и сбои
m_598751dc6150,Яндекс Про
m_9a7fc6d2f019,яндекс
m_161356e7580e,Коэффициент
m_0345a590930f,WB Такси
m_51a5c11cdac1,яндекс
m_837428d582d2,яндекс
m_45f35d2619a4,Коэффициент
m_8e9bd923ded1,Коэффициент
m_d737d31b1bfb,Коэффициент
m_9a1b77f9092a,яндекс
m_9a1b77f9092a,WB Такси
m_10ebbd664620,WB Такси
m_79e81a56d58a,яндекс
m_e75326c97a8f,яндекс
m_b390384845d8,Коэффициент
m_3dbc3563be8a,яндекс
m_a6a301ff8fd7,Коэффициент
m_d5d8b8af9b6b,яндекс
m_bdc4c85fed6b,яндекс
m_b377fd1abc0c,Приложение и сбои
m_5202ed54ab48,яндекс
m_5202ed54ab48,Приложение и сбои
m_5202ed54ab48,Яндекс Про
m_037deff204e4,Фастен
m_2b40ae323ede,Коэффициент
m_e85de4902d91,яндекс
m_36aff6266401,Законы и налоги
m_4ef167c7e1fa,WB Такси
m_854dcc21248e,яндекс
m_889999b13c01,Коэффициент
m_5f4ad3a1d31d,яндекс
m_df514eb7b968,яндекс
m_aaa41669f10a,яндекс
m_9aa7c5534cb6,Законы и налоги
m_f21f7bbfda16,WB Такси
m_8ae7444eddb8,WB Такси
m_b5e56381d1c6,Коэффициент
m_2aaaad05a191,яндекс
m_d8a3d4e8e27b,Приложение и сбои
m_d8a3d4e8e27b,Яндекс Про
m_8c0da381e3c6,яндекс
m_ed2eab4f8aa2,Коэффициент
m_39089b6f4b21,Коэффициент
m_c0c02cc776e0,Фастен
m_316fab2d275a,Фастен
m_98a5ed048e6c,Законы и налоги
m_3890a9a28ae1,Коэффициент
m_5c0767a2bb37,Коэффициент
m_bede209d9db3,яндекс
m_ac483829f6b6,Коэффициент
m_de5bccd62e80,Коэффициент
m_ca346f1adf56,яндекс
m_ae262e519388,яндекс
m_d3d37c0253f2,яндекс
m_fcc1405b3787,яндекс
m_481d93448f17,яндекс
m_4e576f729720,Приложение и сбои
m_4e576f729720,Яндекс Про
m_e2f83ebcd04c,Коэффициент
m_97770ad8a518,Приложение и сбои
m_97770ad8a518,Яндекс Про
m_af1bed88d305,яндекс
m_af1bed88d305,Приложение и сбои
m_7ad6d0130e9a,Коэффициент
m_722438f16a54,Коэффициент
m_d230f44e2ecf,Законы и налоги
m_a92cd11018c5,Законы и налоги
m_c7804abc15f6,Законы и налоги
m_0df6f8791e0b,яндекс
m_af5342f262ba,яндекс
m_bd2b3893ac12,Коэффициент
m_fab5b25b702d,Приложение и сбои
m_fab5b25b702d,Яндекс Про
m_0f6b6733ef69,яндекс
m_6e4cfc33395b,Коэффициент
m_522dfa08d59f,Коэффициент
m_522dfa08d59f,яндекс
m_522dfa08d59f,Приложение и сбои
m_522dfa08d59f,Яндекс Про
m_dd68b1176460,яндекс
m_9cf3cfbe7bf7,Коэффициент
m_5ffb8ce9b673,Коэффициент
m_8d0f7b20b1a3,Приложение и сбои
m_8d0f7b20b1a3,Яндекс Про
m_eca52557c8f8,Коэффициент
m_956827d9a2d2,Коэффициент
m_1ce2828c4209,Законы и налоги
m_aeaef4f4da54,яндекс
m_ae7ec73e8b5c,яндекс
m_3dd0f786e1b0,яндекс
m_3dd0f786e1b0,Приложение и сбои
m_3dd0f786e1b0,Яндекс Про
m_f276af272960,Приложение и сбои
m_f276af272960,Яндекс Про
m_f6a6f7a79d52,Коэффициент
m_f6a6f7a79d52,Законы и налоги
m_f6a6f7a79d52,яндекс
m_e22ce9021206,яндекс
m_d43955c518be,яндекс
m_d43955c518be,Приложение и сбои
m_d43955c518be,Яндекс Про
m_cc533754cb53,Коэффициент
m_cc533754cb53,WB Такси
m_63931b55f6ed,яндекс
m_15a091c5926e,Коэффициент
m_794d2931a67c,Коэффициент
m_f7587ad7f43a,яндекс
m_422aeeb707e5,Фастен
m_781d7dd04829,яндекс
m_abd21a59adb5,Коэффициент
m_715f79b1ecad,яндекс
m_a75c999609ed,Коэффициент
m_123e3a7fd334,Коэффициент
m_7b7e8052add7,Коэффициент
m_8a21b4c732e1,Коэффициент
m_5895684cd2e4,WB Такси
m_5895684cd2e4,Приложение и сбои
m_5895684cd2e4,Яндекс Про
m_53fda3b2c4d8,Коэффициент
m_53fda3b2c4d8,Приложение и сбои
m_cca254004df5,яндекс
m_9db4a6d1e2a7,яндекс
m_4acb95035968,Коэффициент
m_bd38e420809e,Коэффициент
m_6508de56d8e6,Коэффициент
m_f7c05340cc7f,яндекс
m_cf9b04473ebc,Коэффициент
m_2f98f72d225a,Приложение и сбои
m_2f98f72d225a,Яндекс Про
m_77f821e4ca31,Коэффициент
m_84cb77597638,Коэффициент
m_7b81cc51c364,яндекс
m_5a8b1b2cc282,Коэффициент
m_f46c26f40888,яндекс
m_a340a1723fc0,Коэффициент
m_34c4b08ba11d,Коэффициент
m_5301058ff977,яндекс
m_a1492d742791,Коэффициент
m_a1492d742791,Приложение и сбои
m_a1492d742791,Яндекс Про
m_4a1d55fc561e,Коэффициент
m_a764d571caf3,Коэффициент
m_b9c0da1f4aaf,Коэффициент
m_b2a023b93eff,яндекс
m_4890baaf5ec7,Приложение и сбои
m_4890baaf5ec7,Яндекс Про
m_4590694863bd,Коэффициент
m_2b3144eb315f,яндекс
m_7e7d6a08f9ac,Приложение и сбои
m_785e0c234fa1,Коэффициент
m_234d0a2378c7,яндекс
m_b7edea775901,Коэффициент
m_3b541ec13bc0,Коэффициент
m_3b541ec13bc0,Законы и налоги
m_9ac030bac3be,яндекс
m_aafe033e890c,Коэффициент
m_b0b72c92e1ca,Законы и налоги
m_8d684658bd44,яндекс
m_03f3fea99506,яндекс
m_03f3fea99506,WB Такси
m_9b5b9deb6f39,Законы и налоги
m_5d9d3779b5f1,яндекс
m_9aa71cd7568d,яндекс
m_1c597f1c224e,Фастен
m_170dab42abee,Коэффициент
m_9e58b57ec034,яндекс
m_e5b2bb5f2e53,яндекс
m_4c6264a38de9,яндекс
m_9fdc60ea7adc,яндекс
m_0edddf66109e,яндекс
m_0edddf66109e,Приложение и сбои
m_0edddf66109e,Яндекс Про
m_bd9b7e857dd5,яндекс
m_b23336198f19,Коэффициент
m_b23336198f19,яндекс
m_b23336198f19,Приложение и сбои
m_b23336198f19,Яндекс Про
m_8689a6c32f4f,Коэффициент
m_728a553b63ef,Коэффициент
m_12f57a87debb,Коэффициент
m_12f57a87debb,Фастен
m_72a799b06e36,яндекс
m_4cb6e7fc85df,Фастен
m_55d437c8b7f2,яндекс
m_4db6d790b3af,Приложение и сбои
m_4db6d790b3af,Яндекс Про
m_a59d480a434a,Коэффициент
m_762964502266,Коэффициент
m_762964502266,Законы и налоги
m_762964502266,яндекс
m_e64ae145ecac,яндекс
m_e64ae145ecac,WB Такси
m_823d8516438b,яндекс
m_e34478e1e2b0,Коэффициент
m_71848ad0194c,яндекс
m_291f140e7610,Коэффициент
m_e2efafc68f97,яндекс
m_cead7aef67ff,яндекс
m_684462b60a21,WB Такси
m_6636c44ae63c,Приложение и сбои
m_6636c44ae63c,Яндекс Про
m_7d850b7643f6,Забастовка
m_e5c6cb4707bb,Фастен
m_88421319c25b,яндекс
m_8e3ca54b38c5,Законы и налоги
m_876f9b063d3e,яндекс
m_123158ab181d,яндекс
m_09a7cced8005,яндекс
m_09a7cced8005,Приложение и сбои
m_09a7cced8005,Яндекс Про
m_f0867a9f56de,Коэффициент
m_d9d1201b258a,яндекс
m_bb72b6669eeb,яндекс
m_0e383d7fbce6,яндекс
m_fcd01b34deea,Коэффициент
m_6710801961b6,яндекс
m_d5d6f86d933d,яндекс
m_d40883b63051,яндекс
m_07a3b942a8e8,яндекс
m_d5c37ca76cbd,яндекс
m_a5955f114333,яндекс
m_a5955f114333,Приложение и сбои
m_a5955f114333,Яндекс Про
m_8a0274c79bb0,Фастен
m_b8caa2608e9a,Законы и налоги
m_c4cb11de88c5,яндекс
m_c4cb11de88c5,WB Такси
m_c4cb11de88c5,Фастен
m_c4cb11de88c5,Приложение и сбои
m_c4cb11de88c5,Яндекс Про
m_fe5280bcaa4a,яндекс
m_22666a68effa,Коэффициент
m_3c3c07b08e7d,яндекс
m_3c094750191b,яндекс
m_5349876e6482,яндекс
m_43fcddb8e543,яндекс
m_5bb6cbdd09bc,яндекс
m_1ba789328cb8,яндекс
m_5ab18131ebfd,Коэффициент
m_bcc514ea8e94,яндекс
m_c9449ee992ba,Коэффициент
m_c9449ee992ba,яндекс
m_5d2d842fce62,Коэффициент
m_8110b3917827,яндекс
m_ded2fad7f6e8,яндекс
m_6c4cd3f4e807,Коэффициент
m_4b53cdd9806c,Приложение и сбои
m_4b53cdd9806c,Яндекс Про
m_3ef281cf0724,яндекс
m_cf86911493d5,яндекс
m_df9ec3d37fad,Коэффициент
m_51ad9ca16a9a,Забастовка
m_19ad5c1508e2,яндекс
m_069d5a9227b0,яндекс
m_b7ddf65defde,яндекс
m_945516856ae3,Коэффициент
m_b8f437fab351,яндекс
m_a7019f461440,яндекс
m_41acd03bb10f,Коэффициент
m_9407b29a1ee4,Законы и налоги
m_b49559fea2eb,Коэффициент
m_12bcedd45a01,Приложение и сбои
m_63843a3624b8,Коэффициент
m_cc60a740d4c3,Коэффициент
m_99c7b319660c,яндекс
m_68a858c27cd4,Коэффициент
m_68a858c27cd4,яндекс
m_3c41d748e8dc,Коэффициент
m_a553ddf7904c,Коэффициент
m_e81f57fbaae1,яндекс
m_114a7915d42f,Коэффициент
m_79e4e21253cb,яндекс
m_47d4c6d6da44,яндекс
m_8214ca10bb1b,Коэффициент
m_8214ca10bb1b,яндекс
m_63101cdea6c3,яндекс
m_88af72c4b72d,Коэффициент
m_97b510b104ee,Коэффициент
m_97b510b104ee,яндекс
m_3716101796a8,Коэффициент
m_fff5f584774e,яндекс
m_75d010911ca5,яндекс
m_f1d8826163d1,Законы и налоги
m_cfaaa2ea4dfa,WB Такси
m_980e8ef6beb7,яндекс
m_647ca0d23e2d,яндекс
m_7caa9757a511,Коэффициент
m_7caa9757a511,яндекс
m_0653df7f8fd0,Законы и налоги
m_094ee4594d1f,Законы и налоги
m_39fc2aeac742,Законы и налоги
m_3adecf2df6e3,яндекс
m_65bd0f5c8f7c,яндекс
m_c8921b9e60fa,яндекс
m_414af45cda19,Коэффициент
m_832f3e117d22,Законы и налоги
m_832f3e117d22,яндекс
m_20d3a7354ccc,Коэффициент
m_52d25f497d6a,Законы и налоги
m_84dea3dde7a6,Коэффициент
m_84dea3dde7a6,Приложение и сбои
m_84dea3dde7a6,Яндекс Про
m_38f1ec7735b5,Коэффициент
m_a7c2e7b8c678,яндекс
m_967a3244b1d8,Коэффициент
m_638031fa4b05,Коэффициент
m_98713bf06576,Законы и налоги
m_d922a2abf1d5,Коэффициент
m_7c1e42773f67,Коэффициент
m_4ce52c70ac51,Приложение и сбои
m_f0e2a0a467ce,яндекс
m_1c5e6e0da497,Приложение и сбои
m_b9d70479b91b,Коэффициент
m_8c0522426c73,яндекс
m_4a90e13bd2c5,Коэффициент
m_8c8396406118,яндекс
m_d73bbd4ec813,Фастен
m_893fec71d238,яндекс
m_63d1b2495017,Законы и налоги
m_04efc572fbcf,яндекс
m_11e33083bfbd,Законы и налоги
m_d974e9569e5b,Законы и налоги
m_d3b8634e31b2,Законы и налоги
m_86acacf43dce,яндекс
m_c2a928722acc,яндекс
m_636aa5495002,Коэффициент
m_ce6cee7c22c3,яндекс
m_c16864409d82,Законы и налоги
m_22d3a1a8bc4b,Фастен
m_39ebdda84bbe,Приложение и сбои
m_2a05cedab7f9,Законы и налоги
m_0ac7c9a9b68d,яндекс
m_692649e07c47,Законы и налоги
m_63013ff19344,Законы и налоги
m_9f50d1cd2fd4,Законы и налоги
m_d9775a681580,Фастен
m_02e30cd841a5,яндекс
m_f0c401e445d8,яндекс
m_04083bf1010a,Коэффициент
m_aa8c3f5f2ee4,Коэффициент
m_4c0ebf54b260,Законы и налоги
m_61944a3eac8f,яндекс
m_c8c236a36421,яндекс
m_17e742d37578,Приложение и сбои
m_17e742d37578,Яндекс Про
m_df55f3a04f75,Фастен
m_6dac0ed99124,Фастен
m_6798dc0ae12a,Коэффициент
m_248ced0b8c9b,Коэффициент
m_c05df311786d,Коэффициент
m_669ae3802789,яндекс
m_76e684d654bf,яндекс
m_3453b30e810c,Коэффициент
m_3453b30e810c,яндекс
m_5c46b7be8c88,яндекс
m_b7d3fd18e9d9,яндекс
m_5c792c88fb7f,яндекс
m_1e3f469d4704,Приложение и сбои
m_1e3f469d4704,Яндекс Про
m_d144f34cde62,Коэффициент
m_2f74e2489668,яндекс
m_017f9e0a4cd8,яндекс
m_b56a40555673,яндекс
m_3825c40818fb,Коэффициент
m_c5481b47bc98,Коэффициент
m_eaee3c5f3129,Коэффициент
m_3f590c6959e3,Коэффициент
m_73fffdebf71d,яндекс
m_3e3038e4ba0d,Коэффициент
m_88a1dd5bd775,Приложение и сбои
m_88a1dd5bd775,Яндекс Про
m_4954330b50bf,Коэффициент
m_b262b0986705,яндекс
m_0f04b8221687,Коэффициент
m_0f04b8221687,Законы и налоги
m_483bde701fa2,Приложение и сбои
m_483bde701fa2,Яндекс Про
m_36274eddb3a0,яндекс
m_c97375f31fcf,яндекс
m_461104c7a853,Коэффициент
m_54772864b1e4,Коэффициент
m_ff700fc5c6f5,Законы и налоги
m_a6811cd0f4d1,Коэффициент
m_f2f78d372ba8,Коэффициент
m_c644c313b48c,Коэффициент
m_27b88a8c55e7,Коэффициент
m_8d501b0ad22d,яндекс
m_8d501b0ad22d,Приложение и сбои
m_8d501b0ad22d,Яндекс Про
m_9bd3e6e03aa1,Коэффициент
m_835b79d133cd,Приложение и сбои
m_27e01a582145,Коэффициент
m_4f43915ca457,Законы и налоги
m_6b41da0f6c17,Законы и налоги
m_a7e1f34de760,яндекс
m_1c9bde65661c,Законы и налоги
m_a3afbf72bd1a,Законы и налоги
m_054e8134ab53,Коэффициент
m_15963be269d5,Коэффициент
m_264bb3b795ef,Законы и налоги
m_264bb3b795ef,яндекс
m_ea657da09a5a,Фастен
m_3dd84a1cb600,Коэффициент
m_784dc7fc8675,яндекс
m_bb07f70278d5,Коэффициент
m_bb76eb14675f,яндекс
m_80ccae67df56,Законы и налоги
m_57b37799fb70,Фастен
m_deb22e98885b,Коэффициент
m_f9f2eb098d52,Коэффициент
m_203728920b03,Коэффициент
m_0388edc5862e,Приложение и сбои
m_0388edc5862e,Яндекс Про
m_f770d0524381,Коэффициент
m_c4b41a0ade92,Коэффициент
m_c4b41a0ade92,яндекс
m_54453f431964,яндекс
m_1ed42e99f70c,Коэффициент
m_c7a89042d9ce,Фастен
m_55d42cb5195b,яндекс
m_f20125ea727c,яндекс
m_4d453975604f,яндекс
m_8967f3a37e84,яндекс
m_82ee4d13cb9c,яндекс
m_6b3b299a0f31,яндекс
m_ec17fca43e55,яндекс
m_e326df841f99,яндекс
m_e326df841f99,Приложение и сбои
m_e326df841f99,Яндекс Про
m_e437c946e7a4,яндекс
m_0c48f9d245c0,Приложение и сбои
m_0c48f9d245c0,Яндекс Про
m_77de7d96850c,Коэффициент
m_a3ec9d941245,яндекс
m_9efea1becb39,яндекс
m_bd476f8cc717,Приложение и сбои
m_bd476f8cc717,Яндекс Про
m_8795b075042c,яндекс
m_8795b075042c,Приложение и сбои
m_8795b075042c,Яндекс Про
m_f58a756bf018,Приложение и сбои
m_f58a756bf018,Яндекс Про
m_59b5ba127ff1,яндекс
m_1d1f8e9fbd50,Коэффициент
m_a00701d9b55a,яндекс
m_44bf7bb98312,яндекс
m_9107cb711517,яндекс
m_cf37a9d8b8f4,Коэффициент
m_e162c7ba1c01,яндекс
m_3763b74ad15f,Приложение и сбои
m_7202c47661ba,Коэффициент
m_16016dfdc6cf,Фастен
m_bfed470eb36b,яндекс
m_fac885f559c3,яндекс
m_684b5c21ed0a,Приложение и сбои
m_684b5c21ed0a,Яндекс Про
m_0242f99f3ee0,Приложение и сбои
m_702b767aa60e,Приложение и сбои
m_702b767aa60e,Яндекс Про
m_3b76c83ae8fb,WB Такси
m_032922c619c2,Приложение и сбои
m_032922c619c2,Яндекс Про
m_5d3667dfd0b1,Приложение и сбои
m_902ec8865e38,яндекс
m_8e36d1b90b88,Фастен
m_c8d969063e5d,Приложение и сбои
m_c8d969063e5d,Яндекс Про
m_ed05b0e41235,Приложение и сбои
m_ed05b0e41235,Яндекс Про
m_e5bd3ffb0439,Приложение и сбои
m_00439eca3fec,яндекс
m_e6ce282e68f5,Законы и налоги
m_fc7573d0e05b,яндекс
m_8b34a1d5a98c,Фастен
m_456748f216ae,Фастен
m_f54ba91deb1e,Коэффициент
m_f2eeeea6148b,Приложение и сбои
m_f2eeeea6148b,Яндекс Про
m_eb90dae036c2,Коэффициент
m_9781787175b5,Коэффициент
m_f1f4c67c8152,Приложение и сбои
m_8076a4caf553,Коэффициент
m_a485f75bbd56,яндекс
m_0166b94c192f,Коэффициент
m_2fba489bb18e,Законы и налоги
m_f0419d0f29bb,Коэффициент
m_724e79a3494f,яндекс
m_393fb2ee3c2a,Коэффициент
m_4e586ba644c1,Коэффициент
m_fb142357344a,Приложение и сбои
m_fb142357344a,Яндекс Про
m_0f472518f4a7,Коэффициент
m_0f472518f4a7,яндекс
m_8baf292c490f,Коэффициент
m_d528475f1ff7,Приложение и сбои
m_d528475f1ff7,Яндекс Про
m_0aa11ef57266,яндекс
m_70338712c152,Коэффициент
m_338eb9bdcd30,яндекс
m_2352bf1391cf,яндекс
m_2d2764d2eca8,Приложение и сбои
m_2d2764d2eca8,Яндекс Про
m_da4c78fb265a,Коэффициент
m_da4c78fb265a,Законы и налоги
m_a95d2ed21034,яндекс
m_83c644684c2e,Коэффициент
m_83c644684c2e,Приложение и сбои
m_8f4997f88901,Коэффициент
m_2a2362f4e31e,Коэффициент
m_c5e331ab50e3,Коэффициент
m_1fc75e85603d,яндекс
m_cdbc843a1265,Коэффициент
m_5be3bfbf2af8,яндекс
m_e48fae055155,яндекс
m_54cd8b7c0ef6,Коэффициент
m_8d187456e5be,яндекс
m_366ab3d6abc7,яндекс
m_dc5060ffac06,Коэффициент
m_635887e68146,Коэффициент
m_635887e68146,Приложение и сбои
m_91db26114db3,Фастен
m_4ea0de4fd378,яндекс
m_1f2c8c74e867,Законы и налоги
m_212dcdfdaf76,Законы и налоги
m_50fad2f7248b,Фастен
m_cc3c838cd0ba,Фастен
m_ccf1d39dbb42,Законы и налоги
m_7a40dcc7d7e9,Приложение и сбои
m_c6ae455d2055,Приложение и сбои
m_b879200fe7b9,Фастен
m_52a21fd9a201,Коэффициент
m_f69a2ba759fb,Коэффициент
m_460011065f4f,яндекс
m_36830063c5b1,Коэффициент
m_3cc337d28f69,Коэффициент
m_c8d368b0c3d3,Коэффициент
m_7a02dd5a9f72,Коэффициент
m_7a02dd5a9f72,Приложение и сбои
m_7f865d6fedc8,яндекс
m_7f865d6fedc8,Приложение и сбои
m_7f865d6fedc8,Яндекс Про
m_c047fe737d33,Приложение и сбои
m_02d6c2f0968b,яндекс
m_ac7e834147ba,яндекс
m_fd1d9b4aa567,Коэффициент
m_ece1cf2bf05d,яндекс
m_becf48039469,Фастен
m_d9e2e1caecdd,яндекс
m_e307f55895b7,Коэффициент
m_2ef69c2801b1,яндекс
m_1377ff9a0fb2,WB Такси
m_c1fac89536ee,яндекс
m_2bbf0a390649,яндекс
m_6a129b0435fc,Коэффициент
m_1b6b16d13069,яндекс
m_8bf970c45b64,яндекс
m_3ac30f28cf3f,Приложение и сбои
m_0557cee47527,Фастен
m_52a67d22ee09,Коэффициент
m_7d8d8a923ca6,яндекс
m_c1b04d8f080f,Коэффициент
m_8b751cf0d5ff,Коэффициент
m_88e17a4d0285,яндекс
m_650c7c662c62,Коэффициент
m_c4e1512b2fe0,яндекс
m_a459103672f7,Законы и налоги
m_85a36a75be32,Коэффициент
m_98e416462f44,Коэффициент
m_7ca6011283d1,яндекс
m_197406c6c4a6,яндекс
m_4840c6352b0e,Коэффициент
m_c864a8109f4a,яндекс
m_b718be9010b0,яндекс
m_28b8ffb3921c,Коэффициент
m_366e33fc27e2,яндекс
m_d5add07cb3ce,яндекс
m_9b5b876d1571,Приложение и сбои
m_bade2d2722d3,Приложение и сбои
m_bade2d2722d3,Яндекс Про
m_ce2b6afe1b20,Коэффициент
m_3b2933a70137,яндекс
m_37c7488a2a42,Фастен
m_ee28442af82e,яндекс
m_2bbc40c64eac,WB Такси
m_7cbbad803c60,Коэффициент
m_7cbbad803c60,яндекс
m_6543878d6e5b,Коэффициент
m_6543878d6e5b,яндекс
m_6543878d6e5b,WB Такси
m_274232b85e0d,яндекс
m_58c2f08d55b1,Коэффициент
m_58c2f08d55b1,яндекс
m_e9fc62e4e864,Коэффициент
m_49c1ddd67274,яндекс
m_9b9c79a15f4b,Приложение и сбои
m_9b9c79a15f4b,Яндекс Про
m_e5fc0c8f3c50,Приложение и сбои
m_e5fc0c8f3c50,Яндекс Про
m_e272d7776761,яндекс
m_3b2a61f10e63,яндекс
m_a38dba7c8b6b,Коэффициент
m_50a9301a49ac,Коэффициент
m_f2ab508acb1d,Приложение и сбои
m_2a20c7173c54,Фастен
m_f9ec4ad29199,яндекс
m_f88c1d4cf4d7,яндекс
m_451ea375484c,Коэффициент
m_bbe4fa440464,Законы и налоги
m_20a7ccba220d,WB Такси
m_854e84af0cbf,яндекс
m_74775a06c3ef,Коэффициент
m_0b39a0d65573,яндекс
m_f580c718456b,Коэффициент
m_865a677132d4,яндекс
m_5cd4a0e18334,яндекс
m_79f7ecb9f2c1,Коэффициент
m_79f7ecb9f2c1,яндекс
m_79f7ecb9f2c1,WB Такси
m_9d2f1cd7a5e2,яндекс
m_30243d59e979,Фастен
m_b781d00ce3d7,яндекс
m_e522860ea81d,Фастен
m_0557bddb57ca,Коэффициент
m_608dce25f552,Коэффициент
m_8e4d7d46b25d,яндекс
m_724e82eb44d4,Законы и налоги
m_d965031658e0,яндекс
m_59d5bd47d985,яндекс
m_3f9f624a5bd0,Приложение и сбои
m_b7ca236d25de,Коэффициент
m_0a181f1c90c6,Коэффициент
m_fca719e3387a,яндекс
m_3c5ec3a394be,яндекс
m_80594c86a514,Законы и налоги
m_e22fe161aa35,Законы и налоги
m_875462273f47,Приложение и сбои
m_875462273f47,Яндекс Про
m_9c4e1cda038b,яндекс
m_b9552165009d,Приложение и сбои
m_01886a77f485,Фастен
m_c5a2f543c469,яндекс
m_a9d04f56d73b,яндекс
m_30c5967efd5a,Коэффициент
m_67b0a8771d86,яндекс
m_5e6dae246c91,Законы и налоги
m_5e6dae246c91,яндекс
m_ba00b5fcadcb,Законы и налоги
m_06566cda4688,Законы и налоги
m_157a50c0120f,яндекс
m_3306416d82e8,Коэффициент
m_1fb5b7a72c52,Коэффициент
m_df61c83668cc,яндекс
m_93a639126f84,Коэффициент
m_1c68c40db4eb,яндекс
m_534236d8604f,Законы и налоги
m_43f410a98180,Коэффициент
m_fd608d24f5a2,яндекс
m_fd608d24f5a2,Приложение и сбои
m_fd608d24f5a2,Яндекс Про
m_864995496608,Приложение и сбои
m_864995496608,Яндекс Про
m_6ce6b60e3232,яндекс
m_f49a12a46dd1,яндекс
m_3742bdd4e93b,Коэффициент
m_55475799bb80,Коэффициент
m_0200dc943225,WB Такси
m_0200dc943225,Фастен
m_072fd2c8cb33,Коэффициент
m_2e31b8295af1,яндекс
m_9714b8813862,яндекс
m_9fe0aac8bdde,яндекс
m_0342b8496b26,яндекс
m_a1a64a0abb08,яндекс
m_0a36e0f252f5,Приложение и сбои
m_dadf2c26fa29,Приложение и сбои
m_dadf2c26fa29,Яндекс Про
m_11fd882cc6ae,Фастен
m_22749ff60c80,яндекс
m_7f2335f2e49f,яндекс
m_0d0d378d1882,яндекс
m_de620c3a210a,яндекс
m_293faf75353f,яндекс
m_9dd7a4ea18df,Приложение и сбои
m_9dd7a4ea18df,Яндекс Про
m_e740aa78c814,Коэффициент
m_007f369dc6ef,Коэффициент
m_007f369dc6ef,яндекс
m_007f369dc6ef,WB Такси
m_1e0ed704fa90,Коэффициент
m_2979f4f89e1d,яндекс
m_73a86ae942d9,Коэффициент
m_90cf2cbcbc09,Фастен
m_4cd19a9d844d,Фастен
m_af03cb4db038,яндекс
m_0e34364ec5c7,яндекс
m_b35bcc636ca6,Коэффициент
m_b35bcc636ca6,яндекс
m_d26c927d68a6,Коэффициент
m_db6c1ac2111b,яндекс
m_0969032ad8b4,яндекс
m_9ccc1e38fdc9,яндекс
m_62497be8d07a,Коэффициент
m_b31c4cd515d9,Законы и налоги
m_fae63a841e64,Коэффициент
m_82a9d9293b5d,Коэффициент
m_b85cfe8e3f9a,яндекс
m_31ed3d44e991,Коэффициент
m_53279159b12e,Законы и налоги
m_f52eb68570e8,яндекс
m_4a1938916ab4,яндекс
m_a16365a93d4f,Коэффициент
m_928a19ccf149,яндекс
m_5d16596915d1,яндекс
m_b3125b3158f5,Коэффициент
m_eba3c5094c57,яндекс
m_cbac679feaa8,яндекс
m_69cadeb56c9b,Фастен
m_0e592a6b60a0,Коэффициент
m_eae5b1ded86a,яндекс
m_85a39cd61115,яндекс
m_86917d2e9479,яндекс
m_f92b9f510d08,Приложение и сбои
m_f92b9f510d08,Яндекс Про
m_ee0ccf5d6e5c,яндекс
m_2c5cdb7d0e5c,яндекс
m_a5071f64ebe6,яндекс
m_2d2a31d418a8,яндекс
m_2d2a31d418a8,WB Такси
m_a7cc0b2bb2b9,яндекс
m_68f45ebfaa20,Законы и налоги
m_ecabfc77abdd,Законы и налоги
m_c3eae9d70bd0,яндекс
m_62cd8e4a655a,яндекс
m_b9e4aa75b943,яндекс
m_6b87d7550169,WB Такси
m_629690031b80,Приложение и сбои
m_629690031b80,Яндекс Про
m_cc736fe0f010,Коэффициент
m_49180f498636,WB Такси
m_403f71ed72ad,Коэффициент
m_becb1be3332e,Фастен
m_2889d9511740,Фастен
m_8635f9fdf843,Коэффициент
m_be39419ca277,Коэффициент
m_7a2849809071,Коэффициент
m_52f192423620,яндекс
m_7724e8767079,Коэффициент
m_838956cbd88a,яндекс
m_feffe3d7c6d5,Приложение и сбои
m_feffe3d7c6d5,Яндекс Про
m_b2fc8035b0e4,Приложение и сбои
m_b2fc8035b0e4,Яндекс Про
m_8cc8bd8b3fd1,Приложение и сбои
m_8cc8bd8b3fd1,Яндекс Про
m_74e37cf09286,яндекс
m_a7c5236de756,Фастен
m_4dfad9692a7f,яндекс
m_5fd8a34b9433,яндекс
m_5fd8a34b9433,Приложение и сбои
m_5fd8a34b9433,Яндекс Про
m_7cd128dedaf3,WB Такси
m_bda425dbd588,яндекс
m_13ce844ff5cc,яндекс
m_48b8b789f1ab,Приложение и сбои
m_48b8b789f1ab,Яндекс Про
m_64be4b450e85,яндекс
m_64be4b450e85,Приложение и сбои
m_64be4b450e85,Яндекс Про
m_f39bec92ac5d,Приложение и сбои
m_f39bec92ac5d,Яндекс Про
m_60a19fff8ad6,Законы и налоги
m_8a3199f5c820,Законы и налоги
m_8a3199f5c820,яндекс
m_5cd44eaf56b3,Коэффициент
m_1f4d44b07011,Приложение и сбои
m_1f4d44b07011,Яндекс Про
m_7586fb1950af,яндекс
m_17068ba920f6,Приложение и сбои
m_17068ba920f6,Яндекс Про
m_6c821a66bb38,яндекс
m_44c0aad3ad6c,яндекс
m_2a5d2ce62107,яндекс
m_6c090c404a3b,Коэффициент
m_7df04068b9cf,Коэффициент
m_15399ec21262,яндекс
m_e8d5703e3939,Приложение и сбои
m_e8d5703e3939,Яндекс Про
m_f8061e0a34ac,яндекс
m_4b9f2e2f1d6d,Коэффициент
m_608a899136c7,Коэффициент
m_8cec6ce75576,Законы и налоги
m_fc07dfc5ec77,Коэффициент
m_29679d986a6f,яндекс
m_29679d986a6f,Приложение и сбои
m_29679d986a6f,Яндекс Про
m_8fab7b306898,Приложение и сбои
m_8fab7b306898,Яндекс Про
m_c11827183a69,Коэффициент
m_c5d683f0c28a,Приложение и сбои
m_9aa3a8b761c4,Приложение и сбои
m_e906601b9ef7,Фастен
m_50329e034360,Законы и налоги
m_f01da486b827,яндекс
m_f25ee958f245,Приложение и сбои
m_f25ee958f245,Яндекс Про
m_7b972dceffe5,яндекс
m_7b972dceffe5,Приложение и сбои
m_7b972dceffe5,Яндекс Про
m_0a01c8483b4b,яндекс
m_cba70682204d,Забастовка
m_738dec7eb771,Забастовка
m_f3e57dc300d0,яндекс
m_f3e57dc300d0,Приложение и сбои
m_f3e57dc300d0,Яндекс Про
m_cfa1f306cf96,яндекс
m_cfa1f306cf96,Приложение и сбои
m_cfa1f306cf96,Яндекс Про
m_891b4cef8c0f,яндекс
m_2e7d0f45bfef,яндекс
m_19741d0f3054,WB Такси
m_89519518230f,Законы и налоги
m_89519518230f,яндекс
m_54a9ce8e91e2,Законы и налоги
m_e96c23039d1c,яндекс
m_e96c23039d1c,Приложение и сбои
m_e96c23039d1c,Яндекс Про
m_5411a9c58711,яндекс
m_5411a9c58711,Фастен
m_5411a9c58711,Приложение и сбои
m_5411a9c58711,Яндекс Про
m_25e134269e1f,яндекс
m_1b0ecc8d948a,яндекс
m_14501f9a574c,яндекс
m_8d4b965137a6,яндекс
m_f7ad131e3138,яндекс
m_f7ad131e3138,Приложение и сбои
m_f7ad131e3138,Яндекс Про
m_1a8a59cdac5c,яндекс
m_17ba5e514287,яндекс
m_17ba5e514287,Фастен
m_888dc37f4694,яндекс
m_13a51fb07739,яндекс
m_4dbe4af0688a,Фастен
m_28a726992246,Законы и налоги
m_1d84bb917a56,яндекс
m_a6e8a3b78682,Фастен
m_af319d75daa9,яндекс
m_f6d5ec093d0b,яндекс
m_8724cc050d3e,яндекс
m_2faf98a87326,Коэффициент
m_04e2513848da,яндекс
m_40be93734a80,яндекс
m_6e10599c528b,Коэффициент
m_0f61ff1355aa,Коэффициент
m_6c54f9728a6b,Законы и налоги
m_c3d1bfce9929,яндекс
m_2de0aa89d172,Фастен
m_f9b2cfc39e64,Коэффициент
m_f9b2cfc39e64,яндекс
m_1045e1f5073a,Законы и налоги
m_605fe120202b,Коэффициент
m_605fe120202b,яндекс
m_605fe120202b,WB Такси
m_b29912205c61,яндекс
m_b3b4ba51c72e,Приложение и сбои
m_b3b4ba51c72e,Яндекс Про
m_c0d81980e428,яндекс
m_bc6d161f7b9b,яндекс
m_dcb73bae3e60,яндекс
m_d18fdae66d4c,Фастен
m_7687b7f2deb2,Фастен
m_d498cb9c27d7,яндекс
m_063cd14c6d66,Фастен
m_373208783f93,яндекс
m_eb60da7ec1da,Законы и налоги
m_72e89250458e,Законы и налоги
m_e8c797a4d484,яндекс
m_409df359845d,яндекс
m_5437c1760bdc,яндекс
m_ede156af6a52,яндекс
m_f7290041c0f9,яндекс
m_3f0b8c1f687f,Коэффициент
m_b78fc3c36683,яндекс
m_0d97c7748122,Коэффициент
m_54f2c5e9b524,яндекс
m_78c55d559d0c,яндекс
m_673e99e73b9b,яндекс
m_673e99e73b9b,Приложение и сбои
m_673e99e73b9b,Яндекс Про
m_19723033b298,Коэффициент
m_19723033b298,Приложение и сбои
m_19723033b298,Яндекс Про
m_084fc9f5ffa6,Забастовка
m_3d55f8c37ff6,Приложение и сбои
m_3d55f8c37ff6,Яндекс Про
m_0601016fa75b,Коэффициент
m_0601016fa75b,яндекс
m_e2f70128e5d3,яндекс
m_4b0ccb742a17,Коэффициент
m_cc7b603030c5,Коэффициент
m_991fcc5cd571,яндекс
m_991fcc5cd571,Приложение и сбои
m_991fcc5cd571,Яндекс Про
m_cc676cef98f7,Приложение и сбои
m_cc676cef98f7,Яндекс Про
m_6b8ba10d8e42,Приложение и сбои
m_6b8ba10d8e42,Яндекс Про
m_37551946bfd4,Приложение и сбои
m_37551946bfd4,Яндекс Про
m_d4d3f839c800,яндекс
m_999535782308,яндекс
m_95f4b42e0dc4,WB Такси
m_3062b12aab4d,яндекс
m_79192ff2c6c0,Коэффициент
m_e39c9d97caa7,яндекс
m_beb650691043,Приложение и сбои
m_beb650691043,Яндекс Про
m_19147242a6db,яндекс
m_b715c11fe685,яндекс
m_4905efea8f0e,яндекс
m_795b8a83d892,яндекс
m_961cfdf95716,Коэффициент
m_83c78d2cb7b1,Коэффициент
m_951f6dc0250f,Коэффициент
m_323139af5c55,яндекс
m_3b9b72b4f304,яндекс
m_abe54d07de2e,яндекс
m_7f9532b7997d,яндекс
m_c78dc73feee6,Коэффициент
m_dcdccc2bbfd1,яндекс
m_2f062af20d8b,Коэффициент
m_97499c10013b,яндекс
m_2546d8e4384f,Приложение и сбои
m_2546d8e4384f,Яндекс Про
m_8b1cc05cc7b9,яндекс
m_ae6d5a005385,Приложение и сбои
m_ae6d5a005385,Яндекс Про
m_0290390b2949,яндекс
m_8e63cf804394,яндекс
m_b2b1780e5c1e,Законы и налоги
m_b2b1780e5c1e,яндекс
m_3e47975ec6e1,Законы и налоги
m_3e47975ec6e1,яндекс
m_7541abab1271,яндекс
m_e1ff0ceb2063,Коэффициент
m_e1ff0ceb2063,яндекс
m_922084b76360,Коэффициент
m_922084b76360,яндекс
m_8b25b1e45f04,WB Такси
m_9be461eb2b43,яндекс
m_9be461eb2b43,Приложение и сбои
m_9be461eb2b43,Яндекс Про
m_516f5407921a,яндекс
m_516f5407921a,Приложение и сбои
m_516f5407921a,Яндекс Про
m_b328fc2ae5c2,Фастен
m_11c0a2d17f38,Коэффициент
m_fee11cce935b,Коэффициент
m_cb7acf1dcc22,Коэффициент
m_cb7acf1dcc22,яндекс
m_dcb360599769,Коэффициент
m_dcb360599769,яндекс
m_dcb360599769,Приложение и сбои
m_dcb360599769,Яндекс Про
m_f11f38985c96,WB Такси
m_958a83661f25,яндекс
m_8ef5ce4d8bd6,яндекс
m_16961e3a1501,яндекс
m_a70a5397abbb,Коэффициент
m_a70a5397abbb,яндекс
m_a70a5397abbb,Фастен
m_749f095a34cb,яндекс
m_4623e87bea07,Коэффициент
m_4623e87bea07,яндекс
m_c6461f87cd7f,Коэффициент
m_c6461f87cd7f,яндекс
m_32c92eece57b,яндекс
m_32c92eece57b,Фастен
m_8ac7fc7934ba,Коэффициент
m_06b5c1f5b4e3,яндекс
m_983984855294,яндекс
m_cfcb38fe053c,яндекс
m_d7fef9726b41,Забастовка
m_d24078967042,Коэффициент
m_acccb14bd2d5,Коэффициент
m_cffdbb20a1bb,Коэффициент
m_34b1165fa84f,Забастовка
m_01f5e4cfe2d9,Забастовка
m_be6f4a11cca9,Коэффициент
m_be6f4a11cca9,яндекс
m_082152c9b746,яндекс
m_c68265ad2f2d,яндекс
m_e58cb78c4dc4,яндекс
m_e58cb78c4dc4,WB Такси
m_e31d09f2122e,яндекс
m_3a7d5fb7ecc1,Законы и налоги
m_b62359af5a46,яндекс
m_a747a9d3f2e2,Коэффициент
m_efa74bacb4af,WB Такси
m_81a18da5d720,яндекс
m_81a18da5d720,WB Такси
m_9ca8cdb96290,яндекс
m_fca2312ec58c,Коэффициент
m_5f09d34f5f00,Фастен
m_b71c6b3df289,Фастен
m_5aedf6e80db1,Коэффициент
m_829762692337,яндекс
m_f632dc6c6674,Фастен
m_a8e6329310bc,яндекс
m_3836a29544d6,яндекс
m_49ac997f9302,яндекс
m_5d1369a20d78,яндекс
m_f0e68d2c9984,Коэффициент
m_ce44abe3bdcb,Законы и налоги
m_cd97fed4c1a5,яндекс
m_933e912a6e36,Приложение и сбои
m_933e912a6e36,Яндекс Про
m_c62f86796d79,Приложение и сбои
m_d8ed283dce36,яндекс
m_342bfc55ca39,Коэффициент
m_5d91081cb1ae,Коэффициент
m_ba1d64a7edd7,Фастен
m_2369d7c8f3b3,Фастен
m_f1d5182b693f,яндекс
m_fad008c1e37d,яндекс
m_1e80c40bbc00,Приложение и сбои
m_71cc0c744359,Законы и налоги
m_71cc0c744359,Приложение и сбои
m_71cc0c744359,Яндекс Про
m_79892d000aaf,яндекс
m_a400427e9bb1,яндекс
m_8888d6891e5b,Законы и налоги
m_ef4ddd294f65,Законы и налоги
m_6e78d96e786c,яндекс
m_da71c9b31714,Законы и налоги
m_50b2fd7bd87d,яндекс
m_ac164a3588c3,яндекс
m_e95dff92766c,WB Такси
m_2a4b00ce0556,Коэффициент
m_2e5d53ced398,Законы и налоги
m_b29bff0ced38,Законы и налоги
m_4b7411b5b798,Забастовка
m_66eacb1047f4,Фастен
m_fc176061ed02,яндекс
m_fc176061ed02,WB Такси
m_9c9ef10518a3,Законы и налоги
m_270b5d1cf719,Законы и налоги
m_cc1efe51b451,яндекс
m_cc1efe51b451,Фастен
m_cc1efe51b451,Приложение и сбои
m_cc1efe51b451,Яндекс Про
m_acf39c8be7b9,Приложение и сбои
m_acf39c8be7b9,Яндекс Про
m_d90073bb7197,Законы и налоги
m_815a458a4a7d,Законы и налоги
m_ed11393a5b15,Законы и налоги
m_39584b87f91d,Законы и налоги
m_0fa243eb8ce0,Законы и налоги
m_5d4300edba9e,Коэффициент
m_e31f9cf23783,Законы и налоги
m_9ca578d26801,Коэффициент
m_f3757da26b33,Законы и налоги
m_b6d2c22188b3,Коэффициент
m_a58061126bd0,Коэффициент
m_400fbff7bc9d,Законы и налоги
m_8335ff0b2db1,Законы и налоги
m_b312a1e202f0,яндекс
m_c98a0c00fc1e,яндекс
m_7eb761a19806,Законы и налоги
m_e08e07f19fa8,Законы и налоги
m_82e0f111e0c9,Коэффициент
m_82e0f111e0c9,яндекс
m_36e4f7807d26,Приложение и сбои
m_36e4f7807d26,Яндекс Про
m_c70f9dd31e23,Законы и налоги
m_1a237a6a57af,Приложение и сбои
m_b36ad576c3ea,Законы и налоги
m_2d7d55466a6c,Законы и налоги
m_d56e449b221e,Законы и налоги
m_a84a6d188c72,Законы и налоги
m_5b04f89721dd,Законы и налоги
m_eacff69c2be1,Законы и налоги
m_3c8bdb1fd351,яндекс
m_92eaf0519dca,Законы и налоги
m_92eaf0519dca,яндекс
m_07d2176fceeb,яндекс
m_431d47c7f2c6,Коэффициент
m_97589de2193e,Коэффициент
m_418d2703719e,Законы и налоги
m_6b7ee414e62b,Коэффициент
m_29492d6af861,Приложение и сбои
m_29492d6af861,Яндекс Про
m_efc22f79eb40,Законы и налоги
m_4e18c7aba756,Коэффициент
m_4e18c7aba756,яндекс
m_73d4761ad758,Приложение и сбои
m_73d4761ad758,Яндекс Про
m_f1ac6642c76b,Коэффициент
m_24ce778b7d62,Коэффициент
m_614b0c9f476e,Приложение и сбои
m_614b0c9f476e,Яндекс Про
m_624e1a37177a,яндекс
m_d5cbee9a3e88,Законы и налоги
m_3f904028d039,Коэффициент
m_aea41e4a6c35,Коэффициент
m_ce95a9e5e58a,Коэффициент
m_3b4689207c35,Законы и налоги
m_9d498f255926,Законы и налоги
m_9d498f255926,Забастовка
m_f9e1393f9117,яндекс
m_2e4bc9b12d7f,Законы и налоги
m_c393cfab5ae8,Законы и налоги
m_616b9be80503,Коэффициент
m_201b144ae593,яндекс
m_4ff51bfcc1a3,Приложение и сбои
m_ebdeb3c48c68,Законы и налоги
m_ba205b65ad6b,яндекс
m_2109cc129f07,яндекс
m_175abe54e1a3,Законы и налоги
m_d24d789499e2,Законы и налоги
m_d24d789499e2,яндекс
m_aa99a8a8bc28,Коэффициент
m_195822a38cd0,Коэффициент
m_fef760999150,Приложение и сбои
m_fef760999150,Яндекс Про
m_1da67c4f5af8,Приложение и сбои
m_1da67c4f5af8,Яндекс Про
m_aeaf124518f4,Законы и налоги
m_a005ee412abd,Коэффициент
m_77acfad9b641,Законы и налоги
m_77acfad9b641,яндекс
m_bfeac7bd5af3,Законы и налоги
m_dc932a369da1,Законы и налоги
m_efbf8491bf26,яндекс
m_22757e77e270,Законы и налоги
m_513268e70e83,яндекс
m_e27e6f0e7308,яндекс
m_8a571c9b1c19,Законы и налоги
m_f4da373ac44c,Приложение и сбои
m_f4da373ac44c,Яндекс Про
m_683dc8d7480d,Коэффициент
m_683dc8d7480d,яндекс
m_683dc8d7480d,Фастен
m_ca379e20e66c,Коэффициент
m_0b85f5086b22,Законы и налоги
m_8f5ecd13b501,Законы и налоги
m_48464ba3772e,WB Такси
m_01dca6b8c597,яндекс
m_d6b142cf8900,Законы и налоги
m_f171f7efd24b,яндекс
m_c447afbc77ff,яндекс
m_4c2d5d654291,Коэффициент
m_95ce3f44e4e1,Законы и налоги
m_fb8ff714e2ba,яндекс
m_fb8ff714e2ba,Приложение и сбои
m_fb8ff714e2ba,Яндекс Про
m_ec208e3523bd,Законы и налоги
m_c05aa1a79924,Законы и налоги
m_3edf44dda082,яндекс
m_6a99ed414dbd,Коэффициент
m_5f7e21ed5e82,Законы и налоги
m_e18497d846f2,яндекс
m_e35f104afa56,яндекс
m_f1e0d89f52c9,яндекс
m_1cf563f1bd5b,Приложение и сбои
m_1cf563f1bd5b,Яндекс Про
m_0c38eb135364,Коэффициент
m_1bb9fe8dfbb6,яндекс
m_a54b1a25a73b,яндекс
m_b51f500f7d2b,яндекс
m_2b50bcf79fab,яндекс
m_294a2f85cb94,яндекс
m_294a2f85cb94,Приложение и сбои
m_6dc48d376a6d,Законы и налоги
m_1686fcd0f92e,Законы и налоги
m_5595592d6ebf,яндекс
m_3ad6ebdd8f81,яндекс
m_c8b260730f77,Коэффициент
m_c8b260730f77,Законы и налоги
m_c8b260730f77,Приложение и сбои
m_c8b260730f77,Яндекс Про
m_2da7d14a9a51,Коэффициент
m_2da7d14a9a51,Законы и налоги
m_2da7d14a9a51,Приложение и сбои
m_2da7d14a9a51,Яндекс Про
m_92d3c21294b6,Законы и налоги
m_808257ed6fa5,Законы и налоги
m_ae22bad6ba8d,Законы и налоги
m_7de2ccf68d64,Коэффициент
m_7de2ccf68d64,яндекс
m_ef8dca762f3c,Коэффициент
m_2c58b0510c26,Законы и налоги
m_a7db23b5fe22,Законы и налоги
m_9affbffa32d2,яндекс
m_9576079aacf5,Законы и налоги
m_12a1cf463002,яндекс
m_ffb08cf2aeeb,Коэффициент
m_8948aa95ef3f,яндекс
m_3704187482a0,WB Такси
m_b17d9f7ea0d2,яндекс
m_8588b5c5ae6e,яндекс
m_9d6b7b0ce1ca,яндекс
m_cbc422269d15,Коэффициент
m_6920d0f948ee,Законы и налоги
m_6920d0f948ee,яндекс
m_6920d0f948ee,Приложение и сбои
m_6920d0f948ee,Яндекс Про
m_874d7ad5193d,Законы и налоги
m_874d7ad5193d,яндекс
m_874d7ad5193d,Приложение и сбои
m_874d7ad5193d,Яндекс Про
m_b9d2dbf9ecc5,яндекс
m_d2a4175a1357,яндекс
m_e3e4a0dc0880,Коэффициент
m_0a6018fbd4ea,яндекс
m_95f74e71cdd5,Законы и налоги
m_4a78d9406bec,яндекс
m_e5daf34a53ed,яндекс
m_6f0648899c6a,яндекс
m_e648792bb354,Законы и налоги
m_e648792bb354,яндекс
m_83cfaa2bfb9c,Коэффициент
m_83cfaa2bfb9c,яндекс
m_83cfaa2bfb9c,Фастен
m_83cfaa2bfb9c,Приложение и сбои
m_83cfaa2bfb9c,Яндекс Про
m_1d23a46d3a51,Законы и налоги
m_1659d24128ce,Коэффициент
m_40a0ea428847,яндекс
m_3de62c9a3a4b,Коэффициент
m_f93cc424b831,Коэффициент
m_5dffef8251d2,Коэффициент
m_dd8f439f62d8,Фастен
m_3474f17f930f,яндекс
m_a68cba59cf04,Законы и налоги
m_db449fedd021,Коэффициент
m_ec6a5a136f26,яндекс
m_98737c4285b3,Коэффициент
m_5c6269967e80,Законы и налоги
m_8d435ba1412a,яндекс
m_8d435ba1412a,Приложение и сбои
m_cda7c30fe1b9,яндекс
m_82db6561f745,яндекс
m_17c913f00d92,яндекс
m_4ecf6a29afd6,Фастен
m_3f3e6fc8f3e9,Коэффициент
m_363788e1d9e3,Законы и налоги
m_bb9853a12712,Коэффициент
m_fd0497074a74,яндекс
m_f7b0374fc7c3,Приложение и сбои
m_8f5c1f1bf7c5,Законы и налоги
m_827227856e88,Законы и налоги
m_6d139d001726,яндекс
m_8a8406849c4a,Законы и налоги
m_ce7a34c8b07c,Законы и налоги
m_f747c0d88796,Законы и налоги
m_b98b6872df35,яндекс
m_8ac92176ffa8,яндекс
m_1e5147c56b59,яндекс
m_18a0416ae9b0,Законы и налоги
m_918381d54a51,яндекс
m_feaf72dca507,яндекс
m_feaf72dca507,Фастен
m_38225d1ae1bc,Законы и налоги
m_38225d1ae1bc,яндекс
m_9b20df4ca175,яндекс
m_b8c2e718fba3,Законы и налоги
m_b2e264f5075d,Законы и налоги
m_5f377c13450d,яндекс
m_ea978218d883,яндекс
m_ea978218d883,Приложение и сбои
m_ea978218d883,Яндекс Про
m_6019eebf4b0b,яндекс
m_6019eebf4b0b,Приложение и сбои
m_6019eebf4b0b,Яндекс Про
m_1cdfae3931f5,Коэффициент
m_480f9be2a0e6,Коэффициент
m_3398c9069797,Приложение и сбои
m_3398c9069797,Яндекс Про
m_b5d5242491aa,яндекс
m_e8d28074f2c7,Коэффициент
m_72e35a5fe577,Законы и налоги
m_b63d111cedef,Законы и налоги
m_012404c12ad7,Коэффициент
m_db875306f51d,Коэффициент
m_24cbbe6834c2,Коэффициент
m_24cbbe6834c2,яндекс
m_bc23501765c3,Законы и налоги
m_ba32356e0863,Законы и налоги
m_1bc09e55ff94,Законы и налоги
m_2bfd2ee9166b,Приложение и сбои
m_2bfd2ee9166b,Яндекс Про
m_719ee23c097b,яндекс
m_eb2b4c9c247b,Законы и налоги
m_f6fd61251a24,Фастен
m_b8da9a3982ea,яндекс
m_1819a981e1ff,Коэффициент
m_32a927731cfc,Коэффициент
m_5336e7655ac7,яндекс
m_2a5fd2cc0aca,Коэффициент
m_ae0345a1556c,яндекс
m_4dab13e6cc69,яндекс
m_42838c8c704c,Законы и налоги
m_5ecc33102c07,Коэффициент
m_15d6a6fbf264,яндекс
m_15d6a6fbf264,Фастен
m_ff88189f73e9,Приложение и сбои
m_b11de79c992f,яндекс
m_bd3ae6cd9556,Законы и налоги
m_61512e0dac07,Фастен
m_5ceb325235dc,яндекс
m_577c2fef2018,яндекс
m_46305219cd98,яндекс
m_e00c1b838ae0,Коэффициент
m_492ef351aeb4,яндекс
m_89285490df7e,Фастен
m_43f173d1052e,Законы и налоги
m_141ae2209e1d,яндекс
m_ffab3b914606,Приложение и сбои
m_ffab3b914606,Яндекс Про
m_1db44c09f298,яндекс
m_8cb60e0e610f,Приложение и сбои
m_8cb60e0e610f,Яндекс Про
m_e53da8839f55,Законы и налоги
m_750b7538a2c6,Законы и налоги
m_9f381c4abe77,яндекс
m_fc487d98d811,Законы и налоги
m_8d3dbcf2d5e9,яндекс
m_271f40f70329,Фастен
m_c9ab83fc8e67,яндекс
m_c9ab83fc8e67,WB Такси
m_faade0ef9404,Коэффициент
m_42e21e80b52a,Коэффициент
m_e6ab25b1a291,Приложение и сбои
m_e6ab25b1a291,Яндекс Про
m_1e6ea687a660,Коэффициент
m_ba173ef5daa5,Фастен
m_f38d45f1fae0,Фастен
m_4da5bf956c1b,Приложение и сбои
m_8ff8e94c7062,Приложение и сбои
m_8ff8e94c7062,Яндекс Про
m_f9664ae6c07e,яндекс
m_e041e572cb77,яндекс
m_3377d068554a,яндекс
m_3377d068554a,Фастен
m_0e69d1412f7e,Фастен
m_bb045c4cb017,Законы и налоги
m_3523b0ccabfa,яндекс
m_0845d001f5ee,яндекс
m_af79b80d0b56,WB Такси
m_22d8b229b15b,WB Такси
m_9b255d4f6779,яндекс
m_8203222b3a22,Коэффициент
m_962510ffda71,яндекс
m_962510ffda71,Приложение и сбои
m_962510ffda71,Яндекс Про
m_5c390d6723c3,яндекс
m_8e29cc44ba87,WB Такси
m_9e3fff574e8a,яндекс
m_9e3fff574e8a,Приложение и сбои
m_9e3fff574e8a,Яндекс Про
m_63790b45d72e,Приложение и сбои
m_2107f774131d,Коэффициент
m_64d0388a00ee,Коэффициент
m_64d0388a00ee,яндекс
m_64d0388a00ee,Приложение и сбои
m_64d0388a00ee,Яндекс Про
m_afda9912adee,Коэффициент
m_99391a81a2b9,Коэффициент
m_e71a023a1aa0,яндекс
m_b78261207b21,яндекс
m_5385b31ba46d,яндекс
m_a9965910accb,Приложение и сбои
m_6498269b820e,яндекс
m_481629f6b853,Коэффициент
m_481629f6b853,яндекс
m_0be5e966c221,Забастовка
m_c660fa2a234f,Коэффициент
m_94ca81043533,яндекс
m_dd7caccfb96b,Приложение и сбои
m_efaa7e9fd26b,Коэффициент
m_3ebe597cc5ae,яндекс
m_0de97bc9945d,яндекс
m_0de97bc9945d,Приложение и сбои
m_0de97bc9945d,Яндекс Про
m_52731d8d67c0,Коэффициент
m_756a2c453121,яндекс
m_faf81228ebfb,Коэффициент
m_24c893d30dc5,Законы и налоги
m_24c893d30dc5,яндекс
m_955cf573866c,яндекс
m_93d3f104d474,Коэффициент
m_8584cacd9625,яндекс
m_4258cdd8b8f1,Коэффициент
m_f4031180f3b2,Коэффициент
m_f4031180f3b2,яндекс
m_036beb4d0fcc,яндекс
m_9054ff8f538a,яндекс
m_9054ff8f538a,Фастен
m_d47e8f7cd7c0,Коэффициент
m_c890f99aac8a,Законы и налоги
m_183b8731a6aa,Коэффициент
m_526adad89d26,Коэффициент
m_526adad89d26,яндекс
m_526adad89d26,Фастен
m_c9d597d7e646,яндекс
m_c9d597d7e646,Приложение и сбои
m_61a89a60bab8,яндекс
m_c411f82dcef6,Приложение и сбои
m_f4895ae3921d,яндекс
m_6c5250ac16b5,Законы и налоги
m_0ebd7b64ba27,Законы и налоги
m_3601e2029dab,Коэффициент
m_1b10b626e02c,Коэффициент
m_28354e534205,Коэффициент
m_9c202cbd0d1f,Коэффициент
m_506134528123,яндекс
m_33aba0d6a076,Законы и налоги
m_d70f44085731,яндекс
m_e97ab2336e94,Фастен
m_06e376db818e,Коэффициент
m_0144a88acce0,Коэффициент
m_b762b2fa0705,яндекс
m_b3f92f63493d,Коэффициент
m_7dacada6a1c0,Коэффициент
m_57f57d5a2da4,яндекс
m_57f57d5a2da4,Фастен
m_6d6416dc924d,Коэффициент
m_6d6416dc924d,яндекс
m_f7a51acf4bc1,Коэффициент
m_6a42a28e5fca,Коэффициент
m_6a42a28e5fca,яндекс
m_9d27f08d8b01,яндекс
m_b823afb7040f,яндекс
m_e06ffa247c55,Приложение и сбои
m_e06ffa247c55,Яндекс Про
m_669e0fe4abdc,Коэффициент
m_906cec7db73f,яндекс
m_ebf484350967,Законы и налоги
m_bf2379b2dbc3,Законы и налоги
m_f9ec28e5eafb,Приложение и сбои
m_f9ec28e5eafb,Яндекс Про
m_7605a1c02ed5,Приложение и сбои
m_7605a1c02ed5,Яндекс Про
m_7462678df069,Приложение и сбои
m_7462678df069,Яндекс Про
m_9f958417d05a,Коэффициент
m_d9fa07e4213c,Законы и налоги
m_d9fa07e4213c,яндекс
m_8903d751f05e,Законы и налоги
m_8903d751f05e,яндекс
m_9b35f1c7b993,Коэффициент
m_c518356449df,Законы и налоги
m_e23f9e3a84b4,Коэффициент
m_6a9c630fe7c4,Законы и налоги
m_3bdbf0ec3ad6,Коэффициент
m_a62ea40cd847,Приложение и сбои
m_a62ea40cd847,Яндекс Про
m_9f1a38d33446,Фастен
m_32edbbff36a9,яндекс
m_da6ed3690d65,Коэффициент
m_da6ed3690d65,Законы и налоги
m_da6ed3690d65,яндекс
m_eaf8ef88a707,яндекс
m_8a08b926aac0,яндекс
m_8a08b926aac0,WB Такси
m_34df2e4b6b45,Коэффициент
m_0c416bc5df18,Коэффициент
m_0c416bc5df18,яндекс
m_e0b4adf93b05,Коэффициент
m_1c4b3beed22a,яндекс
m_1c4b3beed22a,Приложение и сбои
m_1c4b3beed22a,Яндекс Про
m_ff8b998fc48f,Коэффициент
m_28505427f34a,Приложение и сбои
m_28505427f34a,Яндекс Про
m_d56055709fc8,Фастен
m_1f9bdcf2229d,яндекс
m_1f9bdcf2229d,Фастен
m_c24faec53a0f,Фастен
m_917f7e079eae,яндекс
m_917f7e079eae,Фастен
m_4e0f661f5ad3,Коэффициент
m_13c1653a70c5,Приложение и сбои
m_13c1653a70c5,Яндекс Про
m_cc7933e14476,Фастен
m_2eaec8c2c6a5,Законы и налоги
m_7368c3a9ef2c,яндекс
m_f324cc148a01,Коэффициент
m_aadb67d536d9,Коэффициент
m_9174c39fc371,Фастен
m_4eebad673f7c,Приложение и сбои
m_4eebad673f7c,Яндекс Про
m_12202880aef4,яндекс
m_12202880aef4,Фастен
m_6a97d2f5e045,Фастен
m_20050ec3a709,Коэффициент
m_20050ec3a709,яндекс
m_50cc3f22688d,Фастен
m_ff9459295a18,яндекс
m_d83b04233b15,яндекс
m_222fe01b9319,Фастен
m_25b24485c991,Коэффициент
m_25b24485c991,яндекс
m_25b24485c991,Фастен
m_57fd23ed5fe7,яндекс
m_0392a6e67f6f,Коэффициент
m_064fb8a2cdbd,Коэффициент
m_3866a6dcd598,Коэффициент
m_3866a6dcd598,Законы и налоги
m_3866a6dcd598,яндекс
m_3866a6dcd598,Фастен
m_93062f69d839,яндекс
m_f875ff37c692,яндекс
m_f875ff37c692,Фастен
m_953edc1ff690,яндекс
m_332d6a8c41fe,Коэффициент
m_6aad37021bef,Коэффициент
m_740757b5ac4f,Коэффициент
m_f9baf1676385,Законы и налоги
m_11b81b9abec7,яндекс
m_833370c41a50,Фастен
m_1ece7ab1674c,яндекс
m_3c90758bc036,яндекс
m_1c475af4d901,яндекс
m_c5d8859d3242,Коэффициент
m_5d7ff0823426,Коэффициент
m_5d7ff0823426,яндекс
m_f08f0a9c420e,яндекс
m_b8d9c87e53bb,яндекс
m_1402287ecfbb,Коэффициент
m_132384ce7b00,Коэффициент
m_dcd80c535670,Приложение и сбои
m_dcd80c535670,Яндекс Про
m_c5e1c1e8f2f5,яндекс
m_c5e1c1e8f2f5,WB Такси
m_6225604ae662,Законы и налоги
m_7655d4cf36ff,яндекс
m_7655d4cf36ff,Приложение и сбои
m_7655d4cf36ff,Яндекс Про
m_a79e4eb775ce,яндекс
m_5f6ad30f2293,яндекс
m_90c18fdee66f,яндекс
m_90c18fdee66f,Приложение и сбои
m_90c18fdee66f,Яндекс Про
m_e9acf4193b67,яндекс
m_d3a8dc326ce8,Приложение и сбои
m_d3a8dc326ce8,Яндекс Про
m_e7c59d8e9c9d,Коэффициент
m_a63d746bfb30,Коэффициент
m_42ebc0eed708,Фастен
m_4571defa830d,Коэффициент
m_d34d8b719e6e,яндекс
m_360f5a3d0a30,Законы и налоги
m_09988ca3aa7d,яндекс
m_4f2dc62306fc,WB Такси
m_d12f9fa250fa,яндекс
m_b746e50a217c,яндекс
m_b746e50a217c,Приложение и сбои
m_b746e50a217c,Яндекс Про
m_3dcd0779d19e,яндекс
m_3dcd0779d19e,Приложение и сбои
m_3dcd0779d19e,Яндекс Про
m_48be35665734,Законы и налоги
m_d00b0b25cc3e,Законы и налоги
m_36faca69d984,яндекс
m_b8f7e880d633,Законы и налоги
m_326666fbd20c,Законы и налоги
m_5dc43025e54b,яндекс
m_ff1bfd3e7564,яндекс
m_d9cb7feb36ab,Коэффициент
m_b6d4e57b0f73,Коэффициент
m_21bed3871770,яндекс
m_b4d0147c8929,Законы и налоги
m_72f904895c53,яндекс
m_afa8078500ca,Коэффициент
m_75357462af7a,Законы и налоги
m_2087281a9193,Коэффициент
m_3b85f450d65d,Законы и налоги
m_3b85f450d65d,яндекс
m_1bbee58c24de,Коэффициент
m_2badf56a2d5e,яндекс
m_e247d408bf25,яндекс
m_71d6eb64926f,яндекс
m_0b17ea2860e0,яндекс
m_73a701abcc67,Фастен
m_1b52a6f67b79,яндекс
m_b9220ffef875,Приложение и сбои
m_b9220ffef875,Яндекс Про
m_b985be9e9a7a,Коэффициент
m_b985be9e9a7a,яндекс
m_2e05deddf5c9,Коэффициент
m_dee98bdf51f7,Коэффициент
m_057f39a0dc4d,Законы и налоги
m_57f9a25b4ff4,Законы и налоги
m_633e2b02a299,Коэффициент
m_633e2b02a299,яндекс
m_88ab175e4f59,Коэффициент
m_28060462a785,Коэффициент
m_28060462a785,яндекс
m_bc15a26c6028,Коэффициент
m_b04f749cf3ff,Коэффициент
m_b04f749cf3ff,яндекс
m_ac0e783f319d,Коэффициент
m_8efd84a56186,Коэффициент
m_e4f3371e404a,Коэффициент
m_f8f65f430978,яндекс
m_d1b3535f5a97,Коэффициент
m_96786d6c9f21,яндекс
m_c45b4b6d457c,WB Такси
m_0144e30e4fef,Коэффициент
m_a872422c75f2,Коэффициент
m_a872422c75f2,яндекс
m_b8b7165bb6ef,Забастовка
m_34b4b5b4ca47,яндекс
m_34b4b5b4ca47,WB Такси
m_9ee19c8f2db9,WB Такси
m_9e0a2525d65e,яндекс
m_9e0a2525d65e,WB Такси
m_e26f68681fc4,Коэффициент
m_03db111ed10c,WB Такси
m_8858c0b5fd69,WB Такси
m_ea196523e577,WB Такси
m_49908617fe14,Коэффициент
m_4d6b17c07f05,яндекс
m_1064bb4eb596,Законы и налоги
m_d9a85965563c,Приложение и сбои
m_521cdca72b34,Фастен
m_88250e06afe0,яндекс
m_ab19a0595dd5,яндекс
m_9c2a540125e3,Законы и налоги
m_9c2a540125e3,яндекс
m_aa32a59d55f4,Коэффициент
m_09eb54ca399d,яндекс
m_458c5e2ff941,Коэффициент
m_799b768c1b4e,яндекс
m_7a482b0c8df4,яндекс
m_226536bc57e0,Законы и налоги
m_7ce5f3ee9627,яндекс
m_b8bdd8a23d2e,яндекс
m_73fa55f2f105,Коэффициент
m_a1bc05a6bd3e,Коэффициент
m_62ae7e2cbde5,Фастен
m_d3ec00aad0c0,яндекс
m_a32aff868b05,яндекс
m_7582db599221,Коэффициент
m_7582db599221,яндекс
m_1e974a06f453,Фастен
m_1cf3a5ce9d6e,Коэффициент
m_fa9e32cb3b26,яндекс
m_fa9e32cb3b26,Фастен
m_fa9e32cb3b26,Приложение и сбои
m_fa9e32cb3b26,Яндекс Про
m_aaa42318a4f8,яндекс
m_97bb23725d8f,Коэффициент
m_7faf7a644f68,Фастен
m_fc235f88c8e2,Фастен
m_c8a3e7b51518,яндекс
m_6e40f2ba3839,яндекс
m_73b87f650932,яндекс
m_a0ef8282b645,WB Такси
m_c8fda5b961a2,яндекс
m_bffa3249c775,яндекс
m_7c426cb32119,яндекс
m_904dccb23efd,Фастен
m_dd82bed3220a,Фастен
m_08c6bfd15b83,WB Такси
m_c85a1c36b696,WB Такси
m_21fc1f6268f0,Коэффициент
m_422ac2937751,Коэффициент
m_888126d7d72b,Коэффициент
m_12d7417fd58a,Коэффициент
m_0737fe053ae0,яндекс
m_e970d8ce63a3,яндекс
m_6fd4bd6c11ad,яндекс
m_d7c9cd48792e,яндекс
m_6ae068f107b6,Коэффициент
m_12d8b9958c50,яндекс
m_8788000596ca,яндекс
m_8788000596ca,Приложение и сбои
m_8788000596ca,Яндекс Про
m_65735ceea178,Коэффициент
m_9b506f212c7e,Забастовка
m_7cfbc2682935,яндекс
m_8906f4b811db,Законы и налоги
m_2566b96935f2,яндекс
m_2616824741a8,яндекс
m_2616824741a8,WB Такси
m_e9e1dc3be97b,яндекс
m_deef5b6998d6,яндекс
m_e19092ae677f,яндекс
m_af2f673e1d28,яндекс
m_55281b5b88e9,яндекс
m_8d863592c2ed,яндекс
m_8d863592c2ed,Фастен
m_7130b424f45a,Законы и налоги
m_7130b424f45a,Забастовка
m_846592651fed,Законы и налоги
m_d840af9a5d50,яндекс
m_ab38388965e6,Коэффициент
m_7d2efaba6cbd,яндекс
m_71541044d67f,Законы и налоги
m_b2675a7741e6,яндекс
m_96fcad364478,яндекс
m_5fffba6f13ac,яндекс
m_db48beb26394,Фастен
m_abe2061808f4,яндекс
m_abe2061808f4,Фастен
m_4522c66eeb57,Коэффициент
m_4b6557cc6a21,Фастен
m_f426d96773b4,Фастен
m_336917ef568a,яндекс
m_4dd8c72b7f92,Фастен
m_74d6e78b2d56,яндекс
m_5e75af2a821f,Фастен
m_58bd03e28ae8,яндекс
m_67abc4bc1b7e,Фастен
m_519c9388ae1e,яндекс
m_041748596cb8,Фастен
m_ee4c8c3dd7bc,Фастен
m_809dccbda24b,Фастен
m_7c8bd742792f,Приложение и сбои
m_d06632108455,Фастен
m_d06632108455,Приложение и сбои
m_d06632108455,Яндекс Про
m_80886d65a316,Коэффициент
m_d154b2aceee0,яндекс
m_d154b2aceee0,Фастен
m_9da2ee0a240f,Приложение и сбои
m_9da2ee0a240f,Яндекс Про
m_2194fb19a8cc,Коэффициент
m_2194fb19a8cc,яндекс
m_3ab93d0be3dd,яндекс
m_3ab93d0be3dd,Фастен
m_fb1b5bd43e7b,яндекс
m_2c714d6e2e99,Коэффициент
m_5705ef2a73a1,яндекс
m_e5c6d1938140,Коэффициент
m_fa35d56cf011,Коэффициент
m_3db1e336d37c,Коэффициент
m_3db1e336d37c,Забастовка
m_46885cf66f92,яндекс
m_a67a50eab3aa,яндекс
m_6302b6fd2bdd,Коэффициент
m_bd868b3235c2,Коэффициент
m_c802f73e38c6,Коэффициент
m_115e76847e74,яндекс
m_cbe75e151168,Коэффициент
m_4bd84e2d7da8,Коэффициент
m_2e58c3380ec4,яндекс
m_2e58c3380ec4,Фастен
m_560aae0851ed,яндекс
m_5822d33f8006,яндекс
m_af127eea3913,Законы и налоги
m_af127eea3913,яндекс
m_af127eea3913,Забастовка
m_89c45125ed27,яндекс
m_03bfe571eed0,яндекс
m_8350a3e53d5a,Коэффициент
m_8350a3e53d5a,яндекс
m_f23e86881f72,яндекс
m_af9b8055556c,яндекс
m_5bf8e015a5ab,Коэффициент
m_750e73845872,яндекс
m_505f1e0503cf,Коэффициент
m_9ea778137a5e,яндекс
m_9ea778137a5e,Фастен
m_3d0b569790a4,Фастен
m_166c30bbe816,яндекс
m_eda054404e21,Коэффициент
m_6f3cfc54d1c6,Законы и налоги
m_1bd3de5e17bf,яндекс
m_617d222927d9,яндекс
m_85507f0e25ae,яндекс
m_ed8b3fb1ffc6,Законы и налоги
m_6dc9128c50e9,яндекс
m_ff1df5d67550,Коэффициент
m_ff1df5d67550,яндекс
m_98b2d45e34d3,Законы и налоги
m_2399f43b89e3,яндекс
m_d78cc02714fb,яндекс
m_26e7e410dc2e,Коэффициент
m_f0e57fd2182a,Коэффициент
m_7e0884205e67,Коэффициент
m_6c63c8cb6f14,Приложение и сбои
m_6c63c8cb6f14,Яндекс Про
m_424894e81888,Коэффициент
m_287e6f10d5e4,Приложение и сбои
m_82fc22c34cc2,яндекс
m_cba403e923f6,Коэффициент
m_cba403e923f6,яндекс
m_cba403e923f6,Приложение и сбои
m_cba403e923f6,Яндекс Про
m_4a186df88195,яндекс
m_eea70b0a5ddc,яндекс
m_34e4c366d981,яндекс
m_6775b4401219,яндекс
m_a0c8b46ddaa9,Коэффициент
m_5476ca3f2bbe,Коэффициент
m_37075b4bd2c6,Приложение и сбои
m_37075b4bd2c6,Яндекс Про
m_6fbcf183acb7,Коэффициент
m_0c4b7f547558,Коэффициент
m_0c4b7f547558,Приложение и сбои
m_318cc8350e88,Законы и налоги
m_c322d023265a,Фастен
m_f8e2094fb812,Коэффициент
m_8f2f62fc0ab3,яндекс
m_47684eaeb4eb,Приложение и сбои
m_34ddd27b6162,яндекс
m_7aaa7756b96f,яндекс
m_7aaa7756b96f,Фастен
m_a7b59701dc9c,Фастен
m_f65d9202c936,Фастен
m_6e4c1373a805,Фастен
m_450a4fdd7180,Фастен
m_f682636bdd9d,Приложение и сбои
m_21bc11cacbe8,Приложение и сбои
m_21bc11cacbe8,Яндекс Про
m_f8b9a155b7b3,Фастен
m_28687e59add9,яндекс
m_a91699946094,яндекс
m_d6fd9ac4a4f5,яндекс
m_e1970b025188,яндекс
m_19172230c7ec,яндекс
m_5d053d6d209a,Приложение и сбои
m_5d053d6d209a,Яндекс Про
m_9145fa8f3f89,Законы и налоги
m_b44eaa88af4b,яндекс
m_dd893aea45e2,Коэффициент
m_ba9d77d293d5,яндекс
m_1a3ca53301ca,яндекс
m_fa81bd63254b,Коэффициент
m_fa81bd63254b,яндекс
m_e3fcce1283a2,Законы и налоги
m_7d4518f089ec,яндекс
m_7d4518f089ec,Приложение и сбои
m_7d4518f089ec,Яндекс Про
m_0e8dc991e985,яндекс
m_8b8b3eb6ce3f,яндекс
m_35167cd0ce66,Коэффициент
m_35167cd0ce66,яндекс
m_75fe54384210,Коэффициент
m_0205df1752a0,Фастен
m_556b6ea04dba,Коэффициент
m_9a5469d0c394,Коэффициент
m_bbd7a87e2a7e,Коэффициент
m_880906c89d99,Фастен
m_0445d591a316,яндекс
m_0445d591a316,Фастен
m_0445d591a316,Приложение и сбои
m_0445d591a316,Яндекс Про
m_f4ac86fa493c,Коэффициент
m_1ee07b9efa59,яндекс
m_38ccf9ddaafb,Фастен
m_5dc7caac1e07,яндекс
m_9bf0cd088d76,Коэффициент
m_40bbfbfa0ecd,Коэффициент
m_966ae6f12406,Приложение и сбои
m_966ae6f12406,Яндекс Про
m_2c50d086d68a,Фастен
m_5545b4aad694,яндекс
m_b49d178d10a7,Фастен
m_d368f710db4d,яндекс
m_a1b48e1d1e83,Коэффициент
m_3fafabb8501f,яндекс
m_3fafabb8501f,Фастен
m_59908d0cea10,Коэффициент
m_e92ea2fdfc6b,Законы и налоги
m_e79ce2e15ff2,Коэффициент
m_e79ce2e15ff2,яндекс
m_17b25bbd6406,яндекс
m_ccdfc317e12e,яндекс
m_6bed9a7ea026,Коэффициент
m_019d56e4f2f9,яндекс
m_123b1572e295,Коэффициент
m_23684edb6d4d,Законы и налоги
m_70c68ba03eef,Коэффициент
m_e7ece402947b,Коэффициент
m_95ccf52c9e2f,Фастен
m_7d3031907ec9,яндекс
m_8a646a14df7d,яндекс
m_38b2d0beeb26,Коэффициент
m_1ccce3bdd656,Коэффициент
m_da1cd64683bb,Приложение и сбои
m_da1cd64683bb,Яндекс Про
m_6cacc6328842,Коэффициент
m_954361a04ad8,Коэффициент
m_1edaccf02e05,Коэффициент
m_613c044fd0bc,Коэффициент
m_fe8c8934f941,Коэффициент
m_fe8c8934f941,яндекс
m_fd8bbf5fa691,яндекс
m_5be673b1665b,яндекс
m_14e463691150,яндекс
m_ece176882ca8,яндекс
m_a6f7828904e9,яндекс
m_a6f7828904e9,Фастен
m_83e3235dccd3,яндекс
m_50cf4ae8d2e5,яндекс
m_50cf4ae8d2e5,Фастен
m_a6837852473d,Коэффициент
m_8b404f6676b0,яндекс
m_a61a19a49471,Коэффициент
m_b4b3fefec3de,Коэффициент
m_9c8bd6b1b963,яндекс
m_5d996959c49e,яндекс
m_1158a426ade6,Коэффициент
m_1158a426ade6,яндекс
m_1158a426ade6,Фастен
m_fce562fedc71,яндекс
m_e71c0c8de0ec,Приложение и сбои
m_0173299e63e6,Приложение и сбои
m_0173299e63e6,Яндекс Про
m_b0c72ba0fb45,Коэффициент
m_842964f32f0f,Коэффициент
m_842964f32f0f,яндекс
m_1a7cb2d5c0dc,Коэффициент
m_1271640a38de,Коэффициент
m_3db828c998e8,яндекс
m_d8e0f0e561c2,Коэффициент
m_d8e0f0e561c2,яндекс
m_1edc36169b7e,яндекс
m_032eb3666505,яндекс
m_d38486246a0c,яндекс
m_afb8296f7aa0,яндекс
m_155bd5963d47,Приложение и сбои
m_155bd5963d47,Яндекс Про
m_266d1f0d0160,яндекс
m_d20af65d9cd8,Коэффициент
m_00cb94db3b35,Коэффициент
m_eb420c9432ab,Приложение и сбои
m_f1b7bc409b0b,Коэффициент
m_1813f01a84c4,Законы и налоги
m_5de0c6eb2fcd,яндекс
m_363eda322269,яндекс
m_90d04290c575,Коэффициент
m_7e5517405909,Законы и налоги
m_e089f34cc543,яндекс
m_a4fd23d6fcc9,Коэффициент
m_f2d9952d820c,яндекс
m_6d49d8bfd096,Фастен
m_522511517eed,Фастен
m_9767d8828610,Коэффициент
m_e3ba7f3d2812,Коэффициент
m_32faba6b53df,Приложение и сбои
m_32faba6b53df,Яндекс Про
m_b5ee16d8f20d,Коэффициент
m_aca28dfba275,Коэффициент
m_61adaca90f1d,яндекс
m_d85b5944e27b,Коэффициент
m_815460bb1d82,Коэффициент
m_c1c48062dc7a,яндекс
m_44349084accf,яндекс
m_f264310d1610,яндекс
m_24050c4d6693,Коэффициент
m_658816cb1cf2,яндекс
m_36b36f51f924,Фастен
m_0e3e2eb9629d,яндекс
m_e7cf67443727,яндекс
m_ce667dbce3e9,яндекс
m_5586b966c77f,Коэффициент
m_3110122b8117,яндекс
m_8cbceb715c39,Коэффициент
m_bbd86efb6435,яндекс
m_7d1da13be889,яндекс
m_ebd8764fe98b,Законы и налоги
m_291c4ccfda20,Коэффициент
m_e13eda575a0b,Коэффициент
m_70573853298f,яндекс
m_248fc52ce458,Коэффициент
m_248fc52ce458,яндекс
m_44b211d56dfa,яндекс
m_44b211d56dfa,Приложение и сбои
m_44b211d56dfa,Яндекс Про
m_6fd14ac7b645,яндекс
m_6fd14ac7b645,Приложение и сбои
m_6fd14ac7b645,Яндекс Про
m_28e50f521c2f,яндекс
m_9d779bd56b27,яндекс
m_4fb7e7be6cdb,яндекс
m_20bd83255fdc,Коэффициент
m_01b6fe265486,яндекс
m_ac5f496b8519,Коэффициент
m_f72fee76a862,Коэффициент
m_e53f082cb065,Коэффициент
m_15a15e7f335b,Коэффициент
m_e43a0f0f7b75,яндекс
m_216d4e454e7e,Коэффициент
m_29267f7ae7f3,Законы и налоги
m_0c8f59961d4e,яндекс
m_15909152369f,яндекс
m_7f80e8bbde60,Приложение и сбои
m_7f80e8bbde60,Яндекс Про
m_20d45f54cd8e,Коэффициент
m_a26b80f55bb7,яндекс
m_917b73bd51b6,яндекс
m_346dd802ddf4,яндекс
m_7c55f23f0b98,Фастен
m_b7175fafa95e,Фастен
m_f08911264845,Фастен
m_7452e939d28b,яндекс
m_7452e939d28b,Фастен
m_aa66d62171dc,Коэффициент
m_ca1b558ca8c1,Коэффициент
m_222bfb053b4a,Коэффициент
m_222bfb053b4a,Фастен
m_90a947bd97d0,Коэффициент
m_561a6452f32a,Коэффициент
m_86aa0b84f59d,Законы и налоги
m_a70723752f7b,Фастен
m_08b35017f4af,Приложение и сбои
m_c55fb307a022,Коэффициент
m_5e11264476bb,Коэффициент
m_c23bbe24e58a,яндекс
m_b3e7d8678d9c,яндекс
m_680494568a27,яндекс
m_5351218cffea,яндекс
m_b6fe6d76427c,Фастен
m_0b6c222e52ce,Коэффициент
m_0b6c222e52ce,Законы и налоги
m_a581ac2fc762,яндекс
m_b1908192cb1b,яндекс
m_b1908192cb1b,Фастен
m_cafc464b3ab9,яндекс
m_29da0e29eb8a,яндекс
m_252f8b5c256a,яндекс
m_50e2a142272f,яндекс
m_d5dfe49ad238,яндекс
m_a18e2739305d,Коэффициент
m_939d47a81c93,Коэффициент
m_49e82acfc7db,яндекс
m_5381961c57a1,Коэффициент
m_ce92cce08a84,яндекс
m_627215eb2b33,Коэффициент
m_3bc82c862736,Законы и налоги
m_020ea11b0a66,Коэффициент
m_4b8ec8d492c9,Коэффициент
m_bd6ea1c5acc4,Законы и налоги
m_8e121a39d681,Коэффициент
m_812638c4396d,Коэффициент
m_785b0a46d5e9,Коэффициент
m_d7839515255d,Коэффициент
m_35aa06608887,Коэффициент
m_bb0ba9d257f4,яндекс
m_94d7f4c4944c,яндекс
m_eace83ba4c62,Приложение и сбои
m_eace83ba4c62,Яндекс Про
m_d9f9e82b3468,Коэффициент
m_d9f9e82b3468,яндекс
m_d9f9e82b3468,Приложение и сбои
m_82e3a28f5873,Приложение и сбои
m_82e3a28f5873,Яндекс Про
m_2595f21c0b61,яндекс
m_eba0e4b94ea7,Коэффициент
m_eba0e4b94ea7,яндекс
m_800baff1d2e1,яндекс
m_6df285568338,Коэффициент
m_190e2bd112a7,Фастен
m_0e979c9cb39c,Законы и налоги
m_00edb784c9ad,яндекс
m_6ff3d87dd9c1,яндекс
m_5dd901d70d65,Приложение и сбои
m_5dd901d70d65,Яндекс Про
m_cb8ca9b620d6,яндекс
m_9fa7d3ef9d95,яндекс
m_96cf7e21c823,Приложение и сбои
m_96cf7e21c823,Яндекс Про
m_670d9bfea046,WB Такси
m_5538973e6f1d,яндекс
m_dfe293b6d3c2,яндекс
m_16adeb8793e0,Коэффициент
m_16adeb8793e0,яндекс
m_16adeb8793e0,WB Такси
m_cfcd2696cabf,Коэффициент
m_f5766fd49e9b,яндекс
m_96845fdba9c3,яндекс
m_3ecfcb7ce458,Приложение и сбои
m_3ecfcb7ce458,Яндекс Про
m_8225bb95986c,Коэффициент
m_0981d428bab2,яндекс
m_ddaee799f41d,Коэффициент
m_388ee3d9b799,Фастен
m_acefbe8eed4b,яндекс
m_7ffe1855fc83,Законы и налоги
m_36b6101cba9b,яндекс
m_bac5856f6dfc,Приложение и сбои
m_bac5856f6dfc,Яндекс Про
m_70c86c654eba,яндекс
m_c10d894c8397,Коэффициент
m_2735d8084bd4,Законы и налоги
m_de206a46cde6,Коэффициент
m_6c753a6c61ae,яндекс
m_45dfbd5a2537,Коэффициент
m_60c47b813d5b,Коэффициент
m_60c47b813d5b,яндекс
m_60c47b813d5b,Приложение и сбои
m_60c47b813d5b,Яндекс Про
m_599dcd7a5d3c,Коэффициент
m_4fbf7518442f,Законы и налоги
m_569d8b1ecfef,Законы и налоги
m_b7dde2726351,яндекс
m_2d40ae2ea8ca,Приложение и сбои
m_87f695355b02,Приложение и сбои
m_87f695355b02,Яндекс Про
m_7119ab51cf03,Законы и налоги
m_544b03c947f6,Коэффициент
m_e7031f36a15a,Коэффициент
m_3e3dfd790a40,Коэффициент
m_40491363bdc8,Законы и налоги
m_e5d797b07fc2,Коэффициент
m_fa44e3643800,яндекс
m_1a0960529062,Законы и налоги
m_3970ce1cda42,Фастен
m_a7ea91b4833f,Законы и налоги
m_ad19ea03f55d,Приложение и сбои
m_bce0e1976f58,Приложение и сбои
m_c1611b46c40f,яндекс
m_a657e94365e9,яндекс
m_18392e6c10a5,яндекс
m_18392e6c10a5,Фастен
m_5791919f24b1,Приложение и сбои
m_2245f029f850,яндекс
m_6fe1202bcff6,Коэффициент
m_5bcf1e49cd99,Коэффициент
m_ecebeabcb14b,яндекс
m_ecebeabcb14b,Фастен
m_5b20d632ea20,Приложение и сбои
m_35534827988f,яндекс
m_d6924936872c,яндекс
m_f8ea65d53481,яндекс
m_3a5d904a8067,Приложение и сбои
m_3a5d904a8067,Яндекс Про
m_320b03e13e30,Коэффициент
m_e377d6e019c9,яндекс
m_cca34178c4be,яндекс
m_68d975c56d4f,Коэффициент
m_68d975c56d4f,Фастен
m_391374c20bfb,яндекс
m_391374c20bfb,Приложение и сбои
m_391374c20bfb,Яндекс Про
m_131f4b053ef8,Приложение и сбои
m_131f4b053ef8,Яндекс Про
m_ddfeb31277c7,яндекс
m_0b840f9942cd,яндекс
m_119d8a74877e,яндекс
m_9714e35e4031,яндекс
m_fd8a6095f7e9,яндекс
m_a0065e5f1077,яндекс
m_ef0a84d23a3e,яндекс
m_ef0a84d23a3e,Приложение и сбои
m_ef0a84d23a3e,Яндекс Про
m_8363fc0603f4,Законы и налоги
m_dcfcede62ae2,Законы и налоги
m_64bf9e75c29b,Фастен
m_00e594b903c3,яндекс
m_65ea64304530,Приложение и сбои
m_65ea64304530,Яндекс Про
m_c74ec58088c8,яндекс
m_05008fcae8c9,яндекс
m_05008fcae8c9,Фастен
m_df02d878d1f2,Коэффициент
m_df02d878d1f2,яндекс
m_fa4e811bdb1f,Законы и налоги
m_cbae924b81ac,Законы и налоги
m_cc6fef61748b,яндекс
m_f16d06aca1e9,Фастен
m_33b205d43e64,Коэффициент
m_e87962fc4049,яндекс
m_826b10e3296a,Приложение и сбои
m_db1b61425564,Коэффициент
m_5896f4ff45c0,Коэффициент
m_9f4e89885299,Фастен
m_e265914f7c87,яндекс
m_59b525b3308c,Коэффициент
m_d799f91ef7bc,яндекс
m_665c309146b0,Законы и налоги
m_21b77c40fa54,яндекс
m_08b870d579c7,Приложение и сбои
m_08b870d579c7,Яндекс Про
m_3d7b02370f0b,яндекс
m_3d7b02370f0b,Приложение и сбои
m_3d7b02370f0b,Яндекс Про
m_7d2ab6079f8e,яндекс
m_94f142cf0587,Законы и налоги
m_a939f8457c0d,Законы и налоги
m_b6a37257a5b2,Коэффициент
m_bfdaa4edceed,Фастен
m_9234bf75d637,Коэффициент
m_9234bf75d637,яндекс
m_9234bf75d637,Приложение и сбои
m_9234bf75d637,Яндекс Про
m_2629dc1ceecb,яндекс
m_aba0aafe16cd,Законы и налоги
m_b1742304f31d,Коэффициент
m_b1742304f31d,Фастен
m_b9be78a6176f,яндекс
m_7b2b54359dba,яндекс
m_9bf41d4f6846,Приложение и сбои
m_9bf41d4f6846,Яндекс Про
m_5b7caca374a9,Коэффициент
m_c1808e6568d9,Приложение и сбои
m_c1808e6568d9,Яндекс Про
m_9e3e3948996d,Коэффициент
m_87212dd5fcbb,Приложение и сбои
m_87212dd5fcbb,Яндекс Про
m_f57ccde231db,Коэффициент
m_f57ccde231db,Фастен
m_ca3ab260d092,Коэффициент
m_028ff3092006,яндекс
m_f8cb0ccfeb47,Фастен
m_73831eb49231,яндекс
m_8daf1beb6c38,Фастен
m_14b439df17ed,яндекс
m_b856df6b3344,яндекс
m_b856df6b3344,Приложение и сбои
m_b856df6b3344,Яндекс Про
m_61a0f24c6418,Коэффициент
m_320966f60244,яндекс
m_028d789da695,Приложение и сбои
m_c16ee893bbc8,Законы и налоги
m_597c71f52a22,Законы и налоги
m_cecd5f52d8d1,Приложение и сбои
m_cecd5f52d8d1,Яндекс Про
m_869a9985f81c,Коэффициент
m_869a9985f81c,яндекс
m_869a9985f81c,WB Такси
m_1e31ac16bde3,Приложение и сбои
m_1e31ac16bde3,Яндекс Про
m_e9c1c728c89c,яндекс
m_6d1a11d13e1b,яндекс
m_04dd50998289,яндекс
m_f18cfcea6c62,яндекс
m_b9f44feda5a0,яндекс
m_aa9bee71aec6,яндекс
m_1b78f0618136,яндекс
m_095ab90760a5,Коэффициент
m_2cb2b1c8bcfa,Коэффициент
m_3a1dd12ba281,Законы и налоги
m_4caa2fd0ceb1,Приложение и сбои
m_4e0b8664a625,Коэффициент
m_c7835684afe4,Приложение и сбои
m_7e59e375c6cc,Приложение и сбои
m_e032a0711fe0,Законы и налоги
m_3cac62ec05ae,Приложение и сбои
m_d46b6806ce1e,Приложение и сбои
m_d46b6806ce1e,Яндекс Про
m_934a6c068a64,Приложение и сбои
m_934a6c068a64,Яндекс Про
m_4e05c84a4566,Фастен
m_3f55d6474a3b,Законы и налоги
m_36efff3764cd,яндекс
m_2595d33c5b79,Коэффициент
m_6a224273ef94,Приложение и сбои
m_d1aa3fd73a98,яндекс
m_18d3ba06948b,Фастен
m_ac258e19f62e,Приложение и сбои
m_ac258e19f62e,Яндекс Про
m_11f5dc4e5ebf,яндекс
m_84872538f00b,яндекс
m_c1a7d37bbf9c,Законы и налоги
m_c1a7d37bbf9c,яндекс
m_f602cb9d1b80,яндекс
m_c891c322382f,Законы и налоги
m_9903beb08688,Законы и налоги
m_9903beb08688,яндекс
m_9903beb08688,Приложение и сбои
m_9903beb08688,Яндекс Про
m_b51ab5327873,яндекс
m_2a82e6aed0f3,яндекс
m_9b94e1178ac8,яндекс
m_419cb8054ea0,Коэффициент
m_6f1ee15caea0,Коэффициент
m_6b966ced587c,яндекс
m_1125219f3705,яндекс
m_1125219f3705,Фастен
m_fc76eb402665,Законы и налоги
m_b5bbb696d1d8,Фастен
m_ca32abb02030,Фастен
m_ca09c15c6291,Коэффициент
m_d48043af4a6e,Коэффициент
m_d48043af4a6e,Приложение и сбои
m_d48043af4a6e,Яндекс Про
m_6d66385782b3,яндекс
m_94e0a4ec90e2,яндекс
m_24f0fcd9f926,яндекс
m_4c5b723ebc29,Законы и налоги
m_11836e67a1af,яндекс
m_03e5e95b4122,Коэффициент
m_03e5e95b4122,яндекс
m_03e5e95b4122,Приложение и сбои
m_03e5e95b4122,Яндекс Про
m_c684399fe964,яндекс
m_c684399fe964,Приложение и сбои
m_c684399fe964,Яндекс Про
m_4e3ff6777a25,яндекс
m_2844e9755882,яндекс
m_2844e9755882,Приложение и сбои
m_2844e9755882,Яндекс Про
m_7a4d5b930be5,Фастен
m_4a3bdda250e1,Коэффициент
m_1c6b9be05dd1,Коэффициент
m_5a332bf24ecd,яндекс
m_23f8857a0101,Коэффициент
m_dacd15ee25b3,яндекс
m_5e1ae6b0568b,яндекс
m_25b27b8e1eeb,яндекс
m_d966fe93520d,Коэффициент
m_1248fda2308e,яндекс
m_4fb5761f8268,яндекс
m_88daa651ea2a,яндекс
m_06617ad7b834,Законы и налоги
m_ff56a38ecd81,яндекс
m_7d36565a71f5,яндекс
m_7d36565a71f5,WB Такси
m_1a1f7c331090,Коэффициент
m_18c4f3f20458,Коэффициент
m_18c4f3f20458,яндекс
m_e227ad5ce5e7,Коэффициент
m_790219a8848c,яндекс
m_217f77bdc071,Коэффициент
m_1021160742ca,яндекс
m_89883fca27b9,яндекс
m_24a046cf0105,Коэффициент
m_6f502d9dbbc2,яндекс
m_495a5cd21b1c,Фастен
m_0b65fb3179d0,яндекс
m_8370dea2c141,Приложение и сбои
m_8370dea2c141,Яндекс Про
m_be3650a67e1b,яндекс
m_02046e8e3f37,WB Такси
m_5950f0f71d78,яндекс
m_309360b283b0,яндекс
m_309360b283b0,Приложение и сбои
m_309360b283b0,Яндекс Про
m_03cd90f75aec,Приложение и сбои
m_03cd90f75aec,Яндекс Про
m_b9ec61f069f3,яндекс
m_b9ec61f069f3,Приложение и сбои
m_b9ec61f069f3,Яндекс Про
m_4b1eebd22438,Коэффициент
m_318c7467c364,яндекс
m_00a06a166d19,Коэффициент
m_00a06a166d19,Законы и налоги
m_00a06a166d19,яндекс
m_0086e982d7ed,Коэффициент
m_0086e982d7ed,яндекс
m_0640bdc5ed9f,яндекс
m_da61e0a5d7a9,Приложение и сбои
m_da61e0a5d7a9,Яндекс Про
m_57f03d86c267,яндекс
m_af06caaa3150,яндекс
m_cc021b2ecd3b,яндекс
m_0c045d972b6e,яндекс
m_63182d82f439,Коэффициент
m_63182d82f439,яндекс
m_3579e23bef67,Приложение и сбои
m_06329118d560,Коэффициент
m_1feecc7e03ae,яндекс
m_1feecc7e03ae,Приложение и сбои
m_1feecc7e03ae,Яндекс Про
m_0933ce0634d2,яндекс
m_0933ce0634d2,Приложение и сбои
m_0933ce0634d2,Яндекс Про
m_9ed4267214d8,яндекс
m_9ed4267214d8,Приложение и сбои
m_9ed4267214d8,Яндекс Про
m_8d9d8adac352,Законы и налоги
m_8e8b14677821,яндекс
m_c8b1e39b2e13,яндекс
m_8b6fc1ca0edc,яндекс
m_4310c55a8b50,Фастен
m_323e52ba6501,яндекс
m_3ddcece092ad,яндекс
m_b3fe8dde03a3,яндекс
m_204b902a24be,яндекс
m_983109c86e0a,Коэффициент
m_a288680d28f3,Законы и налоги
m_bb76239b4439,Законы и налоги
m_f0d4e73abbc4,Коэффициент
m_63439d1ee101,яндекс
m_01d904de1fcb,Фастен
m_b641a6747ecf,яндекс
m_54cceb690a2b,Коэффициент
m_ff2e88e644f2,Коэффициент
m_ff2e88e644f2,Фастен
m_dd6a60f95478,яндекс
m_dd6a60f95478,Приложение и сбои
m_dd6a60f95478,Яндекс Про
m_6d3fd6ca8061,яндекс
m_3f9537438f7d,яндекс
m_80618872ffbd,яндекс
m_a49154aef71d,яндекс
m_bca2c53e8885,яндекс
m_73b93b35e2a2,яндекс
m_91eef993daeb,яндекс
m_b29a7794695b,яндекс
m_b29a7794695b,Приложение и сбои
m_b29a7794695b,Яндекс Про
m_8e32105bdb51,Коэффициент
m_8e32105bdb51,яндекс
m_70e0409e67ec,Законы и налоги
m_f48c0f1933a5,Коэффициент
m_f48c0f1933a5,яндекс
m_3fa843591ce4,Фастен
m_bfbe5c135a91,Законы и налоги
m_7c03bc7ebc5b,Приложение и сбои
m_fb15ead42865,Коэффициент
m_fb15ead42865,Законы и налоги
m_899398f6e34a,яндекс
m_a9a7bd17bb87,яндекс
m_2817097fff23,Законы и налоги
m_b41c3e9a5b3e,Законы и налоги
m_28f1b02e5af8,Коэффициент
m_564a9ed17ca1,Коэффициент
m_564a9ed17ca1,Законы и налоги
m_3c939e1ec758,яндекс
m_1ef55ede24a9,яндекс
m_01fac15dcd9a,Коэффициент
m_01fac15dcd9a,яндекс
m_01fac15dcd9a,WB Такси
m_f4e5984da44f,яндекс
m_6f32b2d9e28e,яндекс
m_a55d618f887e,яндекс
m_3f6197dd005c,Законы и налоги
m_cdcb787aecc3,яндекс
m_cdcb787aecc3,Приложение и сбои
m_cdcb787aecc3,Яндекс Про
m_f2ccc1e3d50d,яндекс
m_4fb5ba1965fa,яндекс
m_3bf095577444,яндекс
m_9cfc5b096d7e,Коэффициент
m_86d772505172,яндекс
m_f23457a05beb,Приложение и сбои
m_f23457a05beb,Яндекс Про
m_8e5746ca4ad9,WB Такси
m_d833c237ae5a,яндекс
m_f57bae2d2457,Коэффициент
m_bc78091363db,яндекс
m_fe561ccd4e49,яндекс
m_ad857ebe28db,Коэффициент
m_caf8315d9399,яндекс
m_03a6fb6e6020,яндекс
m_71b34fec1cb4,яндекс
m_7f114bfdbffe,Забастовка
m_a2d1cec5b6fa,яндекс
m_ea6f00841e93,яндекс
m_ea6f00841e93,Приложение и сбои
m_ea6f00841e93,Яндекс Про
m_d17d0bd97a13,яндекс
m_5d1e3b7c1e24,яндекс
m_5d1e3b7c1e24,Фастен
m_66410c9e1012,WB Такси
m_ebb78b7111b4,яндекс
m_400f77511dd7,яндекс
m_5c20793420c8,яндекс
m_917d52d2bc19,WB Такси
m_07553d67a27d,яндекс
m_6c9eb4eec50a,Коэффициент
m_2cd68251c213,Коэффициент
m_52030b862081,Коэффициент
m_52030b862081,Фастен
m_d840cd1bded7,Забастовка
m_9b16fa3c58ce,Забастовка
m_803b9cfb7f5f,Приложение и сбои
m_803b9cfb7f5f,Яндекс Про
m_8f8e0237378f,Законы и налоги
m_9590c05893ad,Законы и налоги
m_432f54915da8,яндекс
m_2cd527039bc7,Коэффициент
m_8f922819cab4,яндекс
m_528d4093b11f,яндекс
m_7a5d99d90a0d,Коэффициент
m_954be80fed92,Фастен
m_a289362f7076,яндекс
m_76b49f96b43e,яндекс
m_a4b597b6ab57,Коэффициент
m_ecabc72784d8,Коэффициент
m_b4fc802b57c8,яндекс
m_c4c5ce20a161,яндекс
m_959dbdadad02,яндекс
m_959dbdadad02,Фастен
m_0f8ecdcfc7e2,Коэффициент
m_0f8ecdcfc7e2,Приложение и сбои
m_0f8ecdcfc7e2,Яндекс Про
m_e552392e5f30,Коэффициент
m_68a7bc5413a1,Законы и налоги
m_c00c4e22e062,Коэффициент
m_cfba66e16a04,Приложение и сбои
m_cfba66e16a04,Яндекс Про
m_a6be6445c60c,Фастен
m_e68c3fef3ae5,Законы и налоги
m_6c7b302ed387,яндекс
m_f95938c0b88e,яндекс
m_ebd57b313c76,Фастен
m_7570d646446e,Законы и налоги
m_7570d646446e,яндекс
m_b1884d705a83,яндекс
m_f18bf45e8f23,яндекс
m_13697999512b,Законы и налоги
m_dd142082c0e6,Законы и налоги
m_6a6f26d03071,яндекс
m_402b3a59ba4f,Коэффициент
m_59b2421d5b43,Фастен
m_9a6853e539f2,яндекс
m_32bd560bff36,яндекс
m_0e8cdc4d5ce9,Коэффициент
m_d07fb2350d27,Коэффициент
m_34009b9321af,яндекс
m_989b0b7636c1,яндекс
m_e9d1cdd3106e,яндекс
m_2b3ced316f7f,яндекс
m_b3eced790804,Приложение и сбои
m_b3eced790804,Яндекс Про
m_a2e859def969,Коэффициент
m_d168b2e7247c,Коэффициент
m_d168b2e7247c,Законы и налоги
m_eaa2b733f745,Коэффициент
m_eaa2b733f745,яндекс
m_39d0a0ef5caa,яндекс
m_e20d38dc5110,Законы и налоги
m_de6e5e405549,Законы и налоги
m_44e7d7c9ade1,Законы и налоги
m_e648242a1f20,Коэффициент
m_3f6e16672192,яндекс
m_1525863ac529,Законы и налоги
m_754b8ed262e2,яндекс
m_3f553d0bf4b7,Коэффициент
m_3055addc3431,WB Такси
m_990096bc2df4,WB Такси
m_2ba345487e70,Приложение и сбои
m_2ba345487e70,Яндекс Про
m_02754bab4fad,яндекс
m_02754bab4fad,Приложение и сбои
m_02754bab4fad,Яндекс Про
m_170b2cce0dec,Коэффициент
m_5226162fba52,Законы и налоги
m_f8e94ac94393,Коэффициент
m_a878d023271e,яндекс
m_a878d023271e,Фастен
m_ada07bb19b9f,яндекс
m_1c199afb1387,яндекс
m_c956d055c84a,Законы и налоги
m_bf5bf44e6246,яндекс
m_a4f95fb56d2a,яндекс
m_6843ef15e7b4,Фастен
m_4f13eeaf8d9b,яндекс
m_2f3a187fd6b9,яндекс
m_e2805dc99603,яндекс
m_d7c9c2ba63cd,яндекс
m_37d5c27f4803,яндекс
m_20edddf468db,яндекс
m_6ab51c176a15,Законы и налоги
m_beb610d2a32a,Законы и налоги
m_3de560fb3fdc,Законы и налоги
m_82e36311624f,Фастен
m_1bb4b4e73c7a,яндекс
m_cb339c4ee06a,Фастен
m_3fb2bd9878c0,яндекс
m_7fe3a75783a1,яндекс
m_fb17e227d068,Коэффициент
m_9526f80d118a,яндекс
m_af64728e0326,яндекс
m_40cad5ae1f2c,Фастен
m_cd3b4115e373,яндекс
m_cd3b4115e373,Фастен
m_b207a63c6ac3,яндекс
m_9865e1d13e0c,яндекс
m_55f870d26d42,яндекс
m_78709ebd0b1a,Законы и налоги
m_c9152e1d5ddf,Фастен
m_473d348a85d8,Законы и налоги
m_5ff8e6b3ed35,Фастен
m_4f4c00ef21b9,Коэффициент
m_3c18a723fd89,Фастен
m_1081b3ae8937,яндекс
m_f12004af5dc6,яндекс
m_7594bd65dae8,яндекс
m_debac257ea99,Фастен
m_bf5aa5c7fc97,яндекс
m_d04eb22d2bd0,яндекс
m_69ca61a24f77,яндекс
m_70fd240d10a1,Приложение и сбои
m_70fd240d10a1,Яндекс Про
m_ce36491830be,Законы и налоги
m_210250ab97ea,Коэффициент
m_da28442b8daf,яндекс
m_a7f608af5e13,яндекс
m_3df623989455,Забастовка
m_61fdbf50df43,яндекс
m_1aad127bb4fb,яндекс
m_91fc61f7eb09,Законы и налоги
m_0c791099d319,Приложение и сбои
m_0c791099d319,Яндекс Про
m_027e3a53f431,яндекс
m_0fcb89517911,яндекс
m_ba8664a2e87a,яндекс
m_0e4960909602,Фастен
m_f4313d0417f8,Коэффициент
m_8afe865b327f,Законы и налоги
m_01d73977efc4,яндекс
m_636a90288cf2,яндекс
m_28039e7afd3a,Законы и налоги
m_9b78eca0e5ab,Законы и налоги
m_0782635a68a8,яндекс
m_9ce397d61aa3,яндекс
m_b32d97909158,Фастен
m_d0a2c8c4cfec,яндекс
m_d0a2c8c4cfec,Фастен
m_d0a2c8c4cfec,Приложение и сбои
m_d0a2c8c4cfec,Яндекс Про
m_cbaa8f61bd79,Коэффициент
m_cbaa8f61bd79,Фастен
m_07195aa1650a,Фастен
m_f2e5c1d12d47,Фастен
m_c8f4db695f47,яндекс
m_7ad613071470,яндекс
m_7ad613071470,Фастен
m_e40474ea4815,Коэффициент
m_e40474ea4815,яндекс
m_70985f1ce04d,Коэффициент
m_b23e5996ad56,Коэффициент
m_b23e5996ad56,яндекс
m_b23e5996ad56,Приложение и сбои
m_b23e5996ad56,Яндекс Про
m_0f108840328d,яндекс
m_e9429fea3319,Коэффициент
m_e9429fea3319,яндекс
m_4c6b54eab33b,Фастен
m_e37f3b6ab7a6,Законы и налоги
m_a3ba44d8301e,Законы и налоги
m_dae198960b4f,Фастен
m_07cd4aa4e8c4,Законы и налоги
m_040247b09752,яндекс
m_ca227488434a,Коэффициент
m_0148ebf8206a,яндекс
m_eab66c838432,яндекс
m_acb02bcf6a22,яндекс
m_2d552cfe39db,яндекс
m_3abd12f5b3e6,Коэффициент
m_3abd12f5b3e6,яндекс
m_28cbefc91216,яндекс
m_af37088a5ae9,яндекс
m_3e4dc676e1ce,Коэффициент
m_338998bc5bf8,Коэффициент
m_7cfd33ec9b50,яндекс
m_74b84d7a20ce,Законы и налоги
m_aaefa67210b3,Законы и налоги
m_fffc31b8ed36,Коэффициент
m_dd9003a32928,Коэффициент
m_f12ac0921c6c,Коэффициент
m_105c571b719e,WB Такси
m_696d54feb0f5,Фастен
m_2d3de93181c3,Приложение и сбои
m_7d543eb45931,Коэффициент
m_7d543eb45931,Фастен
m_fa4831bbb40b,Коэффициент
m_c7c900f7927d,Законы и налоги
m_892544b80c31,Коэффициент
m_3666a87c3f5e,Законы и налоги
m_827acfa4d85c,Законы и налоги
m_ce345f52dfcd,яндекс
m_e26fbd6aa325,яндекс
m_e26fbd6aa325,Приложение и сбои
m_e26fbd6aa325,Яндекс Про
m_fdfbdfc269b2,яндекс
m_0a9b9da3a457,яндекс
m_d37762397fbe,Коэффициент
m_6fca779f2566,яндекс
m_eebe0575c056,яндекс
m_13a520f0822d,яндекс
m_38667f8d1b80,Коэффициент
m_5c48301378af,WB Такси
m_c2d440656042,Коэффициент
m_874dd145c78e,Коэффициент
m_fc22c5f32223,Коэффициент
m_2c7a38503951,Законы и налоги
m_db85be9985ac,Законы и налоги
m_caea58bbc369,Приложение и сбои
m_caea58bbc369,Яндекс Про
m_20edec44e931,яндекс
m_e683b69741e8,Фастен
m_d214cad61c76,Коэффициент
m_d214cad61c76,Законы и налоги
m_d214cad61c76,яндекс
m_28365db421b6,Фастен
m_a76b375252f1,яндекс
m_77174b149e62,Приложение и сбои
m_77174b149e62,Яндекс Про
m_7e019b1b4c54,Коэффициент
m_3559e30fbf25,яндекс
m_e385110d9ca7,Приложение и сбои
m_e385110d9ca7,Яндекс Про
m_101d9644f51a,Коэффициент
m_d8e21f9e5312,Приложение и сбои
m_d8e21f9e5312,Яндекс Про
m_3f8e8104510d,Фастен
m_e24a3a11462d,Коэффициент
m_e24a3a11462d,яндекс
m_fd44aa6c6181,яндекс
m_e1a94da9dac7,яндекс
m_ef90c3c9997d,Фастен
m_8acdfe6a20c2,Коэффициент
m_41fe9196bffd,Фастен
m_1f4341fe5ab3,яндекс
m_1f4341fe5ab3,Приложение и сбои
m_1f4341fe5ab3,Яндекс Про
m_c6dd88954d53,Законы и налоги
m_c6dd88954d53,яндекс
m_3ed8cf769af8,яндекс
m_068ab8db3f16,Коэффициент
m_59cf7902cddb,Коэффициент
m_d85812fe509a,Коэффициент
m_8a8a948e10c7,Законы и налоги
m_3ea4a6ba33c8,Законы и налоги
m_8b82437e02fb,Законы и налоги
m_5ab5be83e82f,Приложение и сбои
m_5ab5be83e82f,Яндекс Про
m_0c39a76e5cc7,Приложение и сбои
m_ffabbfa72f1f,Коэффициент
m_821e184cff65,Коэффициент
m_785f2e5dfa76,Коэффициент
m_bc8f0004d9df,яндекс
m_6de128a258a9,яндекс
m_a4660cc10d40,яндекс
m_ba6dc7245d0c,Фастен
m_dee6f3070e9b,Приложение и сбои
m_dee6f3070e9b,Яндекс Про
m_1827b8ffa22c,яндекс
m_c73ad57c004d,Приложение и сбои
m_6caacf857fe9,Фастен
m_cc00b162bf35,Законы и налоги
m_0400eeb6933e,яндекс
m_6d68b7290083,Законы и налоги
m_b937000b6f48,Коэффициент
m_8d894b08d967,Приложение и сбои
m_8d894b08d967,Яндекс Про
m_9a6a1a4b775f,яндекс
m_49f7cd819183,яндекс
m_49f7cd819183,Фастен
m_40726d7b39a8,Коэффициент
m_40726d7b39a8,яндекс
m_456d0261375f,яндекс
m_33e68fca00e7,яндекс
m_a7e05aabb222,Приложение и сбои
m_a7e05aabb222,Яндекс Про
m_639d77373586,яндекс
m_dd8654017d61,яндекс
m_dd8654017d61,Фастен
m_38cbbf4b094f,яндекс
m_3ae7d9137e7a,Коэффициент
m_3ae7d9137e7a,яндекс
m_3ae7d9137e7a,Забастовка
m_3692ed6e8159,Коэффициент
m_c807167ca824,Коэффициент
m_24275375ef02,Коэффициент
m_ec7bd7311852,яндекс
m_0de03e3af8a3,яндекс
m_2cc5b65eb082,Законы и налоги
m_24987494e537,Коэффициент
m_50184bcbee71,Законы и налоги
m_50184bcbee71,яндекс
m_64789ba74ff6,яндекс
m_64789ba74ff6,Приложение и сбои
m_64789ba74ff6,Яндекс Про
m_ec69f638df33,яндекс
m_ad169eb3095b,яндекс
m_24a96d60ee62,яндекс
m_0fe239452af2,Коэффициент
m_51a225264f52,яндекс
m_ed54a75319de,Коэффициент
m_c7dc46e57d50,Коэффициент
m_271fabf7d27a,Коэффициент
m_3133944265f7,Коэффициент
m_3133944265f7,яндекс
m_4d454e6fe70f,Коэффициент
m_27b0c39121cd,яндекс
m_9c37057c72cd,Законы и налоги
m_68099092de11,Коэффициент
m_622669600c8d,Фастен
m_eed2ff894d29,яндекс
m_bee58f92f059,яндекс
m_b2f0a9c2336f,Законы и налоги
m_865ff33af415,яндекс
m_9b0415bbaf62,Коэффициент
m_055d2971bdfd,Коэффициент
m_4a82a9c8ffa1,Коэффициент
m_c7af8ba413d0,яндекс
m_c7af8ba413d0,Приложение и сбои
m_c7af8ba413d0,Яндекс Про
m_e644b886bb30,Фастен
m_f84626569e84,яндекс
m_f84626569e84,Приложение и сбои
m_f84626569e84,Яндекс Про
m_3516d3e4b841,яндекс
m_8724b2ae5eae,Коэффициент
m_da5508dac120,WB Такси
m_feac3ca6e9f2,Законы и налоги
m_226c445fbd9b,Законы и налоги
m_39bfb10a7e71,Законы и налоги
m_b07d2781d6f7,Приложение и сбои
m_5346980349a5,Приложение и сбои
m_1ec5f5a6bc8a,Приложение и сбои
m_1ec5f5a6bc8a,Яндекс Про
m_46bd0517dbf0,яндекс
m_875988873885,яндекс
m_e1c73fa8c4ea,Коэффициент
m_1f1f3d9fa366,Законы и налоги
m_ecb8cca785c1,Фастен
m_950ab7b49af0,Приложение и сбои
m_950ab7b49af0,Яндекс Про
m_657c092a13b0,Коэффициент
m_7d07c717d59f,Коэффициент
m_15defd0b6e8f,Фастен
m_7d07275cc98e,яндекс
m_7d07275cc98e,Приложение и сбои
m_7d07275cc98e,Яндекс Про
m_b208229a9a6a,Коэффициент
m_8ce8b9d8774b,Коэффициент
m_ef98afe2d84e,яндекс
m_85b582aa8a94,яндекс
m_384fb5c654e6,яндекс
m_55efae07d746,Законы и налоги
m_c1dbf7209692,яндекс
m_f85c9d4e82a9,Приложение и сбои
m_f85c9d4e82a9,Яндекс Про
m_53eb77f9bab2,Законы и налоги
m_55f5173b8233,Коэффициент
m_acebe85f61ce,Законы и налоги
m_c40d2a4ccb13,Приложение и сбои
m_c40d2a4ccb13,Яндекс Про
m_0536bd4a74b4,Коэффициент
m_b46a5ae0fe33,Законы и налоги
m_beb26dacdd02,Законы и налоги
m_5cad2b14b464,Законы и налоги
m_d226a2953dba,Законы и налоги
m_bc29c16cc798,яндекс
m_bc29c16cc798,Приложение и сбои
m_bc29c16cc798,Яндекс Про
m_bfe0cab2c8c1,Законы и налоги
m_4d25445c71ba,яндекс
m_8cb95e9fb476,Законы и налоги
m_cd1aeea515c6,Законы и налоги
m_674773aea29e,Законы и налоги
m_a5f75d9bbdec,яндекс
m_a5f75d9bbdec,Приложение и сбои
m_a5f75d9bbdec,Яндекс Про
m_7e7d281a4b90,Законы и налоги
m_df35fd9d1bed,Законы и налоги
m_df35fd9d1bed,яндекс
m_ce0e59659563,яндекс
m_a5d24191e767,Законы и налоги
m_dbefb0798c04,Приложение и сбои
m_dbefb0798c04,Яндекс Про
m_cf5945e074d5,Законы и налоги
m_80886c79be37,Законы и налоги
m_ec8094f61281,Приложение и сбои
m_ec8094f61281,Яндекс Про
m_4de21b0349a2,Коэффициент
m_4de21b0349a2,яндекс
m_e3fcad7c566f,Коэффициент
m_361895b5d25c,Законы и налоги
m_b0311d770557,Законы и налоги
m_686d14b60445,яндекс
m_893bee3f5de3,Коэффициент
m_3e24c771e2a3,яндекс
m_14169768da31,Приложение и сбои
m_14169768da31,Яндекс Про
m_b27c8f9674e9,Коэффициент
m_b27c8f9674e9,Приложение и сбои
m_402819989f34,Коэффициент
m_ddd5ee6865d5,яндекс
m_1106a29dd147,яндекс
m_1106a29dd147,Приложение и сбои
m_1106a29dd147,Яндекс Про
m_76981c202091,WB Такси
m_6fae788be460,Законы и налоги
m_be30f681cc3b,яндекс
m_02fdb291b9c2,яндекс
m_fed3e9730623,Приложение и сбои
m_fed3e9730623,Яндекс Про
m_e5454b380374,Коэффициент
m_1b9d8080bfa5,яндекс
m_645c649dff96,яндекс
m_ba027daa69fc,Коэффициент
m_fd76977b69d2,яндекс
m_646ab02a1ab5,яндекс
m_739c74a1082d,Коэффициент
m_04c9b167da16,Коэффициент
m_bc49fb3cdfcb,яндекс
m_1d95f9197acf,Фастен
m_aa276419c5db,Законы и налоги
m_e259a2a4fdf5,Коэффициент
m_b683c5d0768d,Коэффициент
m_c224f6a891c4,Коэффициент
m_6b1f5bce94a4,Законы и налоги
m_70f9693c64f5,яндекс
m_7080a4abff9c,Коэффициент
m_263f304a21f8,яндекс
m_15b9847d1369,Законы и налоги
m_2d9a237359b5,Коэффициент
m_2e87645ea2ab,Коэффициент
m_727f7ef01a54,яндекс
m_31402550edaa,WB Такси
m_31402550edaa,Приложение и сбои
m_31402550edaa,Яндекс Про
m_4fbe3566dd4d,яндекс
m_061553e502f8,Приложение и сбои
m_061553e502f8,Яндекс Про
m_e70c4318f5d7,Коэффициент
m_e70c4318f5d7,яндекс
m_b07ac438379f,яндекс
m_c6ce63775e4f,яндекс
m_b01e6cbbd49d,Приложение и сбои
m_441b5797784d,Законы и налоги
m_40ac502c17cc,Законы и налоги
m_d0fa2ff26c6d,Коэффициент
m_98bf33f9fa5d,Законы и налоги
m_5cb7d52f024f,Фастен
m_f6e8ca975f82,Законы и налоги
m_28143be962f8,Законы и налоги
m_d92f01faa2eb,Законы и налоги
m_3e91cd6e822c,Законы и налоги
m_78cbdd862e8f,яндекс
m_78cbdd862e8f,Приложение и сбои
m_78cbdd862e8f,Яндекс Про
m_8bda7d211109,Законы и налоги
m_50f57d05af07,Приложение и сбои
m_50f57d05af07,Яндекс Про
m_4d1c58c588dc,яндекс
m_be220f1733a3,Коэффициент
m_160edc98c499,яндекс
m_f344f89aa9cf,Коэффициент
m_bf4c6807da30,Законы и налоги
m_4ecac3a0ae2d,Коэффициент
m_5fae844e6852,Коэффициент
m_55e129745f05,Коэффициент
m_71f26c79bb8e,Законы и налоги
m_942b65906371,яндекс
m_4c3de0740f3b,Законы и налоги
m_4c3de0740f3b,Приложение и сбои
m_768d56576932,яндекс
m_8b6c78aac04c,Приложение и сбои
m_8b6c78aac04c,Яндекс Про
m_30bf33e3edea,Законы и налоги
m_d7282d2b4928,Законы и налоги
m_8552b287d89f,Коэффициент
m_b448bf4ea9fb,Коэффициент
m_be701d3f5f44,яндекс
m_0d352292ffc7,Коэффициент
m_0f26e468cf43,яндекс
m_dc7367b06f4f,Приложение и сбои
m_dc7367b06f4f,Яндекс Про
m_36faa9f1d726,яндекс
m_c430b969be59,яндекс
m_36d00e5edd8d,Фастен
m_0ced9174785f,яндекс
m_de2c80ecb8bb,яндекс
m_de2c80ecb8bb,Фастен
m_cc6fefec3bc9,Фастен
m_13551a6e38cd,яндекс
m_a5eb1f260dba,WB Такси
m_a5eb1f260dba,Фастен
m_5b49853b05a8,яндекс
m_00ab808b9dc6,яндекс
m_00ab808b9dc6,Фастен
m_00ab808b9dc6,Приложение и сбои
m_00ab808b9dc6,Яндекс Про
m_926538a8d722,Коэффициент
m_6d81504e8402,яндекс
m_6d81504e8402,WB Такси
m_dcc1cf8f08a8,Коэффициент
m_95dce68a838c,Коэффициент
m_4e2e5dfb98bb,яндекс
m_f7d3fb70bd03,Законы и налоги
m_d224fec752bd,Законы и налоги
m_0aca6a8f806c,Коэффициент
m_5ef30e8301e0,яндекс
m_4f2810ce7d75,яндекс
m_db2053abba3b,яндекс
m_db2053abba3b,Приложение и сбои
m_db2053abba3b,Яндекс Про
m_a3fd2d7ba29b,яндекс
m_4fda1157521e,Приложение и сбои
m_4fda1157521e,Яндекс Про
m_dc55d788629c,Коэффициент
m_b37fc2ca40c3,яндекс
m_014c53480ff5,Коэффициент
m_aa0a5071e54a,яндекс
m_9600d99b3b05,яндекс
m_36cd0d1d14f7,яндекс
m_e5d1bea668a4,яндекс
m_e5d1bea668a4,WB Такси
m_0998e93256cc,Коэффициент
m_b052ecaddc23,яндекс
m_3dae04ae4908,яндекс
m_0a8439fdaefe,Коэффициент
m_d836e16eeace,яндекс
m_1f92676a1676,яндекс
m_2c2d5b731fc2,яндекс
m_2c2d5b731fc2,Фастен
m_5b4ffecfb6c0,Коэффициент
m_aff7875eb476,Законы и налоги
m_09372243f672,WB Такси
m_f85d41cb17b6,Фастен
m_74751dae3a93,яндекс
m_0893eff8a277,яндекс
m_94239a6bb15f,яндекс
m_f947a3901689,яндекс
m_07f55cfa06cf,яндекс
m_8f694a3628e0,Коэффициент
m_38734d85d9f8,яндекс
m_8015cfcb3022,Законы и налоги
m_83a780053791,WB Такси
m_4885ea60d758,Коэффициент
m_4885ea60d758,яндекс
m_4885ea60d758,Приложение и сбои
m_f1332a08d8c8,яндекс
m_0f188d5f67f9,яндекс
m_628f75a9ab2a,Коэффициент
m_9ab324b99381,яндекс
m_9ab324b99381,WB Такси
m_4bbdf79f2231,WB Такси
m_e167b2d17b8f,Коэффициент
m_f11aff941520,Коэффициент
m_f11aff941520,Приложение и сбои
m_f11aff941520,Яндекс Про
m_9ae3ae51db0b,Законы и налоги
m_9ae3ae51db0b,яндекс
m_adced49cae9c,Законы и налоги
m_d4981547a3af,яндекс
m_024ade26b7c1,яндекс
m_00676c4f8795,Коэффициент
m_e78e7719256f,Коэффициент
m_4fb514e20d09,Коэффициент
m_ca039fb581c6,Фастен
m_0e2df500ea12,яндекс
m_9b00962259d5,Фастен
m_ef41ff499e74,яндекс
m_1c2aabf556a0,Коэффициент
m_6e265e6d0e95,яндекс
m_1554cac91998,яндекс
m_f47a9d357c3a,яндекс
m_61216d44bfef,Законы и налоги
m_b8f046866288,яндекс
m_b938d3a58bcf,Законы и налоги
m_64dfef11b3a6,Приложение и сбои
m_890f9d4b87b7,яндекс
m_890f9d4b87b7,Приложение и сбои
m_890f9d4b87b7,Яндекс Про
m_f188cff1c4c6,Коэффициент
m_2f0293e20bbd,Законы и налоги
m_f022027be977,Законы и налоги
m_31d3465f147c,Коэффициент
m_32ae9c63f87e,Коэффициент
m_684e2c562d61,Коэффициент
m_684e2c562d61,яндекс
m_6ab55eef0183,яндекс
m_1c310d7d123c,Коэффициент
m_aacf7ba1b998,яндекс
m_5aad342dd04f,яндекс
m_0439c372474b,Законы и налоги
m_d8d4652685b2,Коэффициент
m_2228d14e69ad,Коэффициент
m_8edbae8ab6da,яндекс
m_982366d894aa,яндекс
m_84301b711a77,яндекс
m_a2cc92fb88a6,яндекс
m_d470d1d875ab,яндекс
m_6bfa8f22d3f8,Фастен
m_fa2a3b7da32f,яндекс
m_fa2a3b7da32f,Фастен
m_dae066a3b20e,яндекс
m_dae066a3b20e,Фастен
m_d5e898bca444,Фастен
m_5786e42737ec,Коэффициент
m_cd419cb89aa0,яндекс
m_cd419cb89aa0,Приложение и сбои
m_cd419cb89aa0,Яндекс Про
m_62c756de69e2,Законы и налоги
m_64ffe001a86d,яндекс
m_8284f321b27c,яндекс
m_57f5868bf27e,яндекс
m_ef0203013e2a,яндекс
m_a39034ef76b6,яндекс
m_a08f9a0d2d26,яндекс
m_a08f9a0d2d26,Приложение и сбои
m_a08f9a0d2d26,Яндекс Про
m_9b94adc94a19,Коэффициент
m_5c4689e62f3b,яндекс
m_78f97b20d049,яндекс
m_e1fe790341e1,яндекс
m_e7064eb3bcd9,Законы и налоги
m_3b7e64a84d28,яндекс
m_7621f7fe70fe,WB Такси
m_f056643f944d,яндекс
m_98373c1b4548,яндекс
m_91903fae4b9b,Коэффициент
m_42544b332a57,яндекс
m_666bf13c8698,яндекс
m_5801c32b7bac,яндекс
m_5801c32b7bac,Забастовка
m_6d51fb95ff9b,Забастовка
m_de201952942d,яндекс
m_dfd752a1936d,Коэффициент
m_bb2ecbbeec3e,Фастен
m_264a7c169cff,Фастен
m_d8cd597aef7c,яндекс
m_d8cd597aef7c,WB Такси
m_8b51c939417c,яндекс
m_c076b54dbc44,Коэффициент
m_2bae3543dd8b,яндекс
m_94ee4f979f02,яндекс
m_de0708d37b83,Законы и налоги
m_c8f9b6c591f8,Законы и налоги
m_a233407ecc0f,яндекс
m_b2c600063f61,Законы и налоги
m_7b12b49c5906,яндекс
m_e686187961a4,Коэффициент
m_88104da3feac,Коэффициент
m_0c3c54743099,Законы и налоги
m_757439f41bf6,яндекс
m_7be46f0f75fb,WB Такси
m_3b853b9dcd6d,яндекс
m_d0f5dcfc92b4,яндекс
m_c1584d3cc8ad,Фастен
m_45a6db23e1e5,яндекс
m_45a6db23e1e5,Фастен
m_45a6db23e1e5,Приложение и сбои
m_45a6db23e1e5,Яндекс Про
m_a175ff1ae313,яндекс
m_b510676573ed,яндекс
m_e273cbc131f7,яндекс
m_b871855ea087,Коэффициент
m_b871855ea087,яндекс
m_efaf386e0361,яндекс
m_2ccae590e8c4,яндекс
m_0627247ba0ec,Фастен
m_b998dfdce2bf,Коэффициент
m_b998dfdce2bf,Фастен
m_f7bdcf62a4a5,Фастен
m_38571eec3b13,яндекс
m_b155f75e1408,Коэффициент
m_28f6495d7514,Коэффициент
m_4d6e47cadb90,яндекс
m_4d6e47cadb90,Фастен
m_7328337abc62,Фастен
m_2f071e07f076,яндекс
m_528940fb331e,Приложение и сбои
m_528940fb331e,Яндекс Про
m_858fdce9c541,яндекс
m_00bde766c100,Приложение и сбои
m_00bde766c100,Яндекс Про
m_8e37880dee08,WB Такси
m_c18c872c008b,Коэффициент
m_d8721779e11c,Коэффициент
m_6f28899f5765,Коэффициент
m_6f28899f5765,Приложение и сбои
m_a4223233497e,Коэффициент
m_cb07bb088282,яндекс
m_cb07bb088282,Забастовка
m_3a44c800a5f5,Приложение и сбои
m_38db49086887,яндекс
m_819944981b2b,Забастовка
m_00ccc2ee6f21,яндекс
m_00ccc2ee6f21,Приложение и сбои
m_00ccc2ee6f21,Яндекс Про
m_8f7d0efef09e,Приложение и сбои
m_8f7d0efef09e,Яндекс Про
m_597df3935941,Коэффициент
m_4923447e63ff,Фастен
m_63a655b69b0b,Коэффициент
m_c10777c6e74c,яндекс
m_9f5723f10446,яндекс
m_63df6c615ddb,Коэффициент
m_210ad4ac6c1b,Забастовка
m_8fe0798f86ff,яндекс
m_0752bff45072,яндекс
m_c9c0129b0d8c,Забастовка
m_e424504bafaf,Коэффициент
m_e424504bafaf,Фастен
m_555d62a30f82,яндекс
m_555d62a30f82,Фастен
m_6117da94b88e,яндекс
m_cc71ecbcd47d,Коэффициент
m_4758738598a5,яндекс
m_8e574dd9dfb4,Коэффициент
m_8e574dd9dfb4,Фастен
m_c28822b4222b,яндекс
m_6b7ed88e0057,Забастовка
m_e9ae0bf49045,Фастен
m_465f270f32a8,Фастен
m_dfc411d1485c,Коэффициент
m_a249eb9f25e3,яндекс
m_d670d224024b,яндекс
m_f43b1781ad67,яндекс
m_e74fc9d9a7f5,Коэффициент
m_6106ace963d6,Фастен
m_d1966b3d435b,яндекс
m_059ed5a43d7d,Забастовка
m_ecf55779491c,Коэффициент
m_fae5d1e91b99,Коэффициент
m_fae5d1e91b99,яндекс
m_f0bc06fa7cb4,яндекс
m_edcd53192381,Законы и налоги
m_c53288705505,яндекс
m_3312800eb739,яндекс
m_3312800eb739,WB Такси
m_73fd31426726,Законы и налоги
m_63821b7d5ea9,яндекс
m_63821b7d5ea9,Забастовка
m_876b5c8b67c0,яндекс
m_2ae45154e31b,WB Такси
m_251189a14d17,Законы и налоги
m_b526fd89384c,Коэффициент
m_b526fd89384c,яндекс
m_b526fd89384c,Фастен
m_163fb1dae542,Фастен
m_9e55babc949f,Коэффициент
m_9e55babc949f,яндекс
m_9e55babc949f,Приложение и сбои
m_9e55babc949f,Яндекс Про
m_2ee891520ac9,Коэффициент
m_3b4da40ec8c0,яндекс
m_32845fc3f59a,яндекс
m_dba3a4bb9917,яндекс
m_605a1712b8c9,яндекс
m_605a1712b8c9,WB Такси
m_03dc3c057f14,яндекс
m_ca3abef97a31,яндекс
m_ca3abef97a31,WB Такси
m_7efa58fd4608,яндекс
m_2a04f3678328,яндекс
m_c8be50e7f8ab,яндекс
m_b194fb567d54,Коэффициент
m_de862792e896,яндекс
m_fedae8026dab,Коэффициент
m_eec8b92153a9,яндекс
m_90923e3c1f14,Фастен
m_6afb424bdf39,Приложение и сбои
m_4ac527e7d884,Коэффициент
m_cb4507847bfd,Коэффициент
m_504fc60856a8,Приложение и сбои
m_9eda7b3aafcc,Коэффициент
m_61bc7750ae5a,Коэффициент
m_ff5313c0ee3d,Приложение и сбои
m_3648d5f4a6ba,яндекс
m_4b49fc613c32,Коэффициент
m_e10b829a7558,Коэффициент
m_3b85d535641d,Коэффициент
m_4b2050ef22a6,яндекс
m_f550fca0b308,яндекс
m_5fa006d49a3f,яндекс
m_5fa006d49a3f,Приложение и сбои
m_5fa006d49a3f,Яндекс Про
m_712e6be36ed7,Коэффициент
m_c3ec2ea9115a,Коэффициент
m_c3ec2ea9115a,яндекс
m_c3ec2ea9115a,Приложение и сбои
m_c3ec2ea9115a,Яндекс Про
m_bcc36710620a,яндекс
m_c4423ee4bae0,Законы и налоги
m_46d68c364a46,Коэффициент
m_8158fa66586b,яндекс
m_8158fa66586b,Фастен
m_7b9dfff35caf,яндекс
m_b4e9e48dd7f5,Законы и налоги
m_31a2e888f6fe,Законы и налоги
m_e4d39629e145,Фастен
m_72416b3d0503,Фастен
m_4e0d4c187c1c,яндекс
m_5363bf78fd88,Коэффициент
m_5363bf78fd88,яндекс
m_55843b8b481d,Фастен
m_fb2b2ddf0289,Фастен
m_7826b84454ed,Коэффициент
m_3247ddc57ea6,яндекс
m_a6fe5a54f30c,Законы и налоги
m_e2e399cbd1f8,Законы и налоги
m_2feb650187de,Коэффициент
m_a7daaec8f0ea,яндекс
m_46b566bc59b2,Коэффициент
m_46b566bc59b2,яндекс
m_14988ed03f01,Коэффициент
m_14988ed03f01,яндекс
m_14988ed03f01,Приложение и сбои
m_14988ed03f01,Яндекс Про
m_7818d0c33c26,яндекс
m_43f616f32774,яндекс
m_9cd0b62af524,Приложение и сбои
m_7fa503ea7661,Законы и налоги
m_71e4adf51556,яндекс
m_2a3c2ec07b6c,яндекс
m_681a71c4bbc7,яндекс
m_aa4d272d1858,яндекс
m_24e21e3357df,яндекс
m_1eac003670b7,яндекс
m_312821f4d1da,Фастен
m_2abd94249122,Законы и налоги
m_c268773df9a0,Коэффициент
m_82ce1bb058ee,Коэффициент
m_a55d56e3541a,Коэффициент
m_30f52b96b763,яндекс
m_14be329827ea,Коэффициент
m_bd3aca40629f,яндекс
m_e5b0d0bba6a7,Приложение и сбои
m_e5b0d0bba6a7,Яндекс Про
m_1e5af9d95ac4,яндекс
m_182117b58995,Законы и налоги
m_5620404bbba6,Законы и налоги
m_870011659ad5,Фастен
m_c2775bd09383,Законы и налоги
m_ddba5a3ebb8e,яндекс
m_e545ae267222,Приложение и сбои
m_e545ae267222,Яндекс Про
m_e2232b09b87c,Коэффициент
m_964c27159353,яндекс
m_3b05105ea64c,Коэффициент
m_8b8a02577f3b,Приложение и сбои
m_b9a503fd89a9,яндекс
m_56f7ea364854,яндекс
m_57c2c24270a1,Приложение и сбои
m_49241f7b1af7,яндекс
m_49241f7b1af7,Приложение и сбои
m_49241f7b1af7,Яндекс Про
m_475bdb55a5e0,яндекс
m_35264bb49441,Коэффициент
m_35264bb49441,яндекс
m_9ac79a00e4e1,Коэффициент
m_7a51a1599e9f,яндекс
m_13e1f73a09ee,WB Такси
m_0feb8c288a82,Фастен
m_13ab73b82a90,яндекс
m_86ce1d762f7b,Приложение и сбои
m_6e3c593bc82f,Приложение и сбои
m_d8a81dfbc3ef,Коэффициент
m_fc1383271a3a,Законы и налоги
m_896e2953f0f6,Приложение и сбои
m_fb73185dd6ae,Коэффициент
m_fcfa5217619b,Коэффициент
m_fcfa5217619b,яндекс
m_19e77e6aba37,Приложение и сбои
m_4b109e20d987,яндекс
m_33c268c6d698,яндекс
m_25a85dc4fe22,яндекс
m_7cf775ead80b,Приложение и сбои
m_7cf775ead80b,Яндекс Про
m_d34f6649d627,яндекс
m_efea2e6d511c,Приложение и сбои
m_b80d902b4220,яндекс
m_5782d8937005,яндекс
m_1ee686c390af,Приложение и сбои
m_1ee686c390af,Яндекс Про
m_391f815197b6,яндекс
m_62b2516d6971,яндекс
m_1df79c8ff31f,Коэффициент
m_e8a9e3748bb1,Коэффициент
m_892a56bed66c,Коэффициент
m_a71b7ffbe59e,Коэффициент
m_2524fec3c49a,Коэффициент
m_db11c9ee65f0,Приложение и сбои
m_25defb866dae,яндекс
m_39db2328b7d0,Приложение и сбои
m_69b46e663bbe,яндекс
m_13319596052c,яндекс
m_9cd1749f1ba7,Фастен
m_6ec7cd1a9341,яндекс
m_200039266c66,Приложение и сбои
m_200039266c66,Яндекс Про
m_2182701f954b,Законы и налоги
m_479edf166cf1,яндекс
m_135f02fdd4d8,яндекс
m_320461de62f0,Законы и налоги
m_1eebe9ac8f98,Коэффициент
m_aa813d9cc8d5,яндекс
m_2bdcd0e7dce3,яндекс
m_6b98bb26463c,яндекс
m_6b98bb26463c,WB Такси
m_36e2550485b6,яндекс
m_cfe82c65d769,WB Такси
m_bf36bbae6eb8,WB Такси
m_61452e6fb120,Коэффициент
m_6a57bce45134,Коэффициент
m_6aea2dd5f886,WB Такси
m_d0237bb99719,Забастовка
m_5b01c6156891,яндекс
m_da0a054328b3,Коэффициент
m_3b45c457abed,Законы и налоги
m_130bb68f3f27,Коэффициент
m_1980a0a597cb,яндекс
m_47719c33ed77,Коэффициент
m_47719c33ed77,яндекс
m_49c7e8c8ddb9,яндекс
m_c255fc23f80c,Забастовка
m_ae6ea16d9486,яндекс
m_8ce710352ba3,Коэффициент
m_19ba9718da7e,Законы и налоги
m_19ba9718da7e,яндекс
m_bc3c06288640,яндекс
m_bc662993e65b,Коэффициент
m_bc662993e65b,Законы и налоги
m_c09a739be99b,яндекс
m_f7c8edb0957f,яндекс
m_3d6d9961bd77,Коэффициент
m_a757d1edc46f,яндекс
m_d1c749d08dd7,яндекс
m_7061a2f80693,Приложение и сбои
m_7061a2f80693,Яндекс Про
m_a12b12f77404,яндекс
m_80972e70a6d4,Коэффициент
m_e51a4c8a0d5d,Коэффициент
m_e51a4c8a0d5d,Законы и налоги
m_aaf256d02126,Коэффициент
m_10d42388e945,Коэффициент
m_1d1c90bcc450,Коэффициент
m_2574ec9872e2,Коэффициент
m_2574ec9872e2,яндекс
m_6700cd1e2993,Коэффициент
m_87c25e05ab4c,Коэффициент
m_4e9281b262d0,WB Такси
m_11f57ca4da37,яндекс
m_5d47524860be,Коэффициент
m_06cfdae40653,Коэффициент
m_448461829448,Коэффициент
m_ad0c7d520d79,Коэффициент
m_4e33279859e9,Коэффициент
m_4e33279859e9,яндекс
m_4b8680f65319,Коэффициент
m_e1acfb0fb7b1,Приложение и сбои
m_e1acfb0fb7b1,Яндекс Про
m_3343f29f5a57,яндекс
m_a84a01ff061c,Приложение и сбои
m_453f07389a8b,яндекс
m_f7dbdaca5b8b,яндекс
m_50e48d135f57,Приложение и сбои
m_50e48d135f57,Яндекс Про
m_361a1d015e57,Фастен
m_3f504e79b8d4,Законы и налоги
m_41d278498921,Законы и налоги
m_b4deaae1be24,Приложение и сбои
m_b4deaae1be24,Яндекс Про
m_069fb0d82aaa,яндекс
m_1d596eefa456,Коэффициент
m_1d596eefa456,яндекс
m_0c37d908eb53,Коэффициент
m_9321a1690815,Приложение и сбои
m_9321a1690815,Яндекс Про
m_e6588ce92db9,Фастен
m_26314facf188,яндекс
m_08c1edfde3f7,яндекс
m_e986bc1db991,яндекс
m_adc53cc548de,яндекс
m_1061d46aada2,Приложение и сбои
m_1061d46aada2,Яндекс Про
m_cce0be56976e,яндекс
m_cce0be56976e,Фастен
m_2da90bd2d96a,яндекс
m_2da90bd2d96a,Приложение и сбои
m_2da90bd2d96a,Яндекс Про
m_a63b8ad0d1a8,яндекс
m_413a3e32c0fd,яндекс
m_43f7170479c7,Приложение и сбои
m_43f7170479c7,Яндекс Про
m_6c5b4ce007e6,Коэффициент
m_26b26745e545,Коэффициент
m_26b26745e545,яндекс
m_7533e9e8f662,яндекс
m_49f025cef038,яндекс
m_1838428600e5,яндекс
m_1838428600e5,WB Такси
m_99692d9dd01e,Фастен
m_24dd818ffe69,Коэффициент
m_e6d1fb4057dc,Коэффициент
m_1ea8a6408bd1,яндекс
m_1ea8a6408bd1,Фастен
m_f330162c4093,Коэффициент
m_f330162c4093,Приложение и сбои
m_2f8080941c2c,яндекс
m_584ab7edc68b,Коэффициент
m_b2a3f26e47e2,Фастен
m_e61cc5682a80,Коэффициент
m_1e3eaa5f0c90,Коэффициент
m_b54c96aae5b0,Законы и налоги
m_99fb25a41a86,Коэффициент
m_45331b46b9ce,Коэффициент
m_7cf2259b7a95,Коэффициент
m_19cbf02bfb2e,Коэффициент
m_c2259f55e272,Коэффициент
m_24a4759ebe59,Коэффициент
m_fe1d44b4615f,Коэффициент
m_9a232651d571,яндекс
m_3c2d3200ff91,Приложение и сбои
m_3c2d3200ff91,Яндекс Про
m_d5aff7fabfa4,Коэффициент
m_55ea5c97c956,яндекс
m_324193b07442,яндекс
m_a8c5017de95f,яндекс
m_e6ed0351c363,Коэффициент
m_dcf058216492,яндекс
m_20f71df07b9f,Коэффициент
m_20f71df07b9f,Приложение и сбои
m_b998ad4cfa7b,яндекс
m_375223ac6de1,Коэффициент
m_89dc166bd695,Приложение и сбои
m_89dc166bd695,Яндекс Про
m_b6f1db3d3eda,яндекс
m_b6f1db3d3eda,Приложение и сбои
m_deb1be4b4e25,яндекс
m_03dab738acfa,яндекс
m_b1cc17d49862,Приложение и сбои
m_b1cc17d49862,Яндекс Про
m_8980c4189f2b,яндекс
m_b618a8f4da49,Фастен
m_e6c41e92f13d,яндекс
m_2c671bc3d506,Фастен
m_c8d2e338bd35,яндекс
m_3067e8b4e3b4,Фастен
m_75d64d2ea256,яндекс
m_75d64d2ea256,Приложение и сбои
m_75d64d2ea256,Яндекс Про
m_e5f95fe68351,Законы и налоги
m_12873c692f9d,WB Такси
m_a16f09478d7e,яндекс
m_7837b635129e,яндекс
m_4bcb6de5c7d7,Фастен
m_06b63b53faaf,Коэффициент
m_9607eb389460,Коэффициент
m_9607eb389460,Приложение и сбои
m_edbc3b0328ef,Приложение и сбои
m_a3758329ba45,Коэффициент
m_80a222860b81,Фастен
m_4ee1be7108ab,Коэффициент
m_3455f4a230cc,Коэффициент
m_e96ef3566f9a,Приложение и сбои
m_bd2a47433b6b,Приложение и сбои
m_bd2a47433b6b,Яндекс Про
m_e31c96122c41,Приложение и сбои
m_e31c96122c41,Яндекс Про
m_a1a77f9c92b9,Коэффициент
m_e4056a43d5a3,Приложение и сбои
m_a56545e337dd,Законы и налоги
m_0053ccaaebc1,Законы и налоги
m_1f393b87e698,яндекс
m_1f393b87e698,Приложение и сбои
m_1f393b87e698,Яндекс Про
m_acab412181fd,Коэффициент
m_1bc4582c8d03,яндекс
m_d594e4c84e4a,яндекс
m_61f549d9f054,Приложение и сбои
m_ab48ff2e8219,Приложение и сбои
m_ab48ff2e8219,Яндекс Про
m_be2671f7d03e,Коэффициент
m_f7f28cfc9f32,Законы и налоги
m_396acde5697e,Коэффициент
m_866c86683b4f,Коэффициент
m_866c86683b4f,яндекс
m_2506ad55d304,яндекс
m_e12a408d4581,яндекс
m_0bdc0931b1ab,WB Такси
m_ddfb5371f9b2,яндекс
m_c0848f2eee6d,яндекс
m_83a106152c53,Законы и налоги
m_5216d3610b24,яндекс
m_b06b58b0773d,яндекс
m_d8d3bc60bf08,яндекс
m_568bafac0ed7,Коэффициент
m_568bafac0ed7,Законы и налоги
m_aa9b4e4e3bf6,Коэффициент
m_9a8ac86c324b,Коэффициент
m_91fbd67915c2,WB Такси
m_3bb99e6be18b,Коэффициент
m_3bb99e6be18b,Законы и налоги
m_98eeaca5f25d,яндекс
m_98eeaca5f25d,WB Такси
m_d6a4344a7693,яндекс
m_f49780e4c7cf,яндекс
m_f49780e4c7cf,Приложение и сбои
m_f49780e4c7cf,Яндекс Про
m_6e0c7e37663d,Приложение и сбои
m_9fe498205d36,яндекс
m_7adeac936977,Фастен
m_1497f8ac9e3e,яндекс
m_509e2a4afcad,Фастен
m_dd659720c10a,яндекс
m_08b13a76bb8f,Коэффициент
m_28f976d5ecf3,Коэффициент
m_768d48f2200a,Приложение и сбои
m_768d48f2200a,Яндекс Про
m_59ad278dc64b,Приложение и сбои
m_59ad278dc64b,Яндекс Про
m_a635ab2c3843,Приложение и сбои
m_a635ab2c3843,Яндекс Про
m_f84a7dda227c,Коэффициент
m_a96a6e3d10d5,яндекс
m_7fe2d5bd3026,Приложение и сбои
m_7fe2d5bd3026,Яндекс Про
m_a0d24b9eb96c,Законы и налоги
m_83ecf968cbbf,Коэффициент
m_da8869efc230,Приложение и сбои
m_25210649e0a5,Приложение и сбои
m_25210649e0a5,Яндекс Про
m_c65f1463352c,яндекс
m_aced1826e62a,Коэффициент
m_60edcd43d010,Фастен
m_d94a410d7643,яндекс
m_079e66bfc807,WB Такси
m_11161d1c93a7,Коэффициент
m_11161d1c93a7,яндекс
m_c8fb264a32e2,Коэффициент
m_872fe298a38f,Законы и налоги
m_07ab4f384d21,Приложение и сбои
m_29d05e83e6cf,Коэффициент
m_dd89fe74e7dd,яндекс
m_62c745b92b87,Законы и налоги
m_e78a203852ba,Коэффициент
m_86e2aa5e5668,Законы и налоги
m_1bb70deb8085,Коэффициент
m_24e7e9a4538f,яндекс
m_ce977dcf7a47,Фастен
m_06420b2f54b1,Коэффициент
m_d60b7aefec2d,яндекс
m_26d9b7e1bc57,WB Такси
m_b8440f6130d1,Приложение и сбои
m_fa5c34052561,Коэффициент
m_fa5c34052561,Фастен
m_fa5c34052561,Приложение и сбои
m_fa5c34052561,Яндекс Про
m_172d49aa27ae,Фастен
m_a5f070387645,Законы и налоги
m_b29d05990293,Коэффициент
m_b29d05990293,яндекс
m_ad408f7e0413,яндекс
m_ad408f7e0413,Фастен
m_bf3bdcdfa6ad,яндекс
m_16555f503596,Коэффициент
m_e927f10406e9,яндекс
m_a65c90ee4b3a,яндекс
m_a65c90ee4b3a,WB Такси
m_35da8754aaf2,яндекс
m_cd6df5b35566,Законы и налоги
m_999669f19d44,яндекс
m_c37885675348,Коэффициент
m_5c152dd33ffe,Законы и налоги
m_ad98d67dc4c0,WB Такси
m_7b07bf72b1f0,Коэффициент
m_9914c3493617,Коэффициент
m_9914c3493617,яндекс
m_9914c3493617,Фастен
m_24a620a57a74,яндекс
m_3f884b55397d,яндекс
m_3f884b55397d,Приложение и сбои
m_3f884b55397d,Яндекс Про
m_366968d7def6,яндекс
m_366968d7def6,Приложение и сбои
m_366968d7def6,Яндекс Про
m_f73b612512e7,Коэффициент
m_f73b612512e7,Фастен
m_2cd5bc4b047c,Фастен
m_54c22f375695,яндекс
m_54c22f375695,Фастен
m_1deebc3debc0,Законы и налоги
m_7421e308f94e,яндекс
m_653df374737b,Коэффициент
m_0d9678598bf5,яндекс
m_715b7f921bd2,яндекс
m_a30915e89f06,яндекс
m_d5844d26e0bb,Коэффициент
m_e3184558681f,Приложение и сбои
m_e3184558681f,Яндекс Про
m_710200479b03,яндекс
m_a014827d5df3,яндекс
m_318d6e35b975,Приложение и сбои
m_318d6e35b975,Яндекс Про
m_50b8a0227ffe,Коэффициент
m_0440198408ca,Законы и налоги
m_50aeb954882b,Коэффициент
m_e53b1e6f2933,Коэффициент
m_1c33c4fd0c8d,Коэффициент
m_d3ada33e55a3,яндекс
m_1e8784919ea9,Коэффициент
m_1e8784919ea9,Законы и налоги
m_1e8784919ea9,яндекс
m_070baf566ddf,Законы и налоги
m_947c0697e898,яндекс
m_33d7d8c69737,яндекс
m_abf01e28349b,яндекс
m_0111ce438526,Коэффициент
m_cf998968caa2,яндекс
m_61ea7f637047,Приложение и сбои
m_61ea7f637047,Яндекс Про
m_951e832dfd75,яндекс
m_951e832dfd75,Приложение и сбои
m_951e832dfd75,Яндекс Про
m_c8f891caf037,Коэффициент
m_1628ef20279d,Приложение и сбои
m_1628ef20279d,Яндекс Про
m_7fc0568b8f35,Коэффициент
m_7fc0568b8f35,Законы и налоги
m_f641a034d1af,яндекс
m_56e531117579,яндекс
m_ab4d673e6d3c,Приложение и сбои
m_ab4d673e6d3c,Яндекс Про
m_1619dbafd0b8,яндекс
m_9ebac99e965a,яндекс
m_3897d84ddbad,яндекс
m_15b613e55e5e,яндекс
m_a23ba27eccac,Коэффициент
m_a23ba27eccac,яндекс
m_d78258bb766c,Коэффициент
m_9ea409ce67bd,яндекс
m_691cc8ff9e02,Коэффициент
m_a58ffe448b21,яндекс
m_f8953fe1ba72,яндекс
m_ae86074ce306,яндекс
m_0bbfa2bebe37,Коэффициент
m_9abcb8bb3c3d,Фастен
m_c9dcbfd905c4,Коэффициент
m_8e395402e7a3,Коэффициент
m_7c9fa4bcaf1f,яндекс
m_6d3bee28628e,яндекс
m_6d3bee28628e,WB Такси
m_6d3bee28628e,Приложение и сбои
m_6d3bee28628e,Яндекс Про
m_03e7c6f16f14,Коэффициент
m_0677f880730f,яндекс
m_663a24a4ea59,Коэффициент
m_663a24a4ea59,яндекс
m_663a24a4ea59,Приложение и сбои
m_663a24a4ea59,Яндекс Про
m_0a2f668691c0,яндекс
m_632f61e492a6,Коэффициент
m_400ca95bf153,яндекс
m_c2ef7d245ac3,яндекс
m_353a94603dbe,WB Такси
m_f74f82a2e247,Коэффициент
m_4ff6ae4f3ec8,яндекс
m_3e96ef55eb04,Приложение и сбои
m_3e96ef55eb04,Яндекс Про
m_67f07e42ae2b,яндекс
m_77b772bdbfc4,Законы и налоги
m_e10ec5bd79b0,яндекс
m_47e797dc08ec,яндекс
m_76fefc58263a,яндекс
m_7e1100fd3b39,Приложение и сбои
m_7e1100fd3b39,Яндекс Про
m_215cfa2a35e6,Приложение и сбои
m_c99806a2f7d7,Коэффициент
m_f4df9e81046a,Коэффициент
m_f4df9e81046a,Приложение и сбои
m_f4df9e81046a,Яндекс Про
m_ca19d21fcc7e,яндекс
m_2a971fff0b22,Коэффициент
m_5d9fe35df7b9,Коэффициент
m_32aed4283c9f,Коэффициент
m_32aed4283c9f,Приложение и сбои
m_32aed4283c9f,Яндекс Про
m_f8db5e9d15c8,Коэффициент
m_cf355fcecc9a,Приложение и сбои
m_cf355fcecc9a,Яндекс Про
m_ca64246d38e9,яндекс
m_30e56ced4985,Фастен
m_3c0a8844721d,Приложение и сбои
m_3c0a8844721d,Яндекс Про
m_6b4eb697053f,Коэффициент
m_988cd328d685,Законы и налоги
m_988cd328d685,Забастовка
m_59e43e026a0a,Законы и налоги
m_59e43e026a0a,Забастовка
m_4c6bed69e2b7,Законы и налоги
m_174a5b9780fa,Коэффициент
m_45b775871372,Законы и налоги
m_5c3004529f90,яндекс
m_4e071700f78a,WB Такси
m_a44f2f851428,Законы и налоги
m_439a50f520ab,Законы и налоги
m_52bfc58b9a6c,Законы и налоги
m_ecd31f2c458e,Коэффициент
m_3847dde1b198,Законы и налоги
m_cf2aa8c02b91,Законы и налоги
m_b0579911cc47,Фастен
m_5f62f76fb43d,Законы и налоги
m_a149bf64d1b4,Фастен
m_a319dd59ed51,Приложение и сбои
m_a319dd59ed51,Яндекс Про
m_9ef7fc98fced,Законы и налоги
m_56016d417793,Законы и налоги
m_95af5e8a1e23,Коэффициент
m_bbeb7a2ca00f,яндекс
m_a65fb343726a,яндекс
m_613962f20141,Коэффициент
m_16fe0dce2838,WB Такси
m_6220a4e9ee07,Приложение и сбои
m_6220a4e9ee07,Яндекс Про
m_ba073a00cb09,яндекс
m_ba073a00cb09,Приложение и сбои
m_ba073a00cb09,Яндекс Про
m_c0bcfd57a6c7,Законы и налоги
m_c80e03c40fbf,Законы и налоги
m_4fa8cdbab183,яндекс
m_7f2d7174a7cf,яндекс
m_bd41b3b0e82f,Коэффициент
m_bd41b3b0e82f,Законы и налоги
m_3fbb59f4e243,яндекс
m_3fbb59f4e243,Фастен
m_b47726c72ab7,Фастен
m_ab840dd8ed21,Коэффициент
m_1b06e7de2767,Законы и налоги
m_c03f22998fde,Законы и налоги
m_8335493384c9,яндекс
m_b1c054ab42e2,яндекс
m_c2087d84e04d,яндекс
m_bbda6c3334e5,Приложение и сбои
m_bbda6c3334e5,Яндекс Про
m_bb636542bd44,Законы и налоги
m_a03c767bcbf2,яндекс
m_e3a629fe7ba6,WB Такси
m_0a910651bd06,яндекс
m_2020744b9d25,Законы и налоги
m_0458e4209106,Приложение и сбои
m_0458e4209106,Яндекс Про
m_7a0c9a899bd7,Законы и налоги
m_7a0c9a899bd7,Приложение и сбои
m_7a0c9a899bd7,Яндекс Про
m_b971d8f7658c,Законы и налоги
m_3f651b55a3c9,яндекс
m_3f651b55a3c9,Приложение и сбои
m_3f651b55a3c9,Яндекс Про
m_a84130b91753,Законы и налоги
m_a30ef73021e3,яндекс
m_a30ef73021e3,WB Такси
m_651af0f92de2,Коэффициент
m_cf113001dc01,Законы и налоги
m_1da3616c38fd,Законы и налоги
m_2870afb36e0f,яндекс
m_b5248fe2ae8b,яндекс
m_b5248fe2ae8b,Приложение и сбои
m_b5248fe2ae8b,Яндекс Про
m_8e2ab01ac314,яндекс
m_9df082c5dd12,Приложение и сбои
m_9df082c5dd12,Яндекс Про
m_64da94fd078c,Коэффициент
m_cd73f558b55f,яндекс
m_af1f70c5ef72,Коэффициент
m_af1f70c5ef72,яндекс
m_41655adaa28b,яндекс
m_eff98c503abb,Приложение и сбои
m_eff98c503abb,Яндекс Про
m_d92e4e391d82,Коэффициент
m_d92e4e391d82,яндекс
m_6abe205d8d23,яндекс
m_17c61f152e98,Приложение и сбои
m_17c61f152e98,Яндекс Про
m_bdd86f64e386,яндекс
m_dc46a40740d1,Фастен
m_792bfdeca718,яндекс
m_047832f49188,яндекс
m_047832f49188,Фастен
m_3e580e82ad45,Коэффициент
m_9bc781865c18,Законы и налоги
m_5700860a9eb1,яндекс
m_ed9f16697115,Законы и налоги
m_205eca0ed35d,Коэффициент
m_3435fc787e04,Приложение и сбои
m_4ef32234412d,Коэффициент
m_89a0f151fef5,яндекс
m_9234ee9c58ec,Законы и налоги
m_9234ee9c58ec,яндекс
m_11b03d0bbf30,яндекс
m_8eb2d4a1ad2e,Коэффициент
m_edadc5a77980,яндекс
m_79bc7adc7edf,яндекс
m_90ca16063ab1,яндекс
m_aa0d3f09b715,Приложение и сбои
m_aa0d3f09b715,Яндекс Про
m_15fd08e0ef5b,яндекс
m_15fd08e0ef5b,WB Такси
m_f0f5a061a506,Коэффициент
m_65d6567a2070,яндекс
m_81eaa1c1262f,яндекс
m_038c5a82e632,Приложение и сбои
m_038c5a82e632,Яндекс Про
m_893d653b6ac2,Коэффициент
m_9e784d162653,яндекс
m_31d55d9a89e7,яндекс
m_ea69ccf0cfb2,Коэффициент
m_c4aa13751c79,яндекс
m_3555fb37beb7,яндекс
m_01953ef03e8b,Законы и налоги
m_51651b660390,Коэффициент
m_f140977af566,Коэффициент
m_c5858a1f74fd,Коэффициент
m_9c64cde3042d,Коэффициент
m_ed6b4a5affbb,Законы и налоги
m_ed6b4a5affbb,яндекс
m_e1167a9bd5ca,яндекс
m_e50f4199a40c,яндекс
m_e50f4199a40c,Приложение и сбои
m_e50f4199a40c,Яндекс Про
m_3186b8bffd28,Коэффициент
m_7c7a2bbcaf99,Фастен
m_e27ea97fc8b1,яндекс
m_1f067bc261f2,Коэффициент
m_1c885eaec98e,Забастовка
m_ba3842e79957,яндекс
m_34fe7f130b04,яндекс
m_15f083493f92,яндекс
m_318f08faebb1,яндекс
m_2d14a9a1172b,яндекс
m_1609f1419a7c,яндекс
m_5d570633748a,Законы и налоги
m_99906a061e6d,Коэффициент
m_2a8410fb055d,Коэффициент
m_f2b1c8d420ed,яндекс
m_72a8e7db482f,Коэффициент
m_e54a95da7d91,Приложение и сбои
m_49aba8fe00a3,Приложение и сбои
m_49aba8fe00a3,Яндекс Про
m_71c2ea95efa4,яндекс
m_400b48515843,яндекс
m_84e37396ef90,Коэффициент
m_19e00e3936b5,Законы и налоги
m_a4a6fd0fede0,Фастен
m_ffea75f502bf,яндекс
m_3d03bce264e7,яндекс
m_67d520f66beb,яндекс
m_67d520f66beb,Фастен
m_3fc7b1118cb6,яндекс
m_04c48dd5cdbd,яндекс
m_312f7580eb7e,яндекс
m_312f7580eb7e,Приложение и сбои
m_312f7580eb7e,Яндекс Про
m_e98148fda6c4,Приложение и сбои
m_fa82d44512e1,яндекс
m_5305e0bd614a,яндекс
m_e5c16147596d,яндекс
m_193af5a501a8,Приложение и сбои
m_193af5a501a8,Яндекс Про
m_30fb76ff024e,Коэффициент
m_09a781c9f3fd,яндекс
m_9399a8e93c0d,яндекс
m_1c6e34356623,Коэффициент
m_4b37b348c651,Коэффициент
m_4b37b348c651,Приложение и сбои
m_4b37b348c651,Яндекс Про
m_b150dcf42703,Забастовка
m_58b6f21388da,Законы и налоги
m_450fd48ed360,Законы и налоги
m_476790ae02a3,яндекс
m_476790ae02a3,WB Такси
m_042cf9d2ed4e,Законы и налоги
m_6e270aca7a05,Коэффициент
m_700f6f57f313,Коэффициент
m_cf07596f57aa,Коэффициент
m_6aa08d6868fe,Коэффициент
m_7d131e34486f,яндекс
m_2eaf85b9ba4f,Приложение и сбои
m_2eaf85b9ba4f,Яндекс Про
m_1c146e5a2955,яндекс
m_75ce8cc482f4,Приложение и сбои
m_75ce8cc482f4,Яндекс Про
m_6b708269501a,яндекс
m_f2468c959105,Приложение и сбои
m_f2468c959105,Яндекс Про
m_afe4c9a1f913,Фастен
m_d65151c0f1d1,Коэффициент
m_91d9e3d570c2,Коэффициент
m_a5d7ac7ee79b,яндекс
m_7dffd74c1858,Коэффициент
m_9511a1af6e06,Забастовка
m_d2606b2b3052,Коэффициент
m_70f14cf1a5c2,Коэффициент
m_9f229e5593bc,яндекс
m_e64fc0978ef5,Законы и налоги
m_4824f8f89cfa,Законы и налоги
m_2126b6c22977,WB Такси
m_ddedc11f1b2f,яндекс
m_c7238a1016fd,яндекс
m_116a4accb097,яндекс
m_116a4accb097,WB Такси
m_116a4accb097,Приложение и сбои
m_116a4accb097,Яндекс Про
m_2fc3346b57bf,Коэффициент
m_4f6ff18fe00d,яндекс
m_32a2e35485b7,яндекс
m_40383e969e65,яндекс
m_93e365fb10ab,Коэффициент
m_edc4ea6cc16a,яндекс
m_e9fe54d51eff,Коэффициент
m_b36a73445605,яндекс
m_f6a695f4023c,Законы и налоги
m_9ec68de4c051,яндекс
m_da2f5151948a,яндекс
m_8e16c0bfb5cc,яндекс
m_01d4edcec1e0,яндекс
m_6cc46c11c99e,яндекс
m_b88bd0739354,яндекс
m_d0384dc90bcc,яндекс
m_fffa77ddf017,WB Такси
m_90f03dfe8a43,яндекс
m_af4ab05497be,яндекс
m_3fd7f22ef6be,яндекс
m_2d2f06796fdc,яндекс
m_2d2f06796fdc,WB Такси
m_b85c6c6f7d7e,Коэффициент
m_18096de87f16,Приложение и сбои
m_18096de87f16,Яндекс Про
m_81ec38e836a1,яндекс
m_0c8c9078d179,Законы и налоги
m_c49274509fb6,яндекс
m_47f7484a07e1,Законы и налоги
m_b253e63ee55c,яндекс
m_b253e63ee55c,Приложение и сбои
m_b253e63ee55c,Яндекс Про
m_102cff5458ef,яндекс
m_9c180f3b1804,яндекс
m_674b167be32e,яндекс
m_cdd3ffd09fb8,яндекс
m_4a3f85741221,WB Такси
m_ed2627f74942,Коэффициент
m_419a8f60932f,Законы и налоги
m_da9537a40874,Коэффициент
m_4ac13407a3c5,Коэффициент
m_ca285373844a,Коэффициент
m_c23db0085176,Фастен
m_576bb0f0fd03,Фастен
m_6e6c391aff9b,яндекс
m_365a09a72426,Коэффициент
m_1a2ca0297219,Коэффициент
m_7fe9ab44c77f,яндекс
m_f68f8eebdc6b,Приложение и сбои
m_f68f8eebdc6b,Яндекс Про
m_f99a0ac2422b,Коэффициент
m_3cd5b570a51c,яндекс
m_b148e7434b94,яндекс
m_429da846d0c0,яндекс
m_4516f950141a,яндекс
m_1bebcb891476,Приложение и сбои
m_1bebcb891476,Яндекс Про
m_24b24cdc22e6,Коэффициент
m_8524353bd870,Коэффициент
m_8524353bd870,яндекс
m_8524353bd870,Приложение и сбои
m_8524353bd870,Яндекс Про
m_2891079cab4e,WB Такси
m_e26941e26cd9,яндекс
m_e26941e26cd9,Приложение и сбои
m_e26941e26cd9,Яндекс Про
m_53fee11904fe,яндекс
m_74952a7cc819,Коэффициент
m_ed822cc5ecde,яндекс
m_8a5ff7be2ccb,яндекс
m_3c69a164ccda,Законы и налоги
m_1711a48f3ef0,Приложение и сбои
m_1711a48f3ef0,Яндекс Про
m_6c94b3f1c2db,яндекс
m_e83d314fc950,Коэффициент
m_cbcd1b5895d8,яндекс
m_e5424c04c6e9,яндекс
m_28bcb9ab407f,яндекс
m_28bcb9ab407f,WB Такси
m_adfdf88fb067,Коэффициент
m_27d72d48a31a,яндекс
m_3fb4733157ad,яндекс
m_3fb4733157ad,Приложение и сбои
m_3fb4733157ad,Яндекс Про
m_ff3b87f61eaa,Законы и налоги
m_2c6b16a7db3b,Фастен
m_380136e75c00,Коэффициент
m_1eb982942d2c,яндекс
m_8e2407fb7b43,Фастен
m_f9e14073dcd8,яндекс
m_f3b315d88796,Коэффициент
m_858f088d6245,Фастен
m_1c8139ed1bf9,яндекс
m_efe8b4721057,яндекс
m_efe8b4721057,Приложение и сбои
m_efe8b4721057,Яндекс Про
m_bf0cc5909ccb,яндекс
m_bf0cc5909ccb,WB Такси
m_bf0cc5909ccb,Приложение и сбои
m_40f5f72ed873,яндекс
m_459001268e7e,яндекс
m_dc0d5ef47346,яндекс
m_ace64356ac3f,яндекс
m_e2c6ee517d0f,Приложение и сбои
m_e2c6ee517d0f,Яндекс Про
m_d598c4a0fd99,Фастен
m_5467a97865a6,Коэффициент
m_771a381956c9,Фастен
m_8290f2a7e4fe,Коэффициент
m_9d8d6dd697d4,Фастен
m_632521e12d78,Коэффициент
m_fb59bcbd51cf,Фастен
m_be48f0474d07,Фастен
m_5c7e8d2243c3,яндекс
m_9ab6f197c0d6,яндекс
m_868ffd7d495f,Коэффициент
m_5289e16e8b4b,Коэффициент
m_c43e6077a52b,яндекс
m_b911a29c3d2c,Коэффициент
m_12f43a91edad,Коэффициент
m_632daf634415,яндекс
m_7bbc55fec6ee,Приложение и сбои
m_ee5e046219e6,Приложение и сбои
m_ee5e046219e6,Яндекс Про
m_7ba44ee26593,Коэффициент
m_7ba44ee26593,яндекс
m_2e4be5df2681,Коэффициент
m_6948939d8e4b,Коэффициент
m_e8f5179de056,Коэффициент
m_7f3588145d93,Коэффициент
m_11d1bd318bdb,Приложение и сбои
m_11d1bd318bdb,Яндекс Про
m_1a7e2d71647c,яндекс
m_b8dd3e30ef31,Коэффициент
m_c4cd12d768c4,яндекс
m_8bc7437bcb21,яндекс
m_bfbc59b76265,Приложение и сбои
m_bfbc59b76265,Яндекс Про
m_f4083fba9e88,Законы и налоги
m_16b4f005c876,Коэффициент
m_35d4b0c2ddf0,яндекс
m_2a999d34a680,Коэффициент
m_afc90a282676,Приложение и сбои
m_18d61e76e89a,Приложение и сбои
m_7843f2791dab,Забастовка
m_a1829e4d94a8,яндекс
m_35ffb5b51df8,Коэффициент
m_a118cf02f91d,яндекс
m_675a3a008023,яндекс
m_6d7c621f582a,яндекс
m_19b4b8c7b71f,яндекс
m_e6b6db3bbd45,яндекс
m_db314613b06e,яндекс
m_178ae4108ff1,яндекс
m_941d825350e8,яндекс
m_0474ef07ab1a,яндекс
m_840a71b2e153,Приложение и сбои
m_96a094373227,Коэффициент
m_96a094373227,яндекс
m_96a094373227,Приложение и сбои
m_96a094373227,Яндекс Про
m_dd3067a57d19,яндекс
m_969d86d593e3,Коэффициент
m_fbbda9ce4256,яндекс
m_a133f59f14df,яндекс
m_a133f59f14df,Приложение и сбои
m_a133f59f14df,Яндекс Про
m_a243779e3398,Коэффициент
m_72a34d1465c2,яндекс
m_fd7d29659b24,Приложение и сбои
m_fd7d29659b24,Яндекс Про
m_fa2d1f1b4da9,Приложение и сбои
m_5e2abeea8d16,Коэффициент
m_5e2abeea8d16,яндекс
m_79b31e7cec2b,яндекс
m_3204d1825a00,Законы и налоги
m_32953f17b946,яндекс
m_968e23c632fe,яндекс
m_968e23c632fe,Приложение и сбои
m_3e16f32b870b,Коэффициент
m_9af00f4b1110,Приложение и сбои
m_9af00f4b1110,Яндекс Про
m_793c7173dec6,яндекс
m_e07603ef44cf,Коэффициент
m_f269e81984d7,Коэффициент
m_166e5721e726,Законы и налоги
m_b61fabaebd76,Приложение и сбои
m_b61fabaebd76,Яндекс Про
m_7e1829795c86,яндекс
m_84ffdc0ccc5c,Приложение и сбои
m_84ffdc0ccc5c,Яндекс Про
m_bd7bda2417a1,Приложение и сбои
m_bd7bda2417a1,Яндекс Про
m_f27a5916ba52,яндекс
m_2fd62411f54f,яндекс
m_230d35357f13,яндекс
m_69073f2e654e,WB Такси
m_87797f3172ca,яндекс
m_0b370703abf2,яндекс
m_decfa2f4be0e,яндекс
m_7ace83389ac9,яндекс
m_801220ebd59d,Коэффициент
m_bcc5c7eb6b30,Коэффициент
m_81995f17d3ed,яндекс
m_9ac6bc5b6f3d,Коэффициент
m_c02ccfb1f82c,Коэффициент
m_596e9b7005cb,яндекс
m_bf175615670a,яндекс
m_65aa20e5349b,Коэффициент
m_d8b24878d4ba,яндекс
m_074977823cf5,WB Такси
m_93ee56b3cc1f,Коэффициент
m_1eaa0d2ef182,Коэффициент
m_d90e43d8f341,Приложение и сбои
m_d90e43d8f341,Яндекс Про
m_32a55e7a8fdb,Коэффициент
m_02f070200ac0,WB Такси
m_72571d864af2,яндекс
m_4b7fa3f71c29,Приложение и сбои
m_4b7fa3f71c29,Яндекс Про
m_c1a2fb6fac45,яндекс
m_7048c088c491,яндекс
m_7048c088c491,Приложение и сбои
m_7048c088c491,Яндекс Про
m_cfe4eb7638ee,Коэффициент
m_9ed5a7e2958a,Коэффициент
m_31d2a958d56e,Коэффициент
m_8ce3471ed7fb,яндекс
m_1b9c63b5d268,Приложение и сбои
m_1b9c63b5d268,Яндекс Про
m_34b72234f9c0,Коэффициент
m_83aee38bd2f9,Коэффициент
m_e916653f3239,Коэффициент
m_d069eea203e7,Коэффициент
m_2e733f22ae37,яндекс
m_dcb0f30326b3,яндекс
m_945a8073f629,яндекс
m_d20503b60687,Коэффициент
m_ff99119ac8da,яндекс
m_3ef444d3f207,Коэффициент
m_c05c4a712156,яндекс
m_efee6cf64cad,яндекс
m_efee6cf64cad,Приложение и сбои
m_efee6cf64cad,Яндекс Про
m_d955f878062c,Коэффициент
m_49f1580459d8,яндекс
m_e79b5dbf2ddd,Коэффициент
m_9143879300d0,Коэффициент
m_44bd5a2ebc78,яндекс
m_d80f18408c8e,яндекс
m_567239b627dd,яндекс
m_f0074dd180f4,Забастовка
m_cc6f3c28c97b,Коэффициент
m_3d0ff2c7797a,Коэффициент
m_9d916b5af558,яндекс
m_fd22f3354c4a,яндекс
m_4a035a2f8aad,яндекс
m_a10e83252e80,Законы и налоги
m_41cce972a94f,яндекс
m_c269f6506c72,яндекс
m_2dc7aab1868f,яндекс
m_444e90654771,Законы и налоги
m_444e90654771,яндекс
m_bada1d9cc5a7,яндекс
m_571b25f9d18a,Приложение и сбои
m_571b25f9d18a,Яндекс Про
m_4810072d58a5,яндекс
m_056380a646dc,яндекс
m_3946e16e5f3f,Приложение и сбои
m_3946e16e5f3f,Яндекс Про
m_d4e83b06fbb8,яндекс
m_a849db5ddd24,Законы и налоги
m_fa59152ef444,WB Такси
m_87c4bf9d5e1a,Законы и налоги
m_87c4bf9d5e1a,яндекс
m_87c4bf9d5e1a,Приложение и сбои
m_87c4bf9d5e1a,Яндекс Про
m_87c4bf9d5e1a,Забастовка
m_cb04a5ddd464,яндекс
m_706af77e0877,яндекс
m_fbd7981a9e71,яндекс
m_59f41ff98cb8,яндекс
m_e755689880c5,Коэффициент
m_e755689880c5,яндекс
m_7bd65c64ff49,Коэффициент
m_a6f3328b0d5c,яндекс
m_f88d1b7583f8,яндекс
m_19c0b11b9f3a,яндекс
m_19c0b11b9f3a,Приложение и сбои
m_19c0b11b9f3a,Яндекс Про
m_ad47d040a740,яндекс
m_d4391a0bf8b0,Коэффициент
m_e1fe3d82a396,Коэффициент
m_4a05af344fb3,яндекс
m_146e80406c41,Коэффициент
m_09b819666d4a,Забастовка
m_a215d4e3aa41,Коэффициент
m_630eb2fb1fab,яндекс
m_1b4eebdc017e,яндекс
m_f02566f8fd08,яндекс
m_df8e3ce21ab5,яндекс
m_e2ed9cc4db73,яндекс
m_5061c9b13f6c,Коэффициент
m_5061c9b13f6c,яндекс
m_10889778113a,яндекс
m_cfc10b7dab36,яндекс
m_37266a598f23,Приложение и сбои
m_37266a598f23,Яндекс Про
m_336cdb85b3bb,Коэффициент
m_2a844dd494a7,яндекс
m_48266a542e27,яндекс
m_ccbbe3b2b9b7,яндекс
m_0d024f2c81a1,яндекс
m_5532edda46bf,Коэффициент
m_38b05a349b3b,Фастен
m_c543a0156f3c,Фастен
m_cb0d72ef5174,Фастен
m_a1a1117c5946,Законы и налоги
m_91a11f82bfba,Законы и налоги
m_bdb69a9c48c0,WB Такси
m_000324c14026,Коэффициент
m_729d04c02f74,яндекс
m_729d04c02f74,Приложение и сбои
m_729d04c02f74,Яндекс Про
m_63e24eb9bc14,яндекс
m_194fed2a9cf2,яндекс
m_c95f368b7d1d,Фастен
m_388c7ae4ea86,Коэффициент
m_d115ae4cbf7b,яндекс
m_e74a21496591,яндекс
m_e74a21496591,Фастен
m_d53741649dab,яндекс
m_d53741649dab,WB Такси
m_d52ca55412c7,яндекс
m_d52ca55412c7,WB Такси
m_4cffeec574ea,яндекс
m_a1cc45e90740,яндекс
m_4607158d3b02,Коэффициент
m_7513f1305234,яндекс
m_ed1ab449f5da,Фастен
m_282131d9bf97,яндекс
m_2be3c1fcf07e,яндекс
m_2efca03dbb33,яндекс
m_1a078796b03e,Коэффициент
m_558dec305950,Коэффициент
m_15c878696795,Коэффициент
m_6d5923ff9f5b,WB Такси
m_5e131c972b51,яндекс
m_615e1f890485,Законы и налоги
m_615e1f890485,Приложение и сбои
m_615e1f890485,Яндекс Про
m_9cdf74c989ed,яндекс
m_9cdf74c989ed,WB Такси
m_a2c876e1e2eb,Законы и налоги
m_c47c538b0fd3,яндекс
m_b79024e071c5,Фастен
m_10d1bdfcaa86,Фастен
m_334c7a2a58c4,яндекс
m_f58ef277c0f2,яндекс
m_bedd5ab2f3e6,WB Такси
m_799407c734b3,Законы и налоги
m_14cde48f1881,яндекс
m_c7b4f3b3f3c8,яндекс
m_d57d40f29b2a,Законы и налоги
m_eda24a7d4f0f,Коэффициент
m_8be7993ec547,Коэффициент
m_8be7993ec547,Фастен
m_16feb915d867,Фастен
m_29279385ec3a,яндекс
m_78881c5ad189,Фастен
m_78881c5ad189,Приложение и сбои
m_78881c5ad189,Яндекс Про
m_ec44e8ffe5d8,яндекс
m_93b42a8e410b,Коэффициент
m_0472b46d5f4b,яндекс
m_795e16dd90f7,Коэффициент
m_1fd2fd239b78,Законы и налоги
m_1fd2fd239b78,яндекс
m_8c378289e726,Коэффициент
m_30f8b5a64c40,яндекс
m_ff3a0c261100,Коэффициент
m_9c8534f3a2e1,Коэффициент
m_76395398e586,Коэффициент
m_fa47fa5fad3d,Фастен
m_ac338a334e3e,яндекс
m_6a766aa86a73,Коэффициент
m_9113acd59ebe,Приложение и сбои
m_9113acd59ebe,Яндекс Про
m_f14629d80e33,Приложение и сбои
m_f14629d80e33,Яндекс Про
m_33f6d995bd09,яндекс
m_8918e1945451,Коэффициент
m_e80c446b80ae,Законы и налоги
m_f291d8b69092,Законы и налоги
m_a885f9b81ebc,Коэффициент
m_3005dd8d764c,Фастен
m_9c14417e48f9,Коэффициент
m_322cea49993b,яндекс
m_27f0a91006af,Фастен
m_d224e87dc66c,яндекс
m_14854a4823e0,яндекс
m_c4882a40ee92,Коэффициент
m_c4882a40ee92,яндекс
m_a3dfd7473297,яндекс
m_3a9eb940cae3,яндекс
m_3a9eb940cae3,Приложение и сбои
m_3a9eb940cae3,Яндекс Про
m_48edebd6c658,яндекс
m_4f2612914436,Коэффициент
m_4f2612914436,яндекс
m_15a8bb010312,Законы и налоги
m_84f5f584c66e,Приложение и сбои
m_2d5b80f46612,яндекс
m_d44c7846b1b1,яндекс
m_46add4c5c764,яндекс
m_46add4c5c764,Приложение и сбои
m_46add4c5c764,Яндекс Про
m_c99cc114c56e,яндекс
m_389b90658924,яндекс
m_161191d080a1,Коэффициент
m_161191d080a1,Фастен
m_a92bf7709032,Коэффициент
m_a92bf7709032,яндекс
m_a92bf7709032,Фастен
m_81d51fb4dcc9,Коэффициент
m_9e589b2a34db,яндекс
m_d2bc91ff1c89,Фастен
m_5b835e2ed80b,Коэффициент
m_fa6a7321ad3a,Приложение и сбои
m_fa6a7321ad3a,Яндекс Про
m_7ffc9d507843,яндекс
m_361bf9dd2c11,яндекс
m_8d32fe7f2a72,яндекс
m_a99ff5c48caa,Законы и налоги
m_a99ff5c48caa,яндекс
m_df34d1894a6e,Коэффициент
m_48c68bf8c436,Законы и налоги
m_5bc178006be3,яндекс
m_30af8391b2d5,яндекс
m_2f47c12e2e51,яндекс
m_32de592f51dd,Фастен
m_32de592f51dd,Приложение и сбои
m_51e5a854cc96,яндекс
m_4c3ade4826d2,Коэффициент
m_4c3ade4826d2,Фастен
m_a71c3267f742,Коэффициент
m_a71c3267f742,Фастен
m_a71c3267f742,Приложение и сбои
m_a71c3267f742,Яндекс Про
m_978e1c5e3e35,Коэффициент
m_606464a759d2,яндекс
m_80c1f33a6208,яндекс
m_92646569e02f,Коэффициент
m_2bf61c071a85,Коэффициент
m_ab6c15bf6f1e,Коэффициент
m_001d5465d054,Законы и налоги
m_589f7868f88b,Приложение и сбои
m_589f7868f88b,Яндекс Про
m_6d4bcd052ec3,яндекс
m_fe64d934479a,Законы и налоги
m_23050363a09c,Законы и налоги
m_370c85b1811a,яндекс
m_7af8c2624950,яндекс
m_ac4770e62220,Законы и налоги
m_1629e6bf4512,яндекс
m_5a97b4c29fe5,Коэффициент
m_53910675af44,Законы и налоги
m_4c2cd6bffdac,Коэффициент
m_4c2cd6bffdac,яндекс
m_920bef90dd50,яндекс
m_427db80f4711,Коэффициент
m_c04cc448ca4a,Коэффициент
m_5ece84540df7,яндекс
m_5c151827d6e9,Коэффициент
m_f6a1986d4c4e,яндекс
m_55ed5642edee,Фастен
m_4106368ebd99,Приложение и сбои
m_4106368ebd99,Яндекс Про
m_ab5943ae1f0a,Законы и налоги
m_ab5943ae1f0a,яндекс
m_e3f0c81feff1,Коэффициент
m_a97b380731ac,яндекс
m_1296592d0010,Коэффициент
m_1296592d0010,яндекс
m_b7d88eaf4b37,Законы и налоги
m_edc513abf5af,Коэффициент
m_1f76c23927ce,Коэффициент
m_1f76c23927ce,Законы и налоги
m_1f76c23927ce,Приложение и сбои
m_1f76c23927ce,Яндекс Про
m_52af059848d5,Приложение и сбои
m_54bb42e402f6,Приложение и сбои
m_3a5a0eed8945,Приложение и сбои
m_3a5a0eed8945,Яндекс Про
m_34b689e8cee6,Приложение и сбои
m_34b689e8cee6,Яндекс Про
m_79085616ec5b,Законы и налоги
m_1e4a9d824b5e,яндекс
m_b9697f2ecee3,Коэффициент
m_a75448be41d4,яндекс
m_9752012f6992,Коэффициент
m_1eda8a442c0b,яндекс
m_816b4d04a671,Коэффициент
m_a88161401e83,Коэффициент
m_1003379e5b79,яндекс
m_f35ef5229304,Коэффициент
m_d3433f41f060,яндекс
m_a45bb87dd6c1,Коэффициент
m_a45bb87dd6c1,яндекс
m_1ca6cbd57e99,яндекс
m_f1f1e0bda56f,Коэффициент
m_f1f1e0bda56f,яндекс
m_f1f1e0bda56f,Приложение и сбои
m_f1f1e0bda56f,Яндекс Про
m_08a6077633de,Коэффициент
m_be9bc159c095,яндекс
m_ea150e24d0fd,яндекс
m_4b01702722bc,яндекс
m_5685727e8e88,Коэффициент
m_81446ade10e1,яндекс
m_491bc458fce1,Коэффициент
m_28808222dafa,Приложение и сбои
m_28808222dafa,Яндекс Про
m_8229d1284ece,Приложение и сбои
m_82360bee3f94,Законы и налоги
m_cd463068205e,Законы и налоги
m_ce67f79e9e72,Законы и налоги
m_ce67f79e9e72,Приложение и сбои
m_ce67f79e9e72,Яндекс Про
m_dd747a975d81,яндекс
m_a7a201398205,Законы и налоги
m_a7a201398205,яндекс
m_8170b96a77b4,яндекс
m_4bedf0af746e,Коэффициент
m_4bedf0af746e,Законы и налоги
m_dbc471465190,WB Такси
m_fd2034098760,Коэффициент
m_ab42bd642e71,Законы и налоги
m_ab42bd642e71,яндекс
m_3b5402b2843b,яндекс
m_87256c0ce11d,Фастен
m_3e868726bdd1,яндекс
m_3becc3fbd056,Коэффициент
m_f71928514bf5,яндекс
m_f81a86854af4,Фастен
m_57afd2039edb,Коэффициент
m_541fda0e916e,яндекс
m_e79b9e204b98,яндекс
m_f419f1fd38d3,яндекс
m_e85a6c23eb48,яндекс
m_2628f9f9015a,WB Такси
m_f342f2fa506d,Приложение и сбои
m_d0984ab53731,Фастен
m_52a7148e7b36,WB Такси
m_c91e46c14b3f,Фастен
m_6dc7fa729b1a,Фастен
m_ff661732bf95,яндекс
m_abf1ac4cc106,яндекс
m_2a32b9984cb1,яндекс
m_8ff30e36f0bf,яндекс
m_725af3670339,Коэффициент
m_725af3670339,яндекс
m_725af3670339,Фастен
m_2ba31eea1a09,яндекс
m_c1c44808c510,яндекс
m_1107ceb46c36,Коэффициент
m_1107ceb46c36,Фастен
m_944c6ddd7354,Коэффициент
m_7cec54f1fb26,Фастен
m_dd7e7f2c7721,Законы и налоги
m_42890e1eb6c1,Коэффициент
m_3203f5fc86e9,яндекс
m_40e5fcb58bd4,яндекс
m_b2f7404a4fad,Фастен
m_1fdf28cea450,Коэффициент
m_008c9244b081,Фастен
m_e68d366e2f25,Фастен
m_e1e4b37c16ff,Коэффициент
m_aa66afba41bf,яндекс
m_389d81ea2fb4,яндекс
m_560409f38964,Коэффициент
m_a6e6ba540f94,Коэффициент
m_664e33fe3df0,яндекс
m_2ef3d28d095d,Коэффициент
m_2ef3d28d095d,яндекс
m_fe13a9b38c4a,яндекс
m_b50e2b355ca9,яндекс
m_1b1baee3f6f7,Законы и налоги
m_feaa5845f960,Коэффициент
m_feaa5845f960,яндекс
m_d3137853cac0,Законы и налоги
m_29f13036e4ef,яндекс
m_9a514a6d4729,яндекс
m_54b766003b95,яндекс
m_2a89b5867667,Законы и налоги
m_152eb0cf5b8a,Законы и налоги
m_87348a68db74,яндекс
m_f50a80fdce39,Законы и налоги
m_d4f330553ea0,Законы и налоги
m_4b9682a9f575,Законы и налоги
m_38f9e0d8c6bc,Законы и налоги
m_9d84b1e4481b,Приложение и сбои
m_9d84b1e4481b,Яндекс Про
m_bc5c4ef06186,Законы и налоги
m_29a7c3e9ef90,Коэффициент
m_062cdb75fc55,Законы и налоги
m_cc83e422a8a1,Законы и налоги
m_3128cbb2d899,Коэффициент
m_31a16dc677bb,Коэффициент
m_1e780e8df642,Законы и налоги
m_1f0fd8137c94,Законы и налоги
m_669f206d1e09,яндекс
m_7e4a08168874,яндекс
m_90028a82a0dd,Законы и налоги
m_90028a82a0dd,яндекс
m_2538767c8a6a,Коэффициент
m_292ba4f8a8fd,яндекс
m_ef137bdf4f3e,Законы и налоги
m_57d9db219aa0,Законы и налоги
m_57d9db219aa0,яндекс
m_03f0039732c9,Коэффициент
m_d337680a3090,яндекс
m_3c4b56497f90,яндекс
m_3c4b56497f90,Приложение и сбои
m_3c4b56497f90,Яндекс Про
m_f0a3004f7b6b,яндекс
m_1c5c9bbf2dfc,Законы и налоги
m_a519c06471be,Законы и налоги
m_5487f54d6a1f,Коэффициент
m_38448d8399d8,яндекс
m_404188582804,Коэффициент
m_8b27064b5203,Приложение и сбои
m_8b27064b5203,Яндекс Про
m_9c6990536646,Коэффициент
m_07713015882d,Законы и налоги
m_13c5f3243b53,Коэффициент
m_d4824e24935a,яндекс
m_d4824e24935a,Приложение и сбои
m_d4824e24935a,Яндекс Про
m_fb1ac01e1fa5,яндекс
m_083c045aa43c,Коэффициент
m_5251d0c2884e,Законы и налоги
m_ed07ed82ceaf,Законы и налоги
m_27dfc240c57b,Забастовка
m_eb61ff972c74,Коэффициент
m_eb61ff972c74,яндекс
m_06e34e2c03c5,Забастовка
m_16afef787e8c,Коэффициент
m_6710b00bf16c,Законы и налоги
m_6710b00bf16c,яндекс
m_3a5cbefbbf82,яндекс
m_b037c76a0e1f,Законы и налоги
m_d6dabf93230c,Законы и налоги
m_d6dabf93230c,яндекс
m_d6dabf93230c,Приложение и сбои
m_d6dabf93230c,Яндекс Про
m_c07d079aa3dc,Приложение и сбои
m_8056763c1109,яндекс
m_5390db53a15c,яндекс
m_de8f8a8f5929,Законы и налоги
m_98ba5a3bc196,Приложение и сбои
m_98ba5a3bc196,Яндекс Про
m_222a9ef2dc40,яндекс
m_2839ffb593d2,Коэффициент
m_b2edd277400b,яндекс
m_7e8c9f77906e,яндекс
m_0c0f92409cf2,яндекс
m_720e0abc33a6,Приложение и сбои
m_fbb8f240122c,яндекс
m_5ffe744c54e9,Коэффициент
m_58fe16eb0f35,Коэффициент
m_21d80e43168b,яндекс
m_70f0198b9a19,Коэффициент
m_f213ced8fa45,Законы и налоги
m_f66db7db9c35,яндекс
m_8167f28d2907,яндекс
m_bd3acac0584c,яндекс
m_9e6ed98b21ed,яндекс
m_8823aa52acfc,яндекс
m_88c60915e1df,Коэффициент
m_4bbe6353c104,Коэффициент
m_4bcecb5fe4a8,яндекс
m_61df8f29e4c4,яндекс
m_662462266311,Коэффициент
m_5938519bf359,яндекс
m_5aea546ccfde,Приложение и сбои
m_5aea546ccfde,Яндекс Про
m_b324b4ee9f8e,Коэффициент
m_b75d60958882,яндекс
m_fa6ea8e40be1,яндекс
m_d4fca41b2350,Коэффициент
m_192a7535c59a,Коэффициент
m_954fa8975f0d,яндекс
m_b66b3e2e71f0,Фастен
m_7d3cb517b558,Законы и налоги
m_7d3cb517b558,яндекс
m_2190a13a5f54,Коэффициент
m_e896876c4fe2,Приложение и сбои
m_e896876c4fe2,Яндекс Про
m_f1f2b8080420,яндекс
m_b5c1e574c445,Коэффициент
m_0b4c5eada66e,яндекс
m_9bbf58251414,Коэффициент
m_c835b3268efc,Законы и налоги
m_d70e7cb4ef38,Коэффициент
m_d70e7cb4ef38,яндекс
m_498e3347cb4f,Законы и налоги
m_9659773dd71e,яндекс
m_9659773dd71e,Приложение и сбои
m_9659773dd71e,Яндекс Про
m_6e822cc3c447,яндекс
m_6ee2f2f50bb8,яндекс
m_ebf84c3a1946,яндекс
m_9646addc1121,WB Такси
m_8d9dddbd3f78,яндекс
m_a36ae45704fe,яндекс
m_d3ce39993317,Законы и налоги
m_738394b4dff7,Приложение и сбои
m_738394b4dff7,Яндекс Про
m_95280da38d67,яндекс
m_95280da38d67,WB Такси
m_c46708f33af2,Коэффициент
m_c46708f33af2,яндекс
m_c46708f33af2,Приложение и сбои
m_c46708f33af2,Яндекс Про
m_859c4a940b02,Коэффициент
m_1b9ee2aad3e2,яндекс
m_65eb6ca47259,яндекс
m_ac24bfeb809c,Законы и налоги
m_ac24bfeb809c,яндекс
m_1239e4baa4f2,яндекс
m_f73bb9f6bcff,Фастен
m_e43bab2db941,яндекс
m_e43bab2db941,WB Такси
m_5b2fba2d2cea,Законы и налоги
m_33e63033d809,Коэффициент
m_507193c45807,яндекс
m_9d3ab27f14eb,Коэффициент
m_9d3ab27f14eb,яндекс
m_9d3ab27f14eb,WB Такси
m_7e2d86760fbb,Коэффициент
m_b5f328f90e46,яндекс
m_f3d5db0c726a,яндекс
m_bfabfbbd39d3,WB Такси
m_38a65dc5558f,Законы и налоги
m_0ce112d93edb,WB Такси
m_c6f05fcded8f,яндекс
m_c6f05fcded8f,WB Такси
m_7ccd271032c1,яндекс
m_e2bb7ade3aaa,яндекс
m_32c81ce865ab,яндекс
m_fef196fe654c,Коэффициент
m_89d2a762e785,Коэффициент
m_586e3d406fa3,WB Такси
m_08fcff7efe81,яндекс
m_0ac20c305af6,яндекс
m_1489e234331e,яндекс
m_85b637021cb3,яндекс
m_273b6844d259,яндекс
m_4658861ded43,Законы и налоги
m_ccea5c81b759,Фастен
m_548fa57291fb,Фастен
m_328f30086f06,яндекс
m_f8848a9ea1e7,яндекс
m_a7c00a4566ba,Законы и налоги
m_993cb70f42ea,Законы и налоги
m_093e07eeffaf,Законы и налоги
m_ad4978b9706f,яндекс
m_87f60dac6b07,Законы и налоги
m_a41e44451d3a,Коэффициент
m_f8ea02ff3954,Приложение и сбои
m_ea3ac5cb6724,Коэффициент
m_8bbf16ba3823,Коэффициент
m_a28a3b9ef1b4,Законы и налоги
m_c1e0cc3c5c3b,Приложение и сбои
m_dedb3f5a42a9,Коэффициент
m_ae7d165c4be1,Законы и налоги
m_ae7d165c4be1,яндекс
m_305cee469c18,яндекс
m_50487bf6229e,Коэффициент
m_50487bf6229e,яндекс
m_f89a7b8e054e,Законы и налоги
m_b2ea4d3c4cf1,Коэффициент
m_c56c7471b3b7,яндекс
m_c56c7471b3b7,Приложение и сбои
m_c56c7471b3b7,Яндекс Про
m_60861d997e89,Законы и налоги
m_c870c90df376,Коэффициент
m_c870c90df376,яндекс
m_c870c90df376,Приложение и сбои
m_c870c90df376,Яндекс Про
m_1e4c11a4dbcf,Коэффициент
m_d63ba3658602,яндекс
m_f8d91f837e93,Законы и налоги
m_f8d91f837e93,яндекс
m_c5464d3cd285,Законы и налоги
m_94f22df676f5,яндекс
m_5d8cbe615bed,Законы и налоги
m_4b66fdcd1639,Приложение и сбои
m_4b66fdcd1639,Яндекс Про
m_87ab763afca2,яндекс
m_917663ce3a52,Законы и налоги
m_96bb244cb8d7,Коэффициент
m_423f532af3f0,Законы и налоги
m_d948ce2e3930,Фастен
m_d948ce2e3930,Приложение и сбои
m_d948ce2e3930,Яндекс Про
m_9a7ac8d5253b,Коэффициент
m_6c53a622db7a,Коэффициент
m_02caff7978bf,яндекс
m_61846daec164,яндекс
m_e93851a79715,Приложение и сбои
m_e93851a79715,Яндекс Про
m_1da4e2bc8a22,яндекс
m_152c91777292,Приложение и сбои
m_152c91777292,Яндекс Про
m_e3d9c601489f,Забастовка
m_9f4d7f70ac64,Коэффициент
m_9f4d7f70ac64,яндекс
m_9f4d7f70ac64,Приложение и сбои
m_9f4d7f70ac64,Яндекс Про
m_f57d93e71ec3,яндекс
m_2f33e564a589,яндекс
m_b725aecb2e72,яндекс
m_02cd131f252f,яндекс
m_0bfa43400acc,Законы и налоги
m_0bfa43400acc,яндекс
m_0bfa43400acc,Приложение и сбои
m_0bfa43400acc,Яндекс Про
m_70ec790a4f30,яндекс
m_70ec790a4f30,Фастен
m_f988d9d54c7a,Законы и налоги
m_61208149f49a,Приложение и сбои
m_61208149f49a,Яндекс Про
m_5c9a31ea5524,Фастен
m_b8d8a47f4e8a,яндекс
m_d133ba7bbcaa,Коэффициент
m_50fd32adc2b8,Приложение и сбои
m_c3fae2dcf19b,яндекс
m_00be0147bd8c,Коэффициент
m_760627ef85f2,Коэффициент
m_f5cf2961e759,Коэффициент
m_f5cf2961e759,Законы и налоги
m_99255b878ece,Приложение и сбои
m_99255b878ece,Яндекс Про
m_5667fa737b92,Законы и налоги
m_849d56184ec5,Законы и налоги
m_1147d04c64eb,Коэффициент
m_7bc0312f7c5c,Фастен
m_1a30c8b8d8f9,Коэффициент
m_aba59caaa660,Коэффициент
m_692aabfdaf3d,яндекс
m_e5b961bacd4b,Коэффициент
m_970b6a8922f5,яндекс
m_970b6a8922f5,Фастен
m_1e9a44f31594,Приложение и сбои
m_1e9a44f31594,Яндекс Про
m_77166518e204,Коэффициент
m_fad21868ddfc,Фастен
m_3b2c87539306,яндекс
m_8baa9ba30469,Фастен
m_14b0c7b3b576,Коэффициент
m_14b0c7b3b576,яндекс
m_14b0c7b3b576,Фастен
m_913581aa1821,Фастен
m_c3faf258f7e5,Законы и налоги
m_327cdac1e64c,Законы и налоги
m_4bf5095ebc83,Приложение и сбои
m_4bf5095ebc83,Яндекс Про
m_8a1c21615d08,Коэффициент
m_d2174e5f3374,Коэффициент
m_72b29d0af9ae,Фастен
m_cb862ae25836,Фастен
m_4316b052232e,Фастен
m_440670f64fb1,Коэффициент
m_bcaacc07ef37,яндекс
m_05877fc4c9ec,Коэффициент
m_dca5e567b7a6,Приложение и сбои
m_dca5e567b7a6,Яндекс Про
m_783febe219fb,Законы и налоги
m_a3b445763ce0,Законы и налоги
m_2eeb3f660b75,яндекс
m_2eeb3f660b75,Фастен
m_33afe9b96f5a,яндекс
m_63f7120217b8,Коэффициент
m_889d30a1ae95,Коэффициент
m_be10afc7a9b2,яндекс
m_74aa5a5c6292,яндекс
m_ae0268a4c7ee,яндекс
m_ca4fcdf3cbf0,Коэффициент
m_b8fb68fc0f7f,Коэффициент
m_961cf561f79f,яндекс
m_361c021171c1,яндекс
m_361c021171c1,Фастен
m_7cbf94236243,Коэффициент
m_7cbf94236243,Приложение и сбои
m_d1b5d6d3ad3b,яндекс
m_11b3807bd3ea,Фастен
m_762d414a4e1e,яндекс
m_762d414a4e1e,Фастен
m_96382711177c,яндекс
m_a37578f00428,Коэффициент
m_bb2b840c83a2,Коэффициент
m_1092fe3608e6,Коэффициент
m_f50a939c1da4,Коэффициент
m_8948b6e9462d,яндекс
m_8948b6e9462d,Приложение и сбои
m_8948b6e9462d,Яндекс Про
m_4a7d0198cadb,Приложение и сбои
m_4a7d0198cadb,Яндекс Про
m_fab4547fd5e4,яндекс
m_fab4547fd5e4,Фастен
m_61446faba2c9,WB Такси
m_f65966741ff2,Приложение и сбои
m_f65966741ff2,Яндекс Про
m_ad2bf88b3036,яндекс
m_815a18fc8f30,яндекс
m_011cb3ee583a,яндекс
m_117598c6d87f,Коэффициент
m_62bd22526a9e,Коэффициент
m_1e28eafcd0ae,Приложение и сбои
m_1e28eafcd0ae,Яндекс Про
m_b1e2ce2458fb,яндекс
m_2b343393398f,яндекс
m_5ff14f5cb121,Законы и налоги
m_5ff14f5cb121,яндекс
m_5ff14f5cb121,WB Такси
m_90e4b38f8e2c,Коэффициент
m_794b3334f352,яндекс
m_88e70ac4b028,Коэффициент
m_257791657bce,Коэффициент
m_66ad16991db5,Приложение и сбои
m_66ad16991db5,Яндекс Про
m_dcd8c9827f5a,яндекс
m_b345cecbb4c8,Коэффициент
m_3d836cb18c6c,Приложение и сбои
m_3d836cb18c6c,Яндекс Про
m_e43c53453f95,Коэффициент
m_dc186a387a19,яндекс
m_071c00a845b0,Приложение и сбои
m_071c00a845b0,Яндекс Про
m_a4c73a74528b,яндекс
m_3ba64c88fdf4,яндекс
m_5ad77f6794b6,яндекс
m_fc4068ed4058,яндекс
m_fc4068ed4058,WB Такси
m_4a428eb449b5,Фастен
m_4a428eb449b5,Приложение и сбои
m_4e3cffa622c0,WB Такси
m_7eba5e2aac8c,Коэффициент
m_a0342e33b3cd,Приложение и сбои
m_a0342e33b3cd,Яндекс Про
m_f91a049c7195,Законы и налоги
m_b8d2677abb1c,Коэффициент
m_841ed9271fa1,Коэффициент
m_ded257a40351,яндекс
m_4e630b765d33,Коэффициент
m_f9ced59fc12c,яндекс
m_f9ced59fc12c,Фастен
m_367e308a4d23,Коэффициент
m_0de72d48f5f6,Законы и налоги
m_c09d2e615c60,Коэффициент
m_7d68934f0601,яндекс
m_f013e0cf7462,яндекс
m_29e64c778b9e,яндекс
m_1fd147c6f8b2,яндекс
m_68f9be3e5e8a,Коэффициент
m_68f9be3e5e8a,яндекс
m_987665ac2e86,яндекс
m_2a53c115455f,WB Такси
m_a9ca9ba61732,Коэффициент
m_365a067f3875,яндекс
m_e32d66ec1d3b,яндекс
m_4fc21eccaad9,Приложение и сбои
m_7d00fd9e40a3,Коэффициент
m_dfde9110e435,Коэффициент
m_5fb7d9196550,Коэффициент
m_e8f6269c4a0d,яндекс
m_a3178b66ecab,Коэффициент
m_b9a3ecb59d5c,Коэффициент
m_d33314fda5b2,яндекс
m_7fd4ecffdfe2,Коэффициент
m_351dbae94b5c,Коэффициент
m_efc4079cf88f,Приложение и сбои
m_f4e1ea474d96,Коэффициент
m_215b47a35084,Коэффициент
m_a7670dac2c3e,яндекс
m_f12ab7a51628,Коэффициент
m_bd44c2bdacbe,Коэффициент
m_3cbc86cd14af,Коэффициент
m_d0ee4fdffe8e,яндекс
m_c5ad2d1dcd69,Коэффициент
m_e25541dd7d1c,Коэффициент
m_e25541dd7d1c,яндекс
m_b9b70acc38fd,Приложение и сбои
m_b9b70acc38fd,Яндекс Про
m_ce1d2d6feff9,яндекс
m_98e5ae652d21,Коэффициент
m_2eff1fdf9d5b,яндекс
m_efbbf64bb175,яндекс
m_514ee928279a,яндекс
m_3d4739717c4f,Коэффициент
m_21f9408158c0,яндекс
m_cbe0dac95530,Забастовка
m_5c6fb05c57b4,Коэффициент
m_5c6fb05c57b4,яндекс
m_5c6fb05c57b4,Фастен
m_714a8be75d85,яндекс
m_714a8be75d85,Приложение и сбои
m_714a8be75d85,Яндекс Про
m_e7c5b78d71d5,яндекс
m_628c02c1da62,Фастен
m_637476e0024d,Законы и налоги
m_b363bd884949,Коэффициент
m_1cc437532f3c,яндекс
m_f7ffb9890ecd,яндекс
m_f7ffb9890ecd,Приложение и сбои
m_f7ffb9890ecd,Яндекс Про
m_b97ab48ecbdd,яндекс
m_4aa7b24ed933,Коэффициент
m_4aa7b24ed933,яндекс
m_3d1a94e0b027,Коэффициент
m_737b5e1bdb61,яндекс
m_dca1eeb14ba7,яндекс
m_792c4540a2d2,Коэффициент
m_792c4540a2d2,яндекс
m_be132f92238e,Фастен
m_f8fb09548d0b,яндекс
m_f8fb09548d0b,Приложение и сбои
m_f8fb09548d0b,Яндекс Про
m_78ffa5f777d3,Приложение и сбои
m_e92b7c9ba988,Коэффициент
m_b1f3496c391e,яндекс
m_cf67e980abb5,Коэффициент
m_cf67e980abb5,яндекс
m_ca5b27d61086,Законы и налоги
m_3a037ef52020,Фастен
m_3a037ef52020,Приложение и сбои
m_3a037ef52020,Яндекс Про
m_22e7ca028819,Приложение и сбои
m_22e7ca028819,Яндекс Про
m_368f7669f149,Фастен
m_816c244c8697,Коэффициент
m_a193c40a2bae,Законы и налоги
m_96f31d2ca71d,Коэффициент
m_962b1878cc68,Законы и налоги
m_49adbaa1992f,яндекс
m_66a0bb17b963,яндекс
m_3df68d9f8503,Коэффициент
m_9597fc96d571,Коэффициент
m_f1f20fe07685,яндекс
m_f1f20fe07685,Приложение и сбои
m_f1f20fe07685,Яндекс Про
m_1b48ee3feb2b,Законы и налоги
m_de275bf02de9,яндекс
m_dcf57faec8bb,Законы и налоги
m_d05e8a4c2486,Законы и налоги
m_bc1aabe7d483,яндекс
m_34e5a2c054c6,яндекс
m_ccccd1b165d0,Коэффициент
m_47702c2e1e73,Фастен
m_43cc72b02279,яндекс
m_8ec7332baf4e,Коэффициент
m_7ba9e267c75d,яндекс
m_5a390207b7f6,яндекс
m_ff3535fb8357,Коэффициент
m_34a42136884a,Законы и налоги
m_92cf3727e203,Законы и налоги
m_5598127721dc,яндекс
m_1ffae2697ba7,Приложение и сбои
m_7ce53ecc3b61,Приложение и сбои
m_684f6a90d7c1,Коэффициент
m_c1633d926f70,WB Такси
m_7f6a820c677a,яндекс
m_4405b9aba8c5,Коэффициент
m_86627bf685af,яндекс
m_73e06e781219,Коэффициент
m_af0d9a080d52,яндекс
m_af0d9a080d52,Фастен
m_af0d9a080d52,Приложение и сбои
m_af0d9a080d52,Яндекс Про
m_34a21c91efb5,Коэффициент
m_b5555470551e,Коэффициент
m_b5555470551e,яндекс
m_b5555470551e,Приложение и сбои
m_b5555470551e,Яндекс Про
m_cee2cd568014,Законы и налоги
m_cee2cd568014,яндекс
m_1062264a5271,Фастен
m_63711c831d23,Приложение и сбои
m_5e3b89ecef74,Коэффициент
m_8607f9bf8405,Коэффициент
m_a2adb3daf7ef,Законы и налоги
m_9704c56bac9b,Приложение и сбои
m_9704c56bac9b,Яндекс Про
m_e9d6bdfbc4dd,Законы и налоги
m_2a89ec36f686,яндекс
m_5cb6302230ff,яндекс
m_087be968e2dc,яндекс
m_671c1bb0b79b,яндекс
m_4302dccddaa9,яндекс
m_4302dccddaa9,Приложение и сбои
m_4302dccddaa9,Яндекс Про
m_3f9bc997f269,Коэффициент
m_e0466a00992c,яндекс
m_944bd4b49fd4,Коэффициент
m_d8ba12315f25,Приложение и сбои
m_d8ba12315f25,Яндекс Про
m_519d00d7c712,Коэффициент
m_0218b35b5dda,яндекс
m_12ef0fabddc3,Коэффициент
m_20fc547ff7e0,Коэффициент
m_b6972d1d64e3,Коэффициент
m_13a6b7d093fe,Приложение и сбои
m_13a6b7d093fe,Яндекс Про
m_5d20375e11cb,Фастен
m_4ca1200bca32,Законы и налоги
m_4ca1200bca32,яндекс
m_f714b8381f60,яндекс
m_dd7b3af9aa44,яндекс
m_480e0e7d0fba,Коэффициент
m_985c33c48f31,Законы и налоги
m_fba28c425983,Законы и налоги
m_fba28c425983,яндекс
m_0ed83b172b2b,Коэффициент
m_cdfe3fdb57d9,яндекс
m_fc3ca353df03,Законы и налоги
m_94bd392f5a87,яндекс
m_9a99edeb02bf,яндекс
m_90a7cd39f486,Коэффициент
m_c1f77f7c4380,Приложение и сбои
m_50525770a3fd,яндекс
m_dc76e2decd8a,яндекс
m_8136f72d7e0e,Законы и налоги
m_958590fb04f2,яндекс
m_5bf4fecd1471,яндекс
m_f6b0dbe84f29,яндекс
m_8a09d0bcb6c2,яндекс
m_4923d798e671,Коэффициент
m_369d2ea3de56,Коэффициент
m_369d2ea3de56,яндекс
m_114e54151ea6,Коэффициент
m_1925c8d5669a,яндекс
m_bc12f0e0372a,яндекс
m_95648af42283,Коэффициент
m_95648af42283,Законы и налоги
m_95648af42283,яндекс
m_5307b3424d46,Законы и налоги
m_30c5f6f03741,яндекс
m_30c5f6f03741,Приложение и сбои
m_30c5f6f03741,Яндекс Про
m_423d674d6bf3,яндекс
m_4eaf5c6bb3a7,яндекс
m_586d50ad92a5,Забастовка
m_96c7dd0d81d1,Коэффициент
m_96c7dd0d81d1,яндекс
m_56552c727391,яндекс
m_bd87c3975f4f,яндекс
m_ca55d1c310ff,Коэффициент
m_ca55d1c310ff,яндекс
m_ca55d1c310ff,Фастен
m_8686a11a9755,Законы и налоги
m_8686a11a9755,Забастовка
m_b964c9cc14d1,Законы и налоги
m_5e41fe5dd8f9,Забастовка
m_7163375f63de,яндекс
m_06aa5636d438,яндекс
m_ff00b9287de1,яндекс
m_3391e9f17650,Забастовка
m_dd2b55bf2960,Законы и налоги
m_5dc43dd21fb8,Законы и налоги
m_5dc43dd21fb8,Забастовка
m_f9959cdd8a6b,яндекс
m_8ad707ad5fb1,Коэффициент
m_62d06b29a582,Законы и налоги
m_83996fa2c05f,яндекс
m_19673bae85b7,яндекс
m_5c8b29a026d5,яндекс
m_36fab887ec58,Приложение и сбои
m_36fab887ec58,Яндекс Про
m_661b6c754a33,Фастен
m_104874a247eb,яндекс
m_b6d7eb84f1f9,Законы и налоги
m_91b26535c4b1,яндекс
m_9c0eac646203,яндекс
m_5a3a8f4428a4,яндекс
m_c17882aaf581,Законы и налоги
m_929f3500ed65,Приложение и сбои
m_929f3500ed65,Яндекс Про
m_a5c25e4bb5dc,Коэффициент
m_09fcc2d3c710,Законы и налоги
m_b4f8963105b5,Законы и налоги
m_b4f8963105b5,яндекс
m_42027a4d070e,Законы и налоги
m_97691cbb72e7,яндекс
m_6f6a267ac140,яндекс
m_577f6e9a298d,Коэффициент
m_50afe9367491,Коэффициент
m_48b859acb69b,яндекс
m_3f84ea3552a9,яндекс
m_38aaeb06fa60,Законы и налоги
m_bc5aa8969387,Коэффициент
m_378e4d469a98,яндекс
m_ea2cd8c89520,яндекс
m_e2995931e8d9,Коэффициент
m_7a23d07e31bf,Коэффициент
m_c34d75f61fb4,Законы и налоги
m_0b840e9c5a7d,Коэффициент
m_5ba14d6938ab,Коэффициент
m_d0d11591ece6,яндекс
m_9eb6ec69697a,яндекс
m_f9b051ae8363,Законы и налоги
m_78115a31dd44,Законы и налоги
m_78115a31dd44,яндекс
m_213dc64fc895,яндекс
m_213dc64fc895,Фастен
m_c3935a389e50,Законы и налоги
m_d71124dcf273,Коэффициент
m_1cc2faac4e04,Законы и налоги
m_6305d720fa27,Приложение и сбои
m_6305d720fa27,Яндекс Про
m_8fe59bd3a844,Законы и налоги
m_36849c2fd17d,Коэффициент
m_5d77f2d0eb94,яндекс
m_c9acffc19c1a,Законы и налоги
m_1bacb2b008a8,Законы и налоги
m_e495d4c7720e,Коэффициент
m_86cffb176f06,Законы и налоги
m_3c457363c547,Законы и налоги
m_3c2359e450ff,Законы и налоги
m_3c46d6a50351,яндекс
m_4cba15fc1b9c,Законы и налоги
m_ca1722a14505,Фастен
m_8b17a71c617d,яндекс
m_708b627e02b2,Фастен
m_e95144f16f7e,Фастен
m_6185bb4d8091,Коэффициент
m_8fc338cf7b55,Фастен
m_6abe1718bd4f,Законы и налоги
m_2b75574d6545,Коэффициент
m_2dc6c627e906,Фастен
m_3e7906fa6839,яндекс
m_9316406575b4,Коэффициент
m_b8d8a5b3bace,Коэффициент
m_03b440e6a8b3,яндекс
m_03b440e6a8b3,Фастен
m_830b63fe8f9d,яндекс
m_114eae76ee29,Законы и налоги
m_a06f4a2b09b7,Законы и налоги
m_a06f4a2b09b7,яндекс
m_4ad3a7d959fb,яндекс
m_eb44b3ae6a5f,яндекс
m_889ee78a262b,яндекс
m_73825eae1ad5,Законы и налоги
m_73825eae1ad5,Фастен
m_5a9f92755f49,яндекс
m_ad917134a7ae,яндекс
m_237524af14e3,яндекс
m_7e3966a4dac7,яндекс
m_37e2f30ec7b5,Приложение и сбои
m_37e2f30ec7b5,Яндекс Про
m_4b111ab0d3a0,Коэффициент
m_bbbd69d50aa6,яндекс
m_bbbd69d50aa6,Приложение и сбои
m_bbbd69d50aa6,Яндекс Про
m_5bcc21cf6cbe,Коэффициент
m_7325558ca62a,яндекс
m_263224c35cf8,яндекс
m_92f2e8def985,яндекс
m_ba92f350a5f6,Коэффициент
m_2442ff0aba2c,Фастен
m_62c0519dcc15,яндекс
m_62c0519dcc15,WB Такси
m_a64472da17bd,Коэффициент
m_c2dad7526592,яндекс
m_00e8c91b246f,яндекс
m_b41e02fdcc03,яндекс
m_5d742105f715,яндекс
m_63696166ae19,яндекс
m_c20905f8f8a8,яндекс
m_5decf4501e44,яндекс
m_575e73a6918d,яндекс
m_17644b19ce74,Приложение и сбои
m_17644b19ce74,Яндекс Про
m_7cc535a12b96,яндекс
m_496851dba2af,Законы и налоги
m_f6f76bca95d4,яндекс
m_3de2e7074248,яндекс
m_1079ef0c78d1,Коэффициент
m_1079ef0c78d1,яндекс
m_d781da1af1ce,WB Такси
m_78ef37584ba8,яндекс
m_359723528ff3,яндекс
m_359723528ff3,Приложение и сбои
m_359723528ff3,Яндекс Про
m_6d59bc6a2806,яндекс
m_c3b131b08c83,яндекс
m_3f6ff73cf2af,Коэффициент
m_49b72c70a426,яндекс
m_cf92bd5567c5,яндекс
m_cf92bd5567c5,Приложение и сбои
m_cf92bd5567c5,Яндекс Про
m_626871daa036,яндекс
m_01186df46780,Коэффициент
m_8b1eac94b225,яндекс
m_04a7e63a3d20,яндекс
m_f8b60a3119af,Коэффициент
m_f8b60a3119af,яндекс
m_a4d4b109b977,Фастен
m_a4d4b109b977,Приложение и сбои
m_66fba90d09c1,Коэффициент
m_98a1a13e6ce6,Коэффициент
m_b047cc9779cc,яндекс
m_6341ea975d13,яндекс
m_c2cafb0e86f5,Законы и налоги
m_ad697e0d69b8,Коэффициент
m_c99e0097ba69,Приложение и сбои
m_c99e0097ba69,Яндекс Про
m_84b3f1c477e7,яндекс
m_470f20126435,яндекс
m_f8539d91f0a3,Законы и налоги
m_c9ebbf67a76e,яндекс
m_009bec8944b9,Коэффициент
m_61cacb88eabe,Коэффициент
m_b5829b0ae4d2,Фастен
m_b5829b0ae4d2,Приложение и сбои
m_b5829b0ae4d2,Яндекс Про
m_f365e088f8db,Коэффициент
m_53448e973f2a,яндекс
m_32f1040b86fa,яндекс
m_4c9df7f5d1cf,Коэффициент
m_e39aa8057549,яндекс
m_f1e818995337,Законы и налоги
m_4f6d2835e803,яндекс
m_4f6d2835e803,Приложение и сбои
m_4f6d2835e803,Яндекс Про
m_2179565ba49e,Законы и налоги
m_c2e72e85fadd,яндекс
m_ad12f222fb63,яндекс
m_2d1974c20eec,Коэффициент
m_2d1974c20eec,яндекс
m_76af28093a05,Законы и налоги
m_8731f1eb7c81,яндекс
m_ef8b98c370da,яндекс
m_8a65e9802cdb,яндекс
m_fa6e0c983c51,яндекс
m_9d9acf0227aa,яндекс
m_ad1c297591fe,Коэффициент
m_a4518d338cc9,яндекс
m_ede670e2f85f,Коэффициент
m_84907dedca7f,яндекс
m_09842c10050c,Забастовка
m_50c95cdd5371,Приложение и сбои
m_5efbd3d41608,яндекс
m_a2193312fc0c,Коэффициент
m_bd3f581c70cc,яндекс
m_4769bc42e941,яндекс
m_4769bc42e941,Приложение и сбои
m_4769bc42e941,Яндекс Про
m_22ff0d78adad,яндекс
m_820e12c696e1,Фастен
m_ce8f4817b909,Коэффициент
m_46a742e8bc9d,Коэффициент
m_f1e54c9cfef0,яндекс
m_5a6e42731946,Коэффициент
m_6bfbff067aa3,яндекс
m_15e6260f5142,Коэффициент
m_a743e70ebf95,яндекс
m_ad3ada26aa79,яндекс
m_024313850c11,яндекс
m_835db926d6f9,Коэффициент
m_bdb362d02242,яндекс
m_ab49a19a2487,Забастовка
m_2df297622009,Коэффициент
m_00a2f61cf9f2,Забастовка
m_b6983ac1316b,Коэффициент
m_b6983ac1316b,яндекс
m_a7cfba904b49,яндекс
m_919d658d5d0e,Приложение и сбои
m_919d658d5d0e,Яндекс Про
m_2c1bbf37b039,Коэффициент
m_d97580bb7217,Забастовка
m_a72c3126e8a8,яндекс
m_6ac1396ad652,Забастовка
m_50ec281dbf21,Приложение и сбои
m_50ec281dbf21,Яндекс Про
m_1e02851efba4,яндекс
m_c611058f3a23,Законы и налоги
m_5c93217aa5fe,яндекс
m_5c93217aa5fe,Приложение и сбои
m_5c93217aa5fe,Яндекс Про
m_d12e25a4f65d,яндекс
m_d12e25a4f65d,Приложение и сбои
m_d12e25a4f65d,Яндекс Про
m_31be48d121dc,WB Такси
m_f90ef6113dc6,Законы и налоги
m_91d39ce9ef07,Приложение и сбои
m_91d39ce9ef07,Яндекс Про
m_f5a5dfb43975,яндекс
m_5577670539b1,Приложение и сбои
m_66107c7f678c,Законы и налоги
m_66107c7f678c,яндекс
m_66107c7f678c,Приложение и сбои
m_66107c7f678c,Яндекс Про
m_6e2c4229bd99,Законы и налоги
m_4ca5535780d6,Коэффициент
m_c346b06ee5ce,Коэффициент
m_eb732f88e621,Коэффициент
m_839b3288c93f,яндекс
m_13e70867fd41,яндекс
m_6940716916ac,яндекс
m_24657661f318,Коэффициент
m_c76897b7539d,Законы и налоги
m_875ef41dc2e2,Коэффициент
m_bbc84da67f91,яндекс
m_3a2d5970cb31,Приложение и сбои
m_3a2d5970cb31,Яндекс Про
m_f7e00c022fd4,Приложение и сбои
m_f7e00c022fd4,Яндекс Про
m_e3bf32d9e880,Законы и налоги
m_40b9e815f1df,Коэффициент
m_8c27f640f9d5,яндекс
m_007b8ec2dff3,Коэффициент
m_a2eb9b1c64b4,Коэффициент
m_e0e6e3060650,Законы и налоги
m_7871d2f6c1b3,яндекс
m_7e934dff2270,яндекс
m_e6f1799763f6,Законы и налоги
m_d38f9e1b04a9,Коэффициент
m_3c267ddeb996,Коэффициент
m_90d23ab28037,яндекс
m_647ce5e18e69,яндекс
m_fafc06afc580,яндекс
m_54a0dcfda2ef,яндекс
m_318cea5895b8,Коэффициент
m_318cea5895b8,яндекс
m_cd6eedfba24c,яндекс
m_82288b6cf389,яндекс
m_738ed46e2be2,яндекс
m_d83abe41de8c,яндекс
m_d83abe41de8c,WB Такси
m_cff53d6572d6,яндекс
m_b0136dcd3a00,Коэффициент
m_9ec2ccee8eb6,Коэффициент
m_f6b47ee09c23,яндекс
m_01fd8f49c2ad,WB Такси
m_519e6ed29b33,яндекс
m_19fe3251657d,Коэффициент
m_090102af9c62,Приложение и сбои
m_090102af9c62,Яндекс Про
m_debd5352c09a,Коэффициент
m_d5d741ffa24e,Приложение и сбои
m_d5d741ffa24e,Яндекс Про
m_de845b80e68d,Коэффициент
m_8edb8ce0f7c2,яндекс
m_9f6bf253e472,Фастен
m_3d53aa20e797,Коэффициент
m_83dc84026937,Коэффициент
m_28e4b599d037,яндекс
m_15de8186f1b5,Коэффициент
m_15de8186f1b5,яндекс
m_15de8186f1b5,Приложение и сбои
m_15de8186f1b5,Яндекс Про
m_934bc55dc83e,Коэффициент
m_eeb9a6cbbfbb,WB Такси
m_72daa0d23e1c,Коэффициент
m_9112c8ee6e96,яндекс
m_7438b90375da,Коэффициент
m_7438b90375da,яндекс
m_6aa40eb1b0ac,Коэффициент
m_5910406aa6d5,яндекс
m_fd5bfda816a7,яндекс
m_12f9809ece5f,яндекс
m_48597253a708,яндекс
m_e012d74f26ba,яндекс
m_76a5407cc408,яндекс
m_1e124601042b,яндекс
m_9dd95cb51f56,яндекс
m_e73992cdd415,Коэффициент
m_0736a96a8ffa,Фастен
m_7a0dec78a133,Фастен
m_321ef23a49ce,яндекс
m_9f34c599235f,яндекс
m_e3d92e70363f,яндекс
m_be64386498e7,Законы и налоги
m_c3ff2a4075f9,Приложение и сбои
m_c3ff2a4075f9,Яндекс Про
m_b887f89839ee,яндекс
m_9884426008dc,яндекс
m_893af0a1f1cc,яндекс
m_893af0a1f1cc,Приложение и сбои
m_893af0a1f1cc,Яндекс Про
m_c5c55c793912,Коэффициент
m_6de633258a32,яндекс
m_af98553bb93b,Приложение и сбои
m_619dcc90b060,Коэффициент
m_619dcc90b060,яндекс
m_13eea90ebee6,яндекс
m_726d72023dbc,Коэффициент
m_62467377db2f,Законы и налоги
m_62467377db2f,яндекс
m_7615fe354189,яндекс
m_69f60127b3b5,Законы и налоги
m_69f60127b3b5,яндекс
m_733fe1faeead,яндекс
m_38d31a0b5584,яндекс
m_e7a84a9e6d0a,Коэффициент
m_2865d57b2e6f,яндекс
m_6276d09f5ed8,яндекс
m_4d935c5317c4,Приложение и сбои
m_4d935c5317c4,Яндекс Про
m_0ab8cb3eae2c,яндекс
m_bbb23b89ec53,Законы и налоги
m_bd005b232d53,Коэффициент
m_101e83b65ccb,яндекс
m_2505c1fcda24,яндекс
m_93c4aa296dc4,Фастен
m_cfe673f21df3,Фастен
m_dca2382e24e9,Фастен
m_b3cae20b986c,яндекс
m_a4b867799796,яндекс
m_a4b867799796,Фастен
m_b7d611638b89,яндекс
m_1f6c2cbb0150,яндекс
m_fce57d511816,яндекс
m_6380c166e447,яндекс
m_12a444e30cec,Приложение и сбои
m_12a444e30cec,Яндекс Про
m_5386f4b20c7d,яндекс
m_6f589f76ce65,яндекс
m_7c45c3a7ee5d,яндекс
m_558c5db4112d,яндекс
m_f2fbda395981,яндекс
m_fad5f60acf35,Законы и налоги
m_ec411bce1df7,Законы и налоги
m_055adcddef4d,яндекс
m_fc05c099c01c,Законы и налоги
m_a1199bb4f9b2,яндекс
m_b34c8547a996,Коэффициент
m_8b64faea0a30,яндекс
m_1e708a818044,Коэффициент
m_c9a6ee6a7bc9,Коэффициент
m_10587b95179c,Приложение и сбои
m_10587b95179c,Яндекс Про
m_5d021615ec44,Приложение и сбои
m_5d021615ec44,Яндекс Про
m_ee6b38c85240,Коэффициент
m_adbd0be37d34,Приложение и сбои
m_adbd0be37d34,Яндекс Про
m_ee0d07ed630e,Коэффициент
m_ee0d07ed630e,Приложение и сбои
m_ee0d07ed630e,Яндекс Про
m_4e717c391f19,яндекс
m_0ffce5fc8acb,Коэффициент
m_b832ba79cf32,яндекс
m_af1bf2265e8c,яндекс
m_293db8af8824,яндекс
m_809472521cdc,Коэффициент
m_c273800c3c9d,Коэффициент
m_c273800c3c9d,Законы и налоги
m_e886882a2c41,Коэффициент
m_98226a22df5c,Коэффициент
m_98226a22df5c,Законы и налоги
m_5c52d1aca81b,Коэффициент
m_fb725c66fb29,Фастен
m_5d7d74b87eae,яндекс
m_9c6ee9a08356,яндекс
m_11b36edc472a,Коэффициент
m_473783ef049d,яндекс
m_71d954a7c1b6,яндекс
m_173f53fe672b,яндекс
m_173f53fe672b,Фастен
m_58416decfd5d,яндекс
m_f6739c65f433,Коэффициент
m_54187eb61901,Коэффициент
m_7b5d5a33d8ce,Коэффициент
m_f134ba1d6500,Коэффициент
m_da6daa6dcc6d,Коэффициент
m_df20402d4980,яндекс
m_70913f44a8d1,яндекс
m_065513bc4212,Коэффициент
m_80ca2cad0776,Коэффициент
m_1942ad7ea06e,Коэффициент
m_ac9771f9da24,Законы и налоги
m_cffb4d12e9b3,Законы и налоги
m_6052d3ad676c,Коэффициент
m_a96c6d619824,яндекс
m_a96c6d619824,Фастен
m_52af9c6b683b,яндекс
m_7fb07f322477,Приложение и сбои
m_7fb07f322477,Яндекс Про
m_a726428ee3c5,Коэффициент
m_ce901bd47ab0,Коэффициент
m_cb29035a639c,яндекс
m_ea09be9f48ee,яндекс
m_046572897381,яндекс
m_50ef109be621,яндекс
m_15af1cdecf31,Коэффициент
m_51d4832848e6,Коэффициент
m_b489e4cec128,яндекс
m_9c79feb7abb1,яндекс
m_9c79feb7abb1,Приложение и сбои
m_9c79feb7abb1,Яндекс Про
m_69c70f74307d,яндекс
m_69c70f74307d,Приложение и сбои
m_69c70f74307d,Яндекс Про
m_afa4f6392087,яндекс
m_b1b946cab870,Забастовка
m_72f114bcb932,Коэффициент
m_afb3d35d8539,Законы и налоги
m_387b274dd3a9,яндекс
m_049fea8e1689,Фастен
m_478c5814bbad,Коэффициент
m_6d7c60c617be,Приложение и сбои
m_0e7d76e36525,Забастовка
m_1fc94c89319f,Приложение и сбои
m_1fc94c89319f,Яндекс Про
m_09d763b1056e,Законы и налоги
m_3d25adf98e1b,Законы и налоги
m_3d25adf98e1b,яндекс
m_9d0739a48716,Законы и налоги
m_f85dd3562388,Забастовка
m_ad300a2d7c01,Законы и налоги
m_7e10b830003a,Коэффициент
m_e64e35d04542,Приложение и сбои
m_e64e35d04542,Яндекс Про
m_5760359fef62,яндекс
m_76613ad77ddd,Коэффициент
m_11528e023e2e,яндекс
m_cfacdde09023,Коэффициент
m_6427df353daa,яндекс
m_9ad393447d57,Приложение и сбои
m_9ad393447d57,Яндекс Про
m_801411765dc5,Коэффициент
m_0a48311fa279,яндекс
m_cf1dccabed22,Коэффициент
m_7257eccbfd93,Законы и налоги
m_677d3a9d5f94,Законы и налоги
m_26b4179d1800,Законы и налоги
m_7f8ddfe4af55,Коэффициент
m_7f8ddfe4af55,яндекс
m_8e5c376e120c,яндекс
m_2d90a2195043,яндекс
m_f9fc243b2178,яндекс
m_f463a6a8eb2d,Коэффициент
m_f463a6a8eb2d,яндекс
m_7497abc07a3d,яндекс
m_7497abc07a3d,Фастен
m_dab6e97d0ac4,WB Такси
m_3b28dc4a75e4,Коэффициент
m_5afc9c8a2c83,яндекс
m_5afc9c8a2c83,Фастен
m_643854dc0c56,Фастен
m_9d2302fca72e,Приложение и сбои
m_9d2302fca72e,Яндекс Про
m_fec1a449bdbf,Коэффициент
m_cc57f3ab7e97,Законы и налоги
m_cc57f3ab7e97,яндекс
m_5a2e58847c08,Коэффициент
m_496717712371,яндекс
m_7d312c17eb7d,яндекс
m_e3c81bf4b052,яндекс
m_e3c81bf4b052,Фастен
m_986e7c28f1ea,яндекс
m_05bcf4953f13,Фастен
m_0810d2835b53,Коэффициент
m_0810d2835b53,яндекс
m_0810d2835b53,Фастен
m_91ca3454ca3b,Приложение и сбои
m_91ca3454ca3b,Яндекс Про
m_d1f969a0bfd0,яндекс
m_e93664153c98,Коэффициент
m_015db5b7db42,яндекс
m_a3a25e8091ce,Коэффициент
m_0da4a3bfb668,яндекс
m_e0fdad89b625,яндекс
m_8e9e6d434da2,яндекс
m_20b5b8742c3a,яндекс
m_823f8df0ccd6,Фастен
m_4afd4c8cd465,Законы и налоги
m_4afd4c8cd465,яндекс
m_49a68fe443af,яндекс
m_11b3952f34c0,яндекс
m_0801b4a0e8e5,Коэффициент
m_0801b4a0e8e5,яндекс
m_223a071b2c62,Фастен
m_c20cdd2f6afb,яндекс
m_64cad1b4ac91,Коэффициент
m_c8082c15d6c2,Фастен
m_b13506eebf48,Фастен
m_b13506eebf48,Приложение и сбои
m_b13506eebf48,Яндекс Про
m_965307d20ea7,Фастен
m_65d7efdff80b,Законы и налоги
m_45e153883058,Фастен
m_9c6043aceda7,Приложение и сбои
m_9c6043aceda7,Яндекс Про
m_25d9103d6f1c,Приложение и сбои
m_49819d62ac8d,яндекс
m_680ced172c07,Коэффициент
m_7050f846cf24,яндекс
m_053ee593f0ea,Фастен
m_fd9bd7bfb1ab,Приложение и сбои
m_fd9bd7bfb1ab,Яндекс Про
m_684248257441,яндекс
m_5f1c563ae74f,яндекс
m_5f1c563ae74f,Фастен
m_453804de8973,Фастен
m_de30c819ec61,яндекс
m_de30c819ec61,Приложение и сбои
m_de30c819ec61,Яндекс Про
m_d59d1e5dc3e7,Приложение и сбои
m_ef08fc34ca2a,яндекс
m_0ae15a5edc82,яндекс
m_e306b734d9e9,яндекс
m_fe7e48c70ad3,яндекс
m_cdebde107a0c,яндекс
m_c89b5ef4002d,Фастен
m_f32e7b70ec9c,яндекс
m_f32e7b70ec9c,Фастен
m_e62080053eba,Коэффициент
m_e62080053eba,яндекс
m_fd758a7a6ed3,яндекс
m_d3bc8f859e93,Коэффициент
m_85223862b8fe,яндекс
m_d3ae1da8960e,Коэффициент
m_5e0ceab4165f,яндекс
m_13ee40898b76,Законы и налоги
m_a5661d75713c,яндекс
m_a5661d75713c,Фастен
m_781620427f6d,яндекс
m_b8c036421149,яндекс
m_b8c036421149,Приложение и сбои
m_b8c036421149,Яндекс Про
m_3c65c71cd3eb,яндекс
m_21fdd5bb15e3,Коэффициент
m_7bb2e07336e5,яндекс
m_7bb2e07336e5,Приложение и сбои
m_7bb2e07336e5,Яндекс Про
m_ccb45c331875,Коэффициент
m_492763312564,яндекс
m_492763312564,Приложение и сбои
m_adc5218c12d9,Коэффициент
m_168bf6ee2617,Приложение и сбои
m_168bf6ee2617,Яндекс Про
m_ec141d8385a9,Коэффициент
m_bf2513a5ad20,яндекс
m_f81270d74ab6,яндекс
m_77616301093b,Законы и налоги
m_49acec5498cf,Приложение и сбои
m_49acec5498cf,Яндекс Про
m_d528192b2208,Коэффициент
m_d528192b2208,яндекс
m_9b13114eb759,яндекс
m_bb6255e82e51,Коэффициент
m_40c2a3a3d3ff,Фастен
m_9f6aa4d95b95,Законы и налоги
m_6cb01f69c828,яндекс
m_3a461b1a2170,WB Такси
m_d283ba2e43ed,яндекс
m_d283ba2e43ed,Приложение и сбои
m_d283ba2e43ed,Яндекс Про
m_4746b2e2d243,яндекс
m_28689b35bf79,Законы и налоги
m_a7dbc6bec22f,Законы и налоги
m_f083f847430a,яндекс
m_1959a0a6efb2,яндекс
m_c1a0c98d6764,Коэффициент
m_a9050b834a5a,Законы и налоги
m_61426210231b,яндекс
m_8f9580356d38,яндекс
m_1ea40b3e7904,Коэффициент
m_1ea40b3e7904,Фастен
m_b49f7107c188,яндекс
m_99698fbe6749,яндекс
m_ce69f3eb9163,яндекс
m_ce69f3eb9163,Приложение и сбои
m_ce69f3eb9163,Яндекс Про
m_78ab2522cd93,Коэффициент
m_7a55d8022be8,Законы и налоги
m_c14b5d0a08a1,Законы и налоги
m_3c08e0ea1cf3,Коэффициент
m_c6e82a41f160,яндекс
m_4757ea1e64d6,Коэффициент
m_8c6f9a951d82,Фастен
m_b24c99c59e51,яндекс
m_c525954a41eb,Фастен
m_4e8d2b492ba6,яндекс
m_c78b0cd844d8,Законы и налоги
m_c78b0cd844d8,яндекс
m_5a45a21b9c94,яндекс
m_abdd32d1c28e,WB Такси
m_1cf60fbc91b5,Коэффициент
m_e09a1e9d8473,Коэффициент
m_f34f6f02552f,WB Такси
m_a46d80fdc24d,яндекс
m_e4d9832aecb9,Коэффициент
m_f1a92f2846d3,яндекс
m_373f6a0d97bf,Приложение и сбои
m_373f6a0d97bf,Яндекс Про
m_17ee7ae96ab9,яндекс
m_8ed838fc73e0,Приложение и сбои
m_8ed838fc73e0,Яндекс Про
m_4f79fbfafdb8,Коэффициент
m_a28e43c9e026,Коэффициент
m_896b4559cc28,Законы и налоги
m_c7a1b4bdbc71,Коэффициент
m_50e1ee98b32d,Законы и налоги
m_34078d5db720,яндекс
m_4348c5cfbdde,Законы и налоги
m_a0af97c90218,яндекс
m_bb8b6ccc4a5b,Законы и налоги
m_492c52f32c3f,яндекс
m_53ddf7f460d6,Коэффициент
m_578a223cc3c7,Законы и налоги
m_578a223cc3c7,яндекс
m_c164a1690304,Фастен
m_04534aece5bf,Коэффициент
m_628953f83f31,Законы и налоги
m_628953f83f31,яндекс
m_fe19544b65f6,яндекс
m_b02dd778d909,Законы и налоги
m_8e83f0dc41e2,Законы и налоги
m_8e83f0dc41e2,яндекс
m_37972ef2434b,Коэффициент
m_0ec606792b6b,Законы и налоги
m_0ec606792b6b,яндекс
m_0d22cf7711d1,Коэффициент
m_d2c65863935f,Законы и налоги
m_d2c65863935f,яндекс
m_930ce37268eb,Законы и налоги
m_3ff3f9dddaf6,Законы и налоги
m_ad09b9c7d77c,Коэффициент
m_49fdbf20f222,яндекс
m_2b9c3372329a,Приложение и сбои
m_1bc993437dd2,Законы и налоги
m_1bc993437dd2,яндекс
m_e336e9f823b5,Коэффициент
m_d3fc82f09d0b,яндекс
m_438dc3b665e9,яндекс
m_21ab8e773b8d,яндекс
m_3769d1fe4738,Коэффициент
m_3769d1fe4738,яндекс
m_db5cdefd3f4b,Законы и налоги
m_613156f18a3e,Приложение и сбои
m_613156f18a3e,Яндекс Про
m_604a64ba25a4,Законы и налоги
m_604a64ba25a4,яндекс
m_f7902ef08267,Коэффициент
m_5b9a28aaad1d,яндекс
m_68c623d20d41,Коэффициент
m_68c623d20d41,яндекс
m_5159f7b79cdc,Фастен
m_f50f8c209db3,Коэффициент
m_df21de1755cb,Коэффициент
m_869831e229c3,яндекс
m_2d7a5a6033b6,Приложение и сбои
m_91660c7e8a2d,яндекс
m_065b923d200b,яндекс
m_de5da0539254,яндекс
m_cdaa00ada19f,яндекс
m_cdaa00ada19f,Приложение и сбои
m_cdaa00ada19f,Яндекс Про
m_60bbbe270a44,яндекс
m_623c3f758342,Законы и налоги
m_0ea900b15f0f,Коэффициент
m_db642881d557,Коэффициент
m_d882df78de0e,яндекс
m_d751776447ad,яндекс
m_6a5ee9c08961,яндекс
m_19bc41ff4309,Законы и налоги
m_b9b811c9ebf7,яндекс
m_ac53061ce51c,Приложение и сбои
m_ac53061ce51c,Яндекс Про
m_e3d3a30c50f0,яндекс
m_2fad02a3ec42,яндекс
m_2f9048b2e1e7,Приложение и сбои
m_2f9048b2e1e7,Яндекс Про
m_5cb83e7f3d36,яндекс
m_5cb83e7f3d36,Приложение и сбои
m_5cb83e7f3d36,Яндекс Про
m_d3e9345bbea1,яндекс
m_c89b5152c99a,Приложение и сбои
m_c89b5152c99a,Яндекс Про
m_6c7231b4191b,яндекс
m_ca267ece9a57,яндекс
m_b7f07ae83796,Приложение и сбои
m_b7f07ae83796,Яндекс Про
m_b1e0c5578173,Законы и налоги
m_75a953ac211c,WB Такси
m_95a4b6574131,яндекс
m_95a4b6574131,Приложение и сбои
m_95a4b6574131,Яндекс Про
m_e6bbe0630bfe,яндекс
m_59ab84a65ea3,яндекс
m_76b9fd4b4ca9,яндекс
m_e6012a322f96,WB Такси
m_6bee4cc5504e,Коэффициент
m_1be7f4e47701,яндекс
m_57d4f9d9742c,Коэффициент
m_a4396e66b1e1,яндекс
m_3050d623bbe5,яндекс
m_c4d8fdbb2ceb,яндекс
m_ce0798be4250,Законы и налоги
m_a48145e8d152,Приложение и сбои
m_a48145e8d152,Яндекс Про
m_ef6b15948fa2,Законы и налоги
m_ef6b15948fa2,яндекс
m_2761fd655b3d,яндекс
m_7fb6101e3fe4,Коэффициент
m_a7fb88fc03b2,яндекс
m_a7fb88fc03b2,Приложение и сбои
m_a7fb88fc03b2,Яндекс Про
m_92dca570888f,яндекс
m_3420a91b71a0,Коэффициент
m_168a55558cf7,Приложение и сбои
m_168a55558cf7,Яндекс Про
m_c62c908c6ca1,Приложение и сбои
m_c62c908c6ca1,Яндекс Про
m_81e68aad6773,Фастен
m_eb9a8b5ff75e,Коэффициент
m_cca9277c806c,яндекс
m_dcb138087fec,яндекс
m_89a151b14fe9,Законы и налоги
m_89a151b14fe9,яндекс
m_2f199317021a,яндекс
m_924c1992c010,Коэффициент
m_a1bffe40362b,Законы и налоги
m_1e9cfbe14acd,яндекс
m_10e4d2efb48c,Законы и налоги
m_f9c4615f1290,Законы и налоги
m_31ddb5ccb061,Законы и налоги
m_43e605875c8d,Коэффициент
m_52e0c8dd1f32,яндекс
m_4ff295a62b24,яндекс
m_fad1377b6013,яндекс
m_ebe36c36dfe2,Коэффициент
m_b1af6e3a6318,яндекс
m_512d177ab4e4,Приложение и сбои
m_837c50b2a21c,яндекс
m_285045fe3c05,яндекс
m_179b92a4a12b,яндекс
m_7f58089bdf00,Коэффициент
m_7f58089bdf00,Фастен
m_2efd921e8ad4,яндекс
m_6a83ce9c0209,яндекс
m_12d7ddb3c3f3,Коэффициент
m_65a356538537,Коэффициент
m_099970eb631f,Законы и налоги
m_c13cf68f042f,Законы и налоги
m_1093b128e2d7,яндекс
m_1093b128e2d7,Приложение и сбои
m_1093b128e2d7,Яндекс Про
m_d1efab943588,Приложение и сбои
m_d1efab943588,Яндекс Про
m_00646e870d18,Приложение и сбои
m_00646e870d18,Яндекс Про
m_5080cae8e806,Приложение и сбои
m_5080cae8e806,Яндекс Про
m_9efc10bc687f,Приложение и сбои
m_9efc10bc687f,Яндекс Про
m_fbf3ab39c379,Законы и налоги
m_5fb7789012a4,яндекс
m_e596705625cd,яндекс
m_adbb7c89a7f9,яндекс
m_40d20c09f146,яндекс
m_88639a027f05,Коэффициент
m_20795943bf9b,яндекс
m_462643d8e53f,яндекс
m_2814415b3cba,Законы и налоги
m_d7ac5c0fe4f6,яндекс
m_50f3b27a29b8,яндекс
m_573cc81991c3,Законы и налоги
m_858ac8c01442,Законы и налоги
m_7499a5811870,яндекс
m_13a0ea66cdcc,яндекс
m_18c5493fb6ae,Коэффициент
m_18c5493fb6ae,Приложение и сбои
m_e278a15312c6,яндекс
m_2cd5e2af2db7,яндекс
m_18560a896584,Коэффициент
m_acd43594650b,яндекс
m_a25c6c899e10,яндекс
m_7533f7052789,яндекс
m_a591f6bdf36a,Коэффициент
m_9e935178c429,яндекс
m_ec6e2c54baeb,яндекс
m_4784ae78d920,яндекс
m_6e6f384b9bf0,Приложение и сбои
m_19ab808fdf4c,Законы и налоги
m_a7b402e1665f,Законы и налоги
m_46f1cd50c3c4,Коэффициент
m_0c5b640df509,Коэффициент
m_450024e80eb4,Коэффициент
m_a2d8ff463b3b,Забастовка
m_3f3ecb515ae6,Коэффициент
m_536347fbdbaf,яндекс
m_a59b3f18c10b,Фастен
m_bfa6e05a5ee4,яндекс
m_6a9d068b49b3,Приложение и сбои
m_6a9d068b49b3,Яндекс Про
m_0bdee257dd9f,яндекс
m_6436d6142055,яндекс
m_6436d6142055,Фастен
m_58789883cd0f,яндекс
m_58789883cd0f,Фастен
m_ac8ea69f00a3,Коэффициент
m_6f425a9238b4,яндекс
m_d9d3d5070403,яндекс
m_96ee1c0d2ced,Законы и налоги
m_d237b816aa38,Приложение и сбои
m_d237b816aa38,Яндекс Про
m_061b44d88a84,яндекс
m_91064a44df05,яндекс
m_0bb57f26d7c1,Фастен
m_85b79773d643,Приложение и сбои
m_85b79773d643,Яндекс Про
m_2ba482e23bc7,Коэффициент
m_fcd27aaf2208,Фастен
m_ce72218ab872,Фастен
m_99b4e48a8b4b,яндекс
m_4f4381eae6ff,яндекс
m_4f4381eae6ff,Фастен
m_a94727382edc,Коэффициент
m_ccaabdcf23c4,яндекс
m_497ce909bc88,яндекс
m_51d36cf53909,Коэффициент
m_51d36cf53909,Фастен
m_11a07830ed66,яндекс
m_cf9b40c8be5b,Фастен
m_0ee1084c03a0,Коэффициент
m_9345d3f8ea9a,яндекс
m_064fe22ee001,Коэффициент
m_064fe22ee001,Приложение и сбои
m_064fe22ee001,Яндекс Про
m_e886588032bb,Фастен
m_43d167656b33,Фастен
m_43d167656b33,Приложение и сбои
m_32da5748da74,яндекс
m_bf9a7750efa8,Законы и налоги
m_0877fdad4a8b,Коэффициент
m_0877fdad4a8b,Законы и налоги
m_247c2ebf14a8,яндекс
m_20bb4b1e4a6d,Забастовка
m_1044db6fa183,яндекс
m_9d510eaec043,яндекс
m_9d510eaec043,Приложение и сбои
m_9d510eaec043,Яндекс Про
m_63dbac5bea46,яндекс
m_6ebdee4d8dd9,Законы и налоги
m_6ebdee4d8dd9,яндекс
m_2bc7c5087fef,Коэффициент
m_b2f8e368e06f,Фастен
m_14b0bfbcf71a,яндекс
m_231808336dec,яндекс
m_231808336dec,Приложение и сбои
m_231808336dec,Яндекс Про
m_e23f4fe74989,Коэффициент
m_4007fc482bf9,яндекс
m_af1e19c060c8,Приложение и сбои
m_af1e19c060c8,Яндекс Про
m_98afee29d009,Коэффициент
m_12fb9d80dab7,яндекс
m_e03457e844bc,Коэффициент
m_33208f6700e4,яндекс
m_33208f6700e4,Приложение и сбои
m_33208f6700e4,Яндекс Про
m_6b56ff2293ee,яндекс
m_6b56ff2293ee,Приложение и сбои
m_6b56ff2293ee,Яндекс Про
m_0a44ce91ecf0,Коэффициент
m_82f617184e5b,Приложение и сбои
m_82f617184e5b,Яндекс Про
m_c2d873891d64,WB Такси
m_178a81b78a9a,яндекс
m_c47f3af3fba8,яндекс
m_7d9a47ccfe37,Законы и налоги
m_aa3f86a54b6d,яндекс
m_4c0e6f4c5165,яндекс
m_85552b34c35f,Законы и налоги
m_a0fe6b06499e,Законы и налоги
m_22b7872de8f5,Законы и налоги
m_6fc845bbc4fb,Законы и налоги
m_6d68987329b4,Приложение и сбои
m_6d68987329b4,Яндекс Про
m_146e7d8ff614,Законы и налоги
m_146e7d8ff614,яндекс
m_220d0dba3ef6,Приложение и сбои
m_220d0dba3ef6,Яндекс Про
m_79b42dbfcf06,Приложение и сбои
m_79b42dbfcf06,Яндекс Про
m_69f085cdda13,Коэффициент
m_fd2b206de957,яндекс
m_6e299d044d41,Коэффициент
m_570eb49451df,яндекс
m_f3682f4ce266,яндекс
m_1343c1fac1aa,Коэффициент
m_59e3b92a2867,Коэффициент
m_c9d93b948a18,яндекс
m_fd3a71c47407,Коэффициент
m_0da35ad52e42,Законы и налоги
m_50d2890edc1d,WB Такси
m_8d70b9f8c8e8,Законы и налоги
m_f339ce19b887,Коэффициент
m_aee2db330bc3,Законы и налоги
m_8f8e2dec9cc7,WB Такси
m_e6894fffec35,Коэффициент
m_1a6d3c6669ff,яндекс
m_08d3e19af23c,Коэффициент
m_52f990cc8541,яндекс
m_52f990cc8541,Приложение и сбои
m_52f990cc8541,Яндекс Про
m_14f15aadc114,Коэффициент
m_6ffbe250b3c4,Коэффициент
m_6ffbe250b3c4,яндекс
m_6ffbe250b3c4,Приложение и сбои
m_6ffbe250b3c4,Яндекс Про
m_fcb2fd1327d5,Коэффициент
m_789e39392947,Коэффициент
m_0672a861fdbd,Коэффициент
m_f2a33f4810b0,яндекс
m_c05f289dddc5,яндекс
m_9c98ee11bc6a,яндекс
m_6befa7550aab,Коэффициент
m_4957d80b4491,яндекс
m_5b602614359f,Коэффициент
m_5b602614359f,яндекс
m_2c77f793a861,яндекс
m_b74fd5a21224,Законы и налоги
m_d323984f25d6,Коэффициент
m_c8816fd54e3f,Коэффициент
m_3c87cbc7c99d,Коэффициент
m_f76d04bf07ce,Законы и налоги
m_c85d032b77b1,яндекс
m_2b3b9b83f553,Коэффициент
m_4f6a956fe253,Коэффициент
m_614b70856ea8,Коэффициент
m_4bf20f2614c6,Коэффициент
m_8c78048d9c7e,яндекс
m_74f0203d4f57,Законы и налоги
m_74f0203d4f57,яндекс
m_e6266e71bc36,Коэффициент
m_c722b7ba5831,Законы и налоги
m_c722b7ba5831,яндекс
m_2857afcbec40,яндекс
m_567b58dfd0b1,яндекс
m_567b58dfd0b1,Приложение и сбои
m_5cfa7e6a88c0,Приложение и сбои
m_9a3a0f3e24e2,яндекс
m_c191d5d96bc6,Приложение и сбои
m_3870ad956b53,яндекс
m_1ef80fe99652,Коэффициент
m_e34e85acabc9,Законы и налоги
m_f3664f8659e3,Коэффициент
m_aa4fc2cd2ae1,Коэффициент
m_6e0a2f7d4954,яндекс
m_663c76e5b1e1,Законы и налоги
m_e9b5caee6c69,Коэффициент
m_e9b5caee6c69,Приложение и сбои
m_d7b253edbc45,Законы и налоги
m_388b275f20e7,яндекс
m_084ea71f6134,яндекс
m_dad2b07fb295,Законы и налоги
m_dad2b07fb295,яндекс
m_eed9197a9136,Законы и налоги
m_eed9197a9136,Приложение и сбои
m_eed9197a9136,Яндекс Про
m_15f138c7dc02,Коэффициент
m_1002d6452acb,яндекс
m_6554fe49b6d5,яндекс
m_1f34ce7f3544,Коэффициент
m_1455c0f0b1d3,Законы и налоги
m_7e80784d9374,Законы и налоги
m_cd313cbd0421,Коэффициент
m_5b93b8693fdc,яндекс
m_75e01502a896,яндекс
m_cc4ba314206f,Приложение и сбои
m_cc4ba314206f,Яндекс Про
m_bb5a6522d6e1,яндекс
m_f538e6cbe3b5,яндекс
m_449d6ff876e5,яндекс
m_449d6ff876e5,Приложение и сбои
m_89c91a6632cc,Законы и налоги
m_a09f5f4ddc0e,яндекс
m_a09f5f4ddc0e,Приложение и сбои
m_a09f5f4ddc0e,Яндекс Про
m_ca43c1a2fc9b,яндекс
m_e64e91b7e0bf,Забастовка
m_6a7ca022896a,яндекс
m_60eb8882f741,яндекс
m_49946889d56c,яндекс
m_66b1f1b8ce52,Законы и налоги
m_83147fa43db0,яндекс
m_3d807a817a86,Законы и налоги
m_bfebfbe2986a,WB Такси
m_15b6055e9a96,Коэффициент
m_15b6055e9a96,яндекс
m_ca0df52edad2,Законы и налоги
m_f4ad2d76bb6a,Законы и налоги
m_6782c91d9744,Законы и налоги
m_b723177d72d2,WB Такси
m_69b5e54fdf43,яндекс
m_ac4bc2611da2,яндекс
m_e8810c270b3a,Коэффициент
m_e8810c270b3a,яндекс
m_7018d65af3b2,Законы и налоги
m_baf58dba2d13,Коэффициент
m_3186e35408bf,Коэффициент
m_9389e1b9cfae,Законы и налоги
m_1b33e3d733d7,Коэффициент
m_7c7f2071735b,Приложение и сбои
m_7c7f2071735b,Яндекс Про
m_602cc667b59a,Коэффициент
m_602cc667b59a,яндекс
m_dfc8074d87d1,Законы и налоги
m_8764603727d6,Законы и налоги
m_30f0a6dd2c9d,яндекс
m_57f8940465ee,Законы и налоги
m_58122295065d,Законы и налоги
m_f58685170dca,Законы и налоги
m_4ceda9f7172d,Законы и налоги
m_e9885226a488,Законы и налоги
m_f8fb02607b3a,WB Такси
m_0581e8798df5,Законы и налоги
m_0581e8798df5,яндекс
m_6cacd1c3f340,Коэффициент
m_98813b4eea45,яндекс
m_c68c0eb3b48e,яндекс
m_6c089e376b6b,Законы и налоги
m_f3c719cc5c7b,Забастовка
m_7d472dfb57fe,Законы и налоги
m_237f12d41633,Приложение и сбои
m_237f12d41633,Яндекс Про
m_dcb8f4504ca3,яндекс
m_7fdab5d97343,яндекс
m_e5b937415223,Законы и налоги
m_2bb4440b9b9a,яндекс
m_742f67bea92e,Законы и налоги
m_b2ee1f0bb4cf,Законы и налоги
m_8b958fd238b1,яндекс
m_e17a837938dd,Законы и налоги
m_fdcc5af76da4,яндекс
m_f2d3a6c25636,яндекс
m_ed8eab1f32c7,Законы и налоги
m_83097827e368,Коэффициент
m_83097827e368,яндекс
m_83097827e368,WB Такси
m_85aa88647179,яндекс
m_b5fd2d1bfa50,яндекс
m_194bbbd24c69,Коэффициент
m_75c70e530ede,Законы и налоги
m_92823ae0e74d,яндекс
m_76cdfc2d8be2,яндекс
m_8a91512fff9e,яндекс
m_40a2d8b18ad6,Коэффициент
m_9b8286d10464,Коэффициент
m_7c4aeb5d7939,яндекс
m_0a71dac86485,Законы и налоги
m_44f5a492bbb0,Законы и налоги
m_02284e22310b,Законы и налоги
m_02284e22310b,яндекс
m_8a107e222eb7,Коэффициент
m_34ca63df070d,Коэффициент
m_5d3a26cae8a1,Законы и налоги
m_fa2393684057,Законы и налоги
m_230d55cf7dc6,яндекс
m_2503feb3e598,Законы и налоги
m_84fb7eba6af0,яндекс
m_7c4e6e642430,Законы и налоги
m_7cda17858b95,яндекс
m_c62ed19d774c,Законы и налоги
m_aab8d98e2d20,Коэффициент
m_8d3018487db3,яндекс
m_69fe44d80d2d,Коэффициент
m_11e5dd071bef,яндекс
m_c92a26ff849d,Приложение и сбои
m_c92a26ff849d,Яндекс Про
m_46091eb3709a,яндекс
m_69c67db8fe52,яндекс
m_73a09223ecb5,яндекс
m_e3c2a236947f,Законы и налоги
m_3112536177a9,яндекс
m_e8784d49cdd7,Коэффициент
m_d4c1e94de6a6,яндекс
m_199c6c0b9f4f,яндекс
m_1d84adb7c276,яндекс
m_03c035e494f6,яндекс
m_225f8d5240e3,Коэффициент
m_1cf26983c0d0,Коэффициент
m_fa87f071d945,яндекс
m_13dd1874f83b,яндекс
m_c1a469bf411a,яндекс
m_ddca16505b2e,Коэффициент
m_4259fcc212b4,Коэффициент
m_5b4fe88ff94d,яндекс
m_6f070e6ee92a,Приложение и сбои
m_6f070e6ee92a,Яндекс Про
m_d93e0a90cbcc,Приложение и сбои
m_d93e0a90cbcc,Яндекс Про
m_3bb765c76b91,яндекс
m_a5a536731b6e,яндекс
m_7959527772c3,Коэффициент
m_4f3cfac5d3ed,Коэффициент
m_4f3cfac5d3ed,яндекс
m_84133f2959ed,Коэффициент
m_1095eec8574c,WB Такси
m_16c80672a573,яндекс
m_db6d67b56350,яндекс
m_e114b6f55789,Коэффициент
m_ffe84a5f1554,Коэффициент
m_98f182e6f8d8,Коэффициент
m_9409599b6f15,Коэффициент
m_efed6afcee24,яндекс
m_05aa81cd23ee,Коэффициент
m_09f30f72c615,Коэффициент
m_37ddaa13d45d,Законы и налоги
m_ca2212fa559c,Коэффициент
m_d8c6e40bc6ee,Коэффициент
m_bdc673927e01,яндекс
m_ce602f2f0ec7,яндекс
m_b65945ca9c3b,Приложение и сбои
m_b65945ca9c3b,Яндекс Про
m_4390b5b8ec7c,яндекс
m_3d3601e5ac60,Коэффициент
m_3d3601e5ac60,яндекс
m_a97444fe0765,яндекс
m_1629fed09b57,яндекс
m_f181af1398d0,Коэффициент
m_f58dffe409fb,Законы и налоги
m_172f3c6ef8f4,Коэффициент
m_7363de117967,яндекс
m_d0789a9736f8,Фастен
m_c0358c32ffa1,Фастен
m_1b290ae73f08,яндекс
m_52e55ff53047,Фастен
m_edb81bbcf5b8,яндекс
m_0da119547f72,яндекс
m_be7ea3ab531d,яндекс
m_00fbdec9e8c9,Забастовка
m_8e6199ffa180,Забастовка
m_947c11ab68eb,WB Такси
m_7b913524323d,WB Такси
m_7b8fe1f5cf75,Коэффициент
m_54e8303e6a8a,яндекс
m_ccc97bcd2f06,яндекс
m_2049f024282e,яндекс
m_2049f024282e,Фастен
m_f2df1315b1a8,яндекс
m_de071b4006fc,яндекс
m_f71102bffb34,яндекс
m_fe0c3ff8e24b,яндекс
m_5b08de3bf5ac,яндекс
m_5854d370ea6c,яндекс
m_96769d649af6,яндекс
m_7ea29b1501ed,яндекс
m_ee8b9b39c61c,Законы и налоги
m_338de0c4a74f,яндекс
m_338de0c4a74f,WB Такси
m_186729e500d4,яндекс
m_7aabc11e8913,яндекс
m_9c856fa6b66e,Законы и налоги
m_dc54711791dc,Коэффициент
m_b2a2c710469f,Законы и налоги
m_b2a2c710469f,яндекс
m_1f12bdbc492d,Законы и налоги
m_66ec19e67466,Законы и налоги
m_6b0331a4b7de,Коэффициент
m_f3689da1bbfe,Коэффициент
m_6f0fcbcd117c,Приложение и сбои
m_6f0fcbcd117c,Яндекс Про
m_7964f6527d0e,яндекс
m_92cac9857c53,Коэффициент
m_cdc74d2079d3,Приложение и сбои
m_cdc74d2079d3,Яндекс Про
m_10d6e9948fbc,Коэффициент
m_9ec5e1b779ce,Коэффициент
m_b19870a23c6d,Коэффициент
m_d6efa1c19573,яндекс
m_6e322c73be05,Коэффициент
m_6d10a2291e25,Коэффициент
m_164eb0db2417,Коэффициент
m_46b80b7646f9,Коэффициент
m_0dfb51dff00c,Коэффициент
m_b94c4e68d7f0,яндекс
m_80f7e2368003,Коэффициент
m_54b15e12b1e5,Коэффициент
m_49e1c27b906c,WB Такси
m_eec5d8ef2c44,Коэффициент
m_eec5d8ef2c44,Фастен
m_eb73265852cf,Коэффициент
m_a7da926106c7,Коэффициент
m_c6025f52b99f,Коэффициент
m_76a86cd15b6d,яндекс
m_dbd5aaf22afa,яндекс
m_4d36adc4752e,Приложение и сбои
m_727d6a7bc743,Коэффициент
m_727d6a7bc743,яндекс
m_b21ae4b64949,Приложение и сбои
m_b21ae4b64949,Яндекс Про
m_201591fd0c3e,Коэффициент
m_9de3276b6705,Фастен
m_b57f2cc30362,Коэффициент
m_7e040e0f7d3a,Приложение и сбои
m_c8d5ab2a7074,яндекс
m_3d255a41c837,Приложение и сбои
m_3d255a41c837,Яндекс Про
m_22edca09813c,яндекс
m_e952ae5b37ab,Приложение и сбои
m_e952ae5b37ab,Яндекс Про
m_b6ada17fb7b1,Приложение и сбои
m_983111350a05,Коэффициент
m_8940eea641a0,яндекс
m_b59419cdcffd,Приложение и сбои
m_76e0043aa768,Приложение и сбои
m_76e0043aa768,Яндекс Про
m_e797a519ec48,Приложение и сбои
m_e797a519ec48,Яндекс Про
m_1a09e2465fcf,Фастен
m_ef85bbf836f1,яндекс
m_ef85bbf836f1,Приложение и сбои
m_ef85bbf836f1,Яндекс Про
m_1ab56f159fcc,Коэффициент
m_989530db0870,яндекс
m_ebca70963c64,яндекс
m_9a84418c9c3c,яндекс
m_016a0f08a47f,Коэффициент
m_cf101de3e70e,Коэффициент
m_d1cc77b4fc42,Коэффициент
m_26ef03fe8b87,Коэффициент
m_2dae284d8a79,яндекс
m_2dae284d8a79,Фастен
m_b5eb7123ef98,Коэффициент
m_b5eb7123ef98,Законы и налоги
m_bbc2f4bce8b8,Фастен
m_b5042f3b25aa,Забастовка
m_074747627743,Забастовка
m_52915d0fed0f,Коэффициент
m_5e1585a48a2f,яндекс
m_abda409e0ad6,Коэффициент
m_ab8d2fd5a64a,яндекс
m_b1ea56a2dce8,WB Такси
m_163938578dd8,Приложение и сбои
m_163938578dd8,Яндекс Про
m_fd91d7f4ff68,Фастен
m_f8e763711767,Коэффициент
m_f8e763711767,WB Такси
m_f3ca1074bc43,Коэффициент
m_ddcbaca8a5f0,Коэффициент
m_174e199e9bdb,яндекс
m_f37dc5b89bce,Коэффициент
m_687e71972892,Фастен
m_91dd0896ce4d,Фастен
m_b151de3c3c12,Коэффициент
m_ee1e059a6584,яндекс
m_1ca067851765,Коэффициент
m_36dd027e50dd,яндекс
m_36dd027e50dd,Приложение и сбои
m_36dd027e50dd,Яндекс Про
m_64f56bf98115,Коэффициент
m_cf80e5c39c18,Коэффициент
m_2545ea1572a0,яндекс
m_e300a66c0079,яндекс
m_3b5702ec0b1d,яндекс
m_0fbbe8c98f47,Приложение и сбои
m_0fbbe8c98f47,Яндекс Про
m_1bdf00e4f07c,Приложение и сбои
m_1bdf00e4f07c,Яндекс Про
m_c0d0fb2dca96,Законы и налоги
m_82142b051941,Коэффициент
m_6ebf60f7419b,Коэффициент
m_7e98ebb8ca72,Коэффициент
m_2b9f03460937,Коэффициент
m_ab74d3ff1bd4,Коэффициент
m_914e81bf4e1b,яндекс
m_de3da8187137,Коэффициент
m_860e52cdd25c,Коэффициент
m_860e52cdd25c,яндекс
m_e905e67fabb3,яндекс
m_0f0b7e427784,Коэффициент
m_ade84aa5ebd8,Коэффициент
m_ade84aa5ebd8,яндекс
m_68707de1b8bd,Коэффициент
m_68707de1b8bd,яндекс
m_35f2ce4da496,Фастен
m_20783606e1f9,Коэффициент
m_c88ec0a4e871,Законы и налоги
m_66956bfbe666,Коэффициент
m_66956bfbe666,яндекс
m_66956bfbe666,Приложение и сбои
m_66956bfbe666,Яндекс Про
m_df1d1796b658,яндекс
m_e3230d69f761,Приложение и сбои
m_ab15ceece6c5,Коэффициент
m_f0ffb269b58c,Коэффициент
m_17ae19831fd8,Коэффициент
m_74592db8ac0b,яндекс
m_d298560b0acc,Коэффициент
m_fb3720bdf511,Коэффициент
m_fb3720bdf511,Законы и налоги
m_fb3720bdf511,яндекс
m_21ac9e064401,яндекс
m_6ce46f93a3d9,Коэффициент
m_2739785c6694,Коэффициент
m_d8a81e19365a,яндекс
m_0806a3f3ae92,Коэффициент
m_0806a3f3ae92,яндекс
m_0806a3f3ae92,Приложение и сбои
m_0806a3f3ae92,Яндекс Про
m_07b202fe487c,Коэффициент
m_07b202fe487c,яндекс
m_07b202fe487c,Приложение и сбои
m_07b202fe487c,Яндекс Про
m_ae94c6d9ced4,яндекс
m_2b83362c641f,Приложение и сбои
m_2b83362c641f,Яндекс Про
m_3e267fecf581,яндекс
m_5fa752859cd3,Коэффициент
m_f3b5cbd6070e,Коэффициент
m_f3b5cbd6070e,яндекс
m_07895a8ab282,Фастен
m_c6367b1785c1,Коэффициент
m_c6367b1785c1,Фастен
m_af0bb163d733,яндекс
m_3f30cb196ddb,Коэффициент
m_64d472e156b1,Коэффициент
m_ebb811a473a1,яндекс
m_9cdd4c7bd5bc,Коэффициент
m_e66befe963d0,яндекс
m_6fb6a8e6ee1e,яндекс
m_f7b85c738a2f,Фастен
m_c2de563d6cfe,Законы и налоги
m_956686b190fc,яндекс
m_9a824a2d22d1,Законы и налоги
m_75ce59062ad2,Фастен
m_274941f380f0,Коэффициент
m_6a153c146971,Приложение и сбои
m_6a153c146971,Яндекс Про
m_aeaa3d61bae8,Коэффициент
m_236f94e76b73,яндекс
m_72b7813da983,Коэффициент
m_17405a09d105,Коэффициент
m_fe29c0cbe86d,Коэффициент
m_9dfe6437fb4f,Коэффициент
m_18fd3d58d635,Коэффициент
m_9b35977944fb,Коэффициент
m_2c5eeb54542a,Коэффициент
m_0736c2ae8384,Коэффициент
m_c82213724eea,яндекс
m_a43b16fb7027,Коэффициент
m_a43b16fb7027,яндекс
m_78e9fb0c216a,Коэффициент
m_85ba78b43e3a,Коэффициент
m_85ba78b43e3a,яндекс
m_8b6e443fcb95,яндекс
m_97f1dd705f5b,яндекс
m_826e7c9c658b,Коэффициент
m_2dbc6e090af4,яндекс
m_bd4dead1771f,яндекс
m_5f55902bc4af,Законы и налоги
m_448d3b9102cb,Коэффициент
m_d853a7f79f5b,Коэффициент
m_044650078cdb,яндекс
m_b39ddc9491ef,яндекс
m_3992fde1ff9f,Коэффициент
m_92f38f260d26,яндекс
m_6e8772e9e02f,Приложение и сбои
m_f99be7315d07,яндекс
m_fea9ff4353b2,Приложение и сбои
m_6aeadf144eb6,Коэффициент
m_2e9b61802f85,яндекс
m_cc1051dd103c,Законы и налоги
m_e26d288726ac,Коэффициент
m_d1f463d41675,Коэффициент
m_2844d064a31a,Коэффициент
m_afe623f72cca,Коэффициент
m_afe623f72cca,яндекс
m_f274bf93fe8a,яндекс
m_f3cdf9de21ef,яндекс
m_41ba8916077d,яндекс
m_a27887a61bbe,Коэффициент
m_263c54763a18,яндекс
m_263c54763a18,Фастен
m_28488cd484cc,Приложение и сбои
m_28488cd484cc,Яндекс Про
m_7e58d0433a61,яндекс
m_f2aea6369023,яндекс
m_45e0d41e28ac,Коэффициент
m_2814cf4f6d6d,Приложение и сбои
m_d01d1ae4074b,Законы и налоги
m_d01d1ae4074b,яндекс
m_ca897242e775,Коэффициент
m_afb081186bab,яндекс
m_2041892d64d0,WB Такси
m_35a1a4db3e77,яндекс
m_3b94c13a9a92,яндекс
m_ed8a7d73c56f,Коэффициент
m_458bbe93957b,Коэффициент
m_1fc7b0db7234,Фастен
m_f7ed539cae13,Коэффициент
m_56a4e0f8414d,Законы и налоги
m_4d176a61331e,яндекс
m_7ca83950ab14,Коэффициент
m_032c7cba9a02,Коэффициент
m_032c7cba9a02,яндекс
m_7c268b021fc9,Коэффициент
m_98655c8bf0ce,Коэффициент
m_038effa5655e,яндекс
m_56c45cc5dc7c,яндекс
m_56c45cc5dc7c,Приложение и сбои
m_56c45cc5dc7c,Яндекс Про
m_483301299d17,Коэффициент
m_02c51fd066f1,Коэффициент
m_2c428416afdb,Коэффициент
m_cbb5507c0448,Коэффициент
m_d0460205597b,Коэффициент
m_d0460205597b,яндекс
m_0d235fb91d20,яндекс
m_e5533629b9d4,яндекс
m_1e9f010bdc64,яндекс
m_afd7d744777c,яндекс
m_07ef922361d9,Коэффициент
m_1d18e847b1cc,яндекс
m_e710828c9990,яндекс
m_6a349e717aa3,Коэффициент
m_6a349e717aa3,яндекс
m_8231fe74fd45,Коэффициент
m_0e3e8bbdb42d,Коэффициент
m_588afd43b5ea,Коэффициент
m_f5aaf3d8340e,яндекс
m_eee8f5d68d12,Коэффициент
m_a818b4d945a2,Коэффициент
m_beadc11abb80,Приложение и сбои
m_beadc11abb80,Яндекс Про
m_12fb40c719e3,Коэффициент
m_b8da706602c3,яндекс
m_3ade25a89858,Законы и налоги
m_4767bd95ec67,яндекс
m_d19a4abab488,WB Такси
m_eb8907982fde,яндекс
m_bac85661528b,Коэффициент
m_da8fae21f8bb,яндекс
m_9379d1ef192c,Коэффициент
m_9379d1ef192c,яндекс
m_bd41da636dfa,Законы и налоги
m_e5ba978d573e,Законы и налоги
m_291a22b1a3c6,яндекс
m_fd8293ac2e86,яндекс
m_c727da85bcfb,Коэффициент
m_ec76b4c2500f,Фастен
m_65d493f6237a,Коэффициент
m_6e3875744ec2,Законы и налоги
m_2a90dfd4a0fd,яндекс
m_8b8626a7a48e,Фастен
m_3eac4cbfe0e7,Коэффициент
m_3eac4cbfe0e7,яндекс
m_3eac4cbfe0e7,Приложение и сбои
m_3eac4cbfe0e7,Яндекс Про
m_acc25f0e108e,Фастен
m_3fbb49222225,Фастен
m_66ece26e2909,Фастен
m_ddce3af0f14f,Коэффициент
m_6bcd62098080,Коэффициент
m_cff97c1d475d,яндекс
m_cff97c1d475d,Фастен
m_c61f6c591aff,яндекс
m_5993c4b4db2c,яндекс
m_f18ab0ff1365,Коэффициент
m_62a66327d061,Коэффициент
m_bb32aebb454a,яндекс
m_13edbdb8086b,Приложение и сбои
m_13edbdb8086b,Яндекс Про
m_e602f12d4091,яндекс
m_45e04046148b,яндекс
m_0e29396104ee,яндекс
m_0e29396104ee,Фастен
m_c8a66472c30e,яндекс
m_3bb3903cef2f,яндекс
m_1a97a3aa524e,Коэффициент
m_9b08e17cc872,яндекс
m_b94ff3cec26d,яндекс
m_fc3d287f8283,Законы и налоги
m_69eb4f7f7cd0,яндекс
m_99280b223972,яндекс
m_c27a8cc53862,Законы и налоги
m_18ba84196043,Забастовка
m_c21f17216edc,Коэффициент
m_7c601a815df3,яндекс
m_fe2474a3e397,Коэффициент
m_38489c678652,яндекс
m_e9e02104b960,Законы и налоги
m_14aa96cfcb3a,Законы и налоги
m_39673bef57f4,яндекс
m_de81753411fb,яндекс
m_4b31bfefa07e,яндекс
m_f18dad16b948,яндекс
m_6a38ed96d2a7,Коэффициент
m_db2b87d83679,яндекс
m_86743a37fc7c,яндекс
m_76cd4e7d9b30,яндекс
m_aed8b84ddb09,Приложение и сбои
m_aed8b84ddb09,Яндекс Про
m_e95eadad1764,яндекс
m_4a2c14d9f0ee,яндекс
m_70d8f8c52256,яндекс
m_70d8f8c52256,Фастен
m_70d8f8c52256,Приложение и сбои
m_70d8f8c52256,Яндекс Про
m_810550b9a85c,Коэффициент
m_05ffa56d4784,Коэффициент
m_999dd1691b56,яндекс
m_ce00b960219c,Коэффициент
m_1ed0beb3b0af,Коэффициент
m_35dbbd2e02cc,яндекс
m_35dbbd2e02cc,Фастен
m_fe786ec79ef2,Коэффициент
m_21542b7e0f9e,яндекс
m_d43421b4e829,Коэффициент
m_d1a055f9e1d6,Коэффициент
m_e5692ffa8e30,яндекс
m_1ad94ffbfaa3,Законы и налоги
m_24ef4557f857,яндекс
m_153a0670d279,Коэффициент
m_4fea311de92a,яндекс
m_6156656cff5b,WB Такси
m_3668e7d9e8b6,Законы и налоги
m_712ef572fc64,Коэффициент
m_04e5ba12b039,Приложение и сбои
m_04e5ba12b039,Яндекс Про
m_80aeb0e80416,Законы и налоги
m_c6694232ff04,Приложение и сбои
m_a5e7da4bb95a,Коэффициент
m_249b2b9653e5,яндекс
m_8148b73a32ab,Приложение и сбои
m_8148b73a32ab,Яндекс Про
m_2a86f0799b00,Коэффициент
m_d8262cada6a8,Приложение и сбои
m_310b2c5a414e,Коэффициент
m_f0f9bd55edf8,Коэффициент
m_f96bb2ab0f65,WB Такси
m_f96bb2ab0f65,Приложение и сбои
m_f96bb2ab0f65,Яндекс Про
m_8b714e7aba76,Коэффициент
m_6fe7b07029ad,яндекс
m_6819fda8a795,яндекс
m_6819b70a6310,яндекс
m_830029d6c656,яндекс
m_8454df5ac8af,яндекс
m_bfd8f3ba7c3e,Коэффициент
m_84a858d30ca4,Коэффициент
m_dadca1296be8,Коэффициент
m_4ab006be36fa,Коэффициент
m_4ab006be36fa,яндекс
m_4ab006be36fa,Приложение и сбои
m_4ab006be36fa,Яндекс Про
m_da94794110cc,Приложение и сбои
m_da94794110cc,Яндекс Про
m_dc222e67b34a,яндекс
m_8000d9e75e48,яндекс
m_193e7254848b,яндекс
m_ad4838b44402,Законы и налоги
m_989f5ac608b7,Законы и налоги
m_8d1c9912b4c8,Коэффициент
m_0aa560941770,яндекс
m_b049f53721dc,Коэффициент
m_5c690020969d,Приложение и сбои
m_ef81e1349595,яндекс
m_8c18e2dc7251,Приложение и сбои
m_8c18e2dc7251,Яндекс Про
m_b23e0291cc4f,яндекс
m_b23e0291cc4f,Приложение и сбои
m_b23e0291cc4f,Яндекс Про
m_afb99dec1a71,яндекс
m_e300287f8731,Коэффициент
m_e300287f8731,яндекс
m_56feb6cc40be,Коэффициент
m_0f739516853e,Коэффициент
m_0f11998e2d29,Коэффициент
m_892b64f0b9f6,яндекс
m_5e5b85831638,Коэффициент
m_5e3237fa815b,Коэффициент
m_076d8d6c9f45,Коэффициент
m_20c31c82e45c,яндекс
m_f96ff4c93a2b,Коэффициент
m_79bbdf8b0af5,яндекс
m_e900904f3c97,Коэффициент
m_e37ebd608881,Коэффициент
m_29b38dd583d1,Законы и налоги
m_e6563ae91e29,яндекс
m_64733541283a,яндекс
m_5bf54e1f7dd7,Приложение и сбои
m_5bf54e1f7dd7,Яндекс Про
m_e9a2d7c3a4b4,Приложение и сбои
m_e9a2d7c3a4b4,Яндекс Про
m_a60f8695ae01,Коэффициент
m_24774e96b9ba,яндекс
m_1ff06bd1d2ee,Законы и налоги
m_caec4b536ad2,Коэффициент
m_caec4b536ad2,яндекс
m_bf0863fe45f5,Фастен
m_3ed4c8fd2f36,яндекс
m_3d14586dcec4,Коэффициент
m_761b6f649895,Коэффициент
m_761b6f649895,Приложение и сбои
m_d5a30e79ca4e,Коэффициент
m_ab76d6356ee6,Законы и налоги
m_6624d8646825,Коэффициент
m_6624d8646825,яндекс
m_6624d8646825,Фастен
m_71bbe51d2896,Фастен
m_801b92cc6f71,Приложение и сбои
m_801b92cc6f71,Яндекс Про
m_78bbccaf0093,Законы и налоги
m_719b86aff923,Приложение и сбои
m_719b86aff923,Яндекс Про
m_f235da316a76,яндекс
m_8c5f43a3ec16,Коэффициент
m_046d76c92c3c,Забастовка
m_70baab70db18,Приложение и сбои
m_70baab70db18,Яндекс Про
m_025b658b24b2,яндекс
m_e72c71cbc10a,Законы и налоги
m_95ed36b2877b,Законы и налоги
m_74537fd4b9c3,Приложение и сбои
m_74537fd4b9c3,Яндекс Про
m_f11d6528be85,яндекс
m_f11d6528be85,Забастовка
m_9cd356a556e4,яндекс
m_9cd356a556e4,Фастен
m_3dbef2f7d449,Коэффициент
m_47dd9a25e4ef,Законы и налоги
m_22969cb17ad4,яндекс
m_8c99fc6c3b5b,Коэффициент
m_8aec7d8f8a83,яндекс
m_5822246335b0,Коэффициент
m_d11b628fd1e5,Законы и налоги
m_6090e64d00ec,яндекс
m_7072ca7d0a69,Коэффициент
m_84a533994575,яндекс
m_6794a748161c,яндекс
m_c78051faeb7b,Коэффициент
m_369be70373d1,Приложение и сбои
m_369be70373d1,Яндекс Про
m_9a65bd8f2772,Коэффициент
m_f46977deabed,Законы и налоги
m_f46977deabed,Забастовка
m_561db9cbcb76,Забастовка
m_2b9adc333601,яндекс
m_bb3298cef556,яндекс
m_b359f2c3d344,яндекс
m_dde47d83c69b,Законы и налоги
m_1944c9c21edf,Коэффициент
m_685133588fe9,Коэффициент
m_30dabab8bce2,Законы и налоги
m_02c8dc333d8b,Коэффициент
m_92b0e9980610,яндекс
m_6d9bd9109e82,Коэффициент
m_ad3848863206,Приложение и сбои
m_852b864f244c,Коэффициент
m_f56344019321,яндекс
m_bf06c83043ff,Коэффициент
m_1b54515fb808,Забастовка
m_e14695bccaf0,яндекс
m_79e2fa7b99b4,Фастен
m_d2698690073c,Фастен
m_a0da6bf08c0f,Приложение и сбои
m_a0da6bf08c0f,Яндекс Про
m_56a0193ca12a,Приложение и сбои
m_56a0193ca12a,Яндекс Про
m_eaa5981379dd,яндекс
m_683bb294723f,яндекс
m_5ec9548d3663,Забастовка
m_0d70dd9190b3,Законы и налоги
m_ca855d0f7b22,яндекс
m_69bd51331849,WB Такси
m_f7180f4f0a94,Законы и налоги
m_5df304018fbf,Коэффициент
m_57c7d28d7a1f,Приложение и сбои
m_57c7d28d7a1f,Яндекс Про
m_fb9e56fe41c0,Законы и налоги
m_fb9e56fe41c0,яндекс
m_ca0c21eafa7b,Коэффициент
m_16bc74373249,Приложение и сбои
m_16bc74373249,Яндекс Про
m_b7ee2bbd038f,яндекс
m_07656b06696e,яндекс
m_eb360a3c150d,яндекс
m_d24801192c12,яндекс
m_3b7b55677142,Коэффициент
m_d905dd875aaf,Забастовка
m_1ca17c29d736,яндекс
m_1ca17c29d736,Приложение и сбои
m_1ca17c29d736,Яндекс Про
m_7e2e93bafd87,Коэффициент
m_dcaf3de14956,Приложение и сбои
m_dcaf3de14956,Яндекс Про
m_8646ec50d38e,Приложение и сбои
m_8646ec50d38e,Яндекс Про
m_26259544e162,Коэффициент
m_26259544e162,яндекс
m_26259544e162,Фастен
m_26259544e162,Приложение и сбои
m_26259544e162,Яндекс Про
m_cba0c19ecdc6,Фастен
m_b6a95f7fa28e,яндекс
m_92d3a58452f1,Законы и налоги
m_5341c2b62d82,яндекс
m_3e5e98804603,яндекс
m_3e5e98804603,Фастен
m_989d7edbe83e,Приложение и сбои
m_61fb3ff328c5,Коэффициент
m_bdbfa94b595e,яндекс
m_51d4ef2071e6,Законы и налоги
m_1490bf0a44e5,яндекс
m_225efc4b16be,Приложение и сбои
m_225efc4b16be,Яндекс Про
m_1938e4ba097b,Коэффициент
m_7438f05be762,Приложение и сбои
m_7438f05be762,Яндекс Про
m_c7e871e9e04e,Коэффициент
m_8b8d335f1027,Законы и налоги
m_4a09b48d2ada,Приложение и сбои
m_efe38209d8c5,яндекс
m_d7354b4242f9,яндекс
m_bee8a37da3c2,Коэффициент
m_2b010fd6346f,яндекс
m_f60c5eb60568,яндекс
m_1dcd1d73f906,яндекс
m_1dcd1d73f906,Приложение и сбои
m_084806803582,яндекс
m_4d739c002daf,яндекс
m_b8ca069aec18,Приложение и сбои
m_b8ca069aec18,Яндекс Про
m_13d90622d37b,яндекс
m_fe062164feca,Фастен
m_c26eff9bc05f,Приложение и сбои
m_c26eff9bc05f,Яндекс Про
m_8f99e90dc719,Коэффициент
m_9d91a4ad860d,Законы и налоги
m_da5627ace7ce,яндекс
m_78703bf34a92,яндекс
m_fb7a52e88a87,Законы и налоги
m_139595a65fdc,Приложение и сбои
m_139595a65fdc,Яндекс Про
m_40dbb04dea32,Фастен
m_2854779cae3e,Приложение и сбои
m_3d26d88ab0d6,Коэффициент
m_3d26d88ab0d6,Законы и налоги
m_8bea5c1dda76,Коэффициент
m_375db431328b,яндекс
m_375db431328b,Приложение и сбои
m_375db431328b,Яндекс Про
m_215cdc38bec2,Фастен
m_95c665a2795a,яндекс
m_e4d5d8980bff,яндекс
m_a7f588ffd675,Коэффициент
m_d68b17822e6e,Законы и налоги
m_fad2d029a82e,Коэффициент
m_57ba559e0ff1,Фастен
m_a1e5d2160f1e,яндекс
m_539a5657ca90,яндекс
m_539a5657ca90,Приложение и сбои
m_539a5657ca90,Яндекс Про
m_c785f9b21450,Фастен
m_2614922b2e09,яндекс
m_d40c0e75096a,яндекс
m_d0d67e392303,Фастен
m_77405b72c2c9,Коэффициент
m_079cc3906ac4,яндекс
m_079cc3906ac4,Фастен
m_ed56275076ec,Законы и налоги
m_3e05ce9671f4,яндекс
m_6e4449dcfc88,яндекс
m_fe40d7641b28,Коэффициент
m_fe40d7641b28,яндекс
m_3aff451aff61,Коэффициент
m_3aff451aff61,яндекс
m_b93927220630,Приложение и сбои
m_b93927220630,Яндекс Про
m_c11bac8dbc39,Коэффициент
m_0c3ddabeb6f8,Законы и налоги
m_57e295f65cb8,яндекс
m_57e295f65cb8,Приложение и сбои
m_57e295f65cb8,Яндекс Про
m_83c2f877b353,яндекс
m_00757db0bdb1,Коэффициент
m_61e8a50793b3,Коэффициент
m_61e8a50793b3,яндекс
m_e45d2f25068c,Коэффициент
m_e45d2f25068c,яндекс
m_9a6f9b8e88f2,яндекс
m_8df5c55eaf43,Коэффициент
m_8df5c55eaf43,яндекс
m_c389cf02c267,яндекс
m_c389cf02c267,Фастен
m_c389cf02c267,Приложение и сбои
m_c389cf02c267,Яндекс Про
m_0371d44f89bd,Законы и налоги
m_7e81d67d3357,Коэффициент
m_0ae0f7c8a5c6,Законы и налоги
m_40175bbecd8a,яндекс
m_40175bbecd8a,Приложение и сбои
m_40175bbecd8a,Яндекс Про
m_7f7b09ec22e2,яндекс
m_340e31f9a8ac,яндекс
m_340e31f9a8ac,Приложение и сбои
m_340e31f9a8ac,Яндекс Про
m_f869e4c8d8a2,Законы и налоги
m_edc2558089bd,яндекс
m_242bded6d232,яндекс
m_65993fa97fab,яндекс
m_55020a4183c0,Коэффициент
m_03624b10bea1,Коэффициент
m_3de474866ece,Коэффициент
m_3de474866ece,Приложение и сбои
m_3de474866ece,Яндекс Про
m_904c813b7678,яндекс
m_904c813b7678,Приложение и сбои
m_904c813b7678,Яндекс Про
m_bdda2f76f3fe,Законы и налоги
m_fff80b2f2149,яндекс
m_439f3342c23b,яндекс
m_fa6edb246741,Законы и налоги
m_c7cc1d0a0069,Законы и налоги
m_7890694036d2,яндекс
m_7890694036d2,Приложение и сбои
m_7890694036d2,Яндекс Про
m_3e596247e4fa,Приложение и сбои
m_3e596247e4fa,Яндекс Про
m_fe6227e85269,Законы и налоги
m_964742fa8bd7,Коэффициент
m_93c1f3494ee5,яндекс
m_5d854ed72e45,яндекс
m_844032f46c18,яндекс
m_0e2aeabc4e1f,Законы и налоги
m_0e2aeabc4e1f,яндекс
m_0e2aeabc4e1f,Приложение и сбои
m_43f6ec6dce3e,Законы и налоги
m_43f6ec6dce3e,яндекс
m_e5b68c8d03a9,Приложение и сбои
m_e5b68c8d03a9,Яндекс Про
m_d5fd731b7ba2,Коэффициент
m_d5fd731b7ba2,яндекс
m_9aca7f87d57f,Коэффициент
m_f524efe2acaf,яндекс
m_f524efe2acaf,Приложение и сбои
m_f524efe2acaf,Яндекс Про
m_1e55e5a4ac74,Приложение и сбои
m_1e55e5a4ac74,Яндекс Про
m_01c84e434ec0,яндекс
m_831d4183ee25,Коэффициент
m_2feb8d7f3601,яндекс
m_37a67fd102f9,яндекс
m_70d8c2423fa1,яндекс
m_62a269bd49bc,яндекс
m_3df06c20b691,Законы и налоги
m_5441b60b8821,Фастен
m_bedc7a3839c6,WB Такси
m_89b3deb093a4,Законы и налоги
m_89b3deb093a4,яндекс
m_89b3deb093a4,Приложение и сбои
m_89b3deb093a4,Яндекс Про
m_80c66a5193cc,яндекс
m_813770bf4cc8,Коэффициент
m_9fc5a2872788,яндекс
m_c4868cfce66f,яндекс
m_b0d0eb3d13b1,яндекс
m_b0d0eb3d13b1,Приложение и сбои
m_b0d0eb3d13b1,Яндекс Про
m_16ecefc68dc6,яндекс
m_caf6bca34665,Коэффициент
m_56f0c0d28d46,яндекс
m_4cb922a0a70d,Фастен
m_73bb24d88f20,яндекс
m_08f270cc212d,Приложение и сбои
m_2490a70322ca,яндекс
m_fec06fa07084,Фастен
m_9fb208bd0f6c,Приложение и сбои
m_9fb208bd0f6c,Яндекс Про
m_6dbde6dcc0b3,Коэффициент
m_15663b73d425,Фастен
m_e6e831e55cf5,Коэффициент
m_b00b70b4ef38,Фастен
m_c09540d12f31,Коэффициент
m_4df40db8c3da,Коэффициент
m_7a746e74548f,яндекс
m_92b482daabcf,Коэффициент
m_92b482daabcf,яндекс
m_617a5102aaa2,Законы и налоги
m_c485e03cc5fd,Коэффициент
m_b74d808bc94e,Коэффициент
m_23470a67d729,Приложение и сбои
m_23470a67d729,Яндекс Про
m_44000af7a82c,Законы и налоги
m_81dd2bae5425,яндекс
m_81dd2bae5425,Приложение и сбои
m_81dd2bae5425,Яндекс Про
m_1085ef312536,яндекс
m_c199f53084f7,яндекс
m_e3b039233f40,Приложение и сбои
m_e3b039233f40,Яндекс Про
m_9041c622a959,яндекс
m_9041c622a959,Приложение и сбои
m_9041c622a959,Яндекс Про
m_47f0e10a3eb0,яндекс
m_a4f3c8b92832,Законы и налоги
m_a4f3c8b92832,Приложение и сбои
m_a4f3c8b92832,Яндекс Про
m_d20e6e118f7d,яндекс
m_d20e6e118f7d,Приложение и сбои
m_29fae12c8717,Законы и налоги
m_29fae12c8717,яндекс
m_29fae12c8717,Приложение и сбои
m_29fae12c8717,Яндекс Про
m_def89cbd8fc6,яндекс
m_def89cbd8fc6,Фастен
m_b9b3ac0016f3,яндекс
m_ab535178cd9b,яндекс
m_cbb6e796ec02,яндекс
m_e3849022659a,Коэффициент
m_e3849022659a,Приложение и сбои
m_8c8ba4991110,Законы и налоги
m_8c8ba4991110,яндекс
m_92086921be24,Коэффициент
m_39b51f24d2b4,яндекс
m_9d12128a0fdb,Коэффициент
m_ee17e5f56bd1,Законы и налоги
m_c80a7653a95d,яндекс
m_b78c71bf4f8a,Приложение и сбои
m_7af1da4f081c,яндекс
m_5346be11f55f,Законы и налоги
m_3adfe23bac83,Коэффициент
m_3adfe23bac83,яндекс
m_dae7b58ca97c,яндекс
m_e4e036b9c1ed,яндекс
m_bdcb081e8348,Законы и налоги
m_a3bc00a60bd1,Приложение и сбои
m_c784dd3352c8,яндекс
m_ab82da7f5764,Законы и налоги
m_7b26bcd18f6b,Коэффициент
m_cb2967e66002,яндекс
m_61e9a4eb66bf,яндекс
m_0ac6250b2744,яндекс
m_50fd8cb6879e,яндекс
m_08694d3f1c97,Коэффициент
m_f8c4151f68fa,яндекс
m_38b5fbaf0d5c,яндекс
m_e27438c782a4,яндекс
m_e3c08971ff39,Приложение и сбои
m_db3fcf4a62d5,яндекс
m_92b377d8de81,яндекс
m_8e98b3796311,яндекс
m_69cd61c5aa56,Коэффициент
m_4df2bc7c1eed,Приложение и сбои
m_4df2bc7c1eed,Яндекс Про
m_058066d7491e,Коэффициент
m_57b2ac3111e4,яндекс
m_1cf6147dc763,Законы и налоги
m_82fefcae8683,Коэффициент
m_79b44e207cfc,Законы и налоги
m_14893b2bcd68,Приложение и сбои
m_14893b2bcd68,Яндекс Про
m_af31247e1a39,яндекс
m_af3472c8dbb6,Законы и налоги
m_978bb4c2caf4,Коэффициент
m_d79e706a4a2d,Коэффициент
m_a232e447a547,яндекс
m_0b2938ee0a5d,Коэффициент
m_0b2938ee0a5d,яндекс
m_c5dfb5b59189,яндекс
m_b802071a5d95,яндекс
m_768f007c363e,Законы и налоги
m_d9c7f9d53d66,яндекс
m_e239f7d1a21d,яндекс
m_de90fdec02d4,яндекс
m_620d61abfa9f,Коэффициент
m_10bd45fccec9,Коэффициент
m_f325c501eb7d,яндекс
m_b8334c68c0e8,Коэффициент
m_edf731426eee,яндекс
m_fb03058ded4e,яндекс
m_2a7af64a1410,яндекс
m_90ad1f92d636,яндекс
m_ad82c0f91e88,яндекс
m_3cb9495036a7,яндекс
m_9719e8337309,Коэффициент
m_bf9e6e3fa99e,яндекс
m_947103edd103,яндекс
m_3035dce21e55,Коэффициент
m_e0cca82962c4,яндекс
m_9952580831eb,яндекс
m_947d0159245b,Законы и налоги
m_abb7d0d5f885,яндекс
m_190b4faea91a,яндекс
m_545283888c7f,яндекс
m_c3c98983b8e8,Коэффициент
m_4b87d1b1af0f,Приложение и сбои
m_4b87d1b1af0f,Яндекс Про
m_339da86a3b0a,яндекс
m_ab30deb0966a,яндекс
m_aac0489e18c0,Законы и налоги
m_ce830f5e7abb,Забастовка
m_b368e3fa899d,Коэффициент
m_94e2bb771fe1,яндекс
m_7df3b4eecba3,Коэффициент
m_36a0abcc5cbb,Коэффициент
m_5b8893c65eae,Коэффициент
m_5780a98419d9,Коэффициент
m_bf25473a314f,Законы и налоги
m_1fb867b296f0,яндекс
m_78bb8b68944a,яндекс
m_89cc742adb17,яндекс
m_5dc915918740,Фастен
m_145be7884716,Фастен
m_338e7db204ac,Коэффициент
m_338e7db204ac,Фастен
m_6e38693df3de,яндекс
m_9b8e968db4ec,яндекс
m_f4b277ca80d6,Коэффициент
m_c3da6fc3dbc9,Коэффициент
m_7815a95c8a65,Коэффициент
m_465b07c41907,Коэффициент
m_e7e836433f71,Коэффициент
m_9c2141e98ea9,Коэффициент
m_b353000b6877,Коэффициент
m_068dec3897dc,яндекс
m_63dcbebfb705,яндекс
m_63dcbebfb705,Приложение и сбои
m_63dcbebfb705,Яндекс Про
m_ceb49209a817,Коэффициент
m_16853ab44963,яндекс
m_e15ac3d31506,яндекс
m_89642e33fa23,Приложение и сбои
m_89642e33fa23,Яндекс Про
m_c07f4d891d09,Законы и налоги
m_2518c9b1902e,яндекс
m_a4882e98fd5c,яндекс
m_ca6e84524902,Приложение и сбои
m_ca6e84524902,Яндекс Про
m_bb09d282093c,Приложение и сбои
m_bb09d282093c,Яндекс Про
m_db099e880152,Приложение и сбои
m_db099e880152,Яндекс Про
m_6ddae9fe0379,Законы и налоги
m_4278845c88be,Коэффициент
m_7aaaf45debc7,Коэффициент
m_a5c1a77f8947,яндекс
m_33c5353f9517,Коэффициент
m_8196c9168313,Фастен
m_87af98410285,яндекс
m_68cfd5a3e925,яндекс
m_e1256c084194,яндекс
m_46f597c0b9f3,Коэффициент
m_28d71db4b198,яндекс
m_4c419d77b982,яндекс
m_431e8b7ec3c3,Коэффициент
m_dfe8ecc61407,яндекс
m_cd325af8530e,яндекс
m_4cee9476ccab,яндекс
m_4cee9476ccab,Фастен
m_03340df769d3,Фастен
m_1315451e8b20,яндекс
m_e3c73d6e3805,Коэффициент
m_fd5c069e5af5,яндекс
m_1be3fd6f6899,Коэффициент
m_7c1d88224602,Коэффициент
m_547042bb5327,Коэффициент
m_51e03ef98e82,яндекс
m_a43ba1f28917,яндекс
m_406dd55f79c6,яндекс
m_915f2c2735e9,яндекс
m_79f66c001148,яндекс
m_83df38a0a4fc,Коэффициент
m_83df38a0a4fc,Фастен
m_c1a7a0fc31cc,Приложение и сбои
m_6e0719bf6e13,Коэффициент
m_45e741f05e61,Коэффициент
m_b167c809bad8,яндекс
m_7b295c9a7463,Коэффициент
m_61a4b74e133d,яндекс
m_8dfaa434850a,Коэффициент
m_a677caed27d1,Коэффициент
m_59fd070f6721,яндекс
m_1dab08c13954,яндекс
m_01847acf5073,Коэффициент
m_561673ab9aec,WB Такси
m_561673ab9aec,Забастовка
m_f1f414fe65c4,яндекс
m_52925e7c7682,яндекс
m_d08243dc8e99,Законы и налоги
m_8fe4e4859d28,Приложение и сбои
m_4d453eb0c2ea,Фастен
m_a386b54ae04d,Приложение и сбои
m_918bcec92e3e,Фастен
m_293bdd126452,Коэффициент
m_287eff395907,Законы и налоги
m_ff517b2df31e,Законы и налоги
m_5e589c54df5d,Фастен
m_94a49c5527b8,Законы и налоги
m_d6ee728db182,яндекс
m_fa7310c7c541,Фастен
m_b00903c7185b,яндекс
m_2cdf7dbd37b0,Фастен
m_f0e7ad83e0d8,Фастен
m_f0e7ad83e0d8,Приложение и сбои
m_b20a9a51dfaf,яндекс
m_803f76b9af42,яндекс
m_574e64312a84,Приложение и сбои
m_574e64312a84,Яндекс Про
m_ae4271a1f050,яндекс
m_5a656e1894a1,яндекс
m_d11c94cbaf26,Коэффициент
m_3e08d79165b5,яндекс
m_4f680b07ee34,Коэффициент
m_bfb98c8d0e0b,Приложение и сбои
m_047083d2aea1,Коэффициент
m_047083d2aea1,яндекс
m_6cca68572dbc,Коэффициент
m_e6cc9629b339,яндекс
m_abc18723f87c,Коэффициент
m_2729941eb4cd,Законы и налоги
m_763976340478,яндекс
m_8e23467da536,Коэффициент
m_fc87e2b52706,Коэффициент
m_e1ac7bdf2a0a,яндекс
m_b93fa4cb2cc5,Коэффициент
m_d21a816abb98,Законы и налоги
m_24d9142fcaf5,яндекс
m_e45f0a546b3b,яндекс
m_e6d38cf3312e,Коэффициент
m_e6d38cf3312e,яндекс
m_6680c8401954,яндекс
m_8731071621a7,Приложение и сбои
m_8731071621a7,Яндекс Про
m_8dd58f079a1f,яндекс
m_d7fa7ee513e1,яндекс
m_3ee067aa9f14,Приложение и сбои
m_3ee067aa9f14,Яндекс Про
m_3478eeb3a45b,Коэффициент
m_f5fbfd9aeb27,Коэффициент
m_e9eda945b956,Коэффициент
m_9654ab216dc6,Забастовка
m_be9fad386310,Законы и налоги
m_5bfdf77169a8,Фастен
m_f181a9dc405e,Приложение и сбои
m_193d40559da1,яндекс
m_576b24c752c1,яндекс
m_576b24c752c1,Приложение и сбои
m_576b24c752c1,Яндекс Про
m_976807e7598c,Законы и налоги
m_75291d9ace42,яндекс
m_75291d9ace42,Приложение и сбои
m_75291d9ace42,Яндекс Про
m_aaa5b76b7681,Приложение и сбои
m_ad0aeb6c61c2,Коэффициент
m_ad0aeb6c61c2,Законы и налоги
m_ad0aeb6c61c2,яндекс
m_ad0aeb6c61c2,WB Такси
m_ad0aeb6c61c2,Фастен
m_ad0aeb6c61c2,Забастовка
m_322d76ccc3c7,яндекс
m_322d76ccc3c7,Приложение и сбои
m_322d76ccc3c7,Яндекс Про
m_fa7ac431938e,яндекс
m_fa7ac431938e,Приложение и сбои
m_fa7ac431938e,Яндекс Про
m_85cb27b989ba,Коэффициент
m_323724d05721,Законы и налоги
m_cdb11dfdf515,Фастен
m_46fe48c73eee,яндекс
m_9756273afb86,Законы и налоги
m_35b522073f22,яндекс
m_28091438e3b0,Законы и налоги
m_16482cf34b08,Законы и налоги
m_0e4f9c3e6755,яндекс
m_f07d34d889f1,Коэффициент
m_dcc1383bcd35,яндекс
m_7b501321346a,Законы и налоги
m_61fedccc43b9,яндекс
m_fbcbadddcea8,яндекс
m_4d343862e86d,яндекс
m_3dc87689353d,Коэффициент
m_8ed360cf1d90,яндекс
m_6cc04ed07e00,WB Такси
m_15ffd9f67b2f,яндекс
m_47b45db2baa8,яндекс
m_2966278c3f76,яндекс
m_2966278c3f76,Приложение и сбои
m_2966278c3f76,Яндекс Про
m_ec346b7a11b6,яндекс
m_0be2235f9b97,яндекс
m_6370bcd4c7bb,Коэффициент
m_6370bcd4c7bb,яндекс
m_bd3a16c0f4a9,Коэффициент
m_feec24f1d80d,Коэффициент
m_f04c7e2a0ab7,яндекс
m_1e3fb6415d7b,яндекс
m_02fbfee7b4d5,яндекс
m_6938e4eb3692,Коэффициент
m_6938e4eb3692,Приложение и сбои
m_6938e4eb3692,Яндекс Про
m_29cc4ac1ad8a,Коэффициент
m_29cc4ac1ad8a,Фастен
m_ed1a44b64e4b,Коэффициент
m_5970a70a27c4,Коэффициент
m_7a8d92a0ad20,яндекс
m_0a6cce0bbc4a,Законы и налоги
m_0a6cce0bbc4a,яндекс
m_0a6cce0bbc4a,Приложение и сбои
m_0a6cce0bbc4a,Яндекс Про
m_75f674938dca,яндекс
m_537780d26584,Законы и налоги
m_08045179a7b7,Коэффициент
m_865979474f7e,яндекс
m_57bd97d126a8,Коэффициент
m_539e2233f1b1,яндекс
m_443408727027,яндекс
m_6ad7d028f860,Законы и налоги
m_24650fe38f13,яндекс
m_4e08c3e18626,Коэффициент
m_29cc82771703,яндекс
m_1381baf831f2,Приложение и сбои
m_1381baf831f2,Яндекс Про
m_53eda3a3aaef,яндекс
m_e38c7c94b627,Забастовка
m_6754b2377891,Коэффициент
m_12620257c683,Законы и налоги
m_179bb7ba5d89,Приложение и сбои
m_179bb7ba5d89,Яндекс Про
m_f68f4d5f0733,Фастен
m_985ddd64133f,Законы и налоги
m_0b8e8474187b,Коэффициент
m_21f98e7ec3d8,яндекс
m_d40329b0043e,яндекс
m_37e51f8e43b0,яндекс
m_f1f869c7188f,Законы и налоги
m_140770e8746f,Приложение и сбои
m_140770e8746f,Яндекс Про
m_749e946f7e2c,Коэффициент
m_749e946f7e2c,Приложение и сбои
m_749e946f7e2c,Яндекс Про
m_d1706b5a9ebc,Коэффициент
m_f1c1832c7459,Законы и налоги
m_e87de242b03e,Коэффициент
m_e87de242b03e,Приложение и сбои
m_d84649e53c1b,яндекс
m_88689e63c1ef,Приложение и сбои
m_88689e63c1ef,Яндекс Про
m_fd6ed9e6a691,Законы и налоги
m_14fc320ba72e,яндекс
m_405e1fadbb1d,яндекс
m_e318c332abc9,яндекс
m_e318c332abc9,Фастен
m_e318c332abc9,Приложение и сбои
m_bb357ab5b45a,яндекс
m_a81e11ff2557,яндекс
m_1c7bb212cf89,Приложение и сбои
m_05b33b4ec9c8,Законы и налоги
m_55515673283e,яндекс
m_5091ccbe5563,яндекс
m_44008fe6ed1f,яндекс
m_be78378f5008,Законы и налоги
m_4d677b7a9ce0,Коэффициент
m_b84fef18d0b4,Коэффициент
m_87f5f68d2168,Законы и налоги
m_c8f36203cadd,Законы и налоги
m_b38c098f5385,Законы и налоги
m_6128cac07c93,Законы и налоги
m_782f3834994b,яндекс
m_14137c218d6c,Коэффициент
m_14137c218d6c,яндекс
m_6bf31410f9f6,WB Такси
m_df2626783254,Законы и налоги
m_8609b35ea4f5,яндекс
m_40f3828bfca3,яндекс
m_def44aa7942d,Законы и налоги
m_d59ddcf695fa,яндекс
m_ebd9fb39dec6,Законы и налоги
m_f1eaf896401c,яндекс
m_078ee726aeed,Коэффициент
m_0d77d1bb95e2,Законы и налоги
m_06c1a6d093fd,яндекс
m_36b31f3aafa1,Законы и налоги
m_a386dafdcbb0,Коэффициент
m_35b040c22924,яндекс
m_c7a61e20ac3e,Законы и налоги
m_236132a9ea07,Коэффициент
m_7d7f6024537b,яндекс
m_c1c6314b877a,Законы и налоги
m_a5b089d7bd14,Коэффициент
m_513b9070750d,Коэффициент
m_513b9070750d,яндекс
m_487cc2d864d8,Коэффициент
m_487cc2d864d8,яндекс
m_487cc2d864d8,Приложение и сбои
m_487cc2d864d8,Яндекс Про
m_faca3aebf053,яндекс
m_d3cde0d6ca28,Законы и налоги
m_d3cde0d6ca28,яндекс
m_ae2cfa9d4d09,яндекс
m_ca15425926cb,Законы и налоги
m_32cb5581d6ae,Законы и налоги
m_32cb5581d6ae,яндекс
m_a7861a3a787d,яндекс
m_580125a54498,Законы и налоги
m_943a13c3e14b,Законы и налоги
m_943a13c3e14b,яндекс
m_c05d1fcb9b5c,Законы и налоги
m_c05d1fcb9b5c,яндекс
m_de06977c5199,Коэффициент
m_de06977c5199,Законы и налоги
m_de06977c5199,яндекс
m_080eae054e1e,яндекс
m_a01976e4a153,яндекс
m_bf12611ed188,яндекс
m_e53ece63766e,Коэффициент
m_23b15423919d,яндекс
m_4344239a23a0,яндекс
m_bc6d478b7823,яндекс
m_48b5de4f05f8,яндекс
m_84cb0594ca39,яндекс
m_8a9ab1e06e5b,Коэффициент
m_a9706a0916bb,Законы и налоги
m_0a680ebc76ba,яндекс
m_0a680ebc76ba,Фастен
m_27f2d2f9e516,Законы и налоги
m_0651d694fc65,яндекс
m_2aed958256f6,Законы и налоги
m_0ae3cdcca758,яндекс
m_e3364f30775a,Законы и налоги
m_e3364f30775a,яндекс
m_d2dda14a9975,яндекс
m_1bba9c5ec2da,яндекс
m_1bba9c5ec2da,Приложение и сбои
m_1bba9c5ec2da,Яндекс Про
m_12cb0845a29d,яндекс
m_20db2f666de0,Законы и налоги
m_20db2f666de0,яндекс
m_31206235409e,Коэффициент
m_31206235409e,Фастен
m_97f53e5c1311,яндекс
m_97f53e5c1311,Приложение и сбои
m_97f53e5c1311,Яндекс Про
m_645a3d491620,Коэффициент
m_645a3d491620,яндекс
m_ac94769ce748,Законы и налоги
m_c6226708ab2b,Законы и налоги
m_ff4b11fb8e0d,Законы и налоги
m_1c4e9c90950c,Законы и налоги
m_1c4e9c90950c,яндекс
m_1c4e9c90950c,Приложение и сбои
m_1c4e9c90950c,Яндекс Про
m_07d48acea338,Законы и налоги
m_1097cbe6e869,Законы и налоги
m_92b5087a2be6,Законы и налоги
m_6e789585b46a,яндекс
m_18df5529008a,WB Такси
m_43096f3d60cf,Законы и налоги
m_43096f3d60cf,Приложение и сбои
m_43096f3d60cf,Яндекс Про
m_b4664e5adea6,Забастовка
m_8e0c84e1cbb1,Законы и налоги
m_8be66b9ade0b,Фастен
m_66f49836cd72,яндекс
m_c1ee56bb1b8f,яндекс
m_8c073992ef6d,яндекс
m_4d12b2c7c941,Законы и налоги
m_d3e925e73353,WB Такси
m_f8e41ee797f5,Законы и налоги
m_734fb09fafdf,Приложение и сбои
m_734fb09fafdf,Яндекс Про
m_c955ac525635,яндекс
m_8d2e9f2cde90,Коэффициент
m_8d2e9f2cde90,яндекс
m_8d2e9f2cde90,Фастен
m_5f3db965c8b4,Приложение и сбои
m_5f3db965c8b4,Яндекс Про
m_6dd54e035dee,яндекс
m_6dd54e035dee,WB Такси
m_71f85fecf2d4,яндекс
m_430bde7ae0eb,Коэффициент
m_289a3f55f95e,яндекс
m_e392af8cb416,яндекс
m_0b62e961d044,Законы и налоги
m_4bb8ba1b276b,Законы и налоги
m_a1e6c208bb02,яндекс
m_5c8c3f4aab1d,Коэффициент
m_b21fa33c8565,Коэффициент
m_a9282f41fe01,Коэффициент
m_eb608cf87edb,Приложение и сбои
m_eb608cf87edb,Яндекс Про
m_0222872c9142,яндекс
m_7c76100d8de3,Законы и налоги
m_e9c6f6fda851,Коэффициент
m_e9c6f6fda851,Приложение и сбои
m_e9c6f6fda851,Яндекс Про
m_7fd67e503899,яндекс
m_922595fe6945,Коэффициент
m_922595fe6945,яндекс
m_922595fe6945,Приложение и сбои
m_922595fe6945,Яндекс Про
m_cb56b491bc78,яндекс
m_8d685b33adc4,Фастен
m_bc86aa5b537d,Коэффициент
m_0330c1ff0272,яндекс
m_0330c1ff0272,Приложение и сбои
m_0330c1ff0272,Яндекс Про
m_9e84ab02ab50,Коэффициент
m_4c66fe317796,Коэффициент
m_f426fcc52e9d,яндекс
m_e70a8e0b6b8e,яндекс
m_c467d4f5b2ac,яндекс
m_f61b02d08f9e,Законы и налоги
m_4df56d5ac50c,Коэффициент
m_67a5d62b32db,Коэффициент
m_67a5d62b32db,яндекс
m_5c1eed00d052,Законы и налоги
m_5c1eed00d052,яндекс
m_5c1eed00d052,Приложение и сбои
m_5c1eed00d052,Яндекс Про
m_445196f8e3a3,яндекс
m_950a5f535d32,Законы и налоги
m_950a5f535d32,Забастовка
m_e83e2e78d05c,яндекс
m_4014899c9d75,Законы и налоги
m_4014899c9d75,Забастовка
m_008decd440a0,Коэффициент
m_860e88cff71f,яндекс
m_36f631378a32,яндекс
m_8f6492cf8fc4,Законы и налоги
m_6e0373140898,яндекс
m_6a1d5859b1bd,яндекс
m_2b5594225bfe,яндекс
m_c71cb242dded,яндекс
m_e652775e09e1,Коэффициент
m_e652775e09e1,яндекс
m_620fc3f2cc90,Коэффициент
m_620fc3f2cc90,яндекс
m_620fc3f2cc90,Фастен
m_67a37322c61e,WB Такси
m_bebc9c3312d1,яндекс
m_2700b5349b59,Законы и налоги
m_c8f9395e85d6,Коэффициент
m_b7f0b03eb640,Приложение и сбои
m_987f444c5513,Приложение и сбои
m_987f444c5513,Яндекс Про
m_b945c047ced9,яндекс
m_3a71c2516a08,Законы и налоги
m_8d45332a4065,Фастен
m_22993e2cb682,Законы и налоги
m_12b61166e906,WB Такси
m_9240c5647d28,яндекс
m_d3a2b2e8054d,Законы и налоги
m_55ed1351495c,яндекс
m_0b4afc6ae47c,Коэффициент
m_0b4afc6ae47c,яндекс
m_97d6b8d61ea2,Законы и налоги
m_8f888d07d4c5,Законы и налоги
m_ec97128fc6cc,яндекс
m_8b7dfb9bb5fe,Коэффициент
m_8c1005015c42,яндекс
m_c0097eeace64,яндекс
m_140f21940a70,Законы и налоги
m_b58292ecefbb,яндекс
m_d4d7c2a102e8,Законы и налоги
m_820da173ab19,Законы и налоги
m_820da173ab19,яндекс
m_820da173ab19,Приложение и сбои
m_820da173ab19,Яндекс Про
m_c58fcce03e25,Законы и налоги
m_c7327841ba6e,Законы и налоги
m_037056380612,яндекс
m_98afb26c067b,Коэффициент
m_434ff66b93d8,яндекс
m_3a349c1c1387,яндекс
m_186ecc21aa3d,Забастовка
m_735168dbd4b4,яндекс
m_735168dbd4b4,Забастовка
m_5bb9bfd4f914,Коэффициент
m_317026252f34,Коэффициент
m_ab28b9c824a9,яндекс
m_5a11863909d6,Законы и налоги
m_db2e0b98f9e2,яндекс
m_a1fa10b66440,яндекс
m_7c166f2ad6c3,яндекс
m_6f91c65d2c17,яндекс
m_6f91c65d2c17,Приложение и сбои
m_6f91c65d2c17,Яндекс Про
m_200d579091bf,яндекс
m_5ffc9d440f36,яндекс
m_769c3c8ca5e3,Коэффициент
m_8f50580dc676,Законы и налоги
m_6752618a8646,яндекс
m_36f01782ad85,яндекс
m_c67b1042e708,WB Такси
m_b91152069728,яндекс
m_31c63b85e2a5,Коэффициент
m_48628efca1c7,Фастен
m_03551570d830,Коэффициент
m_9d02bcb6ff74,яндекс
m_f8b8cff8c531,Коэффициент
m_92e86dd86976,WB Такси
m_4b3dc453031b,WB Такси
m_4f7bc9a490e4,Коэффициент
m_944f29c1f13b,Коэффициент
m_d22f6d9ebc63,Законы и налоги
m_d22f6d9ebc63,яндекс
m_d22f6d9ebc63,Приложение и сбои
m_d22f6d9ebc63,Яндекс Про
m_674a3a0b33c1,яндекс
m_674a3a0b33c1,WB Такси
m_7196bff765ba,яндекс
m_f804ddb0893d,яндекс
m_f804ddb0893d,WB Такси
m_c3fad94c666b,Коэффициент
m_7c08ef314a68,Коэффициент
m_aa7b0d20d9a1,Законы и налоги
m_aa7b0d20d9a1,яндекс
m_b45543314c56,Коэффициент
m_b45543314c56,яндекс
m_b45543314c56,Приложение и сбои
m_b45543314c56,Яндекс Про
m_a4a767ae5adb,Коэффициент
m_851c1b648d50,Фастен
m_3ec99fb5f519,Коэффициент
m_1e71a9edc946,Приложение и сбои
m_1e71a9edc946,Яндекс Про
m_4fa14602065a,яндекс
m_c730f0fe75e1,Законы и налоги
m_c730f0fe75e1,яндекс
m_c43b6fea9561,Законы и налоги
m_c43b6fea9561,яндекс
m_4486a693a8b1,яндекс
m_97202a803850,Законы и налоги
m_a4c0b668b5e0,яндекс
m_5243e1e58bc4,Приложение и сбои
m_5243e1e58bc4,Яндекс Про
m_e110a69a87de,Коэффициент
m_d1b1b056e9ff,яндекс
m_e6e5cd06d5ff,яндекс
m_cc7b33ae784e,Законы и налоги
m_227d4a3a0995,Коэффициент
m_dd2d814e6ece,Законы и налоги
m_07f94f2b6592,яндекс
m_37b85444e8f7,Коэффициент
m_37b85444e8f7,яндекс
m_5354030869d5,WB Такси
m_c731f94ba4c1,Забастовка
m_b108a31faf87,Законы и налоги
m_da1b7cd60fd3,Законы и налоги
m_331639ccf29e,Коэффициент
m_3267a37949ac,Коэффициент
m_e12e907e14c3,яндекс
m_3b5cda7182cb,яндекс
m_9ac769d27853,Законы и налоги
m_a967fb68318e,Законы и налоги
m_6b336fae6501,яндекс
m_4d0345f7555e,яндекс
m_5b0d2859df64,Приложение и сбои
m_5b0d2859df64,Яндекс Про
m_b1c113073efa,яндекс
m_458594fdd032,Законы и налоги
m_ca22b2a226fe,Законы и налоги
m_937d97c480e3,Забастовка
m_73a4226d9d56,яндекс
m_25f601477d05,яндекс
m_48a7cb8c66a7,яндекс
m_48a7cb8c66a7,Приложение и сбои
m_b77faabfb073,Законы и налоги
m_48d6f84861bc,Законы и налоги
m_a4d783078195,Коэффициент
m_a4d783078195,Фастен
m_ecd7ffbf208d,яндекс
m_dc61bae3e7a1,яндекс
m_decb31ad4a1f,яндекс
m_34e17dcb8a7c,яндекс
m_34e17dcb8a7c,Приложение и сбои
m_34e17dcb8a7c,Яндекс Про
m_fd41a1485967,яндекс
m_8adab4981961,яндекс
m_2f609b08e040,WB Такси
m_eb044687d098,яндекс
m_eb044687d098,Фастен
m_4679656255a6,яндекс
m_2427403c98a0,Коэффициент
m_bde464e1a776,Коэффициент
m_d58c468b5f55,Коэффициент
m_2f7a65690718,Коэффициент
m_082c5d11ef03,яндекс
m_099a8abd903a,Приложение и сбои
m_099a8abd903a,Яндекс Про
m_0b1d284e7a3f,Коэффициент
m_dc69b8f675b8,яндекс
m_07b8c8379532,яндекс
m_03c817fd6ea2,яндекс
m_9c6c3a13bc67,яндекс
m_546db7fcf1bd,Фастен
m_9b642dc37198,яндекс
m_158e6749cdab,яндекс
m_d81f82841ee9,Коэффициент
m_062bba56ee73,Законы и налоги
m_527ca20e83c1,Фастен
m_aef4f53898e2,Законы и налоги
m_4071a0edac04,яндекс
m_ec474ad7e01d,яндекс
m_055d30869205,Коэффициент
m_055d30869205,Приложение и сбои
m_53b28991acbc,Коэффициент
m_53b28991acbc,яндекс
m_e3adb4e6cdd7,Коэффициент
m_0fd383afdd65,Коэффициент
m_c34506a91741,Коэффициент
m_6d4131629566,Коэффициент
m_2a154730c854,Коэффициент
m_2a154730c854,яндекс
m_dd736166b550,Приложение и сбои
m_dd736166b550,Яндекс Про
m_63619005583a,WB Такси
m_15d01138e291,Коэффициент
m_3426eae5bfba,Приложение и сбои
m_ac6aa36e13e5,Коэффициент
